timestamp,scrape_run_id,source_url,requested_variant,sticker_id,name,subject,event,category,variant,team,rarity,rarity_color,price_tokens,usd_price,rank_low_to_high,total_in_group,price_percentile,image_url,image_formula,item_url,item_slug,metadata_status,metadata_error,qdata_url,market_hash_name,steam_market_url,defindex,paint_index,volatile_item_id,campaign_id,campaign_slug,token_key,catalog_type,sticker_type,player_name,team_name,rarity_id
2026-06-04 00:38:18,20260604_003818,https://cs2tokens.com/browse?sort=price-asc&finish=Foil,Foil,b30123f02c97,Sticker | biguzera (Foil) | Cologne 2026,biguzera,Cologne 2026,Player,Foil,paiN Gaming,Remarkable,#8847ff,10,0.1,1,161,0.0,https://raw.githubusercontent.com/ByMykel/counter-strike-image-tracker/main/static/panorama/images/econ/stickers/cologne2026/sig_biguzera_foil_png.png,"=IMAGE(""https://raw.githubusercontent.com/ByMykel/counter-strike-image-tracker/main/static/panorama/images/econ/stickers/cologne2026/sig_biguzera_foil_png.png"")",https://cs2tokens.com/iem-cologne-2026/items/sticker-biguzera-foil-cologne-2026,sticker-biguzera-foil-cologne-2026,ok,,https://cs2tokens.com/iem-cologne-2026/items/sticker-biguzera-foil-cologne-2026/q-data.json,Sticker | biguzera (Foil) | Cologne 2026,https://steamcommunity.com/market/listings/730/Sticker%20%7C%20biguzera%20%28Foil%29%20%7C%20Cologne%202026,1209,10795,5316,12,iem-cologne-2026,campaign_12,sticker,Autograph,biguzera,paiN Gaming,rarity_mythical
2026-06-04 00:38:18,20260604_003818,https://cs2tokens.com/browse?sort=price-asc&finish=Foil,Foil,4efe7a17794f,Sticker | piriajr (Foil) | Cologne 2026,piriajr,Cologne 2026,Player,Foil,paiN Gaming,Remarkable,#8847ff,10,0.1,2,161,0.0063,https://raw.githubusercontent.com/ByMykel/counter-strike-image-tracker/main/static/panorama/images/econ/stickers/cologne2026/sig_piriajr_foil_png.png,"=IMAGE(""https://raw.githubusercontent.com/ByMykel/counter-strike-image-tracker/main/static/panorama/images/econ/stickers/cologne2026/sig_piriajr_foil_png.png"")",https://cs2tokens.com/iem-cologne-2026/items/sticker-piriajr-foil-cologne-2026,sticker-piriajr-foil-cologne-2026,ok,,https://cs2tokens.com/iem-cologne-2026/items/sticker-piriajr-foil-cologne-2026/q-data.json,Sticker | piriajr (Foil) | Cologne 2026,https://steamcommunity.com/market/listings/730/Sticker%20%7C%20piriajr%20%28Foil%29%20%7C%20Cologne%202026,1209,10807,5316,12,iem-cologne-2026,campaign_12,sticker,Autograph,piriajr,paiN Gaming,rarity_mythical
2026-06-04 00:38:18,20260604_003818,https://cs2tokens.com/browse?sort=price-asc&finish=Foil,Foil,d8120a88ba19,Sticker | esenthial (Foil) | Cologne 2026,esenthial,Cologne 2026,Player,Foil,B8,Remarkable,#8847ff,10,0.1,3,161,0.0125,https://raw.githubusercontent.com/ByMykel/counter-strike-image-tracker/main/static/panorama/images/econ/stickers/cologne2026/sig_esenthial_foil_png.png,"=IMAGE(""https://raw.githubusercontent.com/ByMykel/counter-strike-image-tracker/main/static/panorama/images/econ/stickers/cologne2026/sig_esenthial_foil_png.png"")",https://cs2tokens.com/iem-cologne-2026/items/sticker-esenthial-foil-cologne-2026,sticker-esenthial-foil-cologne-2026,ok,,https://cs2tokens.com/iem-cologne-2026/items/sticker-esenthial-foil-cologne-2026/q-data.json,Sticker | esenthial (Foil) | Cologne 2026,https://steamcommunity.com/market/listings/730/Sticker%20%7C%20esenthial%20%28Foil%29%20%7C%20Cologne%202026,1209,10883,5316,12,iem-cologne-2026,campaign_12,sticker,Autograph,esenthial,B8,rarity_mythical
2026-06-04 00:38:18,20260604_003818,https://cs2tokens.com/browse?sort=price-asc&finish=Foil,Foil,3d4b4a04ec90,Sticker | NertZ (Foil) | Cologne 2026,NertZ,Cologne 2026,Player,Foil,G2 Esports,Remarkable,#8847ff,11,0.11,4,161,0.0187,https://community.akamai.steamstatic.com/economy/image/i0CoZ81Ui0m-9KwlBY1L_18myuGuq1wfhWSaZgMttyVfPaERSR0Wqmu7LAocGJai0ki7VeTHjMmuOXSQ61MnpNWipUruRiL_m4T05x1d4PuiJv04IqfCXTaVwOxw4OVvFyzrkBh2tWmBw9aqeC6eP1UhAsYkQuBc4BWm0oqwkmY3oGM,"=IMAGE(""https://community.akamai.steamstatic.com/economy/image/i0CoZ81Ui0m-9KwlBY1L_18myuGuq1wfhWSaZgMttyVfPaERSR0Wqmu7LAocGJai0ki7VeTHjMmuOXSQ61MnpNWipUruRiL_m4T05x1d4PuiJv04IqfCXTaVwOxw4OVvFyzrkBh2tWmBw9aqeC6eP1UhAsYkQuBc4BWm0oqwkmY3oGM"")",https://cs2tokens.com/iem-cologne-2026/items/sticker-nertz-foil-cologne-2026,sticker-nertz-foil-cologne-2026,ok,,https://cs2tokens.com/iem-cologne-2026/items/sticker-nertz-foil-cologne-2026/q-data.json,Sticker | NertZ (Foil) | Cologne 2026,https://steamcommunity.com/market/listings/730/Sticker%20%7C%20NertZ%20%28Foil%29%20%7C%20Cologne%202026,1209,10763,5316,12,iem-cologne-2026,campaign_12,sticker,Autograph,NertZ,G2 Esports,rarity_mythical
2026-06-04 00:38:18,20260604_003818,https://cs2tokens.com/browse?sort=price-asc&finish=Foil,Foil,8b12f6157fde,Sticker | MATYS (Foil) | Cologne 2026,MATYS,Cologne 2026,Player,Foil,G2 Esports,Remarkable,#8847ff,11,0.11,5,161,0.025,https://raw.githubusercontent.com/ByMykel/counter-strike-image-tracker/main/static/panorama/images/econ/stickers/cologne2026/sig_matys_foil_png.png,"=IMAGE(""https://raw.githubusercontent.com/ByMykel/counter-strike-image-tracker/main/static/panorama/images/econ/stickers/cologne2026/sig_matys_foil_png.png"")",https://cs2tokens.com/iem-cologne-2026/items/sticker-matys-foil-cologne-2026,sticker-matys-foil-cologne-2026,ok,,https://cs2tokens.com/iem-cologne-2026/items/sticker-matys-foil-cologne-2026/q-data.json,Sticker | MATYS (Foil) | Cologne 2026,https://steamcommunity.com/market/listings/730/Sticker%20%7C%20MATYS%20%28Foil%29%20%7C%20Cologne%202026,1209,10771,5316,12,iem-cologne-2026,campaign_12,sticker,Autograph,MATYS,G2 Esports,rarity_mythical
2026-06-04 00:38:18,20260604_003818,https://cs2tokens.com/browse?sort=price-asc&finish=Foil,Foil,ef5525788453,Sticker | kensizor (Foil) | Cologne 2026,kensizor,Cologne 2026,Player,Foil,B8,Remarkable,#8847ff,11,0.11,6,161,0.0312,https://community.akamai.steamstatic.com/economy/image/i0CoZ81Ui0m-9KwlBY1L_18myuGuq1wfhWSaZgMttyVfPaERSR0Wqmu7LAocGJai0ki7VeTHjMmuOXSQ61MnpNWipUruRiL6m5jz9DhU_c2oZ61hbqOSWzWVlr5ws7AxHXq3xh4j4WTUy9ypcy_COlUlDpUmEeIC4UXqkoL5d7S14DtSs4U,"=IMAGE(""https://community.akamai.steamstatic.com/economy/image/i0CoZ81Ui0m-9KwlBY1L_18myuGuq1wfhWSaZgMttyVfPaERSR0Wqmu7LAocGJai0ki7VeTHjMmuOXSQ61MnpNWipUruRiL6m5jz9DhU_c2oZ61hbqOSWzWVlr5ws7AxHXq3xh4j4WTUy9ypcy_COlUlDpUmEeIC4UXqkoL5d7S14DtSs4U"")",https://cs2tokens.com/iem-cologne-2026/items/sticker-kensizor-foil-cologne-2026,sticker-kensizor-foil-cologne-2026,ok,,https://cs2tokens.com/iem-cologne-2026/items/sticker-kensizor-foil-cologne-2026/q-data.json,Sticker | kensizor (Foil) | Cologne 2026,https://steamcommunity.com/market/listings/730/Sticker%20%7C%20kensizor%20%28Foil%29%20%7C%20Cologne%202026,1209,10891,5316,12,iem-cologne-2026,campaign_12,sticker,Autograph,kensizor,B8,rarity_mythical
2026-06-04 00:38:18,20260604_003818,https://cs2tokens.com/browse?sort=price-asc&finish=Foil,Foil,4e4a3eeebe05,Sticker | nilo (Foil) | Cologne 2026,nilo,Cologne 2026,Player,Foil,HEROIC,Remarkable,#8847ff,11,0.11,7,161,0.0375,https://raw.githubusercontent.com/ByMykel/counter-strike-image-tracker/main/static/panorama/images/econ/stickers/cologne2026/sig_nilo_foil_png.png,"=IMAGE(""https://raw.githubusercontent.com/ByMykel/counter-strike-image-tracker/main/static/panorama/images/econ/stickers/cologne2026/sig_nilo_foil_png.png"")",https://cs2tokens.com/iem-cologne-2026/items/sticker-nilo-foil-cologne-2026,sticker-nilo-foil-cologne-2026,ok,,https://cs2tokens.com/iem-cologne-2026/items/sticker-nilo-foil-cologne-2026/q-data.json,Sticker | nilo (Foil) | Cologne 2026,https://steamcommunity.com/market/listings/730/Sticker%20%7C%20nilo%20%28Foil%29%20%7C%20Cologne%202026,1209,10899,5316,12,iem-cologne-2026,campaign_12,sticker,Autograph,nilo,HEROIC,rarity_mythical
2026-06-04 00:38:18,20260604_003818,https://cs2tokens.com/browse?sort=price-asc&finish=Foil,Foil,b9fe1ee771c0,Sticker | susp (Foil) | Cologne 2026,susp,Cologne 2026,Player,Foil,HEROIC,Remarkable,#8847ff,11,0.11,8,161,0.0437,https://community.akamai.steamstatic.com/economy/image/i0CoZ81Ui0m-9KwlBY1L_18myuGuq1wfhWSaZgMttyVfPaERSR0Wqmu7LAocGJai0ki7VeTHjMmuOXSQ61MnpNWipUruRiLii4XwwiRU5v7gaaFoJKXCWGLClO1z4eI6Tiu1xh8itzvdyYz_ciqUbQN0ApB2QuAJuw74zIOiqRuKRg,"=IMAGE(""https://community.akamai.steamstatic.com/economy/image/i0CoZ81Ui0m-9KwlBY1L_18myuGuq1wfhWSaZgMttyVfPaERSR0Wqmu7LAocGJai0ki7VeTHjMmuOXSQ61MnpNWipUruRiLii4XwwiRU5v7gaaFoJKXCWGLClO1z4eI6Tiu1xh8itzvdyYz_ciqUbQN0ApB2QuAJuw74zIOiqRuKRg"")",https://cs2tokens.com/iem-cologne-2026/items/sticker-susp-foil-cologne-2026,sticker-susp-foil-cologne-2026,ok,,https://cs2tokens.com/iem-cologne-2026/items/sticker-susp-foil-cologne-2026/q-data.json,Sticker | susp (Foil) | Cologne 2026,https://steamcommunity.com/market/listings/730/Sticker%20%7C%20susp%20%28Foil%29%20%7C%20Cologne%202026,1209,10903,5316,12,iem-cologne-2026,campaign_12,sticker,Autograph,susp,HEROIC,rarity_mythical
2026-06-04 00:38:18,20260604_003818,https://cs2tokens.com/browse?sort=price-asc&finish=Foil,Foil,923a672ef348,Sticker | Chr1zN (Foil) | Cologne 2026,Chr1zN,Cologne 2026,Player,Foil,HEROIC,Remarkable,#8847ff,11,0.11,9,161,0.05,https://raw.githubusercontent.com/ByMykel/counter-strike-image-tracker/main/static/panorama/images/econ/stickers/cologne2026/sig_chr1zn_foil_png.png,"=IMAGE(""https://raw.githubusercontent.com/ByMykel/counter-strike-image-tracker/main/static/panorama/images/econ/stickers/cologne2026/sig_chr1zn_foil_png.png"")",https://cs2tokens.com/iem-cologne-2026/items/sticker-chr1zn-foil-cologne-2026,sticker-chr1zn-foil-cologne-2026,ok,,https://cs2tokens.com/iem-cologne-2026/items/sticker-chr1zn-foil-cologne-2026/q-data.json,Sticker | Chr1zN (Foil) | Cologne 2026,https://steamcommunity.com/market/listings/730/Sticker%20%7C%20Chr1zN%20%28Foil%29%20%7C%20Cologne%202026,1209,10907,5316,12,iem-cologne-2026,campaign_12,sticker,Autograph,Chr1zN,HEROIC,rarity_mythical
2026-06-04 00:38:18,20260604_003818,https://cs2tokens.com/browse?sort=price-asc&finish=Foil,Foil,37b479a38b80,Sticker | faveN (Foil) | Cologne 2026,faveN,Cologne 2026,Player,Foil,BIG,Remarkable,#8847ff,11,0.11,10,161,0.0563,https://raw.githubusercontent.com/ByMykel/counter-strike-image-tracker/main/static/panorama/images/econ/stickers/cologne2026/sig_faven_foil_png.png,"=IMAGE(""https://raw.githubusercontent.com/ByMykel/counter-strike-image-tracker/main/static/panorama/images/econ/stickers/cologne2026/sig_faven_foil_png.png"")",https://cs2tokens.com/iem-cologne-2026/items/sticker-faven-foil-cologne-2026,sticker-faven-foil-cologne-2026,ok,,https://cs2tokens.com/iem-cologne-2026/items/sticker-faven-foil-cologne-2026/q-data.json,Sticker | faveN (Foil) | Cologne 2026,https://steamcommunity.com/market/listings/730/Sticker%20%7C%20faveN%20%28Foil%29%20%7C%20Cologne%202026,1209,10943,5316,12,iem-cologne-2026,campaign_12,sticker,Autograph,faveN,BIG,rarity_mythical
2026-06-04 00:38:18,20260604_003818,https://cs2tokens.com/browse?sort=price-asc&finish=Foil,Foil,7350b1852a5c,Sticker | luken (Foil) | Cologne 2026,luken,Cologne 2026,Player,Foil,,Remarkable,#8847ff,11,0.11,11,161,0.0625,https://community.akamai.steamstatic.com/economy/image/i0CoZ81Ui0m-9KwlBY1L_18myuGuq1wfhWSaZgMttyVfPaERSR0Wqmu7LAocGJai0ki7VeTHjMmuOXSQ61MnpNWipUruRiL9i53l8x1d4PuiJvVvJabKDzbEl79z5uc-GXrrkx5_sjvVy9atd3uTZlMmDsAhTOQCsRSm0oqwyTLuJ5U,"=IMAGE(""https://community.akamai.steamstatic.com/economy/image/i0CoZ81Ui0m-9KwlBY1L_18myuGuq1wfhWSaZgMttyVfPaERSR0Wqmu7LAocGJai0ki7VeTHjMmuOXSQ61MnpNWipUruRiL9i53l8x1d4PuiJvVvJabKDzbEl79z5uc-GXrrkx5_sjvVy9atd3uTZlMmDsAhTOQCsRSm0oqwyTLuJ5U"")",https://cs2tokens.com/iem-cologne-2026/items/sticker-luken-foil-cologne-2026,sticker-luken-foil-cologne-2026,ok,,https://cs2tokens.com/iem-cologne-2026/items/sticker-luken-foil-cologne-2026/q-data.json,Sticker | luken (Foil) | Cologne 2026,https://steamcommunity.com/market/listings/730/Sticker%20%7C%20luken%20%28Foil%29%20%7C%20Cologne%202026,1209,11087,5316,12,iem-cologne-2026,campaign_12,sticker,Autograph,luken,,rarity_mythical
2026-06-04 00:38:18,20260604_003818,https://cs2tokens.com/browse?sort=price-asc&finish=Foil,Foil,d07b293c6121,Sticker | JOTA (Foil) | Cologne 2026,JOTA,Cologne 2026,Player,Foil,,Remarkable,#8847ff,11,0.11,12,161,0.0688,https://community.akamai.steamstatic.com/economy/image/i0CoZ81Ui0m-9KwlBY1L_18myuGuq1wfhWSaZgMttyVfPaERSR0Wqmu7LAocGJai0ki7VeTHjMmuOXSQ61MnpNWipUruRiL7kYLhwiRU5v7gOaA_I6iSCjLHwrci5LM7HHDhzEsmsmvVw4n4dXjFbVQpX5JyEOQOsA74zIMnGUmo_A,"=IMAGE(""https://community.akamai.steamstatic.com/economy/image/i0CoZ81Ui0m-9KwlBY1L_18myuGuq1wfhWSaZgMttyVfPaERSR0Wqmu7LAocGJai0ki7VeTHjMmuOXSQ61MnpNWipUruRiL7kYLhwiRU5v7gOaA_I6iSCjLHwrci5LM7HHDhzEsmsmvVw4n4dXjFbVQpX5JyEOQOsA74zIMnGUmo_A"")",https://cs2tokens.com/iem-cologne-2026/items/sticker-jota-foil-cologne-2026,sticker-jota-foil-cologne-2026,ok,,https://cs2tokens.com/iem-cologne-2026/items/sticker-jota-foil-cologne-2026/q-data.json,Sticker | JOTA (Foil) | Cologne 2026,https://steamcommunity.com/market/listings/730/Sticker%20%7C%20JOTA%20%28Foil%29%20%7C%20Cologne%202026,1209,11091,5316,12,iem-cologne-2026,campaign_12,sticker,Autograph,JOTA,,rarity_mythical
2026-06-04 00:38:18,20260604_003818,https://cs2tokens.com/browse?sort=price-asc&finish=Foil,Foil,4522f5c72f9b,Sticker | NQZ (Foil) | Cologne 2026,NQZ,Cologne 2026,Player,Foil,paiN Gaming,Remarkable,#8847ff,12,0.12,13,161,0.075,https://raw.githubusercontent.com/ByMykel/counter-strike-image-tracker/main/static/panorama/images/econ/stickers/cologne2026/sig_nqz_foil_png.png,"=IMAGE(""https://raw.githubusercontent.com/ByMykel/counter-strike-image-tracker/main/static/panorama/images/econ/stickers/cologne2026/sig_nqz_foil_png.png"")",https://cs2tokens.com/iem-cologne-2026/items/sticker-nqz-foil-cologne-2026,sticker-nqz-foil-cologne-2026,ok,,https://cs2tokens.com/iem-cologne-2026/items/sticker-nqz-foil-cologne-2026/q-data.json,Sticker | NQZ (Foil) | Cologne 2026,https://steamcommunity.com/market/listings/730/Sticker%20%7C%20NQZ%20%28Foil%29%20%7C%20Cologne%202026,1209,10799,5316,12,iem-cologne-2026,campaign_12,sticker,Autograph,NQZ,paiN Gaming,rarity_mythical
2026-06-04 00:38:18,20260604_003818,https://cs2tokens.com/browse?sort=price-asc&finish=Foil,Foil,4b29ffdfb378,Sticker | v$m (Foil) | Cologne 2026,v$m,Cologne 2026,Player,Foil,paiN Gaming,Remarkable,#8847ff,12,0.12,14,161,0.0813,https://community.akamai.steamstatic.com/economy/image/i0CoZ81Ui0m-9KwlBY1L_18myuGuq1wfhWSaZgMttyVfPaERSR0Wqmu7LAocGJai0ki7VeTHjMmuOXSQ61MnpNWipUruRiLnjZvf-y1S47yoMaI6cKeQCmTDk7l3suU6H3_rwU535jzXz4ugcnyUaVQnX5NxELZbrFDmxW7yvKeW,"=IMAGE(""https://community.akamai.steamstatic.com/economy/image/i0CoZ81Ui0m-9KwlBY1L_18myuGuq1wfhWSaZgMttyVfPaERSR0Wqmu7LAocGJai0ki7VeTHjMmuOXSQ61MnpNWipUruRiLnjZvf-y1S47yoMaI6cKeQCmTDk7l3suU6H3_rwU535jzXz4ugcnyUaVQnX5NxELZbrFDmxW7yvKeW"")",https://cs2tokens.com/iem-cologne-2026/items/sticker-v-m-foil-cologne-2026,sticker-v-m-foil-cologne-2026,ok,,https://cs2tokens.com/iem-cologne-2026/items/sticker-v-m-foil-cologne-2026/q-data.json,Sticker | v$m (Foil) | Cologne 2026,https://steamcommunity.com/market/listings/730/Sticker%20%7C%20v%24m%20%28Foil%29%20%7C%20Cologne%202026,1209,10811,5316,12,iem-cologne-2026,campaign_12,sticker,Autograph,v$m,paiN Gaming,rarity_mythical
2026-06-04 00:38:18,20260604_003818,https://cs2tokens.com/browse?sort=price-asc&finish=Foil,Foil,bc86d32e0174,Sticker | LNZ (Foil) | Cologne 2026,LNZ,Cologne 2026,Player,Foil,MIBR,Remarkable,#8847ff,12,0.12,15,161,0.0875,https://raw.githubusercontent.com/ByMykel/counter-strike-image-tracker/main/static/panorama/images/econ/stickers/cologne2026/sig_lnz_foil_png.png,"=IMAGE(""https://raw.githubusercontent.com/ByMykel/counter-strike-image-tracker/main/static/panorama/images/econ/stickers/cologne2026/sig_lnz_foil_png.png"")",https://cs2tokens.com/iem-cologne-2026/items/sticker-lnz-foil-cologne-2026,sticker-lnz-foil-cologne-2026,ok,,https://cs2tokens.com/iem-cologne-2026/items/sticker-lnz-foil-cologne-2026/q-data.json,Sticker | LNZ (Foil) | Cologne 2026,https://steamcommunity.com/market/listings/730/Sticker%20%7C%20LNZ%20%28Foil%29%20%7C%20Cologne%202026,1209,10975,5316,12,iem-cologne-2026,campaign_12,sticker,Autograph,LNZ,MIBR,rarity_mythical
2026-06-04 00:38:18,20260604_003818,https://cs2tokens.com/browse?sort=price-asc&finish=Foil,Foil,58ab1da7895d,Sticker | felps (Foil) | Cologne 2026,felps,Cologne 2026,Player,Foil,,Remarkable,#8847ff,12,0.12,16,161,0.0938,https://community.akamai.steamstatic.com/economy/image/i0CoZ81Ui0m-9KwlBY1L_18myuGuq1wfhWSaZgMttyVfPaERSR0Wqmu7LAocGJai0ki7VeTHjMmuOXSQ61MnpNWipUruRiL3m5rw7h1d4PuiJvw_JaeRXGOTlO8h5bI5HizixR4itmXUn4uvJCmQPQ8lWcRxTOdb5BOm0oqwGUwBAX8,"=IMAGE(""https://community.akamai.steamstatic.com/economy/image/i0CoZ81Ui0m-9KwlBY1L_18myuGuq1wfhWSaZgMttyVfPaERSR0Wqmu7LAocGJai0ki7VeTHjMmuOXSQ61MnpNWipUruRiL3m5rw7h1d4PuiJvw_JaeRXGOTlO8h5bI5HizixR4itmXUn4uvJCmQPQ8lWcRxTOdb5BOm0oqwGUwBAX8"")",https://cs2tokens.com/iem-cologne-2026/items/sticker-felps-foil-cologne-2026,sticker-felps-foil-cologne-2026,ok,,https://cs2tokens.com/iem-cologne-2026/items/sticker-felps-foil-cologne-2026/q-data.json,Sticker | felps (Foil) | Cologne 2026,https://steamcommunity.com/market/listings/730/Sticker%20%7C%20felps%20%28Foil%29%20%7C%20Cologne%202026,1209,11079,5316,12,iem-cologne-2026,campaign_12,sticker,Autograph,felps,,rarity_mythical
2026-06-04 00:38:18,20260604_003818,https://cs2tokens.com/browse?sort=price-asc&finish=Foil,Foil,00cc148ca86d,Sticker | gr1ks (Foil) | Cologne 2026,gr1ks,Cologne 2026,Player,Foil,BIG,Remarkable,#8847ff,13,0.13,17,161,0.1,https://community.akamai.steamstatic.com/economy/image/i0CoZ81Ui0m-9KwlBY1L_18myuGuq1wfhWSaZgMttyVfPaERSR0Wqmu7LAocGJai0ki7VeTHjMmuOXSQ61MnpNWipUruRiL2jMfr7h1d4PuiJqY8dqbHDDLJkegj4uRrGC_hx0px4D6AyY2qIy-TblJ2WZt2QrFZskam0oqwW6vilYQ,"=IMAGE(""https://community.akamai.steamstatic.com/economy/image/i0CoZ81Ui0m-9KwlBY1L_18myuGuq1wfhWSaZgMttyVfPaERSR0Wqmu7LAocGJai0ki7VeTHjMmuOXSQ61MnpNWipUruRiL2jMfr7h1d4PuiJqY8dqbHDDLJkegj4uRrGC_hx0px4D6AyY2qIy-TblJ2WZt2QrFZskam0oqwW6vilYQ"")",https://cs2tokens.com/iem-cologne-2026/items/sticker-gr1ks-foil-cologne-2026,sticker-gr1ks-foil-cologne-2026,ok,,https://cs2tokens.com/iem-cologne-2026/items/sticker-gr1ks-foil-cologne-2026/q-data.json,Sticker | gr1ks (Foil) | Cologne 2026,https://steamcommunity.com/market/listings/730/Sticker%20%7C%20gr1ks%20%28Foil%29%20%7C%20Cologne%202026,1209,10951,5316,12,iem-cologne-2026,campaign_12,sticker,Autograph,gr1ks,BIG,rarity_mythical
2026-06-04 00:38:18,20260604_003818,https://cs2tokens.com/browse?sort=price-asc&finish=Foil,Foil,3647fbfc23b0,Sticker | venomzera (Foil) | Cologne 2026,venomzera,Cologne 2026,Player,Foil,MIBR,Remarkable,#8847ff,13,0.13,18,161,0.1062,https://raw.githubusercontent.com/ByMykel/counter-strike-image-tracker/main/static/panorama/images/econ/stickers/cologne2026/sig_venomzera_foil_png.png,"=IMAGE(""https://raw.githubusercontent.com/ByMykel/counter-strike-image-tracker/main/static/panorama/images/econ/stickers/cologne2026/sig_venomzera_foil_png.png"")",https://cs2tokens.com/iem-cologne-2026/items/sticker-venomzera-foil-cologne-2026,sticker-venomzera-foil-cologne-2026,ok,,https://cs2tokens.com/iem-cologne-2026/items/sticker-venomzera-foil-cologne-2026/q-data.json,Sticker | venomzera (Foil) | Cologne 2026,https://steamcommunity.com/market/listings/730/Sticker%20%7C%20venomzera%20%28Foil%29%20%7C%20Cologne%202026,1209,10987,5316,12,iem-cologne-2026,campaign_12,sticker,Autograph,venomzera,MIBR,rarity_mythical
2026-06-04 00:38:18,20260604_003818,https://cs2tokens.com/browse?sort=price-asc&finish=Foil,Foil,a365b6b4f733,Sticker | dgt (Foil) | Cologne 2026,dgt,Cologne 2026,Player,Foil,9z Team,Remarkable,#8847ff,14,0.14,19,161,0.1125,https://community.akamai.steamstatic.com/economy/image/i0CoZ81Ui0m-9KwlBY1L_18myuGuq1wfhWSaZgMttyVfPaERSR0Wqmu7LAocGJai0ki7VeTHjMmuOXSQ61MnpNWipUruRiL1mYLf-y1S47ytP6I7cKPEW2KSmOogsuBvHyjjwksi6zzXm4qsI3jFPVchWcYiQ-8PrFDmxQI142i_,"=IMAGE(""https://community.akamai.steamstatic.com/economy/image/i0CoZ81Ui0m-9KwlBY1L_18myuGuq1wfhWSaZgMttyVfPaERSR0Wqmu7LAocGJai0ki7VeTHjMmuOXSQ61MnpNWipUruRiL1mYLf-y1S47ytP6I7cKPEW2KSmOogsuBvHyjjwksi6zzXm4qsI3jFPVchWcYiQ-8PrFDmxQI142i_"")",https://cs2tokens.com/iem-cologne-2026/items/sticker-dgt-foil-cologne-2026,sticker-dgt-foil-cologne-2026,ok,,https://cs2tokens.com/iem-cologne-2026/items/sticker-dgt-foil-cologne-2026/q-data.json,Sticker | dgt (Foil) | Cologne 2026,https://steamcommunity.com/market/listings/730/Sticker%20%7C%20dgt%20%28Foil%29%20%7C%20Cologne%202026,1209,10839,5316,12,iem-cologne-2026,campaign_12,sticker,Autograph,dgt,9z Team,rarity_mythical
2026-06-04 00:38:18,20260604_003818,https://cs2tokens.com/browse?sort=price-asc&finish=Foil,Foil,2f4f49f91218,Sticker | npl (Foil) | Cologne 2026,npl,Cologne 2026,Player,Foil,B8,Remarkable,#8847ff,14,0.14,20,161,0.1187,https://community.akamai.steamstatic.com/economy/image/i0CoZ81Ui0m-9KwlBY1L_18myuGuq1wfhWSaZgMttyVfPaERSR0Wqmu7LAocGJai0ki7VeTHjMmuOXSQ61MnpNWipUruRiL_jprf-y1S47z7Pvw0dKiVXzGVw7gl4rQ_G3vgw0134DmAyN-qcC3BbAEoCpYlQbJYrFDmxSviCTCu,"=IMAGE(""https://community.akamai.steamstatic.com/economy/image/i0CoZ81Ui0m-9KwlBY1L_18myuGuq1wfhWSaZgMttyVfPaERSR0Wqmu7LAocGJai0ki7VeTHjMmuOXSQ61MnpNWipUruRiL_jprf-y1S47z7Pvw0dKiVXzGVw7gl4rQ_G3vgw0134DmAyN-qcC3BbAEoCpYlQbJYrFDmxSviCTCu"")",https://cs2tokens.com/iem-cologne-2026/items/sticker-npl-foil-cologne-2026,sticker-npl-foil-cologne-2026,ok,,https://cs2tokens.com/iem-cologne-2026/items/sticker-npl-foil-cologne-2026/q-data.json,Sticker | npl (Foil) | Cologne 2026,https://steamcommunity.com/market/listings/730/Sticker%20%7C%20npl%20%28Foil%29%20%7C%20Cologne%202026,1209,10879,5316,12,iem-cologne-2026,campaign_12,sticker,Autograph,npl,B8,rarity_mythical
2026-06-04 00:38:18,20260604_003818,https://cs2tokens.com/browse?sort=price-asc&finish=Foil,Foil,3fab67c23e28,Sticker | xfl0ud (Foil) | Cologne 2026,xfl0ud,Cologne 2026,Player,Foil,HEROIC,Remarkable,#8847ff,14,0.14,21,161,0.125,https://community.akamai.steamstatic.com/economy/image/i0CoZ81Ui0m-9KwlBY1L_18myuGuq1wfhWSaZgMttyVfPaERSR0Wqmu7LAocGJai0ki7VeTHjMmuOXSQ61MnpNWipUruRiLpmJqw6CZk6f2nZOo7eKiRD2bBl-h1s7IwTnjkxU5x6m3Sz9iqdnORbFQnXpRxReNc40SxjJS5YFNySt6L,"=IMAGE(""https://community.akamai.steamstatic.com/economy/image/i0CoZ81Ui0m-9KwlBY1L_18myuGuq1wfhWSaZgMttyVfPaERSR0Wqmu7LAocGJai0ki7VeTHjMmuOXSQ61MnpNWipUruRiLpmJqw6CZk6f2nZOo7eKiRD2bBl-h1s7IwTnjkxU5x6m3Sz9iqdnORbFQnXpRxReNc40SxjJS5YFNySt6L"")",https://cs2tokens.com/iem-cologne-2026/items/sticker-xfl0ud-foil-cologne-2026,sticker-xfl0ud-foil-cologne-2026,ok,,https://cs2tokens.com/iem-cologne-2026/items/sticker-xfl0ud-foil-cologne-2026/q-data.json,Sticker | xfl0ud (Foil) | Cologne 2026,https://steamcommunity.com/market/listings/730/Sticker%20%7C%20xfl0ud%20%28Foil%29%20%7C%20Cologne%202026,1209,10895,5316,12,iem-cologne-2026,campaign_12,sticker,Autograph,xfl0ud,HEROIC,rarity_mythical
2026-06-04 00:38:18,20260604_003818,https://cs2tokens.com/browse?sort=price-asc&finish=Foil,Foil,08ec9dd8c3ad,Sticker | yxngstxr (Foil) | Cologne 2026,yxngstxr,Cologne 2026,Player,Foil,HEROIC,Remarkable,#8847ff,14,0.14,22,161,0.1313,https://community.akamai.steamstatic.com/economy/image/i0CoZ81Ui0m-9KwlBY1L_18myuGuq1wfhWSaZgMttyVfPaERSR0Wqmu7LAocGJai0ki7VeTHjMmuOXSQ61MnpNWipUruRiLohpjn7jZD_c2oZ61hbvWVWTHDkesksrNrSS2wxUQm5z-Hm9v7JXuVZlNxApV2QOJf4EKxwNX5d7S10le5RWI,"=IMAGE(""https://community.akamai.steamstatic.com/economy/image/i0CoZ81Ui0m-9KwlBY1L_18myuGuq1wfhWSaZgMttyVfPaERSR0Wqmu7LAocGJai0ki7VeTHjMmuOXSQ61MnpNWipUruRiLohpjn7jZD_c2oZ61hbvWVWTHDkesksrNrSS2wxUQm5z-Hm9v7JXuVZlNxApV2QOJf4EKxwNX5d7S10le5RWI"")",https://cs2tokens.com/iem-cologne-2026/items/sticker-yxngstxr-foil-cologne-2026,sticker-yxngstxr-foil-cologne-2026,ok,,https://cs2tokens.com/iem-cologne-2026/items/sticker-yxngstxr-foil-cologne-2026/q-data.json,Sticker | yxngstxr (Foil) | Cologne 2026,https://steamcommunity.com/market/listings/730/Sticker%20%7C%20yxngstxr%20%28Foil%29%20%7C%20Cologne%202026,1209,10911,5316,12,iem-cologne-2026,campaign_12,sticker,Autograph,yxngstxr,HEROIC,rarity_mythical
2026-06-04 00:38:18,20260604_003818,https://cs2tokens.com/browse?sort=price-asc&finish=Foil,Foil,8144736cc432,Sticker | cmtry (Foil) | Cologne 2026,cmtry,Cologne 2026,Player,Foil,,Remarkable,#8847ff,15,0.15,23,161,0.1375,https://community.akamai.steamstatic.com/economy/image/i0CoZ81Ui0m-9KwlBY1L_18myuGuq1wfhWSaZgMttyVfPaERSR0Wqmu7LAocGJai0ki7VeTHjMmuOXSQ61MnpNWipUruRiLyk4Ly5B1d4PuiJvU6caHLCjGUx-0i6bY5HCvhlkp0tmvRwtioeHnBOlMpD5ZzE-ICshGm0oqwo7ao84k,"=IMAGE(""https://community.akamai.steamstatic.com/economy/image/i0CoZ81Ui0m-9KwlBY1L_18myuGuq1wfhWSaZgMttyVfPaERSR0Wqmu7LAocGJai0ki7VeTHjMmuOXSQ61MnpNWipUruRiLyk4Ly5B1d4PuiJvU6caHLCjGUx-0i6bY5HCvhlkp0tmvRwtioeHnBOlMpD5ZzE-ICshGm0oqwo7ao84k"")",https://cs2tokens.com/iem-cologne-2026/items/sticker-cmtry-foil-cologne-2026,sticker-cmtry-foil-cologne-2026,ok,,https://cs2tokens.com/iem-cologne-2026/items/sticker-cmtry-foil-cologne-2026/q-data.json,Sticker | cmtry (Foil) | Cologne 2026,https://steamcommunity.com/market/listings/730/Sticker%20%7C%20cmtry%20%28Foil%29%20%7C%20Cologne%202026,1209,10707,5316,12,iem-cologne-2026,campaign_12,sticker,Autograph,cmtry,,rarity_mythical
2026-06-04 00:38:18,20260604_003818,https://cs2tokens.com/browse?sort=price-asc&finish=Foil,Foil,69ea7be08472,Sticker | SunPayus (Foil) | Cologne 2026,SunPayus,Cologne 2026,Player,Foil,G2 Esports,Remarkable,#8847ff,15,0.15,24,161,0.1437,https://community.akamai.steamstatic.com/economy/image/i0CoZ81Ui0m-9KwlBY1L_18myuGuq1wfhWSaZgMttyVfPaERSR0Wqmu7LAocGJai0ki7VeTHjMmuOXSQ61MnpNWipUruRiLii5jw_DtO_M2oZ61hbqHAXDaUmbl36bJvSXy1wRh25TjUztv4cHnCZwAmXpN1FOcD50G9l9H5d7S1-cc1k7w,"=IMAGE(""https://community.akamai.steamstatic.com/economy/image/i0CoZ81Ui0m-9KwlBY1L_18myuGuq1wfhWSaZgMttyVfPaERSR0Wqmu7LAocGJai0ki7VeTHjMmuOXSQ61MnpNWipUruRiLii5jw_DtO_M2oZ61hbqHAXDaUmbl36bJvSXy1wRh25TjUztv4cHnCZwAmXpN1FOcD50G9l9H5d7S1-cc1k7w"")",https://cs2tokens.com/iem-cologne-2026/items/sticker-sunpayus-foil-cologne-2026,sticker-sunpayus-foil-cologne-2026,ok,,https://cs2tokens.com/iem-cologne-2026/items/sticker-sunpayus-foil-cologne-2026/q-data.json,Sticker | SunPayus (Foil) | Cologne 2026,https://steamcommunity.com/market/listings/730/Sticker%20%7C%20SunPayus%20%28Foil%29%20%7C%20Cologne%202026,1209,10767,5316,12,iem-cologne-2026,campaign_12,sticker,Autograph,SunPayus,G2 Esports,rarity_mythical
2026-06-04 00:38:18,20260604_003818,https://cs2tokens.com/browse?sort=price-asc&finish=Foil,Foil,b02cd087e87e,Sticker | meyern (Foil) | Cologne 2026,meyern,Cologne 2026,Player,Foil,9z Team,Remarkable,#8847ff,15,0.15,25,161,0.15,https://community.akamai.steamstatic.com/economy/image/i0CoZ81Ui0m-9KwlBY1L_18myuGuq1wfhWSaZgMttyVfPaERSR0Wqmu7LAocGJai0ki7VeTHjMmuOXSQ61MnpNWipUruRiL8m4_l7yxk6f2nZOo4d6PKV2SVxO134rI7Tn_ikB9x4z7dm4z4I3uWaAMmA8QkQrJf4RiwjJS5YHpYnda1,"=IMAGE(""https://community.akamai.steamstatic.com/economy/image/i0CoZ81Ui0m-9KwlBY1L_18myuGuq1wfhWSaZgMttyVfPaERSR0Wqmu7LAocGJai0ki7VeTHjMmuOXSQ61MnpNWipUruRiL8m4_l7yxk6f2nZOo4d6PKV2SVxO134rI7Tn_ikB9x4z7dm4z4I3uWaAMmA8QkQrJf4RiwjJS5YHpYnda1"")",https://cs2tokens.com/iem-cologne-2026/items/sticker-meyern-foil-cologne-2026,sticker-meyern-foil-cologne-2026,ok,,https://cs2tokens.com/iem-cologne-2026/items/sticker-meyern-foil-cologne-2026/q-data.json,Sticker | meyern (Foil) | Cologne 2026,https://steamcommunity.com/market/listings/730/Sticker%20%7C%20meyern%20%28Foil%29%20%7C%20Cologne%202026,1209,10843,5316,12,iem-cologne-2026,campaign_12,sticker,Autograph,meyern,9z Team,rarity_mythical
2026-06-04 00:38:18,20260604_003818,https://cs2tokens.com/browse?sort=price-asc&finish=Foil,Foil,7a975798e861,Sticker | s1zzi (Foil) | Cologne 2026,s1zzi,Cologne 2026,Player,Foil,B8,Remarkable,#8847ff,15,0.15,26,161,0.1562,https://community.akamai.steamstatic.com/economy/image/i0CoZ81Ui0m-9KwlBY1L_18myuGuq1wfhWSaZgMttyVfPaERSR0Wqmu7LAocGJai0ki7VeTHjMmuOXSQ61MnpNWipUruRiLiz4z69B1d4PuiJqE9cKnFXD6Ww-sn4bQ6Fn_jwRtwsmiDntz8InrFbFcmC8ZxR-EDukam0oqwJaua4sM,"=IMAGE(""https://community.akamai.steamstatic.com/economy/image/i0CoZ81Ui0m-9KwlBY1L_18myuGuq1wfhWSaZgMttyVfPaERSR0Wqmu7LAocGJai0ki7VeTHjMmuOXSQ61MnpNWipUruRiLiz4z69B1d4PuiJqE9cKnFXD6Ww-sn4bQ6Fn_jwRtwsmiDntz8InrFbFcmC8ZxR-EDukam0oqwJaua4sM"")",https://cs2tokens.com/iem-cologne-2026/items/sticker-s1zzi-foil-cologne-2026,sticker-s1zzi-foil-cologne-2026,ok,,https://cs2tokens.com/iem-cologne-2026/items/sticker-s1zzi-foil-cologne-2026/q-data.json,Sticker | s1zzi (Foil) | Cologne 2026,https://steamcommunity.com/market/listings/730/Sticker%20%7C%20s1zzi%20%28Foil%29%20%7C%20Cologne%202026,1209,10875,5316,12,iem-cologne-2026,campaign_12,sticker,Autograph,s1zzi,B8,rarity_mythical
2026-06-04 00:38:18,20260604_003818,https://cs2tokens.com/browse?sort=price-asc&finish=Foil,Foil,5362dfbc88a8,Sticker | Krabeni (Foil) | Cologne 2026,Krabeni,Cologne 2026,Player,Foil,,Remarkable,#8847ff,16,0.16,27,161,0.1625,https://community.akamai.steamstatic.com/economy/image/i0CoZ81Ui0m-9KwlBY1L_18myuGuq1wfhWSaZgMttyVfPaERSR0Wqmu7LAocGJai0ki7VeTHjMmuOXSQ61MnpNWipUruRiL6jJfi-CxS0PShYagjI6mVWT_Dk-t06LA_Fy3nxkkl5W2Az9yoJ3iWaQEjXJp4QeMJ4BO-msqnab2tzR3Zgg,"=IMAGE(""https://community.akamai.steamstatic.com/economy/image/i0CoZ81Ui0m-9KwlBY1L_18myuGuq1wfhWSaZgMttyVfPaERSR0Wqmu7LAocGJai0ki7VeTHjMmuOXSQ61MnpNWipUruRiL6jJfi-CxS0PShYagjI6mVWT_Dk-t06LA_Fy3nxkkl5W2Az9yoJ3iWaQEjXJp4QeMJ4BO-msqnab2tzR3Zgg"")",https://cs2tokens.com/iem-cologne-2026/items/sticker-krabeni-foil-cologne-2026,sticker-krabeni-foil-cologne-2026,ok,,https://cs2tokens.com/iem-cologne-2026/items/sticker-krabeni-foil-cologne-2026/q-data.json,Sticker | Krabeni (Foil) | Cologne 2026,https://steamcommunity.com/market/listings/730/Sticker%20%7C%20Krabeni%20%28Foil%29%20%7C%20Cologne%202026,1209,10703,5316,12,iem-cologne-2026,campaign_12,sticker,Autograph,Krabeni,,rarity_mythical
2026-06-04 00:38:18,20260604_003818,https://cs2tokens.com/browse?sort=price-asc&finish=Foil,Foil,4206c511772a,Sticker | HEN1 (Foil) | Cologne 2026,HEN1,Cologne 2026,Player,Foil,,Remarkable,#8847ff,16,0.16,28,161,0.1688,https://community.akamai.steamstatic.com/economy/image/i0CoZ81Ui0m-9KwlBY1L_18myuGuq1wfhWSaZgMttyVfPaERSR0Wqmu7LAocGJai0ki7VeTHjMmuOXSQ61MnpNWipUruRiL5m5ixwiRU5v7gOv1rdfaXX2PJmL53tLZsSiu2xU1352ncydevJX7Ebw9yC5R3RucIuw74zIMyuihChw,"=IMAGE(""https://community.akamai.steamstatic.com/economy/image/i0CoZ81Ui0m-9KwlBY1L_18myuGuq1wfhWSaZgMttyVfPaERSR0Wqmu7LAocGJai0ki7VeTHjMmuOXSQ61MnpNWipUruRiL5m5ixwiRU5v7gOv1rdfaXX2PJmL53tLZsSiu2xU1352ncydevJX7Ebw9yC5R3RucIuw74zIMyuihChw"")",https://cs2tokens.com/iem-cologne-2026/items/sticker-hen1-foil-cologne-2026,sticker-hen1-foil-cologne-2026,ok,,https://cs2tokens.com/iem-cologne-2026/items/sticker-hen1-foil-cologne-2026/q-data.json,Sticker | HEN1 (Foil) | Cologne 2026,https://steamcommunity.com/market/listings/730/Sticker%20%7C%20HEN1%20%28Foil%29%20%7C%20Cologne%202026,1209,11075,5316,12,iem-cologne-2026,campaign_12,sticker,Autograph,HEN1,,rarity_mythical
2026-06-04 00:38:18,20260604_003818,https://cs2tokens.com/browse?sort=price-asc&finish=Foil,Foil,55e35c8c02ee,Sticker | soulfly (Foil) | Cologne 2026,soulfly,Cologne 2026,Player,Foil,Aurora,Remarkable,#8847ff,17,0.17,29,161,0.175,https://community.akamai.steamstatic.com/economy/image/i0CoZ81Ui0m-9KwlBY1L_18myuGuq1wfhWSaZgMttyVfPaERSR0Wqmu7LAocGJai0ki7VeTHjMmuOXSQ61MnpNWipUruRiLikYPs-y5C0PShYagjcqGSXj_AwLsm4Lg_G3jqlB4h6mWGy96qdS2SZgJyX5smQuQJ4BG8k8qnab1bRa7koA,"=IMAGE(""https://community.akamai.steamstatic.com/economy/image/i0CoZ81Ui0m-9KwlBY1L_18myuGuq1wfhWSaZgMttyVfPaERSR0Wqmu7LAocGJai0ki7VeTHjMmuOXSQ61MnpNWipUruRiLikYPs-y5C0PShYagjcqGSXj_AwLsm4Lg_G3jqlB4h6mWGy96qdS2SZgJyX5smQuQJ4BG8k8qnab1bRa7koA"")",https://cs2tokens.com/iem-cologne-2026/items/sticker-soulfly-foil-cologne-2026,sticker-soulfly-foil-cologne-2026,ok,,https://cs2tokens.com/iem-cologne-2026/items/sticker-soulfly-foil-cologne-2026/q-data.json,Sticker | soulfly (Foil) | Cologne 2026,https://steamcommunity.com/market/listings/730/Sticker%20%7C%20soulfly%20%28Foil%29%20%7C%20Cologne%202026,1209,10639,5316,12,iem-cologne-2026,campaign_12,sticker,Autograph,soulfly,Aurora,rarity_mythical
2026-06-04 00:38:18,20260604_003818,https://cs2tokens.com/browse?sort=price-asc&finish=Foil,Foil,95cd8db81130,Sticker | JDC (Foil) | Cologne 2026,JDC,Cologne 2026,Player,Foil,BIG,Remarkable,#8847ff,17,0.17,30,161,0.1812,https://community.akamai.steamstatic.com/economy/image/i0CoZ81Ui0m-9KwlBY1L_18myuGuq1wfhWSaZgMttyVfPaERSR0Wqmu7LAocGJai0ki7VeTHjMmuOXSQ61MnpNWipUruRiL7mpXf-y1S47z8O6c9efPAXWWWwr0m6bA-Fyq2kRh06znWzdf_cyjDbwcgA5slQeFerFDmxcI98m-l,"=IMAGE(""https://community.akamai.steamstatic.com/economy/image/i0CoZ81Ui0m-9KwlBY1L_18myuGuq1wfhWSaZgMttyVfPaERSR0Wqmu7LAocGJai0ki7VeTHjMmuOXSQ61MnpNWipUruRiL7mpXf-y1S47z8O6c9efPAXWWWwr0m6bA-Fyq2kRh06znWzdf_cyjDbwcgA5slQeFerFDmxcI98m-l"")",https://cs2tokens.com/iem-cologne-2026/items/sticker-jdc-foil-cologne-2026,sticker-jdc-foil-cologne-2026,ok,,https://cs2tokens.com/iem-cologne-2026/items/sticker-jdc-foil-cologne-2026/q-data.json,Sticker | JDC (Foil) | Cologne 2026,https://steamcommunity.com/market/listings/730/Sticker%20%7C%20JDC%20%28Foil%29%20%7C%20Cologne%202026,1209,10939,5316,12,iem-cologne-2026,campaign_12,sticker,Autograph,JDC,BIG,rarity_mythical
2026-06-04 00:38:18,20260604_003818,https://cs2tokens.com/browse?sort=price-asc&finish=Foil,Foil,9e8bad9d0c5a,Sticker | xiELO (Foil) | Cologne 2026,xiELO,Cologne 2026,Player,Foil,PARIVISION,Remarkable,#8847ff,18,0.18,31,161,0.1875,https://community.akamai.steamstatic.com/economy/image/i0CoZ81Ui0m-9KwlBY1L_18myuGuq1wfhWSaZgMttyVfPaERSR0Wqmu7LAocGJai0ki7VeTHjMmuOXSQ61MnpNWipUruRiLpl5Ps8h1d4PuiJv0_JvWQCjTJlbp04LltFy3hlEUjsmzSzYv6I36XalB1DJB2RucDuhCm0oqwoOas0n0,"=IMAGE(""https://community.akamai.steamstatic.com/economy/image/i0CoZ81Ui0m-9KwlBY1L_18myuGuq1wfhWSaZgMttyVfPaERSR0Wqmu7LAocGJai0ki7VeTHjMmuOXSQ61MnpNWipUruRiLpl5Ps8h1d4PuiJv0_JvWQCjTJlbp04LltFy3hlEUjsmzSzYv6I36XalB1DJB2RucDuhCm0oqwoOas0n0"")",https://cs2tokens.com/iem-cologne-2026/items/sticker-xielo-foil-cologne-2026,sticker-xielo-foil-cologne-2026,ok,,https://cs2tokens.com/iem-cologne-2026/items/sticker-xielo-foil-cologne-2026/q-data.json,Sticker | xiELO (Foil) | Cologne 2026,https://steamcommunity.com/market/listings/730/Sticker%20%7C%20xiELO%20%28Foil%29%20%7C%20Cologne%202026,1209,10623,5316,12,iem-cologne-2026,campaign_12,sticker,Autograph,xiELO,PARIVISION,rarity_mythical
2026-06-04 00:38:18,20260604_003818,https://cs2tokens.com/browse?sort=price-asc&finish=Foil,Foil,8c66efd5d22e,Sticker | yuurih (Foil) | Cologne 2026,yuurih,Cologne 2026,Player,Foil,FURIA,Remarkable,#8847ff,18,0.18,32,161,0.1938,https://community.akamai.steamstatic.com/economy/image/i0CoZ81Ui0m-9KwlBY1L_18myuGuq1wfhWSaZgMttyVfPaERSR0Wqmu7LAocGJai0ki7VeTHjMmuOXSQ61MnpNWipUruRiLoi4Py9Cpk6f2nZOo0d6GXCmHAlLwn57Q_HXHqzEght2-Gy939IijGbw4oXJUiROQOsUbrjJS5YBOKuNhm,"=IMAGE(""https://community.akamai.steamstatic.com/economy/image/i0CoZ81Ui0m-9KwlBY1L_18myuGuq1wfhWSaZgMttyVfPaERSR0Wqmu7LAocGJai0ki7VeTHjMmuOXSQ61MnpNWipUruRiLoi4Py9Cpk6f2nZOo0d6GXCmHAlLwn57Q_HXHqzEght2-Gy939IijGbw4oXJUiROQOsUbrjJS5YBOKuNhm"")",https://cs2tokens.com/iem-cologne-2026/items/sticker-yuurih-foil-cologne-2026,sticker-yuurih-foil-cologne-2026,ok,,https://cs2tokens.com/iem-cologne-2026/items/sticker-yuurih-foil-cologne-2026/q-data.json,Sticker | yuurih (Foil) | Cologne 2026,https://steamcommunity.com/market/listings/730/Sticker%20%7C%20yuurih%20%28Foil%29%20%7C%20Cologne%202026,1209,10671,5316,12,iem-cologne-2026,campaign_12,sticker,Autograph,yuurih,FURIA,rarity_mythical
2026-06-04 00:38:18,20260604_003818,https://cs2tokens.com/browse?sort=price-asc&finish=Foil,Foil,1b517ac4fb4e,Sticker | Heavygod (Foil) | Cologne 2026,Heavygod,Cologne 2026,Player,Foil,G2 Esports,Remarkable,#8847ff,18,0.18,33,161,0.2,https://community.akamai.steamstatic.com/economy/image/i0CoZ81Ui0m-9KwlBY1L_18myuGuq1wfhWSaZgMttyVfPaERSR0Wqmu7LAocGJai0ki7VeTHjMmuOXSQ61MnpNWipUruRiL5m5f25CVU682oZ61hbqfHVmPGmO0uteJrTnuwkR5-tT7cwtqgJHiebwF2X5smTecMt0HskND5d7S147IRp8U,"=IMAGE(""https://community.akamai.steamstatic.com/economy/image/i0CoZ81Ui0m-9KwlBY1L_18myuGuq1wfhWSaZgMttyVfPaERSR0Wqmu7LAocGJai0ki7VeTHjMmuOXSQ61MnpNWipUruRiL5m5f25CVU682oZ61hbqfHVmPGmO0uteJrTnuwkR5-tT7cwtqgJHiebwF2X5smTecMt0HskND5d7S147IRp8U"")",https://cs2tokens.com/iem-cologne-2026/items/sticker-heavygod-foil-cologne-2026,sticker-heavygod-foil-cologne-2026,ok,,https://cs2tokens.com/iem-cologne-2026/items/sticker-heavygod-foil-cologne-2026/q-data.json,Sticker | Heavygod (Foil) | Cologne 2026,https://steamcommunity.com/market/listings/730/Sticker%20%7C%20Heavygod%20%28Foil%29%20%7C%20Cologne%202026,1209,10759,5316,12,iem-cologne-2026,campaign_12,sticker,Autograph,Heavygod,G2 Esports,rarity_mythical
2026-06-04 00:38:18,20260604_003818,https://cs2tokens.com/browse?sort=price-asc&finish=Foil,Foil,a4a28a6e2d49,Sticker | Gizmy (Foil) | Cologne 2026,Gizmy,Cologne 2026,Player,Foil,Monte,Remarkable,#8847ff,18,0.18,34,161,0.2062,https://community.akamai.steamstatic.com/economy/image/i0CoZ81Ui0m-9KwlBY1L_18myuGuq1wfhWSaZgMttyVfPaERSR0Wqmu7LAocGJai0ki7VeTHjMmuOXSQ61MnpNWipUruRiL2l4zt5B1d4PuiJvRsd6iXWGXHlO0m5OJtSX3kkUwhsWjXmYz6diiSbQ8gDZAjF-8Ithim0oqwn0YkuZw,"=IMAGE(""https://community.akamai.steamstatic.com/economy/image/i0CoZ81Ui0m-9KwlBY1L_18myuGuq1wfhWSaZgMttyVfPaERSR0Wqmu7LAocGJai0ki7VeTHjMmuOXSQ61MnpNWipUruRiL2l4zt5B1d4PuiJvRsd6iXWGXHlO0m5OJtSX3kkUwhsWjXmYz6diiSbQ8gDZAjF-8Ithim0oqwn0YkuZw"")",https://cs2tokens.com/iem-cologne-2026/items/sticker-gizmy-foil-cologne-2026,sticker-gizmy-foil-cologne-2026,ok,,https://cs2tokens.com/iem-cologne-2026/items/sticker-gizmy-foil-cologne-2026/q-data.json,Sticker | Gizmy (Foil) | Cologne 2026,https://steamcommunity.com/market/listings/730/Sticker%20%7C%20Gizmy%20%28Foil%29%20%7C%20Cologne%202026,1209,10827,5316,12,iem-cologne-2026,campaign_12,sticker,Autograph,Gizmy,Monte,rarity_mythical
2026-06-04 00:38:18,20260604_003818,https://cs2tokens.com/browse?sort=price-asc&finish=Foil,Foil,348ef492543e,Sticker | luchov (Foil) | Cologne 2026,luchov,Cologne 2026,Player,Foil,9z Team,Remarkable,#8847ff,18,0.18,35,161,0.2125,https://community.akamai.steamstatic.com/economy/image/i0CoZ81Ui0m-9KwlBY1L_18myuGuq1wfhWSaZgMttyVfPaERSR0Wqmu7LAocGJai0ki7VeTHjMmuOXSQ61MnpNWipUruRiL9i5Xo8jRk6f2nZOprc6nEWTHExb4m5OM9G3zkxB8isjvQztyhJHqWOwJ0WJEiQedf5BGxjJS5YCXN6PSn,"=IMAGE(""https://community.akamai.steamstatic.com/economy/image/i0CoZ81Ui0m-9KwlBY1L_18myuGuq1wfhWSaZgMttyVfPaERSR0Wqmu7LAocGJai0ki7VeTHjMmuOXSQ61MnpNWipUruRiL9i5Xo8jRk6f2nZOprc6nEWTHExb4m5OM9G3zkxB8isjvQztyhJHqWOwJ0WJEiQedf5BGxjJS5YCXN6PSn"")",https://cs2tokens.com/iem-cologne-2026/items/sticker-luchov-foil-cologne-2026,sticker-luchov-foil-cologne-2026,ok,,https://cs2tokens.com/iem-cologne-2026/items/sticker-luchov-foil-cologne-2026/q-data.json,Sticker | luchov (Foil) | Cologne 2026,https://steamcommunity.com/market/listings/730/Sticker%20%7C%20luchov%20%28Foil%29%20%7C%20Cologne%202026,1209,10847,5316,12,iem-cologne-2026,campaign_12,sticker,Autograph,luchov,9z Team,rarity_mythical
2026-06-04 00:38:18,20260604_003818,https://cs2tokens.com/browse?sort=price-asc&finish=Foil,Foil,6857437f27b9,Sticker | insani (Foil) | Cologne 2026,insani,Cologne 2026,Player,Foil,MIBR,Remarkable,#8847ff,18,0.18,36,161,0.2188,https://community.akamai.steamstatic.com/economy/image/i0CoZ81Ui0m-9KwlBY1L_18myuGuq1wfhWSaZgMttyVfPaERSR0Wqmu7LAocGJai0ki7VeTHjMmuOXSQ61MnpNWipUruRiL4kIXh8ytk6f2nZOo1JPORDzCUw7hwsuQ8TCzrzE4j62iHyYn4dnLFOg91D5JxRLFbshbqjJS5YAGZ8RJP,"=IMAGE(""https://community.akamai.steamstatic.com/economy/image/i0CoZ81Ui0m-9KwlBY1L_18myuGuq1wfhWSaZgMttyVfPaERSR0Wqmu7LAocGJai0ki7VeTHjMmuOXSQ61MnpNWipUruRiL4kIXh8ytk6f2nZOo1JPORDzCUw7hwsuQ8TCzrzE4j62iHyYn4dnLFOg91D5JxRLFbshbqjJS5YAGZ8RJP"")",https://cs2tokens.com/iem-cologne-2026/items/sticker-insani-foil-cologne-2026,sticker-insani-foil-cologne-2026,ok,,https://cs2tokens.com/iem-cologne-2026/items/sticker-insani-foil-cologne-2026/q-data.json,Sticker | insani (Foil) | Cologne 2026,https://steamcommunity.com/market/listings/730/Sticker%20%7C%20insani%20%28Foil%29%20%7C%20Cologne%202026,1209,10979,5316,12,iem-cologne-2026,campaign_12,sticker,Autograph,insani,MIBR,rarity_mythical
2026-06-04 00:38:18,20260604_003818,https://cs2tokens.com/browse?sort=price-asc&finish=Foil,Foil,15aebb4d594a,Sticker | Wicadia (Foil) | Cologne 2026,Wicadia,Cologne 2026,Player,Foil,Aurora,Remarkable,#8847ff,19,0.19,37,161,0.225,https://community.akamai.steamstatic.com/economy/image/i0CoZ81Ui0m-9KwlBY1L_18myuGuq1wfhWSaZgMttyVfPaERSR0Wqmu7LAocGJai0ki7VeTHjMmuOXSQ61MnpNWipUruRiLml5Xh-Sta0PShYagjd_aSXWGRlOh14uc7TCvjxBx25W2DmNatJ3PDbw9yWJV3TLEIshOxx8qnab0EZT00wg,"=IMAGE(""https://community.akamai.steamstatic.com/economy/image/i0CoZ81Ui0m-9KwlBY1L_18myuGuq1wfhWSaZgMttyVfPaERSR0Wqmu7LAocGJai0ki7VeTHjMmuOXSQ61MnpNWipUruRiLml5Xh-Sta0PShYagjd_aSXWGRlOh14uc7TCvjxBx25W2DmNatJ3PDbw9yWJV3TLEIshOxx8qnab0EZT00wg"")",https://cs2tokens.com/iem-cologne-2026/items/sticker-wicadia-foil-cologne-2026,sticker-wicadia-foil-cologne-2026,ok,,https://cs2tokens.com/iem-cologne-2026/items/sticker-wicadia-foil-cologne-2026/q-data.json,Sticker | Wicadia (Foil) | Cologne 2026,https://steamcommunity.com/market/listings/730/Sticker%20%7C%20Wicadia%20%28Foil%29%20%7C%20Cologne%202026,1209,10643,5316,12,iem-cologne-2026,campaign_12,sticker,Autograph,Wicadia,Aurora,rarity_mythical
2026-06-04 00:38:18,20260604_003818,https://cs2tokens.com/browse?sort=price-asc&finish=Foil,Foil,ad89784bfc38,Sticker | lauNX (Foil) | Cologne 2026,lauNX,Cologne 2026,Player,Foil,,Remarkable,#8847ff,19,0.19,38,161,0.2313,https://community.akamai.steamstatic.com/economy/image/i0CoZ81Ui0m-9KwlBY1L_18myuGuq1wfhWSaZgMttyVfPaERSR0Wqmu7LAocGJai0ki7VeTHjMmuOXSQ61MnpNWipUruRiL9n4Pu5R1d4PuiJqJsIaDBVjfFmewm5uVrTSi3kEsm42XVzNr8JXifaVUmCMd4Q7VYsBOm0oqww9WWm1M,"=IMAGE(""https://community.akamai.steamstatic.com/economy/image/i0CoZ81Ui0m-9KwlBY1L_18myuGuq1wfhWSaZgMttyVfPaERSR0Wqmu7LAocGJai0ki7VeTHjMmuOXSQ61MnpNWipUruRiL9n4Pu5R1d4PuiJqJsIaDBVjfFmewm5uVrTSi3kEsm42XVzNr8JXifaVUmCMd4Q7VYsBOm0oqww9WWm1M"")",https://cs2tokens.com/iem-cologne-2026/items/sticker-launx-foil-cologne-2026,sticker-launx-foil-cologne-2026,ok,,https://cs2tokens.com/iem-cologne-2026/items/sticker-launx-foil-cologne-2026/q-data.json,Sticker | lauNX (Foil) | Cologne 2026,https://steamcommunity.com/market/listings/730/Sticker%20%7C%20lauNX%20%28Foil%29%20%7C%20Cologne%202026,1209,10699,5316,12,iem-cologne-2026,campaign_12,sticker,Autograph,lauNX,,rarity_mythical
2026-06-04 00:38:18,20260604_003818,https://cs2tokens.com/browse?sort=price-asc&finish=Foil,Foil,66a4613e1d24,Sticker | Bymas (Foil) | Cologne 2026,Bymas,Cologne 2026,Player,Foil,Monte,Remarkable,#8847ff,19,0.19,39,161,0.2375,https://community.akamai.steamstatic.com/economy/image/i0CoZ81Ui0m-9KwlBY1L_18myuGuq1wfhWSaZgMttyVfPaERSR0Wqmu7LAocGJai0ki7VeTHjMmuOXSQ61MnpNWipUruRiLzh5vh7h1d4PuiJvBpdfLBXj7GxL4ituM5Sn2wxUx05D_TmIn8JyrGOFR2DZZxR7VbtxWm0oqwwjYgnAI,"=IMAGE(""https://community.akamai.steamstatic.com/economy/image/i0CoZ81Ui0m-9KwlBY1L_18myuGuq1wfhWSaZgMttyVfPaERSR0Wqmu7LAocGJai0ki7VeTHjMmuOXSQ61MnpNWipUruRiLzh5vh7h1d4PuiJvBpdfLBXj7GxL4ituM5Sn2wxUx05D_TmIn8JyrGOFR2DZZxR7VbtxWm0oqwwjYgnAI"")",https://cs2tokens.com/iem-cologne-2026/items/sticker-bymas-foil-cologne-2026,sticker-bymas-foil-cologne-2026,ok,,https://cs2tokens.com/iem-cologne-2026/items/sticker-bymas-foil-cologne-2026/q-data.json,Sticker | Bymas (Foil) | Cologne 2026,https://steamcommunity.com/market/listings/730/Sticker%20%7C%20Bymas%20%28Foil%29%20%7C%20Cologne%202026,1209,10819,5316,12,iem-cologne-2026,campaign_12,sticker,Autograph,Bymas,Monte,rarity_mythical
2026-06-04 00:38:18,20260604_003818,https://cs2tokens.com/browse?sort=price-asc&finish=Foil,Foil,7fe055b928c2,Sticker | slaxz- (Foil) | Cologne 2026,slaxz-,Cologne 2026,Player,Foil,M80,Remarkable,#8847ff,19,0.19,40,161,0.2437,https://community.akamai.steamstatic.com/economy/image/i0CoZ81Ui0m-9KwlBY1L_18myuGuq1wfhWSaZgMttyVfPaERSR0Wqmu7LAocGJai0ki7VeTHjMmuOXSQ61MnpNWipUruRiLikpf45x1d4PuiJvU4IqiWWTLJl7YksrgxF3rgxEgi4T-EnNj7dyiTbQZyXsd3Ee8JtBGm0oqwlr5pYBI,"=IMAGE(""https://community.akamai.steamstatic.com/economy/image/i0CoZ81Ui0m-9KwlBY1L_18myuGuq1wfhWSaZgMttyVfPaERSR0Wqmu7LAocGJai0ki7VeTHjMmuOXSQ61MnpNWipUruRiLikpf45x1d4PuiJvU4IqiWWTLJl7YksrgxF3rgxEgi4T-EnNj7dyiTbQZyXsd3Ee8JtBGm0oqwlr5pYBI"")",https://cs2tokens.com/iem-cologne-2026/items/sticker-slaxz-foil-cologne-2026,sticker-slaxz-foil-cologne-2026,ok,,https://cs2tokens.com/iem-cologne-2026/items/sticker-slaxz-foil-cologne-2026/q-data.json,Sticker | slaxz- (Foil) | Cologne 2026,https://steamcommunity.com/market/listings/730/Sticker%20%7C%20slaxz-%20%28Foil%29%20%7C%20Cologne%202026,1209,10971,5316,12,iem-cologne-2026,campaign_12,sticker,Autograph,slaxz-,M80,rarity_mythical
2026-06-04 00:38:18,20260604_003818,https://cs2tokens.com/browse?sort=price-asc&finish=Foil,Foil,b0734bce9993,Sticker | MAJ3R (Foil) | Cologne 2026,MAJ3R,Cologne 2026,Player,Foil,Aurora,Remarkable,#8847ff,20,0.2,41,161,0.25,https://community.akamai.steamstatic.com/economy/image/i0CoZ81Ui0m-9KwlBY1L_18myuGuq1wfhWSaZgMttyVfPaERSR0Wqmu7LAocGJai0ki7VeTHjMmuOXSQ61MnpNWipUruRiL8n5yz7x1d4PuiJv09dKnAXzSTkO9y6LhtHHG3lBh342WEwtquJSqXaAFzDJoiQ-QLshim0oqw3ST2ft8,"=IMAGE(""https://community.akamai.steamstatic.com/economy/image/i0CoZ81Ui0m-9KwlBY1L_18myuGuq1wfhWSaZgMttyVfPaERSR0Wqmu7LAocGJai0ki7VeTHjMmuOXSQ61MnpNWipUruRiL8n5yz7x1d4PuiJv09dKnAXzSTkO9y6LhtHHG3lBh342WEwtquJSqXaAFzDJoiQ-QLshim0oqw3ST2ft8"")",https://cs2tokens.com/iem-cologne-2026/items/sticker-maj3r-foil-cologne-2026,sticker-maj3r-foil-cologne-2026,ok,,https://cs2tokens.com/iem-cologne-2026/items/sticker-maj3r-foil-cologne-2026/q-data.json,Sticker | MAJ3R (Foil) | Cologne 2026,https://steamcommunity.com/market/listings/730/Sticker%20%7C%20MAJ3R%20%28Foil%29%20%7C%20Cologne%202026,1209,10647,5316,12,iem-cologne-2026,campaign_12,sticker,Autograph,MAJ3R,Aurora,rarity_mythical
2026-06-04 00:38:18,20260604_003818,https://cs2tokens.com/browse?sort=price-asc&finish=Foil,Foil,eecf9753440e,Sticker | huNter- (Foil) | Cologne 2026,huNter-,Cologne 2026,Player,Foil,G2 Esports,Remarkable,#8847ff,20,0.2,42,161,0.2562,https://community.akamai.steamstatic.com/economy/image/i0CoZ81Ui0m-9KwlBY1L_18myuGuq1wfhWSaZgMttyVfPaERSR0Wqmu7LAocGJai0ki7VeTHjMmuOXSQ61MnpNWipUruRiL5i5j0-DBk6f2nZOo5cfPADWaTkbsg6ec9Sy22xU51tW-Dm4z9Jy-RaAUnX8QlTOMPtRLqjJS5YGiKP9MI,"=IMAGE(""https://community.akamai.steamstatic.com/economy/image/i0CoZ81Ui0m-9KwlBY1L_18myuGuq1wfhWSaZgMttyVfPaERSR0Wqmu7LAocGJai0ki7VeTHjMmuOXSQ61MnpNWipUruRiL5i5j0-DBk6f2nZOo5cfPADWaTkbsg6ec9Sy22xU51tW-Dm4z9Jy-RaAUnX8QlTOMPtRLqjJS5YGiKP9MI"")",https://cs2tokens.com/iem-cologne-2026/items/sticker-hunter-foil-cologne-2026,sticker-hunter-foil-cologne-2026,ok,,https://cs2tokens.com/iem-cologne-2026/items/sticker-hunter-foil-cologne-2026/q-data.json,Sticker | huNter- (Foil) | Cologne 2026,https://steamcommunity.com/market/listings/730/Sticker%20%7C%20huNter-%20%28Foil%29%20%7C%20Cologne%202026,1209,10755,5316,12,iem-cologne-2026,campaign_12,sticker,Autograph,huNter-,G2 Esports,rarity_mythical
2026-06-04 00:38:18,20260604_003818,https://cs2tokens.com/browse?sort=price-asc&finish=Foil,Foil,7329ed95a393,Sticker | n1ssim (Foil) | Cologne 2026,n1ssim,Cologne 2026,Player,Foil,Legacy,Remarkable,#8847ff,20,0.2,43,161,0.2625,https://community.akamai.steamstatic.com/economy/image/i0CoZ81Ui0m-9KwlBY1L_18myuGuq1wfhWSaZgMttyVfPaERSR0Wqmu7LAocGJai0ki7VeTHjMmuOXSQ61MnpNWipUruRiL_z4Xz9C9k6f2nZOo-eaLFWDPGwr4gtONtTnq3wk50sW7XmNuodHLBaFQpApVwELVZ4BTtjJS5YL1FKwev,"=IMAGE(""https://community.akamai.steamstatic.com/economy/image/i0CoZ81Ui0m-9KwlBY1L_18myuGuq1wfhWSaZgMttyVfPaERSR0Wqmu7LAocGJai0ki7VeTHjMmuOXSQ61MnpNWipUruRiL_z4Xz9C9k6f2nZOo-eaLFWDPGwr4gtONtTnq3wk50sW7XmNuodHLBaFQpApVwELVZ4BTtjJS5YL1FKwev"")",https://cs2tokens.com/iem-cologne-2026/items/sticker-n1ssim-foil-cologne-2026,sticker-n1ssim-foil-cologne-2026,ok,,https://cs2tokens.com/iem-cologne-2026/items/sticker-n1ssim-foil-cologne-2026/q-data.json,Sticker | n1ssim (Foil) | Cologne 2026,https://steamcommunity.com/market/listings/730/Sticker%20%7C%20n1ssim%20%28Foil%29%20%7C%20Cologne%202026,1209,10791,5316,12,iem-cologne-2026,campaign_12,sticker,Autograph,n1ssim,Legacy,rarity_mythical
2026-06-04 00:38:18,20260604_003818,https://cs2tokens.com/browse?sort=price-asc&finish=Foil,Foil,d7120ac8d9eb,Sticker | Rainwaker (Foil) | Cologne 2026,Rainwaker,Cologne 2026,Player,Foil,Monte,Remarkable,#8847ff,20,0.2,44,161,0.2687,https://community.akamai.steamstatic.com/economy/image/i0CoZ81Ui0m-9KwlBY1L_18myuGuq1wfhWSaZgMttyVfPaERSR0Wqmu7LAocGJai0ki7VeTHjMmuOXSQ61MnpNWipUruRiLjn5_u6iNQ6uCRbqtkLL7EW2aWmLYg5rM_SSjizURysjzQn479cCqeOwMjWMd3Q7IK4RbpxIWyKaq8sEJa-mxP,"=IMAGE(""https://community.akamai.steamstatic.com/economy/image/i0CoZ81Ui0m-9KwlBY1L_18myuGuq1wfhWSaZgMttyVfPaERSR0Wqmu7LAocGJai0ki7VeTHjMmuOXSQ61MnpNWipUruRiLjn5_u6iNQ6uCRbqtkLL7EW2aWmLYg5rM_SSjizURysjzQn479cCqeOwMjWMd3Q7IK4RbpxIWyKaq8sEJa-mxP"")",https://cs2tokens.com/iem-cologne-2026/items/sticker-rainwaker-foil-cologne-2026,sticker-rainwaker-foil-cologne-2026,ok,,https://cs2tokens.com/iem-cologne-2026/items/sticker-rainwaker-foil-cologne-2026/q-data.json,Sticker | Rainwaker (Foil) | Cologne 2026,https://steamcommunity.com/market/listings/730/Sticker%20%7C%20Rainwaker%20%28Foil%29%20%7C%20Cologne%202026,1209,10815,5316,12,iem-cologne-2026,campaign_12,sticker,Autograph,Rainwaker,Monte,rarity_mythical
2026-06-04 00:38:18,20260604_003818,https://cs2tokens.com/browse?sort=price-asc&finish=Foil,Foil,04a43de30b50,Sticker | Tauson (Foil) | Cologne 2026,Tauson,Cologne 2026,Player,Foil,GamerLegion,Remarkable,#8847ff,20,0.2,45,161,0.275,https://community.akamai.steamstatic.com/economy/image/i0CoZ81Ui0m-9KwlBY1L_18myuGuq1wfhWSaZgMttyVfPaERSR0Wqmu7LAocGJai0ki7VeTHjMmuOXSQ61MnpNWipUruRiLln4Pz8ixk6f2nZOo0eKPFVzPEk-oj5rlqSXy3wUhw5ziDw436eC6WbFVzDsQmF-ELuhSxjJS5YNtXEwRu,"=IMAGE(""https://community.akamai.steamstatic.com/economy/image/i0CoZ81Ui0m-9KwlBY1L_18myuGuq1wfhWSaZgMttyVfPaERSR0Wqmu7LAocGJai0ki7VeTHjMmuOXSQ61MnpNWipUruRiLln4Pz8ixk6f2nZOo0eKPFVzPEk-oj5rlqSXy3wUhw5ziDw436eC6WbFVzDsQmF-ELuhSxjJS5YNtXEwRu"")",https://cs2tokens.com/iem-cologne-2026/items/sticker-tauson-foil-cologne-2026,sticker-tauson-foil-cologne-2026,ok,,https://cs2tokens.com/iem-cologne-2026/items/sticker-tauson-foil-cologne-2026/q-data.json,Sticker | Tauson (Foil) | Cologne 2026,https://steamcommunity.com/market/listings/730/Sticker%20%7C%20Tauson%20%28Foil%29%20%7C%20Cologne%202026,1209,10863,5316,12,iem-cologne-2026,campaign_12,sticker,Autograph,Tauson,GamerLegion,rarity_mythical
2026-06-04 00:38:18,20260604_003818,https://cs2tokens.com/browse?sort=price-asc&finish=Foil,Foil,e80b08f6c223,Sticker | alex666 (Foil) | Cologne 2026,alex666,Cologne 2026,Player,Foil,B8,Remarkable,#8847ff,20,0.2,46,161,0.2812,https://community.akamai.steamstatic.com/economy/image/i0CoZ81Ui0m-9KwlBY1L_18myuGuq1wfhWSaZgMttyVfPaERSR0Wqmu7LAocGJai0ki7VeTHjMmuOXSQ61MnpNWipUruRiLwkpP4q3QN0PShYagjIqDKCjbGmO8j5Lk6TCqwkRh0sWTcwtuqIH-UOwciD5R5R-Zfuxa5wMqnab0FiIM-UA,"=IMAGE(""https://community.akamai.steamstatic.com/economy/image/i0CoZ81Ui0m-9KwlBY1L_18myuGuq1wfhWSaZgMttyVfPaERSR0Wqmu7LAocGJai0ki7VeTHjMmuOXSQ61MnpNWipUruRiLwkpP4q3QN0PShYagjIqDKCjbGmO8j5Lk6TCqwkRh0sWTcwtuqIH-UOwciD5R5R-Zfuxa5wMqnab0FiIM-UA"")",https://cs2tokens.com/iem-cologne-2026/items/sticker-alex666-foil-cologne-2026,sticker-alex666-foil-cologne-2026,ok,,https://cs2tokens.com/iem-cologne-2026/items/sticker-alex666-foil-cologne-2026/q-data.json,Sticker | alex666 (Foil) | Cologne 2026,https://steamcommunity.com/market/listings/730/Sticker%20%7C%20alex666%20%28Foil%29%20%7C%20Cologne%202026,1209,10887,5316,12,iem-cologne-2026,campaign_12,sticker,Autograph,alex666,B8,rarity_mythical
2026-06-04 00:38:18,20260604_003818,https://cs2tokens.com/browse?sort=price-asc&finish=Foil,Foil,12f02368d715,Sticker | blameF (Foil) | Cologne 2026,blameF,Cologne 2026,Player,Foil,BIG,Remarkable,#8847ff,20,0.2,47,161,0.2875,https://community.akamai.steamstatic.com/economy/image/i0CoZ81Ui0m-9KwlBY1L_18myuGuq1wfhWSaZgMttyVfPaERSR0Wqmu7LAocGJai0ki7VeTHjMmuOXSQ61MnpNWipUruRiLzkpft-CRk6f2nZOo0eaHLW2XCkeh047VsS3GyxkUm5GjWmdf_JHOUbFAkDcB4TOULsBi5jJS5YO_B_SN4,"=IMAGE(""https://community.akamai.steamstatic.com/economy/image/i0CoZ81Ui0m-9KwlBY1L_18myuGuq1wfhWSaZgMttyVfPaERSR0Wqmu7LAocGJai0ki7VeTHjMmuOXSQ61MnpNWipUruRiLzkpft-CRk6f2nZOo0eaHLW2XCkeh047VsS3GyxkUm5GjWmdf_JHOUbFAkDcB4TOULsBi5jJS5YO_B_SN4"")",https://cs2tokens.com/iem-cologne-2026/items/sticker-blamef-foil-cologne-2026,sticker-blamef-foil-cologne-2026,ok,,https://cs2tokens.com/iem-cologne-2026/items/sticker-blamef-foil-cologne-2026/q-data.json,Sticker | blameF (Foil) | Cologne 2026,https://steamcommunity.com/market/listings/730/Sticker%20%7C%20blameF%20%28Foil%29%20%7C%20Cologne%202026,1209,10947,5316,12,iem-cologne-2026,campaign_12,sticker,Autograph,blameF,BIG,rarity_mythical
2026-06-04 00:38:18,20260604_003818,https://cs2tokens.com/browse?sort=price-asc&finish=Foil,Foil,69ef2237c990,Sticker | Lake (Foil) | Cologne 2026,Lake,Cologne 2026,Player,Foil,M80,Remarkable,#8847ff,20,0.2,48,161,0.2938,https://raw.githubusercontent.com/ByMykel/counter-strike-image-tracker/main/static/panorama/images/econ/stickers/cologne2026/sig_lake_foil_png.png,"=IMAGE(""https://raw.githubusercontent.com/ByMykel/counter-strike-image-tracker/main/static/panorama/images/econ/stickers/cologne2026/sig_lake_foil_png.png"")",https://cs2tokens.com/iem-cologne-2026/items/sticker-lake-foil-cologne-2026,sticker-lake-foil-cologne-2026,ok,,https://cs2tokens.com/iem-cologne-2026/items/sticker-lake-foil-cologne-2026/q-data.json,Sticker | Lake (Foil) | Cologne 2026,https://steamcommunity.com/market/listings/730/Sticker%20%7C%20Lake%20%28Foil%29%20%7C%20Cologne%202026,1209,10959,5316,12,iem-cologne-2026,campaign_12,sticker,Autograph,Lake,M80,rarity_mythical
2026-06-04 00:38:18,20260604_003818,https://cs2tokens.com/browse?sort=price-asc&finish=Foil,Foil,eae8855f8abb,Sticker | brnz4n (Foil) | Cologne 2026,brnz4n,Cologne 2026,Player,Foil,MIBR,Remarkable,#8847ff,20,0.2,49,161,0.3,https://community.akamai.steamstatic.com/economy/image/i0CoZ81Ui0m-9KwlBY1L_18myuGuq1wfhWSaZgMttyVfPaERSR0Wqmu7LAocGJai0ki7VeTHjMmuOXSQ61MnpNWipUruRiLzjJj6qSxk6f2nZOo_cqfHCj_GwL506bQ5GSjjlh9w427VzNusI3-QOwJyDZp5E-NcthC9jJS5YGuLiVpZ,"=IMAGE(""https://community.akamai.steamstatic.com/economy/image/i0CoZ81Ui0m-9KwlBY1L_18myuGuq1wfhWSaZgMttyVfPaERSR0Wqmu7LAocGJai0ki7VeTHjMmuOXSQ61MnpNWipUruRiLzjJj6qSxk6f2nZOo_cqfHCj_GwL506bQ5GSjjlh9w427VzNusI3-QOwJyDZp5E-NcthC9jJS5YGuLiVpZ"")",https://cs2tokens.com/iem-cologne-2026/items/sticker-brnz4n-foil-cologne-2026,sticker-brnz4n-foil-cologne-2026,ok,,https://cs2tokens.com/iem-cologne-2026/items/sticker-brnz4n-foil-cologne-2026/q-data.json,Sticker | brnz4n (Foil) | Cologne 2026,https://steamcommunity.com/market/listings/730/Sticker%20%7C%20brnz4n%20%28Foil%29%20%7C%20Cologne%202026,1209,10983,5316,12,iem-cologne-2026,campaign_12,sticker,Autograph,brnz4n,MIBR,rarity_mythical
2026-06-04 00:38:18,20260604_003818,https://cs2tokens.com/browse?sort=price-asc&finish=Foil,Foil,dc743ba632f3,Sticker | NEKiZ (Foil) | Cologne 2026,NEKiZ,Cologne 2026,Player,Foil,,Remarkable,#8847ff,20,0.2,50,161,0.3063,https://raw.githubusercontent.com/ByMykel/counter-strike-image-tracker/main/static/panorama/images/econ/stickers/cologne2026/sig_nekiz_foil_png.png,"=IMAGE(""https://raw.githubusercontent.com/ByMykel/counter-strike-image-tracker/main/static/panorama/images/econ/stickers/cologne2026/sig_nekiz_foil_png.png"")",https://cs2tokens.com/iem-cologne-2026/items/sticker-nekiz-foil-cologne-2026,sticker-nekiz-foil-cologne-2026,ok,,https://cs2tokens.com/iem-cologne-2026/items/sticker-nekiz-foil-cologne-2026/q-data.json,Sticker | NEKiZ (Foil) | Cologne 2026,https://steamcommunity.com/market/listings/730/Sticker%20%7C%20NEKiZ%20%28Foil%29%20%7C%20Cologne%202026,1209,11083,5316,12,iem-cologne-2026,campaign_12,sticker,Autograph,NEKiZ,,rarity_mythical
2026-06-04 00:38:18,20260604_003818,https://cs2tokens.com/browse?sort=price-asc&finish=Foil,Foil,56bfdfb9b7b4,Sticker | jabbi (Foil) | Cologne 2026,jabbi,Cologne 2026,Player,Foil,Astralis,Remarkable,#8847ff,21,0.21,51,161,0.3125,https://raw.githubusercontent.com/ByMykel/counter-strike-image-tracker/main/static/panorama/images/econ/stickers/cologne2026/sig_jabbi_foil_png.png,"=IMAGE(""https://raw.githubusercontent.com/ByMykel/counter-strike-image-tracker/main/static/panorama/images/econ/stickers/cologne2026/sig_jabbi_foil_png.png"")",https://cs2tokens.com/iem-cologne-2026/items/sticker-jabbi-foil-cologne-2026,sticker-jabbi-foil-cologne-2026,ok,,https://cs2tokens.com/iem-cologne-2026/items/sticker-jabbi-foil-cologne-2026/q-data.json,Sticker | jabbi (Foil) | Cologne 2026,https://steamcommunity.com/market/listings/730/Sticker%20%7C%20jabbi%20%28Foil%29%20%7C%20Cologne%202026,1209,10747,5316,12,iem-cologne-2026,campaign_12,sticker,Autograph,jabbi,Astralis,rarity_mythical
2026-06-04 00:38:18,20260604_003818,https://cs2tokens.com/browse?sort=price-asc&finish=Foil,Foil,4b9c7a9f6234,Sticker | Staehr (Foil) | Cologne 2026,Staehr,Cologne 2026,Player,Foil,Astralis,Remarkable,#8847ff,21,0.21,52,161,0.3187,https://community.akamai.steamstatic.com/economy/image/i0CoZ81Ui0m-9KwlBY1L_18myuGuq1wfhWSaZgMttyVfPaERSR0Wqmu7LAocGJai0ki7VeTHjMmuOXSQ61MnpNWipUruRiLiipfl9TBk6f2nZOpsIvTKW2OUkb93trQ8H3y3xUQh4zvdn4ypJy7DOAYhCZFyRe5ct0a8jJS5YA6n8rsb,"=IMAGE(""https://community.akamai.steamstatic.com/economy/image/i0CoZ81Ui0m-9KwlBY1L_18myuGuq1wfhWSaZgMttyVfPaERSR0Wqmu7LAocGJai0ki7VeTHjMmuOXSQ61MnpNWipUruRiLiipfl9TBk6f2nZOpsIvTKW2OUkb93trQ8H3y3xUQh4zvdn4ypJy7DOAYhCZFyRe5ct0a8jJS5YA6n8rsb"")",https://cs2tokens.com/iem-cologne-2026/items/sticker-staehr-foil-cologne-2026,sticker-staehr-foil-cologne-2026,ok,,https://cs2tokens.com/iem-cologne-2026/items/sticker-staehr-foil-cologne-2026/q-data.json,Sticker | Staehr (Foil) | Cologne 2026,https://steamcommunity.com/market/listings/730/Sticker%20%7C%20Staehr%20%28Foil%29%20%7C%20Cologne%202026,1209,10751,5316,12,iem-cologne-2026,campaign_12,sticker,Autograph,Staehr,Astralis,rarity_mythical
2026-06-04 00:38:18,20260604_003818,https://cs2tokens.com/browse?sort=price-asc&finish=Foil,Foil,d948e309bd18,Sticker | nota (Foil) | Cologne 2026,nota,Cologne 2026,Player,Foil,PARIVISION,Remarkable,#8847ff,22,0.22,53,161,0.325,https://community.akamai.steamstatic.com/economy/image/i0CoZ81Ui0m-9KwlBY1L_18myuGuq1wfhWSaZgMttyVfPaERSR0Wqmu7LAocGJai0ki7VeTHjMmuOXSQ61MnpNWipUruRiL_kYLhwiRU5v7gafRuc6eRXj_CxLly6bg6H3u3w04l5jnWnNr8J3jFawQgA8F2RuFbsg74zIPBOr1vsQ,"=IMAGE(""https://community.akamai.steamstatic.com/economy/image/i0CoZ81Ui0m-9KwlBY1L_18myuGuq1wfhWSaZgMttyVfPaERSR0Wqmu7LAocGJai0ki7VeTHjMmuOXSQ61MnpNWipUruRiL_kYLhwiRU5v7gafRuc6eRXj_CxLly6bg6H3u3w04l5jnWnNr8J3jFawQgA8F2RuFbsg74zIPBOr1vsQ"")",https://cs2tokens.com/iem-cologne-2026/items/sticker-nota-foil-cologne-2026,sticker-nota-foil-cologne-2026,ok,,https://cs2tokens.com/iem-cologne-2026/items/sticker-nota-foil-cologne-2026/q-data.json,Sticker | nota (Foil) | Cologne 2026,https://steamcommunity.com/market/listings/730/Sticker%20%7C%20nota%20%28Foil%29%20%7C%20Cologne%202026,1209,10619,5316,12,iem-cologne-2026,campaign_12,sticker,Autograph,nota,PARIVISION,rarity_mythical
2026-06-04 00:38:18,20260604_003818,https://cs2tokens.com/browse?sort=price-asc&finish=Foil,Foil,f8013410fc77,Sticker | BELCHONOKK (Foil) | Cologne 2026,BELCHONOKK,Cologne 2026,Player,Foil,PARIVISION,Remarkable,#8847ff,22,0.22,54,161,0.3312,https://community.akamai.steamstatic.com/economy/image/i0CoZ81Ui0m-9KwlBY1L_18myuGuq1wfhWSaZgMttyVfPaERSR0Wqmu7LAocGJai0ki7VeTHjMmuOXSQ61MnpNWipUruRiLzm5rj9S1V4PmlV6JiKfzdXjbBkO1wtrhqH3jjxhsh6mTdzI2sIC6WPVMpWZpzROdfsUK5k4G1PvSiuVJmZVmwJA,"=IMAGE(""https://community.akamai.steamstatic.com/economy/image/i0CoZ81Ui0m-9KwlBY1L_18myuGuq1wfhWSaZgMttyVfPaERSR0Wqmu7LAocGJai0ki7VeTHjMmuOXSQ61MnpNWipUruRiLzm5rj9S1V4PmlV6JiKfzdXjbBkO1wtrhqH3jjxhsh6mTdzI2sIC6WPVMpWZpzROdfsUK5k4G1PvSiuVJmZVmwJA"")",https://cs2tokens.com/iem-cologne-2026/items/sticker-belchonokk-foil-cologne-2026,sticker-belchonokk-foil-cologne-2026,ok,,https://cs2tokens.com/iem-cologne-2026/items/sticker-belchonokk-foil-cologne-2026/q-data.json,Sticker | BELCHONOKK (Foil) | Cologne 2026,https://steamcommunity.com/market/listings/730/Sticker%20%7C%20BELCHONOKK%20%28Foil%29%20%7C%20Cologne%202026,1209,10627,5316,12,iem-cologne-2026,campaign_12,sticker,Autograph,BELCHONOKK,PARIVISION,rarity_mythical
2026-06-04 00:38:18,20260604_003818,https://cs2tokens.com/browse?sort=price-asc&finish=Foil,Foil,60cbddb65646,Sticker | snow (Foil) | Cologne 2026,snow,Cologne 2026,Player,Foil,paiN Gaming,Remarkable,#8847ff,22,0.22,55,161,0.3375,https://raw.githubusercontent.com/ByMykel/counter-strike-image-tracker/main/static/panorama/images/econ/stickers/cologne2026/sig_snow_foil_png.png,"=IMAGE(""https://raw.githubusercontent.com/ByMykel/counter-strike-image-tracker/main/static/panorama/images/econ/stickers/cologne2026/sig_snow_foil_png.png"")",https://cs2tokens.com/iem-cologne-2026/items/sticker-snow-foil-cologne-2026,sticker-snow-foil-cologne-2026,ok,,https://cs2tokens.com/iem-cologne-2026/items/sticker-snow-foil-cologne-2026/q-data.json,Sticker | snow (Foil) | Cologne 2026,https://steamcommunity.com/market/listings/730/Sticker%20%7C%20snow%20%28Foil%29%20%7C%20Cologne%202026,1209,10803,5316,12,iem-cologne-2026,campaign_12,sticker,Autograph,snow,paiN Gaming,rarity_mythical
2026-06-04 00:38:18,20260604_003818,https://cs2tokens.com/browse?sort=price-asc&finish=Foil,Foil,6863d7afc847,Sticker | s1n (Foil) | Cologne 2026,s1n,Cologne 2026,Player,Foil,M80,Remarkable,#8847ff,22,0.22,56,161,0.3438,https://community.akamai.steamstatic.com/economy/image/i0CoZ81Ui0m-9KwlBY1L_18myuGuq1wfhWSaZgMttyVfPaERSR0Wqmu7LAocGJai0ki7VeTHjMmuOXSQ61MnpNWipUruRiLiz5jf-y1S47z5bPI6JaTAXDKWmLh34uJoSX2wwx8l5mzdmNyseHOROgYnCZVzR-VZrFDmxeLuQZKN,"=IMAGE(""https://community.akamai.steamstatic.com/economy/image/i0CoZ81Ui0m-9KwlBY1L_18myuGuq1wfhWSaZgMttyVfPaERSR0Wqmu7LAocGJai0ki7VeTHjMmuOXSQ61MnpNWipUruRiLiz5jf-y1S47z5bPI6JaTAXDKWmLh34uJoSX2wwx8l5mzdmNyseHOROgYnCZVzR-VZrFDmxeLuQZKN"")",https://cs2tokens.com/iem-cologne-2026/items/sticker-s1n-foil-cologne-2026,sticker-s1n-foil-cologne-2026,ok,,https://cs2tokens.com/iem-cologne-2026/items/sticker-s1n-foil-cologne-2026/q-data.json,Sticker | s1n (Foil) | Cologne 2026,https://steamcommunity.com/market/listings/730/Sticker%20%7C%20s1n%20%28Foil%29%20%7C%20Cologne%202026,1209,10967,5316,12,iem-cologne-2026,campaign_12,sticker,Autograph,s1n,M80,rarity_mythical
2026-06-04 00:38:18,20260604_003818,https://cs2tokens.com/browse?sort=price-asc&finish=Foil,Foil,b2d054eb1d13,Sticker | nettik (Foil) | Cologne 2026,nettik,Cologne 2026,Player,Foil,Flyquest,Remarkable,#8847ff,22,0.22,57,161,0.35,https://community.akamai.steamstatic.com/economy/image/i0CoZ81Ui0m-9KwlBY1L_18myuGuq1wfhWSaZgMttyVfPaERSR0Wqmu7LAocGJai0ki7VeTHjMmuOXSQ61MnpNWipUruRiL_m4L09Clk6f2nZOo-c6WQVz-Wx74hsbRrSnzhzUsh6mqGz9igdn-QaVUjXMAhQeJY5xm9jJS5YOkS28oI,"=IMAGE(""https://community.akamai.steamstatic.com/economy/image/i0CoZ81Ui0m-9KwlBY1L_18myuGuq1wfhWSaZgMttyVfPaERSR0Wqmu7LAocGJai0ki7VeTHjMmuOXSQ61MnpNWipUruRiL_m4L09Clk6f2nZOo-c6WQVz-Wx74hsbRrSnzhzUsh6mqGz9igdn-QaVUjXMAhQeJY5xm9jJS5YOkS28oI"")",https://cs2tokens.com/iem-cologne-2026/items/sticker-nettik-foil-cologne-2026,sticker-nettik-foil-cologne-2026,ok,,https://cs2tokens.com/iem-cologne-2026/items/sticker-nettik-foil-cologne-2026/q-data.json,Sticker | nettik (Foil) | Cologne 2026,https://steamcommunity.com/market/listings/730/Sticker%20%7C%20nettik%20%28Foil%29%20%7C%20Cologne%202026,1209,11171,5316,12,iem-cologne-2026,campaign_12,sticker,Autograph,nettik,Flyquest,rarity_mythical
2026-06-04 00:38:18,20260604_003818,https://cs2tokens.com/browse?sort=price-asc&finish=Foil,Foil,782a1fe1f8a2,Sticker | xertioN (Foil) | Cologne 2026,xertioN,Cologne 2026,Player,Foil,MOUZ,Remarkable,#8847ff,23,0.23,58,161,0.3563,https://community.akamai.steamstatic.com/economy/image/i0CoZ81Ui0m-9KwlBY1L_18myuGuq1wfhWSaZgMttyVfPaERSR0Wqmu7LAocGJai0ki7VeTHjMmuOXSQ61MnpNWipUruRiLpm4T09C1V0PShYagjI6DGWmLDlLchs-IxSSyyxk1ztm_Rz937Ii3GaQYhWMYhRrUPtxa5kMqnab1SsceIaw,"=IMAGE(""https://community.akamai.steamstatic.com/economy/image/i0CoZ81Ui0m-9KwlBY1L_18myuGuq1wfhWSaZgMttyVfPaERSR0Wqmu7LAocGJai0ki7VeTHjMmuOXSQ61MnpNWipUruRiLpm4T09C1V0PShYagjI6DGWmLDlLchs-IxSSyyxk1ztm_Rz937Ii3GaQYhWMYhRrUPtxa5kMqnab1SsceIaw"")",https://cs2tokens.com/iem-cologne-2026/items/sticker-xertion-foil-cologne-2026,sticker-xertion-foil-cologne-2026,ok,,https://cs2tokens.com/iem-cologne-2026/items/sticker-xertion-foil-cologne-2026/q-data.json,Sticker | xertioN (Foil) | Cologne 2026,https://steamcommunity.com/market/listings/730/Sticker%20%7C%20xertioN%20%28Foil%29%20%7C%20Cologne%202026,1209,10691,5316,12,iem-cologne-2026,campaign_12,sticker,Autograph,xertioN,MOUZ,rarity_mythical
2026-06-04 00:38:18,20260604_003818,https://cs2tokens.com/browse?sort=price-asc&finish=Foil,Foil,2aafa14ed786,Sticker | phzy (Foil) | Cologne 2026,phzy,Cologne 2026,Player,Foil,Astralis,Remarkable,#8847ff,23,0.23,59,161,0.3625,https://community.akamai.steamstatic.com/economy/image/i0CoZ81Ui0m-9KwlBY1L_18myuGuq1wfhWSaZgMttyVfPaERSR0Wqmu7LAocGJai0ki7VeTHjMmuOXSQ61MnpNWipUruRiLhloz5wiRU5v7gOfE6d6fKXz6Wl74g6Lk6GHiwkBwm5GzVn9msJCqXOwUlDJclFrQI5g74zIMD6TtjbQ,"=IMAGE(""https://community.akamai.steamstatic.com/economy/image/i0CoZ81Ui0m-9KwlBY1L_18myuGuq1wfhWSaZgMttyVfPaERSR0Wqmu7LAocGJai0ki7VeTHjMmuOXSQ61MnpNWipUruRiLhloz5wiRU5v7gOfE6d6fKXz6Wl74g6Lk6GHiwkBwm5GzVn9msJCqXOwUlDJclFrQI5g74zIMD6TtjbQ"")",https://cs2tokens.com/iem-cologne-2026/items/sticker-phzy-foil-cologne-2026,sticker-phzy-foil-cologne-2026,ok,,https://cs2tokens.com/iem-cologne-2026/items/sticker-phzy-foil-cologne-2026/q-data.json,Sticker | phzy (Foil) | Cologne 2026,https://steamcommunity.com/market/listings/730/Sticker%20%7C%20phzy%20%28Foil%29%20%7C%20Cologne%202026,1209,10739,5316,12,iem-cologne-2026,campaign_12,sticker,Autograph,phzy,Astralis,rarity_mythical
2026-06-04 00:38:18,20260604_003818,https://cs2tokens.com/browse?sort=price-asc&finish=Foil,Foil,d0a584485057,Sticker | saadzin (Foil) | Cologne 2026,saadzin,Cologne 2026,Player,Foil,Legacy,Remarkable,#8847ff,23,0.23,60,161,0.3688,https://raw.githubusercontent.com/ByMykel/counter-strike-image-tracker/main/static/panorama/images/econ/stickers/cologne2026/sig_saadzin_foil_png.png,"=IMAGE(""https://raw.githubusercontent.com/ByMykel/counter-strike-image-tracker/main/static/panorama/images/econ/stickers/cologne2026/sig_saadzin_foil_png.png"")",https://cs2tokens.com/iem-cologne-2026/items/sticker-saadzin-foil-cologne-2026,sticker-saadzin-foil-cologne-2026,ok,,https://cs2tokens.com/iem-cologne-2026/items/sticker-saadzin-foil-cologne-2026/q-data.json,Sticker | saadzin (Foil) | Cologne 2026,https://steamcommunity.com/market/listings/730/Sticker%20%7C%20saadzin%20%28Foil%29%20%7C%20Cologne%202026,1209,10787,5316,12,iem-cologne-2026,campaign_12,sticker,Autograph,saadzin,Legacy,rarity_mythical
2026-06-04 00:38:18,20260604_003818,https://cs2tokens.com/browse?sort=price-asc&finish=Foil,Foil,3653c86274e8,Sticker | oSee (Foil) | Cologne 2026,oSee,Cologne 2026,Player,Foil,NRG,Remarkable,#8847ff,23,0.23,61,161,0.375,https://community.akamai.steamstatic.com/economy/image/i0CoZ81Ui0m-9KwlBY1L_18myuGuq1wfhWSaZgMttyVfPaERSR0Wqmu7LAocGJai0ki7VeTHjMmuOXSQ61MnpNWipUruRiL-jZPlwiRU5v7gOKJod6jGDDbGxLYnsbU9TSjqkE9wtT7TmYqhJX_EPQUnWZR5QOIMtg74zIPunwIqqw,"=IMAGE(""https://community.akamai.steamstatic.com/economy/image/i0CoZ81Ui0m-9KwlBY1L_18myuGuq1wfhWSaZgMttyVfPaERSR0Wqmu7LAocGJai0ki7VeTHjMmuOXSQ61MnpNWipUruRiL-jZPlwiRU5v7gOKJod6jGDDbGxLYnsbU9TSjqkE9wtT7TmYqhJX_EPQUnWZR5QOIMtg74zIPunwIqqw"")",https://cs2tokens.com/iem-cologne-2026/items/sticker-osee-foil-cologne-2026,sticker-osee-foil-cologne-2026,ok,,https://cs2tokens.com/iem-cologne-2026/items/sticker-osee-foil-cologne-2026/q-data.json,Sticker | oSee (Foil) | Cologne 2026,https://steamcommunity.com/market/listings/730/Sticker%20%7C%20oSee%20%28Foil%29%20%7C%20Cologne%202026,1209,11023,5316,12,iem-cologne-2026,campaign_12,sticker,Autograph,oSee,NRG,rarity_mythical
2026-06-04 00:38:18,20260604_003818,https://cs2tokens.com/browse?sort=price-asc&finish=Foil,Foil,0734b790cf65,Sticker | rdnzao (Foil) | Cologne 2026,rdnzao,Cologne 2026,Player,Foil,Sharks Esports,Remarkable,#8847ff,23,0.23,62,161,0.3812,https://community.akamai.steamstatic.com/economy/image/i0CoZ81Ui0m-9KwlBY1L_18myuGuq1wfhWSaZgMttyVfPaERSR0Wqmu7LAocGJai0ki7VeTHjMmuOXSQ61MnpNWipUruRiLjmpj6_C1k6f2nZOppIvTBVzPDmLlytrIxHy_ilktxt2iAmdj6cimWZgFyW8F1ReMOsUG_jJS5YBLnlcg8,"=IMAGE(""https://community.akamai.steamstatic.com/economy/image/i0CoZ81Ui0m-9KwlBY1L_18myuGuq1wfhWSaZgMttyVfPaERSR0Wqmu7LAocGJai0ki7VeTHjMmuOXSQ61MnpNWipUruRiLjmpj6_C1k6f2nZOppIvTBVzPDmLlytrIxHy_ilktxt2iAmdj6cimWZgFyW8F1ReMOsUG_jJS5YBLnlcg8"")",https://cs2tokens.com/iem-cologne-2026/items/sticker-rdnzao-foil-cologne-2026,sticker-rdnzao-foil-cologne-2026,ok,,https://cs2tokens.com/iem-cologne-2026/items/sticker-rdnzao-foil-cologne-2026/q-data.json,Sticker | rdnzao (Foil) | Cologne 2026,https://steamcommunity.com/market/listings/730/Sticker%20%7C%20rdnzao%20%28Foil%29%20%7C%20Cologne%202026,1209,11067,5316,12,iem-cologne-2026,campaign_12,sticker,Autograph,rdnzao,Sharks Esports,rarity_mythical
2026-06-04 00:38:18,20260604_003818,https://cs2tokens.com/browse?sort=price-asc&finish=Foil,Foil,d6bc3dfaa79c,Sticker | ryu (Foil) | Cologne 2026,ryu,Cologne 2026,Player,Foil,Astralis,Remarkable,#8847ff,24,0.24,63,161,0.3875,https://raw.githubusercontent.com/ByMykel/counter-strike-image-tracker/main/static/panorama/images/econ/stickers/cologne2026/sig_ryu_foil_png.png,"=IMAGE(""https://raw.githubusercontent.com/ByMykel/counter-strike-image-tracker/main/static/panorama/images/econ/stickers/cologne2026/sig_ryu_foil_png.png"")",https://cs2tokens.com/iem-cologne-2026/items/sticker-ryu-foil-cologne-2026,sticker-ryu-foil-cologne-2026,ok,,https://cs2tokens.com/iem-cologne-2026/items/sticker-ryu-foil-cologne-2026/q-data.json,Sticker | ryu (Foil) | Cologne 2026,https://steamcommunity.com/market/listings/730/Sticker%20%7C%20ryu%20%28Foil%29%20%7C%20Cologne%202026,1209,10743,5316,12,iem-cologne-2026,campaign_12,sticker,Autograph,ryu,Astralis,rarity_mythical
2026-06-04 00:38:18,20260604_003818,https://cs2tokens.com/browse?sort=price-asc&finish=Foil,Foil,12a91e62030e,Sticker | ultimate (Foil) | Cologne 2026,ultimate,Cologne 2026,Player,Foil,Team Liquid,Remarkable,#8847ff,24,0.24,64,161,0.3937,https://community.akamai.steamstatic.com/economy/image/i0CoZ81Ui0m-9KwlBY1L_18myuGuq1wfhWSaZgMttyVfPaERSR0Wqmu7LAocGJai0ki7VeTHjMmuOXSQ61MnpNWipUruRiLkkoLp8CNP6s2oZ61hbqbFXTeSxeogsbFoFyixwU1w5GTXz4z9eH6XbQUiCJF2QLEIshe8k4X5d7S13spqgcY,"=IMAGE(""https://community.akamai.steamstatic.com/economy/image/i0CoZ81Ui0m-9KwlBY1L_18myuGuq1wfhWSaZgMttyVfPaERSR0Wqmu7LAocGJai0ki7VeTHjMmuOXSQ61MnpNWipUruRiLkkoLp8CNP6s2oZ61hbqbFXTeSxeogsbFoFyixwU1w5GTXz4z9eH6XbQUiCJF2QLEIshe8k4X5d7S13spqgcY"")",https://cs2tokens.com/iem-cologne-2026/items/sticker-ultimate-foil-cologne-2026,sticker-ultimate-foil-cologne-2026,ok,,https://cs2tokens.com/iem-cologne-2026/items/sticker-ultimate-foil-cologne-2026/q-data.json,Sticker | ultimate (Foil) | Cologne 2026,https://steamcommunity.com/market/listings/730/Sticker%20%7C%20ultimate%20%28Foil%29%20%7C%20Cologne%202026,1209,11099,5316,12,iem-cologne-2026,campaign_12,sticker,Autograph,ultimate,Team Liquid,rarity_mythical
2026-06-04 00:38:18,20260604_003818,https://cs2tokens.com/browse?sort=price-asc&finish=Foil,Foil,0e149116e4c8,Sticker | siuhy (Foil) | Cologne 2026,siuhy,Cologne 2026,Player,Foil,Team Liquid,Remarkable,#8847ff,24,0.24,65,161,0.4,https://community.akamai.steamstatic.com/economy/image/i0CoZ81Ui0m-9KwlBY1L_18myuGuq1wfhWSaZgMttyVfPaERSR0Wqmu7LAocGJai0ki7VeTHjMmuOXSQ61MnpNWipUruRiLil4Po5B1d4PuiJvc1cKKVC2bIxL8mtuUwH3rrxh53sWTWmNz7JHvDbwNyX5VzEeQMsBem0oqw47uluvA,"=IMAGE(""https://community.akamai.steamstatic.com/economy/image/i0CoZ81Ui0m-9KwlBY1L_18myuGuq1wfhWSaZgMttyVfPaERSR0Wqmu7LAocGJai0ki7VeTHjMmuOXSQ61MnpNWipUruRiLil4Po5B1d4PuiJvc1cKKVC2bIxL8mtuUwH3rrxh53sWTWmNz7JHvDbwNyX5VzEeQMsBem0oqw47uluvA"")",https://cs2tokens.com/iem-cologne-2026/items/sticker-siuhy-foil-cologne-2026,sticker-siuhy-foil-cologne-2026,ok,,https://cs2tokens.com/iem-cologne-2026/items/sticker-siuhy-foil-cologne-2026/q-data.json,Sticker | siuhy (Foil) | Cologne 2026,https://steamcommunity.com/market/listings/730/Sticker%20%7C%20siuhy%20%28Foil%29%20%7C%20Cologne%202026,1209,11107,5316,12,iem-cologne-2026,campaign_12,sticker,Autograph,siuhy,Team Liquid,rarity_mythical
2026-06-04 00:38:18,20260604_003818,https://cs2tokens.com/browse?sort=price-asc&finish=Foil,Foil,912a1595ba42,Sticker | Jimpphat (Foil) | Cologne 2026,Jimpphat,Cologne 2026,Player,Foil,MOUZ,Remarkable,#8847ff,25,0.25,66,161,0.4062,https://community.akamai.steamstatic.com/economy/image/i0CoZ81Ui0m-9KwlBY1L_18myuGuq1wfhWSaZgMttyVfPaERSR0Wqmu7LAocGJai0ki7VeTHjMmuOXSQ61MnpNWipUruRiL7l5vw7Spa-82oZ61hbqHDXGKWlr505rM5TH3jxkVx62Xcn9iheXuebgUmW5B1RuZZ4ETswIH5d7S1WMJ_cRA,"=IMAGE(""https://community.akamai.steamstatic.com/economy/image/i0CoZ81Ui0m-9KwlBY1L_18myuGuq1wfhWSaZgMttyVfPaERSR0Wqmu7LAocGJai0ki7VeTHjMmuOXSQ61MnpNWipUruRiL7l5vw7Spa-82oZ61hbqHDXGKWlr505rM5TH3jxkVx62Xcn9iheXuebgUmW5B1RuZZ4ETswIH5d7S1WMJ_cRA"")",https://cs2tokens.com/iem-cologne-2026/items/sticker-jimpphat-foil-cologne-2026,sticker-jimpphat-foil-cologne-2026,ok,,https://cs2tokens.com/iem-cologne-2026/items/sticker-jimpphat-foil-cologne-2026/q-data.json,Sticker | Jimpphat (Foil) | Cologne 2026,https://steamcommunity.com/market/listings/730/Sticker%20%7C%20Jimpphat%20%28Foil%29%20%7C%20Cologne%202026,1209,10675,5316,12,iem-cologne-2026,campaign_12,sticker,Autograph,Jimpphat,MOUZ,rarity_mythical
2026-06-04 00:38:18,20260604_003818,https://cs2tokens.com/browse?sort=price-asc&finish=Foil,Foil,625e15932ee0,Sticker | Brollan (Foil) | Cologne 2026,Brollan,Cologne 2026,Player,Foil,MOUZ,Remarkable,#8847ff,25,0.25,67,161,0.4125,https://community.akamai.steamstatic.com/economy/image/i0CoZ81Ui0m-9KwlBY1L_18myuGuq1wfhWSaZgMttyVfPaERSR0Wqmu7LAocGJai0ki7VeTHjMmuOXSQ61MnpNWipUruRiLzjJns8SNV0PShYagjc6LBWzfHlegltLk_HCiyw08mtTiGzNv8dHifOAYnC5oiRrVZtES_w8qnab1-UwtM3A,"=IMAGE(""https://community.akamai.steamstatic.com/economy/image/i0CoZ81Ui0m-9KwlBY1L_18myuGuq1wfhWSaZgMttyVfPaERSR0Wqmu7LAocGJai0ki7VeTHjMmuOXSQ61MnpNWipUruRiLzjJns8SNV0PShYagjc6LBWzfHlegltLk_HCiyw08mtTiGzNv8dHifOAYnC5oiRrVZtES_w8qnab1-UwtM3A"")",https://cs2tokens.com/iem-cologne-2026/items/sticker-brollan-foil-cologne-2026,sticker-brollan-foil-cologne-2026,ok,,https://cs2tokens.com/iem-cologne-2026/items/sticker-brollan-foil-cologne-2026/q-data.json,Sticker | Brollan (Foil) | Cologne 2026,https://steamcommunity.com/market/listings/730/Sticker%20%7C%20Brollan%20%28Foil%29%20%7C%20Cologne%202026,1209,10679,5316,12,iem-cologne-2026,campaign_12,sticker,Autograph,Brollan,MOUZ,rarity_mythical
2026-06-04 00:38:18,20260604_003818,https://cs2tokens.com/browse?sort=price-asc&finish=Foil,Foil,13489c707eeb,Sticker | dem0n (Foil) | Cologne 2026,dem0n,Cologne 2026,Player,Foil,,Remarkable,#8847ff,25,0.25,68,161,0.4188,https://community.akamai.steamstatic.com/economy/image/i0CoZ81Ui0m-9KwlBY1L_18myuGuq1wfhWSaZgMttyVfPaERSR0Wqmu7LAocGJai0ki7VeTHjMmuOXSQ61MnpNWipUruRiL1m5uw8x1d4PuiJqY-eaTDWGHFw7Yh6LE_Hy3jxU104m3SztirJ32RPQRyXpsjQu4Nu0am0oqw59fm3w0,"=IMAGE(""https://community.akamai.steamstatic.com/economy/image/i0CoZ81Ui0m-9KwlBY1L_18myuGuq1wfhWSaZgMttyVfPaERSR0Wqmu7LAocGJai0ki7VeTHjMmuOXSQ61MnpNWipUruRiL1m5uw8x1d4PuiJqY-eaTDWGHFw7Yh6LE_Hy3jxU104m3SztirJ32RPQRyXpsjQu4Nu0am0oqw59fm3w0"")",https://cs2tokens.com/iem-cologne-2026/items/sticker-dem0n-foil-cologne-2026,sticker-dem0n-foil-cologne-2026,ok,,https://cs2tokens.com/iem-cologne-2026/items/sticker-dem0n-foil-cologne-2026/q-data.json,Sticker | dem0n (Foil) | Cologne 2026,https://steamcommunity.com/market/listings/730/Sticker%20%7C%20dem0n%20%28Foil%29%20%7C%20Cologne%202026,1209,10695,5316,12,iem-cologne-2026,campaign_12,sticker,Autograph,dem0n,,rarity_mythical
2026-06-04 00:38:18,20260604_003818,https://cs2tokens.com/browse?sort=price-asc&finish=Foil,Foil,7a39d8f52ea5,Sticker | max (Foil) | Cologne 2026,max,Cologne 2026,Player,Foil,9z Team,Remarkable,#8847ff,25,0.25,69,161,0.425,https://community.akamai.steamstatic.com/economy/image/i0CoZ81Ui0m-9KwlBY1L_18myuGuq1wfhWSaZgMttyVfPaERSR0Wqmu7LAocGJai0ki7VeTHjMmuOXSQ61MnpNWipUruRiL8n47f-y1S47yva6JudvXBDGPFxL4v6LQwS3zgwxgi5zvXztf4I33CaA9yWMcmQrFerFDmxVGCI_te,"=IMAGE(""https://community.akamai.steamstatic.com/economy/image/i0CoZ81Ui0m-9KwlBY1L_18myuGuq1wfhWSaZgMttyVfPaERSR0Wqmu7LAocGJai0ki7VeTHjMmuOXSQ61MnpNWipUruRiL8n47f-y1S47yva6JudvXBDGPFxL4v6LQwS3zgwxgi5zvXztf4I33CaA9yWMcmQrFerFDmxVGCI_te"")",https://cs2tokens.com/iem-cologne-2026/items/sticker-max-foil-cologne-2026,sticker-max-foil-cologne-2026,ok,,https://cs2tokens.com/iem-cologne-2026/items/sticker-max-foil-cologne-2026/q-data.json,Sticker | max (Foil) | Cologne 2026,https://steamcommunity.com/market/listings/730/Sticker%20%7C%20max%20%28Foil%29%20%7C%20Cologne%202026,1209,10835,5316,12,iem-cologne-2026,campaign_12,sticker,Autograph,max,9z Team,rarity_mythical
2026-06-04 00:38:18,20260604_003818,https://cs2tokens.com/browse?sort=price-asc&finish=Foil,Foil,142f4541fe9a,Sticker | PR (Foil) | Cologne 2026,PR,Cologne 2026,Player,Foil,GamerLegion,Remarkable,#8847ff,25,0.25,70,161,0.4313,https://community.akamai.steamstatic.com/economy/image/i0CoZ81Ui0m-9KwlBY1L_18myuGuq1wfhWSaZgMttyVfPaERSR0Wqmu7LAocGJai0ki7VeTHjMmuOXSQ61MnpNWipUruRiLhjKnm8itXoaKoPvVvJaiWXT6Wlugi47U_F3rhlhhysDiGyov7cHyUZgUjXsdwRLIU8k7vAoLaA8k,"=IMAGE(""https://community.akamai.steamstatic.com/economy/image/i0CoZ81Ui0m-9KwlBY1L_18myuGuq1wfhWSaZgMttyVfPaERSR0Wqmu7LAocGJai0ki7VeTHjMmuOXSQ61MnpNWipUruRiLhjKnm8itXoaKoPvVvJaiWXT6Wlugi47U_F3rhlhhysDiGyov7cHyUZgUjXsdwRLIU8k7vAoLaA8k"")",https://cs2tokens.com/iem-cologne-2026/items/sticker-pr-foil-cologne-2026,sticker-pr-foil-cologne-2026,ok,,https://cs2tokens.com/iem-cologne-2026/items/sticker-pr-foil-cologne-2026/q-data.json,Sticker | PR (Foil) | Cologne 2026,https://steamcommunity.com/market/listings/730/Sticker%20%7C%20PR%20%28Foil%29%20%7C%20Cologne%202026,1209,10867,5316,12,iem-cologne-2026,campaign_12,sticker,Autograph,PR,GamerLegion,rarity_mythical
2026-06-04 00:38:18,20260604_003818,https://cs2tokens.com/browse?sort=price-asc&finish=Foil,Foil,402cd28baffd,Sticker | MoDo (Foil) | Cologne 2026,MoDo,Cologne 2026,Player,Foil,,Remarkable,#8847ff,25,0.25,71,161,0.4375,https://community.akamai.steamstatic.com/economy/image/i0CoZ81Ui0m-9KwlBY1L_18myuGuq1wfhWSaZgMttyVfPaERSR0Wqmu7LAocGJai0ki7VeTHjMmuOXSQ61MnpNWipUruRiL8kZLvwiRU5v7gPaBoI6WVXTHHwu8h5rY4HHHrzUUjtjjWzoyvcniTaw4kWJR2RbMJ5g74zIOZEHckNQ,"=IMAGE(""https://community.akamai.steamstatic.com/economy/image/i0CoZ81Ui0m-9KwlBY1L_18myuGuq1wfhWSaZgMttyVfPaERSR0Wqmu7LAocGJai0ki7VeTHjMmuOXSQ61MnpNWipUruRiL8kZLvwiRU5v7gPaBoI6WVXTHHwu8h5rY4HHHrzUUjtjjWzoyvcniTaw4kWJR2RbMJ5g74zIOZEHckNQ"")",https://cs2tokens.com/iem-cologne-2026/items/sticker-modo-foil-cologne-2026,sticker-modo-foil-cologne-2026,ok,,https://cs2tokens.com/iem-cologne-2026/items/sticker-modo-foil-cologne-2026/q-data.json,Sticker | MoDo (Foil) | Cologne 2026,https://steamcommunity.com/market/listings/730/Sticker%20%7C%20MoDo%20%28Foil%29%20%7C%20Cologne%202026,1209,11003,5316,12,iem-cologne-2026,campaign_12,sticker,Autograph,MoDo,,rarity_mythical
2026-06-04 00:38:18,20260604_003818,https://cs2tokens.com/browse?sort=price-asc&finish=Foil,Foil,577e4d3ce1e2,Sticker | kisserek (Foil) | Cologne 2026,kisserek,Cologne 2026,Player,Foil,,Remarkable,#8847ff,25,0.25,72,161,0.4437,https://community.akamai.steamstatic.com/economy/image/i0CoZ81Ui0m-9KwlBY1L_18myuGuq1wfhWSaZgMttyVfPaERSR0Wqmu7LAocGJai0ki7VeTHjMmuOXSQ61MnpNWipUruRiL6l4Xz-DBe5M2oZ61hbvOWW2OUx-wk6LA9Hn_kxUwk4T-Az9mhcH6fbVQkDZAhEOVes0HsxNz5d7S1FL-vcPM,"=IMAGE(""https://community.akamai.steamstatic.com/economy/image/i0CoZ81Ui0m-9KwlBY1L_18myuGuq1wfhWSaZgMttyVfPaERSR0Wqmu7LAocGJai0ki7VeTHjMmuOXSQ61MnpNWipUruRiL6l4Xz-DBe5M2oZ61hbvOWW2OUx-wk6LA9Hn_kxUwk4T-Az9mhcH6fbVQkDZAhEOVes0HsxNz5d7S1FL-vcPM"")",https://cs2tokens.com/iem-cologne-2026/items/sticker-kisserek-foil-cologne-2026,sticker-kisserek-foil-cologne-2026,ok,,https://cs2tokens.com/iem-cologne-2026/items/sticker-kisserek-foil-cologne-2026/q-data.json,Sticker | kisserek (Foil) | Cologne 2026,https://steamcommunity.com/market/listings/730/Sticker%20%7C%20kisserek%20%28Foil%29%20%7C%20Cologne%202026,1209,11007,5316,12,iem-cologne-2026,campaign_12,sticker,Autograph,kisserek,,rarity_mythical
2026-06-04 00:38:18,20260604_003818,https://cs2tokens.com/browse?sort=price-asc&finish=Foil,Foil,76dc80e057ca,Sticker | nitr0 (Foil) | Cologne 2026,nitr0,Cologne 2026,Player,Foil,NRG,Remarkable,#8847ff,25,0.25,73,161,0.45,https://community.akamai.steamstatic.com/economy/image/i0CoZ81Ui0m-9KwlBY1L_18myuGuq1wfhWSaZgMttyVfPaERSR0Wqmu7LAocGJai0ki7VeTHjMmuOXSQ61MnpNWipUruRiL_l4Ly8h1d4PuiJqI0dPXDWWPFl-sh5uc7Giu3wB4k4zjWn9yvJy6RalAgWZQjQe5bskKm0oqwTcSdj9w,"=IMAGE(""https://community.akamai.steamstatic.com/economy/image/i0CoZ81Ui0m-9KwlBY1L_18myuGuq1wfhWSaZgMttyVfPaERSR0Wqmu7LAocGJai0ki7VeTHjMmuOXSQ61MnpNWipUruRiL_l4Ly8h1d4PuiJqI0dPXDWWPFl-sh5uc7Giu3wB4k4zjWn9yvJy6RalAgWZQjQe5bskKm0oqwTcSdj9w"")",https://cs2tokens.com/iem-cologne-2026/items/sticker-nitr0-foil-cologne-2026,sticker-nitr0-foil-cologne-2026,ok,,https://cs2tokens.com/iem-cologne-2026/items/sticker-nitr0-foil-cologne-2026/q-data.json,Sticker | nitr0 (Foil) | Cologne 2026,https://steamcommunity.com/market/listings/730/Sticker%20%7C%20nitr0%20%28Foil%29%20%7C%20Cologne%202026,1209,11031,5316,12,iem-cologne-2026,campaign_12,sticker,Autograph,nitr0,NRG,rarity_mythical
2026-06-04 00:38:18,20260604_003818,https://cs2tokens.com/browse?sort=price-asc&finish=Foil,Foil,bfb58325ecc9,Sticker | malbsMd (Foil) | Cologne 2026,malbsMd,Cologne 2026,Player,Foil,Team Liquid,Remarkable,#8847ff,25,0.25,74,161,0.4562,https://community.akamai.steamstatic.com/economy/image/i0CoZ81Ui0m-9KwlBY1L_18myuGuq1wfhWSaZgMttyVfPaERSR0Wqmu7LAocGJai0ki7VeTHjMmuOXSQ61MnpNWipUruRiL8n5ri7i9f0PShYagjeaGVC2aTx7gm5OdsGnHkl05-t2SAm9b7cCnCalQmDMcmQedZtRG5w8qnab3WM6DIxQ,"=IMAGE(""https://community.akamai.steamstatic.com/economy/image/i0CoZ81Ui0m-9KwlBY1L_18myuGuq1wfhWSaZgMttyVfPaERSR0Wqmu7LAocGJai0ki7VeTHjMmuOXSQ61MnpNWipUruRiL8n5ri7i9f0PShYagjeaGVC2aTx7gm5OdsGnHkl05-t2SAm9b7cCnCalQmDMcmQedZtRG5w8qnab3WM6DIxQ"")",https://cs2tokens.com/iem-cologne-2026/items/sticker-malbsmd-foil-cologne-2026,sticker-malbsmd-foil-cologne-2026,ok,,https://cs2tokens.com/iem-cologne-2026/items/sticker-malbsmd-foil-cologne-2026/q-data.json,Sticker | malbsMd (Foil) | Cologne 2026,https://steamcommunity.com/market/listings/730/Sticker%20%7C%20malbsMd%20%28Foil%29%20%7C%20Cologne%202026,1209,11103,5316,12,iem-cologne-2026,campaign_12,sticker,Autograph,malbsMd,Team Liquid,rarity_mythical
2026-06-04 00:38:18,20260604_003818,https://cs2tokens.com/browse?sort=price-asc&finish=Foil,Foil,7a66a96ebbfd,Sticker | vexite (Foil) | Cologne 2026,vexite,Cologne 2026,Player,Foil,Flyquest,Remarkable,#8847ff,25,0.25,75,161,0.4625,https://community.akamai.steamstatic.com/economy/image/i0CoZ81Ui0m-9KwlBY1L_18myuGuq1wfhWSaZgMttyVfPaERSR0Wqmu7LAocGJai0ki7VeTHjMmuOXSQ61MnpNWipUruRiLnm47p6Sdk6f2nZOo6cqDKXmWRkux16eM-HXi2xk0k42rcnNf9IH3DZgUnX8ciQ-UMuxnrjJS5YGgJ1JAZ,"=IMAGE(""https://community.akamai.steamstatic.com/economy/image/i0CoZ81Ui0m-9KwlBY1L_18myuGuq1wfhWSaZgMttyVfPaERSR0Wqmu7LAocGJai0ki7VeTHjMmuOXSQ61MnpNWipUruRiLnm47p6Sdk6f2nZOo6cqDKXmWRkux16eM-HXi2xk0k42rcnNf9IH3DZgUnX8ciQ-UMuxnrjJS5YGgJ1JAZ"")",https://cs2tokens.com/iem-cologne-2026/items/sticker-vexite-foil-cologne-2026,sticker-vexite-foil-cologne-2026,ok,,https://cs2tokens.com/iem-cologne-2026/items/sticker-vexite-foil-cologne-2026/q-data.json,Sticker | vexite (Foil) | Cologne 2026,https://steamcommunity.com/market/listings/730/Sticker%20%7C%20vexite%20%28Foil%29%20%7C%20Cologne%202026,1209,11163,5316,12,iem-cologne-2026,campaign_12,sticker,Autograph,vexite,Flyquest,rarity_mythical
2026-06-04 00:38:18,20260604_003818,https://cs2tokens.com/browse?sort=price-asc&finish=Foil,Foil,9fb77649469d,Sticker | bLitz (Foil) | Cologne 2026,bLitz,Cologne 2026,Player,Foil,The MongolZ,Remarkable,#8847ff,26,0.26,76,161,0.4688,https://raw.githubusercontent.com/ByMykel/counter-strike-image-tracker/main/static/panorama/images/econ/stickers/cologne2026/sig_blitz_foil_png.png,"=IMAGE(""https://raw.githubusercontent.com/ByMykel/counter-strike-image-tracker/main/static/panorama/images/econ/stickers/cologne2026/sig_blitz_foil_png.png"")",https://cs2tokens.com/iem-cologne-2026/items/sticker-blitz-foil-cologne-2026,sticker-blitz-foil-cologne-2026,ok,,https://cs2tokens.com/iem-cologne-2026/items/sticker-blitz-foil-cologne-2026/q-data.json,Sticker | bLitz (Foil) | Cologne 2026,https://steamcommunity.com/market/listings/730/Sticker%20%7C%20bLitz%20%28Foil%29%20%7C%20Cologne%202026,1209,10595,5316,12,iem-cologne-2026,campaign_12,sticker,Autograph,bLitz,The MongolZ,rarity_mythical
2026-06-04 00:38:18,20260604_003818,https://cs2tokens.com/browse?sort=price-asc&finish=Foil,Foil,23812acce07e,Sticker | cobra (Foil) | Cologne 2026,cobra,Cologne 2026,Player,Foil,The MongolZ,Remarkable,#8847ff,26,0.26,77,161,0.475,https://community.akamai.steamstatic.com/economy/image/i0CoZ81Ui0m-9KwlBY1L_18myuGuq1wfhWSaZgMttyVfPaERSR0Wqmu7LAocGJai0ki7VeTHjMmuOXSQ61MnpNWipUruRiLykZTy_B1d4PuiJv1vdKbEV2aRx-wmsbNtGyjizUslsWWGno6vdCrBbgV0CJNxE-YIsBCm0oqwKlEbSQs,"=IMAGE(""https://community.akamai.steamstatic.com/economy/image/i0CoZ81Ui0m-9KwlBY1L_18myuGuq1wfhWSaZgMttyVfPaERSR0Wqmu7LAocGJai0ki7VeTHjMmuOXSQ61MnpNWipUruRiLykZTy_B1d4PuiJv1vdKbEV2aRx-wmsbNtGyjizUslsWWGno6vdCrBbgV0CJNxE-YIsBCm0oqwKlEbSQs"")",https://cs2tokens.com/iem-cologne-2026/items/sticker-cobra-foil-cologne-2026,sticker-cobra-foil-cologne-2026,ok,,https://cs2tokens.com/iem-cologne-2026/items/sticker-cobra-foil-cologne-2026/q-data.json,Sticker | cobra (Foil) | Cologne 2026,https://steamcommunity.com/market/listings/730/Sticker%20%7C%20cobra%20%28Foil%29%20%7C%20Cologne%202026,1209,10603,5316,12,iem-cologne-2026,campaign_12,sticker,Autograph,cobra,The MongolZ,rarity_mythical
2026-06-04 00:38:18,20260604_003818,https://cs2tokens.com/browse?sort=price-asc&finish=Foil,Foil,ae915ce932d8,Sticker | Spinx (Foil) | Cologne 2026,Spinx,Cologne 2026,Player,Foil,MOUZ,Remarkable,#8847ff,26,0.26,78,161,0.4813,https://community.akamai.steamstatic.com/economy/image/i0CoZ81Ui0m-9KwlBY1L_18myuGuq1wfhWSaZgMttyVfPaERSR0Wqmu7LAocGJai0ki7VeTHjMmuOXSQ61MnpNWipUruRiLijp_u5R1d4PuiJvc4dKmSWWXGk7tysbQ9TH61whl3tziBydateHjDPQ8oCZd2RbVZskWm0oqwQyYpJJk,"=IMAGE(""https://community.akamai.steamstatic.com/economy/image/i0CoZ81Ui0m-9KwlBY1L_18myuGuq1wfhWSaZgMttyVfPaERSR0Wqmu7LAocGJai0ki7VeTHjMmuOXSQ61MnpNWipUruRiLijp_u5R1d4PuiJvc4dKmSWWXGk7tysbQ9TH61whl3tziBydateHjDPQ8oCZd2RbVZskWm0oqwQyYpJJk"")",https://cs2tokens.com/iem-cologne-2026/items/sticker-spinx-foil-cologne-2026,sticker-spinx-foil-cologne-2026,ok,,https://cs2tokens.com/iem-cologne-2026/items/sticker-spinx-foil-cologne-2026/q-data.json,Sticker | Spinx (Foil) | Cologne 2026,https://steamcommunity.com/market/listings/730/Sticker%20%7C%20Spinx%20%28Foil%29%20%7C%20Cologne%202026,1209,10683,5316,12,iem-cologne-2026,campaign_12,sticker,Autograph,Spinx,MOUZ,rarity_mythical
2026-06-04 00:38:18,20260604_003818,https://cs2tokens.com/browse?sort=price-asc&finish=Foil,Foil,5ec2ad5fd8d6,Sticker | tabseN (Foil) | Cologne 2026,tabseN,Cologne 2026,Player,Foil,BIG,Remarkable,#8847ff,26,0.26,79,161,0.4875,https://community.akamai.steamstatic.com/economy/image/i0CoZ81Ui0m-9KwlBY1L_18myuGuq1wfhWSaZgMttyVfPaERSR0Wqmu7LAocGJai0ki7VeTHjMmuOXSQ61MnpNWipUruRiLln5Tz-Cxk6f2nZOo7daCVDDGWxOtz4rVvGC-wlE5y627dmNyvcX_DZ1UmDZV0Tede4UW5jJS5YLMciT0a,"=IMAGE(""https://community.akamai.steamstatic.com/economy/image/i0CoZ81Ui0m-9KwlBY1L_18myuGuq1wfhWSaZgMttyVfPaERSR0Wqmu7LAocGJai0ki7VeTHjMmuOXSQ61MnpNWipUruRiLln5Tz-Cxk6f2nZOo7daCVDDGWxOtz4rVvGC-wlE5y627dmNyvcX_DZ1UmDZV0Tede4UW5jJS5YLMciT0a"")",https://cs2tokens.com/iem-cologne-2026/items/sticker-tabsen-foil-cologne-2026,sticker-tabsen-foil-cologne-2026,ok,,https://cs2tokens.com/iem-cologne-2026/items/sticker-tabsen-foil-cologne-2026/q-data.json,Sticker | tabseN (Foil) | Cologne 2026,https://steamcommunity.com/market/listings/730/Sticker%20%7C%20tabseN%20%28Foil%29%20%7C%20Cologne%202026,1209,10935,5316,12,iem-cologne-2026,campaign_12,sticker,Autograph,tabseN,BIG,rarity_mythical
2026-06-04 00:38:18,20260604_003818,https://cs2tokens.com/browse?sort=price-asc&finish=Foil,Foil,da3cc4bea6bd,Sticker | Grim (Foil) | Cologne 2026,Grim,Cologne 2026,Player,Foil,NRG,Remarkable,#8847ff,26,0.26,80,161,0.4938,https://community.akamai.steamstatic.com/economy/image/i0CoZ81Ui0m-9KwlBY1L_18myuGuq1wfhWSaZgMttyVfPaERSR0Wqmu7LAocGJai0ki7VeTHjMmuOXSQ61MnpNWipUruRiL2jJ_twiRU5v7gMPNrJqDCXGbCmL93src7G3zmwBtytjvRyIr4cHrGZw8gDcMhRrIMug74zIMHSpDZeA,"=IMAGE(""https://community.akamai.steamstatic.com/economy/image/i0CoZ81Ui0m-9KwlBY1L_18myuGuq1wfhWSaZgMttyVfPaERSR0Wqmu7LAocGJai0ki7VeTHjMmuOXSQ61MnpNWipUruRiL2jJ_twiRU5v7gMPNrJqDCXGbCmL93src7G3zmwBtytjvRyIr4cHrGZw8gDcMhRrIMug74zIMHSpDZeA"")",https://cs2tokens.com/iem-cologne-2026/items/sticker-grim-foil-cologne-2026,sticker-grim-foil-cologne-2026,ok,,https://cs2tokens.com/iem-cologne-2026/items/sticker-grim-foil-cologne-2026/q-data.json,Sticker | Grim (Foil) | Cologne 2026,https://steamcommunity.com/market/listings/730/Sticker%20%7C%20Grim%20%28Foil%29%20%7C%20Cologne%202026,1209,11015,5316,12,iem-cologne-2026,campaign_12,sticker,Autograph,Grim,NRG,rarity_mythical
2026-06-04 00:38:18,20260604_003818,https://cs2tokens.com/browse?sort=price-asc&finish=Foil,Foil,b3e8e11e4350,Sticker | HUASOPEEK (Foil) | Cologne 2026,HUASOPEEK,Cologne 2026,Player,Foil,9z Team,Remarkable,#8847ff,27,0.27,81,161,0.5,https://community.akamai.steamstatic.com/economy/image/i0CoZ81Ui0m-9KwlBY1L_18myuGuq1wfhWSaZgMttyVfPaERSR0Wqmu7LAocGJai0ki7VeTHjMmuOXSQ61MnpNWipUruRiL5i5fz8jJe6vmRbqtkLL6VXGLCwL105-cwGH3mwkgk4W7dyomtIi3Cb1JyCpMmEOQM5BC8kNTmKaq8sK4V18iP,"=IMAGE(""https://community.akamai.steamstatic.com/economy/image/i0CoZ81Ui0m-9KwlBY1L_18myuGuq1wfhWSaZgMttyVfPaERSR0Wqmu7LAocGJai0ki7VeTHjMmuOXSQ61MnpNWipUruRiL5i5fz8jJe6vmRbqtkLL6VXGLCwL105-cwGH3mwkgk4W7dyomtIi3Cb1JyCpMmEOQM5BC8kNTmKaq8sK4V18iP"")",https://cs2tokens.com/iem-cologne-2026/items/sticker-huasopeek-foil-cologne-2026,sticker-huasopeek-foil-cologne-2026,ok,,https://cs2tokens.com/iem-cologne-2026/items/sticker-huasopeek-foil-cologne-2026/q-data.json,Sticker | HUASOPEEK (Foil) | Cologne 2026,https://steamcommunity.com/market/listings/730/Sticker%20%7C%20HUASOPEEK%20%28Foil%29%20%7C%20Cologne%202026,1209,10851,5316,12,iem-cologne-2026,campaign_12,sticker,Autograph,HUASOPEEK,9z Team,rarity_mythical
2026-06-04 00:38:18,20260604_003818,https://cs2tokens.com/browse?sort=price-asc&finish=Foil,Foil,88a5feb99fd0,Sticker | westmelon (Foil) | Cologne 2026,westmelon,Cologne 2026,Player,Foil,Lynn Vision,Remarkable,#8847ff,27,0.27,82,161,0.5062,https://community.akamai.steamstatic.com/economy/image/i0CoZ81Ui0m-9KwlBY1L_18myuGuq1wfhWSaZgMttyVfPaERSR0Wqmu7LAocGJai0ki7VeTHjMmuOXSQ61MnpNWipUruRiLmm4X08CdX4PyRbqtkLL6QVmXCme1ws7A5HX-2lkgjt2jTmdb_dC2ROg8hDcF2QrFYthe7moayKaq8sMd2NtUV,"=IMAGE(""https://community.akamai.steamstatic.com/economy/image/i0CoZ81Ui0m-9KwlBY1L_18myuGuq1wfhWSaZgMttyVfPaERSR0Wqmu7LAocGJai0ki7VeTHjMmuOXSQ61MnpNWipUruRiLmm4X08CdX4PyRbqtkLL6QVmXCme1ws7A5HX-2lkgjt2jTmdb_dC2ROg8hDcF2QrFYthe7moayKaq8sMd2NtUV"")",https://cs2tokens.com/iem-cologne-2026/items/sticker-westmelon-foil-cologne-2026,sticker-westmelon-foil-cologne-2026,ok,,https://cs2tokens.com/iem-cologne-2026/items/sticker-westmelon-foil-cologne-2026/q-data.json,Sticker | westmelon (Foil) | Cologne 2026,https://steamcommunity.com/market/listings/730/Sticker%20%7C%20westmelon%20%28Foil%29%20%7C%20Cologne%202026,1209,11115,5316,12,iem-cologne-2026,campaign_12,sticker,Autograph,westmelon,Lynn Vision,rarity_mythical
2026-06-04 00:38:18,20260604_003818,https://cs2tokens.com/browse?sort=price-asc&finish=Foil,Foil,82f9070a0f58,Sticker | stressarN (Foil) | Cologne 2026,stressarN,Cologne 2026,Player,Foil,,Remarkable,#8847ff,28,0.28,83,161,0.5125,https://community.akamai.steamstatic.com/economy/image/i0CoZ81Ui0m-9KwlBY1L_18myuGuq1wfhWSaZgMttyVfPaERSR0Wqmu7LAocGJai0ki7VeTHjMmuOXSQ61MnpNWipUruRiLiioTl7jFa_fyRbqtkLL7FWGSWlOt1tbM4GCqwzU8hsWyBnN-ucCmXOAB1X8QhEbIMs0a5ktK1Kaq8sJaj3vNI,"=IMAGE(""https://community.akamai.steamstatic.com/economy/image/i0CoZ81Ui0m-9KwlBY1L_18myuGuq1wfhWSaZgMttyVfPaERSR0Wqmu7LAocGJai0ki7VeTHjMmuOXSQ61MnpNWipUruRiLiioTl7jFa_fyRbqtkLL7FWGSWlOt1tbM4GCqwzU8hsWyBnN-ucCmXOAB1X8QhEbIMs0a5ktK1Kaq8sJaj3vNI"")",https://cs2tokens.com/iem-cologne-2026/items/sticker-stressarn-foil-cologne-2026,sticker-stressarn-foil-cologne-2026,ok,,https://cs2tokens.com/iem-cologne-2026/items/sticker-stressarn-foil-cologne-2026/q-data.json,Sticker | stressarN (Foil) | Cologne 2026,https://steamcommunity.com/market/listings/730/Sticker%20%7C%20stressarN%20%28Foil%29%20%7C%20Cologne%202026,1209,11011,5316,12,iem-cologne-2026,campaign_12,sticker,Autograph,stressarN,,rarity_mythical
2026-06-04 00:38:18,20260604_003818,https://cs2tokens.com/browse?sort=price-asc&finish=Foil,Foil,0a82a4f731dd,Sticker | zorte (Foil) | Cologne 2026,zorte,Cologne 2026,Player,Foil,BetBoom,Remarkable,#8847ff,29,0.29,84,161,0.5188,https://community.akamai.steamstatic.com/economy/image/i0CoZ81Ui0m-9KwlBY1L_18myuGuq1wfhWSaZgMttyVfPaERSR0Wqmu7LAocGJai0ki7VeTHjMmuOXSQ61MnpNWipUruRiLrkYT0-B1d4PuiJvQ7eaKXVzOVlrZytLlsSXy3wkkk4jncz9mudX_FO1MnDcYlReVftkGm0oqwGQqkJGw,"=IMAGE(""https://community.akamai.steamstatic.com/economy/image/i0CoZ81Ui0m-9KwlBY1L_18myuGuq1wfhWSaZgMttyVfPaERSR0Wqmu7LAocGJai0ki7VeTHjMmuOXSQ61MnpNWipUruRiLrkYT0-B1d4PuiJvQ7eaKXVzOVlrZytLlsSXy3wkkk4jncz9mudX_FO1MnDcYlReVftkGm0oqwGQqkJGw"")",https://cs2tokens.com/iem-cologne-2026/items/sticker-zorte-foil-cologne-2026,sticker-zorte-foil-cologne-2026,ok,,https://cs2tokens.com/iem-cologne-2026/items/sticker-zorte-foil-cologne-2026/q-data.json,Sticker | zorte (Foil) | Cologne 2026,https://steamcommunity.com/market/listings/730/Sticker%20%7C%20zorte%20%28Foil%29%20%7C%20Cologne%202026,1209,10919,5316,12,iem-cologne-2026,campaign_12,sticker,Autograph,zorte,BetBoom,rarity_mythical
2026-06-04 00:38:18,20260604_003818,https://cs2tokens.com/browse?sort=price-asc&finish=Foil,Foil,2decf2c99c17,Sticker | beastik (Foil) | Cologne 2026,beastik,Cologne 2026,Player,Foil,,Remarkable,#8847ff,29,0.29,85,161,0.525,https://community.akamai.steamstatic.com/economy/image/i0CoZ81Ui0m-9KwlBY1L_18myuGuq1wfhWSaZgMttyVfPaERSR0Wqmu7LAocGJai0ki7VeTHjMmuOXSQ61MnpNWipUruRiLzm5fz6StQ0PShYagjc6LGVzbDk-x3tbRsGHjjwk8m4GXVntitcH3Dbg8oAptyRrIC50Htmsqnab3aXrfG0A,"=IMAGE(""https://community.akamai.steamstatic.com/economy/image/i0CoZ81Ui0m-9KwlBY1L_18myuGuq1wfhWSaZgMttyVfPaERSR0Wqmu7LAocGJai0ki7VeTHjMmuOXSQ61MnpNWipUruRiLzm5fz6StQ0PShYagjc6LGVzbDk-x3tbRsGHjjwk8m4GXVntitcH3Dbg8oAptyRrIC50Htmsqnab3aXrfG0A"")",https://cs2tokens.com/iem-cologne-2026/items/sticker-beastik-foil-cologne-2026,sticker-beastik-foil-cologne-2026,ok,,https://cs2tokens.com/iem-cologne-2026/items/sticker-beastik-foil-cologne-2026/q-data.json,Sticker | beastik (Foil) | Cologne 2026,https://steamcommunity.com/market/listings/730/Sticker%20%7C%20beastik%20%28Foil%29%20%7C%20Cologne%202026,1209,10995,5316,12,iem-cologne-2026,campaign_12,sticker,Autograph,beastik,,rarity_mythical
2026-06-04 00:38:18,20260604_003818,https://cs2tokens.com/browse?sort=price-asc&finish=Foil,Foil,569464e36ae7,Sticker | gafolo (Foil) | Cologne 2026,gafolo,Cologne 2026,Player,Foil,Sharks Esports,Remarkable,#8847ff,29,0.29,86,161,0.5312,https://community.akamai.steamstatic.com/economy/image/i0CoZ81Ui0m-9KwlBY1L_18myuGuq1wfhWSaZgMttyVfPaERSR0Wqmu7LAocGJai0ki7VeTHjMmuOXSQ61MnpNWipUruRiL2n5Dv8S1k6f2nZOpudaeSXT7BkrcksrNsHyrlwkl_6m7Rnov6diqROAEhXMNzFrEPtBi9jJS5YPx5Fd-E,"=IMAGE(""https://community.akamai.steamstatic.com/economy/image/i0CoZ81Ui0m-9KwlBY1L_18myuGuq1wfhWSaZgMttyVfPaERSR0Wqmu7LAocGJai0ki7VeTHjMmuOXSQ61MnpNWipUruRiL2n5Dv8S1k6f2nZOpudaeSXT7BkrcksrNsHyrlwkl_6m7Rnov6diqROAEhXMNzFrEPtBi9jJS5YPx5Fd-E"")",https://cs2tokens.com/iem-cologne-2026/items/sticker-gafolo-foil-cologne-2026,sticker-gafolo-foil-cologne-2026,ok,,https://cs2tokens.com/iem-cologne-2026/items/sticker-gafolo-foil-cologne-2026/q-data.json,Sticker | gafolo (Foil) | Cologne 2026,https://steamcommunity.com/market/listings/730/Sticker%20%7C%20gafolo%20%28Foil%29%20%7C%20Cologne%202026,1209,11055,5316,12,iem-cologne-2026,campaign_12,sticker,Autograph,gafolo,Sharks Esports,rarity_mythical
2026-06-04 00:38:18,20260604_003818,https://cs2tokens.com/browse?sort=price-asc&finish=Foil,Foil,fc03019facb9,Sticker | latto (Foil) | Cologne 2026,latto,Cologne 2026,Player,Foil,Legacy,Remarkable,#8847ff,30,0.3,87,161,0.5375,https://community.akamai.steamstatic.com/economy/image/i0CoZ81Ui0m-9KwlBY1L_18myuGuq1wfhWSaZgMttyVfPaERSR0Wqmu7LAocGJai0ki7VeTHjMmuOXSQ61MnpNWipUruRiL9n4L08h1d4PuiJqA4daXEDGXFxbwhsrA9H33nxU0jtziEz92hcX2VPVVzXMd1FLNfuxWm0oqwXX1fRs8,"=IMAGE(""https://community.akamai.steamstatic.com/economy/image/i0CoZ81Ui0m-9KwlBY1L_18myuGuq1wfhWSaZgMttyVfPaERSR0Wqmu7LAocGJai0ki7VeTHjMmuOXSQ61MnpNWipUruRiL9n4L08h1d4PuiJqA4daXEDGXFxbwhsrA9H33nxU0jtziEz92hcX2VPVVzXMd1FLNfuxWm0oqwXX1fRs8"")",https://cs2tokens.com/iem-cologne-2026/items/sticker-latto-foil-cologne-2026,sticker-latto-foil-cologne-2026,ok,,https://cs2tokens.com/iem-cologne-2026/items/sticker-latto-foil-cologne-2026/q-data.json,Sticker | latto (Foil) | Cologne 2026,https://steamcommunity.com/market/listings/730/Sticker%20%7C%20latto%20%28Foil%29%20%7C%20Cologne%202026,1209,10779,5316,12,iem-cologne-2026,campaign_12,sticker,Autograph,latto,Legacy,rarity_mythical
2026-06-04 00:38:18,20260604_003818,https://cs2tokens.com/browse?sort=price-asc&finish=Foil,Foil,747a7fcd7ba9,Sticker | Swisher (Foil) | Cologne 2026,Swisher,Cologne 2026,Player,Foil,M80,Remarkable,#8847ff,30,0.3,88,161,0.5437,https://community.akamai.steamstatic.com/economy/image/i0CoZ81Ui0m-9KwlBY1L_18myuGuq1wfhWSaZgMttyVfPaERSR0Wqmu7LAocGJai0ki7VeTHjMmuOXSQ61MnpNWipUruRiLiiZ_z9SdJ0PShYagjc_HCDzfBmO0i5LVrHHnqxUp_4TiDyIyueHPDbg4gDZR4F7Jetka7kMqnab3Hc2JaGw,"=IMAGE(""https://community.akamai.steamstatic.com/economy/image/i0CoZ81Ui0m-9KwlBY1L_18myuGuq1wfhWSaZgMttyVfPaERSR0Wqmu7LAocGJai0ki7VeTHjMmuOXSQ61MnpNWipUruRiLiiZ_z9SdJ0PShYagjc_HCDzfBmO0i5LVrHHnqxUp_4TiDyIyueHPDbg4gDZR4F7Jetka7kMqnab3Hc2JaGw"")",https://cs2tokens.com/iem-cologne-2026/items/sticker-swisher-foil-cologne-2026,sticker-swisher-foil-cologne-2026,ok,,https://cs2tokens.com/iem-cologne-2026/items/sticker-swisher-foil-cologne-2026/q-data.json,Sticker | Swisher (Foil) | Cologne 2026,https://steamcommunity.com/market/listings/730/Sticker%20%7C%20Swisher%20%28Foil%29%20%7C%20Cologne%202026,1209,10955,5316,12,iem-cologne-2026,campaign_12,sticker,Autograph,Swisher,M80,rarity_mythical
2026-06-04 00:38:18,20260604_003818,https://cs2tokens.com/browse?sort=price-asc&finish=Foil,Foil,9cfa55f72907,Sticker | kl1m (Foil) | Cologne 2026,kl1m,Cologne 2026,Player,Foil,MIBR,Remarkable,#8847ff,30,0.3,89,161,0.55,https://raw.githubusercontent.com/ByMykel/counter-strike-image-tracker/main/static/panorama/images/econ/stickers/cologne2026/sig_kl1m_foil_png.png,"=IMAGE(""https://raw.githubusercontent.com/ByMykel/counter-strike-image-tracker/main/static/panorama/images/econ/stickers/cologne2026/sig_kl1m_foil_png.png"")",https://cs2tokens.com/iem-cologne-2026/items/sticker-kl1m-foil-cologne-2026,sticker-kl1m-foil-cologne-2026,ok,,https://cs2tokens.com/iem-cologne-2026/items/sticker-kl1m-foil-cologne-2026/q-data.json,Sticker | kl1m (Foil) | Cologne 2026,https://steamcommunity.com/market/listings/730/Sticker%20%7C%20kl1m%20%28Foil%29%20%7C%20Cologne%202026,1209,10991,5316,12,iem-cologne-2026,campaign_12,sticker,Autograph,kl1m,MIBR,rarity_mythical
2026-06-04 00:38:18,20260604_003818,https://cs2tokens.com/browse?sort=price-asc&finish=Foil,Foil,615b8ec2547a,Sticker | maxxkor (Foil) | Cologne 2026,maxxkor,Cologne 2026,Player,Foil,Sharks Esports,Remarkable,#8847ff,30,0.3,90,161,0.5563,https://community.akamai.steamstatic.com/economy/image/i0CoZ81Ui0m-9KwlBY1L_18myuGuq1wfhWSaZgMttyVfPaERSR0Wqmu7LAocGJai0ki7VeTHjMmuOXSQ61MnpNWipUruRiL8n4749i1J0PShYagjdKLFX2GWlu136edsSXmxlk5wtjzcmNytJCnCOABxDcBxROVY5kawmsqnab0FfexyGA,"=IMAGE(""https://community.akamai.steamstatic.com/economy/image/i0CoZ81Ui0m-9KwlBY1L_18myuGuq1wfhWSaZgMttyVfPaERSR0Wqmu7LAocGJai0ki7VeTHjMmuOXSQ61MnpNWipUruRiL8n4749i1J0PShYagjdKLFX2GWlu136edsSXmxlk5wtjzcmNytJCnCOABxDcBxROVY5kawmsqnab0FfexyGA"")",https://cs2tokens.com/iem-cologne-2026/items/sticker-maxxkor-foil-cologne-2026,sticker-maxxkor-foil-cologne-2026,ok,,https://cs2tokens.com/iem-cologne-2026/items/sticker-maxxkor-foil-cologne-2026/q-data.json,Sticker | maxxkor (Foil) | Cologne 2026,https://steamcommunity.com/market/listings/730/Sticker%20%7C%20maxxkor%20%28Foil%29%20%7C%20Cologne%202026,1209,11063,5316,12,iem-cologne-2026,campaign_12,sticker,Autograph,maxxkor,Sharks Esports,rarity_mythical
2026-06-04 00:38:18,20260604_003818,https://cs2tokens.com/browse?sort=price-asc&finish=Foil,Foil,ae629b668f04,Sticker | dumau (Foil) | Cologne 2026,dumau,Cologne 2026,Player,Foil,Legacy,Remarkable,#8847ff,31,0.31,91,161,0.5625,https://community.akamai.steamstatic.com/economy/image/i0CoZ81Ui0m-9KwlBY1L_18myuGuq1wfhWSaZgMttyVfPaERSR0Wqmu7LAocGJai0ki7VeTHjMmuOXSQ61MnpNWipUruRiL1i5vh6B1d4PuiJqZrJvXFDDPBwrZy5LM7TirklB505j-Emdn7cS-fb1UhXJQkFrIIt0Gm0oqwqIuhh9A,"=IMAGE(""https://community.akamai.steamstatic.com/economy/image/i0CoZ81Ui0m-9KwlBY1L_18myuGuq1wfhWSaZgMttyVfPaERSR0Wqmu7LAocGJai0ki7VeTHjMmuOXSQ61MnpNWipUruRiL1i5vh6B1d4PuiJqZrJvXFDDPBwrZy5LM7TirklB505j-Emdn7cS-fb1UhXJQkFrIIt0Gm0oqwqIuhh9A"")",https://cs2tokens.com/iem-cologne-2026/items/sticker-dumau-foil-cologne-2026,sticker-dumau-foil-cologne-2026,ok,,https://cs2tokens.com/iem-cologne-2026/items/sticker-dumau-foil-cologne-2026/q-data.json,Sticker | dumau (Foil) | Cologne 2026,https://steamcommunity.com/market/listings/730/Sticker%20%7C%20dumau%20%28Foil%29%20%7C%20Cologne%202026,1209,10783,5316,12,iem-cologne-2026,campaign_12,sticker,Autograph,dumau,Legacy,rarity_mythical
2026-06-04 00:38:18,20260604_003818,https://cs2tokens.com/browse?sort=price-asc&finish=Foil,Foil,82b7847d9814,Sticker | Starry (Foil) | Cologne 2026,Starry,Cologne 2026,Player,Foil,Lynn Vision,Remarkable,#8847ff,31,0.31,92,161,0.5687,https://community.akamai.steamstatic.com/economy/image/i0CoZ81Ui0m-9KwlBY1L_18myuGuq1wfhWSaZgMttyVfPaERSR0Wqmu7LAocGJai0ki7VeTHjMmuOXSQ61MnpNWipUruRiLiipfy7ztk6f2nZOo5dKnGX2bFl7whtLc_SX-yxhhw5Gjcz9eqcXjFblNzC5d4QLMP4RGwjJS5YBSvLvZM,"=IMAGE(""https://community.akamai.steamstatic.com/economy/image/i0CoZ81Ui0m-9KwlBY1L_18myuGuq1wfhWSaZgMttyVfPaERSR0Wqmu7LAocGJai0ki7VeTHjMmuOXSQ61MnpNWipUruRiLiipfy7ztk6f2nZOo5dKnGX2bFl7whtLc_SX-yxhhw5Gjcz9eqcXjFblNzC5d4QLMP4RGwjJS5YBSvLvZM"")",https://cs2tokens.com/iem-cologne-2026/items/sticker-starry-foil-cologne-2026,sticker-starry-foil-cologne-2026,ok,,https://cs2tokens.com/iem-cologne-2026/items/sticker-starry-foil-cologne-2026/q-data.json,Sticker | Starry (Foil) | Cologne 2026,https://steamcommunity.com/market/listings/730/Sticker%20%7C%20Starry%20%28Foil%29%20%7C%20Cologne%202026,1209,11123,5316,12,iem-cologne-2026,campaign_12,sticker,Autograph,Starry,Lynn Vision,rarity_mythical
2026-06-04 00:38:18,20260604_003818,https://cs2tokens.com/browse?sort=price-asc&finish=Foil,Foil,8ac7f4b00ce1,Sticker | dziugss (Foil) | Cologne 2026,dziugss,Cologne 2026,Player,Foil,,Remarkable,#8847ff,32,0.32,93,161,0.575,https://community.akamai.steamstatic.com/economy/image/i0CoZ81Ui0m-9KwlBY1L_18myuGuq1wfhWSaZgMttyVfPaERSR0Wqmu7LAocGJai0ki7VeTHjMmuOXSQ61MnpNWipUruRiL1hJ_1-jFI0PShYagjI_TDVz-Ww-sl6bI4GCqxl0Rz4Wrdn9z6cC3EOgApDMdzE7QL4RG8m8qnab0mNFIh8g,"=IMAGE(""https://community.akamai.steamstatic.com/economy/image/i0CoZ81Ui0m-9KwlBY1L_18myuGuq1wfhWSaZgMttyVfPaERSR0Wqmu7LAocGJai0ki7VeTHjMmuOXSQ61MnpNWipUruRiL1hJ_1-jFI0PShYagjI_TDVz-Ww-sl6bI4GCqxl0Rz4Wrdn9z6cC3EOgApDMdzE7QL4RG8m8qnab0mNFIh8g"")",https://cs2tokens.com/iem-cologne-2026/items/sticker-dziugss-foil-cologne-2026,sticker-dziugss-foil-cologne-2026,ok,,https://cs2tokens.com/iem-cologne-2026/items/sticker-dziugss-foil-cologne-2026/q-data.json,Sticker | dziugss (Foil) | Cologne 2026,https://steamcommunity.com/market/listings/730/Sticker%20%7C%20dziugss%20%28Foil%29%20%7C%20Cologne%202026,1209,10711,5316,12,iem-cologne-2026,campaign_12,sticker,Autograph,dziugss,,rarity_mythical
2026-06-04 00:38:18,20260604_003818,https://cs2tokens.com/browse?sort=price-asc&finish=Foil,Foil,20c42ee7aa82,Sticker | Magnojez (Foil) | Cologne 2026,Magnojez,Cologne 2026,Player,Foil,BetBoom,Remarkable,#8847ff,33,0.33,94,161,0.5813,https://community.akamai.steamstatic.com/economy/image/i0CoZ81Ui0m-9KwlBY1L_18myuGuq1wfhWSaZgMttyVfPaERSR0Wqmu7LAocGJai0ki7VeTHjMmuOXSQ61MnpNWipUruRiL8n5Hu8ihe9c2oZ61hbqKSC2GVkb1z6bdoHHiywhkjt2_Xmd6hcSrCbVciDJZxTe4L5xC7k9f5d7S1WhZIblI,"=IMAGE(""https://community.akamai.steamstatic.com/economy/image/i0CoZ81Ui0m-9KwlBY1L_18myuGuq1wfhWSaZgMttyVfPaERSR0Wqmu7LAocGJai0ki7VeTHjMmuOXSQ61MnpNWipUruRiL8n5Hu8ihe9c2oZ61hbqKSC2GVkb1z6bdoHHiywhkjt2_Xmd6hcSrCbVciDJZxTe4L5xC7k9f5d7S1WhZIblI"")",https://cs2tokens.com/iem-cologne-2026/items/sticker-magnojez-foil-cologne-2026,sticker-magnojez-foil-cologne-2026,ok,,https://cs2tokens.com/iem-cologne-2026/items/sticker-magnojez-foil-cologne-2026/q-data.json,Sticker | Magnojez (Foil) | Cologne 2026,https://steamcommunity.com/market/listings/730/Sticker%20%7C%20Magnojez%20%28Foil%29%20%7C%20Cologne%202026,1209,10931,5316,12,iem-cologne-2026,campaign_12,sticker,Autograph,Magnojez,BetBoom,rarity_mythical
2026-06-04 00:38:18,20260604_003818,https://cs2tokens.com/browse?sort=price-asc&finish=Foil,Foil,8c98079cfb8b,Sticker | NAF (Foil) | Cologne 2026,NAF,Cologne 2026,Player,Foil,Team Liquid,Remarkable,#8847ff,33,0.33,95,161,0.5875,https://community.akamai.steamstatic.com/economy/image/i0CoZ81Ui0m-9KwlBY1L_18myuGuq1wfhWSaZgMttyVfPaERSR0Wqmu7LAocGJai0ki7VeTHjMmuOXSQ61MnpNWipUruRiL_n5Df-y1S47z9P6I_cqKRWT7Gwu0ntLcxFnrrxEwi6z_RntagI3KfbVdzAsd1TLVbrFDmxXf3c_hd,"=IMAGE(""https://community.akamai.steamstatic.com/economy/image/i0CoZ81Ui0m-9KwlBY1L_18myuGuq1wfhWSaZgMttyVfPaERSR0Wqmu7LAocGJai0ki7VeTHjMmuOXSQ61MnpNWipUruRiL_n5Df-y1S47z9P6I_cqKRWT7Gwu0ntLcxFnrrxEwi6z_RntagI3KfbVdzAsd1TLVbrFDmxXf3c_hd"")",https://cs2tokens.com/iem-cologne-2026/items/sticker-naf-foil-cologne-2026,sticker-naf-foil-cologne-2026,ok,,https://cs2tokens.com/iem-cologne-2026/items/sticker-naf-foil-cologne-2026/q-data.json,Sticker | NAF (Foil) | Cologne 2026,https://steamcommunity.com/market/listings/730/Sticker%20%7C%20NAF%20%28Foil%29%20%7C%20Cologne%202026,1209,11111,5316,12,iem-cologne-2026,campaign_12,sticker,Autograph,NAF,Team Liquid,rarity_mythical
2026-06-04 00:38:18,20260604_003818,https://cs2tokens.com/browse?sort=price-asc&finish=Foil,Foil,8d8f37a2aee6,Sticker | woxic (Foil) | Cologne 2026,woxic,Cologne 2026,Player,Foil,Aurora,Remarkable,#8847ff,34,0.34,96,161,0.5938,https://community.akamai.steamstatic.com/economy/image/i0CoZ81Ui0m-9KwlBY1L_18myuGuq1wfhWSaZgMttyVfPaERSR0Wqmu7LAocGJai0ki7VeTHjMmuOXSQ61MnpNWipUruRiLmkY7p_h1d4PuiJvBvIaeRV2bEmegh6bMwFi-yw0l0423WyN2vcijGPw4hDpMmRe4I5ham0oqwVXrSfmM,"=IMAGE(""https://community.akamai.steamstatic.com/economy/image/i0CoZ81Ui0m-9KwlBY1L_18myuGuq1wfhWSaZgMttyVfPaERSR0Wqmu7LAocGJai0ki7VeTHjMmuOXSQ61MnpNWipUruRiLmkY7p_h1d4PuiJvBvIaeRV2bEmegh6bMwFi-yw0l0423WyN2vcijGPw4hDpMmRe4I5ham0oqwVXrSfmM"")",https://cs2tokens.com/iem-cologne-2026/items/sticker-woxic-foil-cologne-2026,sticker-woxic-foil-cologne-2026,ok,,https://cs2tokens.com/iem-cologne-2026/items/sticker-woxic-foil-cologne-2026/q-data.json,Sticker | woxic (Foil) | Cologne 2026,https://steamcommunity.com/market/listings/730/Sticker%20%7C%20woxic%20%28Foil%29%20%7C%20Cologne%202026,1209,10651,5316,12,iem-cologne-2026,campaign_12,sticker,Autograph,woxic,Aurora,rarity_mythical
2026-06-04 00:38:18,20260604_003818,https://cs2tokens.com/browse?sort=price-asc&finish=Foil,Foil,b2cdca55ec73,Sticker | SHOCK (Foil) | Cologne 2026,SHOCK,Cologne 2026,Player,Foil,,Remarkable,#8847ff,34,0.34,97,161,0.6,https://community.akamai.steamstatic.com/economy/image/i0CoZ81Ui0m-9KwlBY1L_18myuGuq1wfhWSaZgMttyVfPaERSR0Wqmu7LAocGJai0ki7VeTHjMmuOXSQ61MnpNWipUruRiLilpnj9h1d4PuiJv1vJvXLXGKTw78ntOU_FyrkwUUjsmjWntqqJ3yeO1IjDJImE7QJthOm0oqwRFbPOT0,"=IMAGE(""https://community.akamai.steamstatic.com/economy/image/i0CoZ81Ui0m-9KwlBY1L_18myuGuq1wfhWSaZgMttyVfPaERSR0Wqmu7LAocGJai0ki7VeTHjMmuOXSQ61MnpNWipUruRiLilpnj9h1d4PuiJv1vJvXLXGKTw78ntOU_FyrkwUUjsmjWntqqJ3yeO1IjDJImE7QJthOm0oqwRFbPOT0"")",https://cs2tokens.com/iem-cologne-2026/items/sticker-shock-foil-cologne-2026,sticker-shock-foil-cologne-2026,ok,,https://cs2tokens.com/iem-cologne-2026/items/sticker-shock-foil-cologne-2026/q-data.json,Sticker | SHOCK (Foil) | Cologne 2026,https://steamcommunity.com/market/listings/730/Sticker%20%7C%20SHOCK%20%28Foil%29%20%7C%20Cologne%202026,1209,10999,5316,12,iem-cologne-2026,campaign_12,sticker,Autograph,SHOCK,,rarity_mythical
2026-06-04 00:38:18,20260604_003818,https://cs2tokens.com/browse?sort=price-asc&finish=Foil,Foil,4fc822ef697a,Sticker | zweih (Foil) | Cologne 2026,zweih,Cologne 2026,Player,Foil,PARIVISION,Remarkable,#8847ff,36,0.36,98,161,0.6062,https://community.akamai.steamstatic.com/economy/image/i0CoZ81Ui0m-9KwlBY1L_18myuGuq1wfhWSaZgMttyVfPaERSR0Wqmu7LAocGJai0ki7VeTHjMmuOXSQ61MnpNWipUruRiLriZPp9R1d4PuiJv1pIafFX2SSlLty4rY-TCi1kE5-tTuAm96qdiqSbQB0A5NyRuVfuhOm0oqwoexxlCM,"=IMAGE(""https://community.akamai.steamstatic.com/economy/image/i0CoZ81Ui0m-9KwlBY1L_18myuGuq1wfhWSaZgMttyVfPaERSR0Wqmu7LAocGJai0ki7VeTHjMmuOXSQ61MnpNWipUruRiLriZPp9R1d4PuiJv1pIafFX2SSlLty4rY-TCi1kE5-tTuAm96qdiqSbQB0A5NyRuVfuhOm0oqwoexxlCM"")",https://cs2tokens.com/iem-cologne-2026/items/sticker-zweih-foil-cologne-2026,sticker-zweih-foil-cologne-2026,ok,,https://cs2tokens.com/iem-cologne-2026/items/sticker-zweih-foil-cologne-2026/q-data.json,Sticker | zweih (Foil) | Cologne 2026,https://steamcommunity.com/market/listings/730/Sticker%20%7C%20zweih%20%28Foil%29%20%7C%20Cologne%202026,1209,10631,5316,12,iem-cologne-2026,campaign_12,sticker,Autograph,zweih,PARIVISION,rarity_mythical
2026-06-04 00:38:18,20260604_003818,https://cs2tokens.com/browse?sort=price-asc&finish=Foil,Foil,e75fb071ec3c,Sticker | YEKINDAR (Foil) | Cologne 2026,YEKINDAR,Cologne 2026,Player,Foil,FURIA,Remarkable,#8847ff,36,0.36,99,161,0.6125,https://community.akamai.steamstatic.com/economy/image/i0CoZ81Ui0m-9KwlBY1L_18myuGuq1wfhWSaZgMttyVfPaERSR0Wqmu7LAocGJai0ki7VeTHjMmuOXSQ61MnpNWipUruRiLom53p8yZa_c2oZ61hbqDCWWPDxO0m6ONvFy3mkER3tWWGzdaseX7GOlcnApEkQ-Ff40Psl935d7S12KYa_dw,"=IMAGE(""https://community.akamai.steamstatic.com/economy/image/i0CoZ81Ui0m-9KwlBY1L_18myuGuq1wfhWSaZgMttyVfPaERSR0Wqmu7LAocGJai0ki7VeTHjMmuOXSQ61MnpNWipUruRiLom53p8yZa_c2oZ61hbqDCWWPDxO0m6ONvFy3mkER3tWWGzdaseX7GOlcnApEkQ-Ff40Psl935d7S12KYa_dw"")",https://cs2tokens.com/iem-cologne-2026/items/sticker-yekindar-foil-cologne-2026,sticker-yekindar-foil-cologne-2026,ok,,https://cs2tokens.com/iem-cologne-2026/items/sticker-yekindar-foil-cologne-2026/q-data.json,Sticker | YEKINDAR (Foil) | Cologne 2026,https://steamcommunity.com/market/listings/730/Sticker%20%7C%20YEKINDAR%20%28Foil%29%20%7C%20Cologne%202026,1209,10655,5316,12,iem-cologne-2026,campaign_12,sticker,Autograph,YEKINDAR,FURIA,rarity_mythical
2026-06-04 00:38:18,20260604_003818,https://cs2tokens.com/browse?sort=price-asc&finish=Foil,Foil,7b229122a507,Sticker | HooXi (Foil) | Cologne 2026,HooXi,Cologne 2026,Player,Foil,Astralis,Remarkable,#8847ff,36,0.36,100,161,0.6188,https://community.akamai.steamstatic.com/economy/image/i0CoZ81Ui0m-9KwlBY1L_18myuGuq1wfhWSaZgMttyVfPaERSR0Wqmu7LAocGJai0ki7VeTHjMmuOXSQ61MnpNWipUruRiL5kZn49B1d4PuiJvc9I6jFXTLIw75ytOIwF3nmkEom52XSyYqrJ3uSawcoWZYlEOMC5xam0oqwhLXO6jM,"=IMAGE(""https://community.akamai.steamstatic.com/economy/image/i0CoZ81Ui0m-9KwlBY1L_18myuGuq1wfhWSaZgMttyVfPaERSR0Wqmu7LAocGJai0ki7VeTHjMmuOXSQ61MnpNWipUruRiL5kZn49B1d4PuiJvc9I6jFXTLIw75ytOIwF3nmkEom52XSyYqrJ3uSawcoWZYlEOMC5xam0oqwhLXO6jM"")",https://cs2tokens.com/iem-cologne-2026/items/sticker-hooxi-foil-cologne-2026,sticker-hooxi-foil-cologne-2026,ok,,https://cs2tokens.com/iem-cologne-2026/items/sticker-hooxi-foil-cologne-2026/q-data.json,Sticker | HooXi (Foil) | Cologne 2026,https://steamcommunity.com/market/listings/730/Sticker%20%7C%20HooXi%20%28Foil%29%20%7C%20Cologne%202026,1209,10735,5316,12,iem-cologne-2026,campaign_12,sticker,Autograph,HooXi,Astralis,rarity_mythical
2026-06-04 00:38:18,20260604_003818,https://cs2tokens.com/browse?sort=price-asc&finish=Foil,Foil,a2e2ed4f17e5,Sticker | AZUWU (Foil) | Cologne 2026,AZUWU,Cologne 2026,Player,Foil,Monte,Remarkable,#8847ff,36,0.36,101,161,0.625,https://community.akamai.steamstatic.com/economy/image/i0CoZ81Ui0m-9KwlBY1L_18myuGuq1wfhWSaZgMttyVfPaERSR0Wqmu7LAocGJai0ki7VeTHjMmuOXSQ61MnpNWipUruRiLwhIP36B1d4PuiJvU_cfbEDzfEwrYg47NqGXnixkQh4G7cwo78eXnDbVQgWcR0FuIIsBGm0oqw7ufCHTU,"=IMAGE(""https://community.akamai.steamstatic.com/economy/image/i0CoZ81Ui0m-9KwlBY1L_18myuGuq1wfhWSaZgMttyVfPaERSR0Wqmu7LAocGJai0ki7VeTHjMmuOXSQ61MnpNWipUruRiLwhIP36B1d4PuiJvU_cfbEDzfEwrYg47NqGXnixkQh4G7cwo78eXnDbVQgWcR0FuIIsBGm0oqw7ufCHTU"")",https://cs2tokens.com/iem-cologne-2026/items/sticker-azuwu-foil-cologne-2026,sticker-azuwu-foil-cologne-2026,ok,,https://cs2tokens.com/iem-cologne-2026/items/sticker-azuwu-foil-cologne-2026/q-data.json,Sticker | AZUWU (Foil) | Cologne 2026,https://steamcommunity.com/market/listings/730/Sticker%20%7C%20AZUWU%20%28Foil%29%20%7C%20Cologne%202026,1209,10831,5316,12,iem-cologne-2026,campaign_12,sticker,Autograph,AZUWU,Monte,rarity_mythical
2026-06-04 00:38:18,20260604_003818,https://cs2tokens.com/browse?sort=price-asc&finish=Foil,Foil,0527f8eba5cb,Sticker | Sonic (Foil) | Cologne 2026,Sonic,Cologne 2026,Player,Foil,NRG,Remarkable,#8847ff,36,0.36,102,161,0.6312,https://community.akamai.steamstatic.com/economy/image/i0CoZ81Ui0m-9KwlBY1L_18myuGuq1wfhWSaZgMttyVfPaERSR0Wqmu7LAocGJai0ki7VeTHjMmuOXSQ61MnpNWipUruRiLikZjp_h1d4PuiJvxuefLACjLBkboi6bM-GnG1xx8mt22EnNn7dy-SO1QpC5AkRLMPsEam0oqwFPeu_dA,"=IMAGE(""https://community.akamai.steamstatic.com/economy/image/i0CoZ81Ui0m-9KwlBY1L_18myuGuq1wfhWSaZgMttyVfPaERSR0Wqmu7LAocGJai0ki7VeTHjMmuOXSQ61MnpNWipUruRiLikZjp_h1d4PuiJvxuefLACjLBkboi6bM-GnG1xx8mt22EnNn7dy-SO1QpC5AkRLMPsEam0oqwFPeu_dA"")",https://cs2tokens.com/iem-cologne-2026/items/sticker-sonic-foil-cologne-2026,sticker-sonic-foil-cologne-2026,ok,,https://cs2tokens.com/iem-cologne-2026/items/sticker-sonic-foil-cologne-2026/q-data.json,Sticker | Sonic (Foil) | Cologne 2026,https://steamcommunity.com/market/listings/730/Sticker%20%7C%20Sonic%20%28Foil%29%20%7C%20Cologne%202026,1209,11027,5316,12,iem-cologne-2026,campaign_12,sticker,Autograph,Sonic,NRG,rarity_mythical
2026-06-04 00:38:18,20260604_003818,https://cs2tokens.com/browse?sort=price-asc&finish=Foil,Foil,eebd7e2a0074,Sticker | torzsi (Foil) | Cologne 2026,torzsi,Cologne 2026,Player,Foil,MOUZ,Remarkable,#8847ff,37,0.37,103,161,0.6375,https://community.akamai.steamstatic.com/economy/image/i0CoZ81Ui0m-9KwlBY1L_18myuGuq1wfhWSaZgMttyVfPaERSR0Wqmu7LAocGJai0ki7VeTHjMmuOXSQ61MnpNWipUruRiLlkYT67itk6f2nZOo4dPSQX2aWwrdy6OUwSn7ikBl04mqHwtiheXyUaFAjCpRzR-Bc5kW-jJS5YKb0tIsr,"=IMAGE(""https://community.akamai.steamstatic.com/economy/image/i0CoZ81Ui0m-9KwlBY1L_18myuGuq1wfhWSaZgMttyVfPaERSR0Wqmu7LAocGJai0ki7VeTHjMmuOXSQ61MnpNWipUruRiLlkYT67itk6f2nZOo4dPSQX2aWwrdy6OUwSn7ikBl04mqHwtiheXyUaFAjCpRzR-Bc5kW-jJS5YKb0tIsr"")",https://cs2tokens.com/iem-cologne-2026/items/sticker-torzsi-foil-cologne-2026,sticker-torzsi-foil-cologne-2026,ok,,https://cs2tokens.com/iem-cologne-2026/items/sticker-torzsi-foil-cologne-2026/q-data.json,Sticker | torzsi (Foil) | Cologne 2026,https://steamcommunity.com/market/listings/730/Sticker%20%7C%20torzsi%20%28Foil%29%20%7C%20Cologne%202026,1209,10687,5316,12,iem-cologne-2026,campaign_12,sticker,Autograph,torzsi,MOUZ,rarity_mythical
2026-06-04 00:38:18,20260604_003818,https://cs2tokens.com/browse?sort=price-asc&finish=Foil,Foil,8568712d51a9,Sticker | Mercury (Foil) | Cologne 2026,Mercury,Cologne 2026,Player,Foil,TYLOO,Remarkable,#8847ff,38,0.38,104,161,0.6438,https://community.akamai.steamstatic.com/economy/image/i0CoZ81Ui0m-9KwlBY1L_18myuGuq1wfhWSaZgMttyVfPaERSR0Wqmu7LAocGJai0ki7VeTHjMmuOXSQ61MnpNWipUruRiL8m4Tj6DBC0PShYagjIaHCCDDBl7dzteI9Fiy1wkR3527Uw934JSqQbQJxDMZxE7IM4EK5xMqnab2BWy97FA,"=IMAGE(""https://community.akamai.steamstatic.com/economy/image/i0CoZ81Ui0m-9KwlBY1L_18myuGuq1wfhWSaZgMttyVfPaERSR0Wqmu7LAocGJai0ki7VeTHjMmuOXSQ61MnpNWipUruRiL8m4Tj6DBC0PShYagjIaHCCDDBl7dzteI9Fiy1wkR3527Uw934JSqQbQJxDMZxE7IM4EK5xMqnab2BWy97FA"")",https://cs2tokens.com/iem-cologne-2026/items/sticker-mercury-foil-cologne-2026,sticker-mercury-foil-cologne-2026,ok,,https://cs2tokens.com/iem-cologne-2026/items/sticker-mercury-foil-cologne-2026/q-data.json,Sticker | Mercury (Foil) | Cologne 2026,https://steamcommunity.com/market/listings/730/Sticker%20%7C%20Mercury%20%28Foil%29%20%7C%20Cologne%202026,1209,11035,5316,12,iem-cologne-2026,campaign_12,sticker,Autograph,Mercury,TYLOO,rarity_mythical
2026-06-04 00:38:18,20260604_003818,https://cs2tokens.com/browse?sort=price-asc&finish=Foil,Foil,68a61c707ebd,Sticker | REZ (Foil) | Cologne 2026,REZ,Cologne 2026,Player,Foil,GamerLegion,Remarkable,#8847ff,39,0.39,105,161,0.65,https://community.akamai.steamstatic.com/economy/image/i0CoZ81Ui0m-9KwlBY1L_18myuGuq1wfhWSaZgMttyVfPaERSR0Wqmu7LAocGJai0ki7VeTHjMmuOXSQ61MnpNWipUruRiLjm4zf-y1S47z5bvFpd_LLWmbIl7l14LBqS3znl0hy4W7XntyrdH6TawVyDcdyFOBfrFDmxYVlYcYb,"=IMAGE(""https://community.akamai.steamstatic.com/economy/image/i0CoZ81Ui0m-9KwlBY1L_18myuGuq1wfhWSaZgMttyVfPaERSR0Wqmu7LAocGJai0ki7VeTHjMmuOXSQ61MnpNWipUruRiLjm4zf-y1S47z5bvFpd_LLWmbIl7l14LBqS3znl0hy4W7XntyrdH6TawVyDcdyFOBfrFDmxYVlYcYb"")",https://cs2tokens.com/iem-cologne-2026/items/sticker-rez-foil-cologne-2026,sticker-rez-foil-cologne-2026,ok,,https://cs2tokens.com/iem-cologne-2026/items/sticker-rez-foil-cologne-2026/q-data.json,Sticker | REZ (Foil) | Cologne 2026,https://steamcommunity.com/market/listings/730/Sticker%20%7C%20REZ%20%28Foil%29%20%7C%20Cologne%202026,1209,10859,5316,12,iem-cologne-2026,campaign_12,sticker,Autograph,REZ,GamerLegion,rarity_mythical
2026-06-04 00:38:18,20260604_003818,https://cs2tokens.com/browse?sort=price-asc&finish=Foil,Foil,f153d652f152,Sticker | FL4MUS (Foil) | Cologne 2026,FL4MUS,Cologne 2026,Player,Foil,BetBoom,Remarkable,#8847ff,39,0.39,106,161,0.6562,https://community.akamai.steamstatic.com/economy/image/i0CoZ81Ui0m-9KwlBY1L_18myuGuq1wfhWSaZgMttyVfPaERSR0Wqmu7LAocGJai0ki7VeTHjMmuOXSQ61MnpNWipUruRiL3ksLt6DFk6f2nZOo8I_TLVjSUlexw6bYxGyjmlB5z6jjdn9qgIy7EZwAkDpIhEbRYsBW8jJS5YKcvQM-L,"=IMAGE(""https://community.akamai.steamstatic.com/economy/image/i0CoZ81Ui0m-9KwlBY1L_18myuGuq1wfhWSaZgMttyVfPaERSR0Wqmu7LAocGJai0ki7VeTHjMmuOXSQ61MnpNWipUruRiL3ksLt6DFk6f2nZOo8I_TLVjSUlexw6bYxGyjmlB5z6jjdn9qgIy7EZwAkDpIhEbRYsBW8jJS5YKcvQM-L"")",https://cs2tokens.com/iem-cologne-2026/items/sticker-fl4mus-foil-cologne-2026,sticker-fl4mus-foil-cologne-2026,ok,,https://cs2tokens.com/iem-cologne-2026/items/sticker-fl4mus-foil-cologne-2026/q-data.json,Sticker | FL4MUS (Foil) | Cologne 2026,https://steamcommunity.com/market/listings/730/Sticker%20%7C%20FL4MUS%20%28Foil%29%20%7C%20Cologne%202026,1209,10927,5316,12,iem-cologne-2026,campaign_12,sticker,Autograph,FL4MUS,BetBoom,rarity_mythical
2026-06-04 00:38:18,20260604_003818,https://cs2tokens.com/browse?sort=price-asc&finish=Foil,Foil,cacc40ec0646,Sticker | INS (Foil) | Cologne 2026,INS,Cologne 2026,Player,Foil,Flyquest,Remarkable,#8847ff,41,0.41,107,161,0.6625,https://community.akamai.steamstatic.com/economy/image/i0CoZ81Ui0m-9KwlBY1L_18myuGuq1wfhWSaZgMttyVfPaERSR0Wqmu7LAocGJai0ki7VeTHjMmuOXSQ61MnpNWipUruRiL4kIXf-y1S47yoPfI8dqfBVz6RwLhw4uI-HXnrkEp16mnczdz7J3iUP1AoDsQiQuUCrFDmxewOh46B,"=IMAGE(""https://community.akamai.steamstatic.com/economy/image/i0CoZ81Ui0m-9KwlBY1L_18myuGuq1wfhWSaZgMttyVfPaERSR0Wqmu7LAocGJai0ki7VeTHjMmuOXSQ61MnpNWipUruRiL4kIXf-y1S47yoPfI8dqfBVz6RwLhw4uI-HXnrkEp16mnczdz7J3iUP1AoDsQiQuUCrFDmxewOh46B"")",https://cs2tokens.com/iem-cologne-2026/items/sticker-ins-foil-cologne-2026,sticker-ins-foil-cologne-2026,ok,,https://cs2tokens.com/iem-cologne-2026/items/sticker-ins-foil-cologne-2026/q-data.json,Sticker | INS (Foil) | Cologne 2026,https://steamcommunity.com/market/listings/730/Sticker%20%7C%20INS%20%28Foil%29%20%7C%20Cologne%202026,1209,11155,5316,12,iem-cologne-2026,campaign_12,sticker,Autograph,INS,Flyquest,rarity_mythical
2026-06-04 00:38:18,20260604_003818,https://cs2tokens.com/browse?sort=price-asc&finish=Foil,Foil,19255c4e4238,Sticker | EmiliaQAQ (Foil) | Cologne 2026,EmiliaQAQ,Cologne 2026,Player,Foil,Lynn Vision,Remarkable,#8847ff,42,0.42,108,161,0.6687,https://community.akamai.steamstatic.com/economy/image/i0CoZ81Ui0m-9KwlBY1L_18myuGuq1wfhWSaZgMttyVfPaERSR0Wqmu7LAocGJai0ki7VeTHjMmuOXSQ61MnpNWipUruRiL0k5_s9CNK7uORbqtkLL7DV2XClLYk5OM4GXHkxUtz4WWDyY74InyUOlAkDpdyFrYI5Bjqx4W1Kaq8sBbxSxeA,"=IMAGE(""https://community.akamai.steamstatic.com/economy/image/i0CoZ81Ui0m-9KwlBY1L_18myuGuq1wfhWSaZgMttyVfPaERSR0Wqmu7LAocGJai0ki7VeTHjMmuOXSQ61MnpNWipUruRiL0k5_s9CNK7uORbqtkLL7DV2XClLYk5OM4GXHkxUtz4WWDyY74InyUOlAkDpdyFrYI5Bjqx4W1Kaq8sBbxSxeA"")",https://cs2tokens.com/iem-cologne-2026/items/sticker-emiliaqaq-foil-cologne-2026,sticker-emiliaqaq-foil-cologne-2026,ok,,https://cs2tokens.com/iem-cologne-2026/items/sticker-emiliaqaq-foil-cologne-2026/q-data.json,Sticker | EmiliaQAQ (Foil) | Cologne 2026,https://steamcommunity.com/market/listings/730/Sticker%20%7C%20EmiliaQAQ%20%28Foil%29%20%7C%20Cologne%202026,1209,11127,5316,12,iem-cologne-2026,campaign_12,sticker,Autograph,EmiliaQAQ,Lynn Vision,rarity_mythical
2026-06-04 00:38:18,20260604_003818,https://cs2tokens.com/browse?sort=price-asc&finish=Foil,Foil,62d50a49fb5f,Sticker | arT (Foil) | Cologne 2026,arT,Cologne 2026,Player,Foil,Legacy,Remarkable,#8847ff,43,0.43,109,161,0.675,https://community.akamai.steamstatic.com/economy/image/i0CoZ81Ui0m-9KwlBY1L_18myuGuq1wfhWSaZgMttyVfPaERSR0Wqmu7LAocGJai0ki7VeTHjMmuOXSQ61MnpNWipUruRiLwjILf-y1S47z7Pqc5dvHADWORmbcvsrRvGCq3lE0msTmDno6reH2WOgUnDZF0F7QMrFDmxVR7smZU,"=IMAGE(""https://community.akamai.steamstatic.com/economy/image/i0CoZ81Ui0m-9KwlBY1L_18myuGuq1wfhWSaZgMttyVfPaERSR0Wqmu7LAocGJai0ki7VeTHjMmuOXSQ61MnpNWipUruRiLwjILf-y1S47z7Pqc5dvHADWORmbcvsrRvGCq3lE0msTmDno6reH2WOgUnDZF0F7QMrFDmxVR7smZU"")",https://cs2tokens.com/iem-cologne-2026/items/sticker-art-foil-cologne-2026,sticker-art-foil-cologne-2026,ok,,https://cs2tokens.com/iem-cologne-2026/items/sticker-art-foil-cologne-2026/q-data.json,Sticker | arT (Foil) | Cologne 2026,https://steamcommunity.com/market/listings/730/Sticker%20%7C%20arT%20%28Foil%29%20%7C%20Cologne%202026,1209,10775,5316,12,iem-cologne-2026,campaign_12,sticker,Autograph,arT,Legacy,rarity_mythical
2026-06-04 00:38:18,20260604_003818,https://cs2tokens.com/browse?sort=price-asc&finish=Foil,Foil,895c405821a1,Sticker | KSCERATO (Foil) | Cologne 2026,KSCERATO,Cologne 2026,Player,Foil,FURIA,Remarkable,#8847ff,44,0.44,110,161,0.6813,https://community.akamai.steamstatic.com/economy/image/i0CoZ81Ui0m-9KwlBY1L_18myuGuq1wfhWSaZgMttyVfPaERSR0Wqmu7LAocGJai0ki7VeTHjMmuOXSQ61MnpNWipUruRiL6jZXl7yNP4M2oZ61hbqTKDDSTw7oltecwGXrnkEQm5mXWydz_eH3DalUoDZEiF7EC4EXqkNz5d7S1pBxORU8,"=IMAGE(""https://community.akamai.steamstatic.com/economy/image/i0CoZ81Ui0m-9KwlBY1L_18myuGuq1wfhWSaZgMttyVfPaERSR0Wqmu7LAocGJai0ki7VeTHjMmuOXSQ61MnpNWipUruRiL6jZXl7yNP4M2oZ61hbqTKDDSTw7oltecwGXrnkEQm5mXWydz_eH3DalUoDZEiF7EC4EXqkNz5d7S1pBxORU8"")",https://cs2tokens.com/iem-cologne-2026/items/sticker-kscerato-foil-cologne-2026,sticker-kscerato-foil-cologne-2026,ok,,https://cs2tokens.com/iem-cologne-2026/items/sticker-kscerato-foil-cologne-2026/q-data.json,Sticker | KSCERATO (Foil) | Cologne 2026,https://steamcommunity.com/market/listings/730/Sticker%20%7C%20KSCERATO%20%28Foil%29%20%7C%20Cologne%202026,1209,10659,5316,12,iem-cologne-2026,campaign_12,sticker,Autograph,KSCERATO,FURIA,rarity_mythical
2026-06-04 00:38:18,20260604_003818,https://cs2tokens.com/browse?sort=price-asc&finish=Foil,Foil,5c7345f99702,Sticker | TeSeS (Foil) | Cologne 2026,TeSeS,Cologne 2026,Player,Foil,Falcons,Remarkable,#8847ff,45,0.45,111,161,0.6875,https://community.akamai.steamstatic.com/economy/image/i0CoZ81Ui0m-9KwlBY1L_18myuGuq1wfhWSaZgMttyVfPaERSR0Wqmu7LAocGJai0ki7VeTHjMmuOXSQ61MnpNWipUruRiLlm4Xl7h1d4PuiJvM6dKPCWGSWwL5zteI-S3_mxU13tz_Tw9iheCqTZ1BzAsN1TedcthCm0oqwm6mMTMQ,"=IMAGE(""https://community.akamai.steamstatic.com/economy/image/i0CoZ81Ui0m-9KwlBY1L_18myuGuq1wfhWSaZgMttyVfPaERSR0Wqmu7LAocGJai0ki7VeTHjMmuOXSQ61MnpNWipUruRiLlm4Xl7h1d4PuiJvM6dKPCWGSWwL5zteI-S3_mxU13tz_Tw9iheCqTZ1BzAsN1TedcthCm0oqwm6mMTMQ"")",https://cs2tokens.com/iem-cologne-2026/items/sticker-teses-foil-cologne-2026,sticker-teses-foil-cologne-2026,ok,,https://cs2tokens.com/iem-cologne-2026/items/sticker-teses-foil-cologne-2026/q-data.json,Sticker | TeSeS (Foil) | Cologne 2026,https://steamcommunity.com/market/listings/730/Sticker%20%7C%20TeSeS%20%28Foil%29%20%7C%20Cologne%202026,1209,10587,5316,12,iem-cologne-2026,campaign_12,sticker,Autograph,TeSeS,Falcons,rarity_mythical
2026-06-04 00:38:18,20260604_003818,https://cs2tokens.com/browse?sort=price-asc&finish=Foil,Foil,8956bf98f1de,Sticker | Moseyuh (Foil) | Cologne 2026,Moseyuh,Cologne 2026,Player,Foil,TYLOO,Remarkable,#8847ff,45,0.45,112,161,0.6937,https://community.akamai.steamstatic.com/economy/image/i0CoZ81Ui0m-9KwlBY1L_18myuGuq1wfhWSaZgMttyVfPaERSR0Wqmu7LAocGJai0ki7VeTHjMmuOXSQ61MnpNWipUruRiL8kYXl5DdT0PShYagjIvGXX2WRxL105LQ5THm2xUkl6z_SzdascXmWOFQkA8MkTLJftRbrmsqnab2gERGXlg,"=IMAGE(""https://community.akamai.steamstatic.com/economy/image/i0CoZ81Ui0m-9KwlBY1L_18myuGuq1wfhWSaZgMttyVfPaERSR0Wqmu7LAocGJai0ki7VeTHjMmuOXSQ61MnpNWipUruRiL8kYXl5DdT0PShYagjIvGXX2WRxL105LQ5THm2xUkl6z_SzdascXmWOFQkA8MkTLJftRbrmsqnab2gERGXlg"")",https://cs2tokens.com/iem-cologne-2026/items/sticker-moseyuh-foil-cologne-2026,sticker-moseyuh-foil-cologne-2026,ok,,https://cs2tokens.com/iem-cologne-2026/items/sticker-moseyuh-foil-cologne-2026/q-data.json,Sticker | Moseyuh (Foil) | Cologne 2026,https://steamcommunity.com/market/listings/730/Sticker%20%7C%20Moseyuh%20%28Foil%29%20%7C%20Cologne%202026,1209,11047,5316,12,iem-cologne-2026,campaign_12,sticker,Autograph,Moseyuh,TYLOO,rarity_mythical
2026-06-04 00:38:18,20260604_003818,https://cs2tokens.com/browse?sort=price-asc&finish=Foil,Foil,6bb79a099d15,Sticker | JBa (Foil) | Cologne 2026,JBa,Cologne 2026,Player,Foil,M80,Remarkable,#8847ff,47,0.47,113,161,0.7,https://community.akamai.steamstatic.com/economy/image/i0CoZ81Ui0m-9KwlBY1L_18myuGuq1wfhWSaZgMttyVfPaERSR0Wqmu7LAocGJai0ki7VeTHjMmuOXSQ61MnpNWipUruRiL7nJff-y1S47z7OPBseanHCjOUme0jtuVoSXjlx00ksGuBz4ugI3rBPVV2AsZ2ELZfrFDmxfHbKWRz,"=IMAGE(""https://community.akamai.steamstatic.com/economy/image/i0CoZ81Ui0m-9KwlBY1L_18myuGuq1wfhWSaZgMttyVfPaERSR0Wqmu7LAocGJai0ki7VeTHjMmuOXSQ61MnpNWipUruRiL7nJff-y1S47z7OPBseanHCjOUme0jtuVoSXjlx00ksGuBz4ugI3rBPVV2AsZ2ELZfrFDmxfHbKWRz"")",https://cs2tokens.com/iem-cologne-2026/items/sticker-jba-foil-cologne-2026,sticker-jba-foil-cologne-2026,ok,,https://cs2tokens.com/iem-cologne-2026/items/sticker-jba-foil-cologne-2026/q-data.json,Sticker | JBa (Foil) | Cologne 2026,https://steamcommunity.com/market/listings/730/Sticker%20%7C%20JBa%20%28Foil%29%20%7C%20Cologne%202026,1209,10963,5316,12,iem-cologne-2026,campaign_12,sticker,Autograph,JBa,M80,rarity_mythical
2026-06-04 00:38:18,20260604_003818,https://cs2tokens.com/browse?sort=price-asc&finish=Foil,Foil,d6e7ab68971f,Sticker | story (Foil) | Cologne 2026,story,Cologne 2026,Player,Foil,Flyquest,Remarkable,#8847ff,47,0.47,114,161,0.7063,https://community.akamai.steamstatic.com/economy/image/i0CoZ81Ui0m-9KwlBY1L_18myuGuq1wfhWSaZgMttyVfPaERSR0Wqmu7LAocGJai0ki7VeTHjMmuOXSQ61MnpNWipUruRiLiipny5B1d4PuiJqBscqfCWzPImO115-I7S3mykE8i4W3Tytmgd3rBZ1B1CZFxEOINtham0oqwPmQTDbs,"=IMAGE(""https://community.akamai.steamstatic.com/economy/image/i0CoZ81Ui0m-9KwlBY1L_18myuGuq1wfhWSaZgMttyVfPaERSR0Wqmu7LAocGJai0ki7VeTHjMmuOXSQ61MnpNWipUruRiLiipny5B1d4PuiJqBscqfCWzPImO115-I7S3mykE8i4W3Tytmgd3rBZ1B1CZFxEOINtham0oqwPmQTDbs"")",https://cs2tokens.com/iem-cologne-2026/items/sticker-story-foil-cologne-2026,sticker-story-foil-cologne-2026,ok,,https://cs2tokens.com/iem-cologne-2026/items/sticker-story-foil-cologne-2026/q-data.json,Sticker | story (Foil) | Cologne 2026,https://steamcommunity.com/market/listings/730/Sticker%20%7C%20story%20%28Foil%29%20%7C%20Cologne%202026,1209,11167,5316,12,iem-cologne-2026,campaign_12,sticker,Autograph,story,Flyquest,rarity_mythical
2026-06-04 00:38:18,20260604_003818,https://cs2tokens.com/browse?sort=price-asc&finish=Foil,Foil,d340d8fa2d21,Sticker | kyxsan (Foil) | Cologne 2026,kyxsan,Cologne 2026,Player,Foil,Falcons,Remarkable,#8847ff,48,0.48,115,161,0.7125,https://community.akamai.steamstatic.com/economy/image/i0CoZ81Ui0m-9KwlBY1L_18myuGuq1wfhWSaZgMttyVfPaERSR0Wqmu7LAocGJai0ki7VeTHjMmuOXSQ61MnpNWipUruRiL6h47z_Cxk6f2nZOpsJamWX2PIwO136bE4G3_mxRt-62vUmNapIy6SZlQoW8ciQ-9Zt0LpjJS5YG3ZUZ7X,"=IMAGE(""https://community.akamai.steamstatic.com/economy/image/i0CoZ81Ui0m-9KwlBY1L_18myuGuq1wfhWSaZgMttyVfPaERSR0Wqmu7LAocGJai0ki7VeTHjMmuOXSQ61MnpNWipUruRiL6h47z_Cxk6f2nZOpsJamWX2PIwO136bE4G3_mxRt-62vUmNapIy6SZlQoW8ciQ-9Zt0LpjJS5YG3ZUZ7X"")",https://cs2tokens.com/iem-cologne-2026/items/sticker-kyxsan-foil-cologne-2026,sticker-kyxsan-foil-cologne-2026,ok,,https://cs2tokens.com/iem-cologne-2026/items/sticker-kyxsan-foil-cologne-2026/q-data.json,Sticker | kyxsan (Foil) | Cologne 2026,https://steamcommunity.com/market/listings/730/Sticker%20%7C%20kyxsan%20%28Foil%29%20%7C%20Cologne%202026,1209,10579,5316,12,iem-cologne-2026,campaign_12,sticker,Autograph,kyxsan,Falcons,rarity_mythical
2026-06-04 00:38:18,20260604_003818,https://cs2tokens.com/browse?sort=price-asc&finish=Foil,Foil,ab0614d0f56d,Sticker | mzinho (Foil) | Cologne 2026,mzinho,Cologne 2026,Player,Foil,The MongolZ,Remarkable,#8847ff,48,0.48,116,161,0.7188,https://community.akamai.steamstatic.com/economy/image/i0CoZ81Ui0m-9KwlBY1L_18myuGuq1wfhWSaZgMttyVfPaERSR0Wqmu7LAocGJai0ki7VeTHjMmuOXSQ61MnpNWipUruRiL8hJ_u9S1k6f2nZOpvJKGXC2TJmb506OBoHny2xRx_tW-Bwtupd3iTaQBxDcF3R7VftELrjJS5YIFO6kW8,"=IMAGE(""https://community.akamai.steamstatic.com/economy/image/i0CoZ81Ui0m-9KwlBY1L_18myuGuq1wfhWSaZgMttyVfPaERSR0Wqmu7LAocGJai0ki7VeTHjMmuOXSQ61MnpNWipUruRiL8hJ_u9S1k6f2nZOpvJKGXC2TJmb506OBoHny2xRx_tW-Bwtupd3iTaQBxDcF3R7VftELrjJS5YIFO6kW8"")",https://cs2tokens.com/iem-cologne-2026/items/sticker-mzinho-foil-cologne-2026,sticker-mzinho-foil-cologne-2026,ok,,https://cs2tokens.com/iem-cologne-2026/items/sticker-mzinho-foil-cologne-2026/q-data.json,Sticker | mzinho (Foil) | Cologne 2026,https://steamcommunity.com/market/listings/730/Sticker%20%7C%20mzinho%20%28Foil%29%20%7C%20Cologne%202026,1209,10607,5316,12,iem-cologne-2026,campaign_12,sticker,Autograph,mzinho,The MongolZ,rarity_mythical
2026-06-04 00:38:18,20260604_003818,https://cs2tokens.com/browse?sort=price-asc&finish=Foil,Foil,b8b1e6fddec9,Sticker | br0 (Foil) | Cologne 2026,br0,Cologne 2026,Player,Foil,NRG,Remarkable,#8847ff,48,0.48,117,161,0.725,https://community.akamai.steamstatic.com/economy/image/i0CoZ81Ui0m-9KwlBY1L_18myuGuq1wfhWSaZgMttyVfPaERSR0Wqmu7LAocGJai0ki7VeTHjMmuOXSQ61MnpNWipUruRiLzjMbf-y1S47yqMfw-IaaSXWbIl-t1tbJtTnC2lE50tW7UmI2sc3mXOw4hCsckTeNYrFDmxcUpw1pz,"=IMAGE(""https://community.akamai.steamstatic.com/economy/image/i0CoZ81Ui0m-9KwlBY1L_18myuGuq1wfhWSaZgMttyVfPaERSR0Wqmu7LAocGJai0ki7VeTHjMmuOXSQ61MnpNWipUruRiLzjMbf-y1S47yqMfw-IaaSXWbIl-t1tbJtTnC2lE50tW7UmI2sc3mXOw4hCsckTeNYrFDmxcUpw1pz"")",https://cs2tokens.com/iem-cologne-2026/items/sticker-br0-foil-cologne-2026,sticker-br0-foil-cologne-2026,ok,,https://cs2tokens.com/iem-cologne-2026/items/sticker-br0-foil-cologne-2026/q-data.json,Sticker | br0 (Foil) | Cologne 2026,https://steamcommunity.com/market/listings/730/Sticker%20%7C%20br0%20%28Foil%29%20%7C%20Cologne%202026,1209,11019,5316,12,iem-cologne-2026,campaign_12,sticker,Autograph,br0,NRG,rarity_mythical
2026-06-04 00:38:18,20260604_003818,https://cs2tokens.com/browse?sort=price-asc&finish=Foil,Foil,2667b6e11a21,Sticker | Techno4K (Foil) | Cologne 2026,Techno4K,Cologne 2026,Player,Foil,The MongolZ,Remarkable,#8847ff,49,0.49,118,161,0.7312,https://community.akamai.steamstatic.com/economy/image/i0CoZ81Ui0m-9KwlBY1L_18myuGuq1wfhWSaZgMttyVfPaERSR0Wqmu7LAocGJai0ki7VeTHjMmuOXSQ61MnpNWipUruRiLlm5Xo8y0P5M2oZ61hbqCXWTWRlOggtbQ8TCvnzE1w6jvXw9apdH-UOwAnXpp3ROML40S_w9L5d7S1BHsA3rk,"=IMAGE(""https://community.akamai.steamstatic.com/economy/image/i0CoZ81Ui0m-9KwlBY1L_18myuGuq1wfhWSaZgMttyVfPaERSR0Wqmu7LAocGJai0ki7VeTHjMmuOXSQ61MnpNWipUruRiLlm5Xo8y0P5M2oZ61hbqCXWTWRlOggtbQ8TCvnzE1w6jvXw9apdH-UOwAnXpp3ROML40S_w9L5d7S1BHsA3rk"")",https://cs2tokens.com/iem-cologne-2026/items/sticker-techno4k-foil-cologne-2026,sticker-techno4k-foil-cologne-2026,ok,,https://cs2tokens.com/iem-cologne-2026/items/sticker-techno4k-foil-cologne-2026/q-data.json,Sticker | Techno4K (Foil) | Cologne 2026,https://steamcommunity.com/market/listings/730/Sticker%20%7C%20Techno4K%20%28Foil%29%20%7C%20Cologne%202026,1209,10599,5316,12,iem-cologne-2026,campaign_12,sticker,Autograph,Techno4K,The MongolZ,rarity_mythical
2026-06-04 00:38:18,20260604_003818,https://cs2tokens.com/browse?sort=price-asc&finish=Foil,Foil,ec5cb54d79b4,Sticker | jks (Foil) | Cologne 2026,jks,Cologne 2026,Player,Foil,Flyquest,Remarkable,#8847ff,49,0.49,119,161,0.7375,https://community.akamai.steamstatic.com/economy/image/i0CoZ81Ui0m-9KwlBY1L_18myuGuq1wfhWSaZgMttyVfPaERSR0Wqmu7LAocGJai0ki7VeTHjMmuOXSQ61MnpNWipUruRiL7lYXf-y1S47yta_Y0JfLHDz-Rw7wn47E7GyzllEhy5T6GmNj9JXmUOwByCpMjR7EOrFDmxTc0Y68r,"=IMAGE(""https://community.akamai.steamstatic.com/economy/image/i0CoZ81Ui0m-9KwlBY1L_18myuGuq1wfhWSaZgMttyVfPaERSR0Wqmu7LAocGJai0ki7VeTHjMmuOXSQ61MnpNWipUruRiL7lYXf-y1S47yta_Y0JfLHDz-Rw7wn47E7GyzllEhy5T6GmNj9JXmUOwByCpMjR7EOrFDmxTc0Y68r"")",https://cs2tokens.com/iem-cologne-2026/items/sticker-jks-foil-cologne-2026,sticker-jks-foil-cologne-2026,ok,,https://cs2tokens.com/iem-cologne-2026/items/sticker-jks-foil-cologne-2026/q-data.json,Sticker | jks (Foil) | Cologne 2026,https://steamcommunity.com/market/listings/730/Sticker%20%7C%20jks%20%28Foil%29%20%7C%20Cologne%202026,1209,11159,5316,12,iem-cologne-2026,campaign_12,sticker,Autograph,jks,Flyquest,rarity_mythical
2026-06-04 00:38:18,20260604_003818,https://cs2tokens.com/browse?sort=price-asc&finish=Foil,Foil,944bb3bcd8fb,Sticker | koala (Foil) | Cologne 2026,koala,Cologne 2026,Player,Foil,Sharks Esports,Remarkable,#8847ff,52,0.51,120,161,0.7438,https://community.akamai.steamstatic.com/economy/image/i0CoZ81Ui0m-9KwlBY1L_18myuGuq1wfhWSaZgMttyVfPaERSR0Wqmu7LAocGJai0ki7VeTHjMmuOXSQ61MnpNWipUruRiL6kZfs_B1d4PuiJvJrIaHBWmaTkOoi5LY4GCjhlhl_5TzTzN-sJ3KQb1RxWZQmEOcIsxam0oqwaKJsRuM,"=IMAGE(""https://community.akamai.steamstatic.com/economy/image/i0CoZ81Ui0m-9KwlBY1L_18myuGuq1wfhWSaZgMttyVfPaERSR0Wqmu7LAocGJai0ki7VeTHjMmuOXSQ61MnpNWipUruRiL6kZfs_B1d4PuiJvJrIaHBWmaTkOoi5LY4GCjhlhl_5TzTzN-sJ3KQb1RxWZQmEOcIsxam0oqwaKJsRuM"")",https://cs2tokens.com/iem-cologne-2026/items/sticker-koala-foil-cologne-2026,sticker-koala-foil-cologne-2026,ok,,https://cs2tokens.com/iem-cologne-2026/items/sticker-koala-foil-cologne-2026/q-data.json,Sticker | koala (Foil) | Cologne 2026,https://steamcommunity.com/market/listings/730/Sticker%20%7C%20koala%20%28Foil%29%20%7C%20Cologne%202026,1209,11059,5316,12,iem-cologne-2026,campaign_12,sticker,Autograph,koala,Sharks Esports,rarity_mythical
2026-06-04 00:38:18,20260604_003818,https://cs2tokens.com/browse?sort=price-asc&finish=Foil,Foil,0c9f5fa2be72,Sticker | doc (Foil) | Cologne 2026,doc,Cologne 2026,Player,Foil,Sharks Esports,Remarkable,#8847ff,59,0.58,121,161,0.75,https://community.akamai.steamstatic.com/economy/image/i0CoZ81Ui0m-9KwlBY1L_18myuGuq1wfhWSaZgMttyVfPaERSR0Wqmu7LAocGJai0ki7VeTHjMmuOXSQ61MnpNWipUruRiL1kZXf-y1S47yrPvQ_IfLFWzXFxLp0s7A8F33qxEl0sDyByIn8dSqSbwR1WZchR7YNrFDmxeLM82KX,"=IMAGE(""https://community.akamai.steamstatic.com/economy/image/i0CoZ81Ui0m-9KwlBY1L_18myuGuq1wfhWSaZgMttyVfPaERSR0Wqmu7LAocGJai0ki7VeTHjMmuOXSQ61MnpNWipUruRiL1kZXf-y1S47yrPvQ_IfLFWzXFxLp0s7A8F33qxEl0sDyByIn8dSqSbwR1WZchR7YNrFDmxeLM82KX"")",https://cs2tokens.com/iem-cologne-2026/items/sticker-doc-foil-cologne-2026,sticker-doc-foil-cologne-2026,ok,,https://cs2tokens.com/iem-cologne-2026/items/sticker-doc-foil-cologne-2026/q-data.json,Sticker | doc (Foil) | Cologne 2026,https://steamcommunity.com/market/listings/730/Sticker%20%7C%20doc%20%28Foil%29%20%7C%20Cologne%202026,1209,11071,5316,12,iem-cologne-2026,campaign_12,sticker,Autograph,doc,Sharks Esports,rarity_mythical
2026-06-04 00:38:18,20260604_003818,https://cs2tokens.com/browse?sort=price-asc&finish=Foil,Foil,3f18d2850d9c,Sticker | mezii (Foil) | Cologne 2026,mezii,Cologne 2026,Player,Foil,Vitality,Remarkable,#8847ff,61,0.6,122,161,0.7562,https://community.akamai.steamstatic.com/economy/image/i0CoZ81Ui0m-9KwlBY1L_18myuGuq1wfhWSaZgMttyVfPaERSR0Wqmu7LAocGJai0ki7VeTHjMmuOXSQ61MnpNWipUruRiL8m4zp9B1d4PuiJvFsdfSXDGXCkbly47RtS3vkwhh_tWncydeveHPFbgAjD5dwE-MKtBKm0oqw-ZBh7qE,"=IMAGE(""https://community.akamai.steamstatic.com/economy/image/i0CoZ81Ui0m-9KwlBY1L_18myuGuq1wfhWSaZgMttyVfPaERSR0Wqmu7LAocGJai0ki7VeTHjMmuOXSQ61MnpNWipUruRiL8m4zp9B1d4PuiJvFsdfSXDGXCkbly47RtS3vkwhh_tWncydeveHPFbgAjD5dwE-MKtBKm0oqw-ZBh7qE"")",https://cs2tokens.com/iem-cologne-2026/items/sticker-mezii-foil-cologne-2026,sticker-mezii-foil-cologne-2026,ok,,https://cs2tokens.com/iem-cologne-2026/items/sticker-mezii-foil-cologne-2026/q-data.json,Sticker | mezii (Foil) | Cologne 2026,https://steamcommunity.com/market/listings/730/Sticker%20%7C%20mezii%20%28Foil%29%20%7C%20Cologne%202026,1209,10543,5316,12,iem-cologne-2026,campaign_12,sticker,Autograph,mezii,Vitality,rarity_mythical
2026-06-04 00:38:18,20260604_003818,https://cs2tokens.com/browse?sort=price-asc&finish=Foil,Foil,ac6d06f1c35e,Sticker | tN1R (Foil) | Cologne 2026,tN1R,Cologne 2026,Player,Foil,Team Spirit,Remarkable,#8847ff,61,0.6,123,161,0.7625,https://community.akamai.steamstatic.com/economy/image/i0CoZ81Ui0m-9KwlBY1L_18myuGuq1wfhWSaZgMttyVfPaERSR0Wqmu7LAocGJai0ki7VeTHjMmuOXSQ61MnpNWipUruRiLlkMfywiRU5v7gP6Y1cajECGHGl7hw4OU5HS21lhgmtz7Vyor8IH3FZw4iWZslTOcIsQ74zIMW4_SbOg,"=IMAGE(""https://community.akamai.steamstatic.com/economy/image/i0CoZ81Ui0m-9KwlBY1L_18myuGuq1wfhWSaZgMttyVfPaERSR0Wqmu7LAocGJai0ki7VeTHjMmuOXSQ61MnpNWipUruRiLlkMfywiRU5v7gP6Y1cajECGHGl7hw4OU5HS21lhgmtz7Vyor8IH3FZw4iWZslTOcIsQ74zIMW4_SbOg"")",https://cs2tokens.com/iem-cologne-2026/items/sticker-tn1r-foil-cologne-2026,sticker-tn1r-foil-cologne-2026,ok,,https://cs2tokens.com/iem-cologne-2026/items/sticker-tn1r-foil-cologne-2026/q-data.json,Sticker | tN1R (Foil) | Cologne 2026,https://steamcommunity.com/market/listings/730/Sticker%20%7C%20tN1R%20%28Foil%29%20%7C%20Cologne%202026,1209,10715,5316,12,iem-cologne-2026,campaign_12,sticker,Autograph,tN1R,Team Spirit,rarity_mythical
2026-06-04 00:38:18,20260604_003818,https://cs2tokens.com/browse?sort=price-asc&finish=Foil,Foil,e4b03e3900f5,Sticker | Liazz (Foil) | Cologne 2026,Liazz,Cologne 2026,Player,Foil,,Remarkable,#8847ff,61,0.6,124,161,0.7688,https://community.akamai.steamstatic.com/economy/image/i0CoZ81Ui0m-9KwlBY1L_18myuGuq1wfhWSaZgMttyVfPaERSR0Wqmu7LAocGJai0ki7VeTHjMmuOXSQ61MnpNWipUruRiL9l5f65x1d4PuiJv1uIqGWDTPEkrsg4rA4GH3gxEh24GuEzdygeSnFawd2WcZ2QrEOthWm0oqwtg3yPLo,"=IMAGE(""https://community.akamai.steamstatic.com/economy/image/i0CoZ81Ui0m-9KwlBY1L_18myuGuq1wfhWSaZgMttyVfPaERSR0Wqmu7LAocGJai0ki7VeTHjMmuOXSQ61MnpNWipUruRiL9l5f65x1d4PuiJv1uIqGWDTPEkrsg4rA4GH3gxEh24GuEzdygeSnFawd2WcZ2QrEOthWm0oqwtg3yPLo"")",https://cs2tokens.com/iem-cologne-2026/items/sticker-liazz-foil-cologne-2026,sticker-liazz-foil-cologne-2026,ok,,https://cs2tokens.com/iem-cologne-2026/items/sticker-liazz-foil-cologne-2026/q-data.json,Sticker | Liazz (Foil) | Cologne 2026,https://steamcommunity.com/market/listings/730/Sticker%20%7C%20Liazz%20%28Foil%29%20%7C%20Cologne%202026,1209,11139,5316,12,iem-cologne-2026,campaign_12,sticker,Autograph,Liazz,,rarity_mythical
2026-06-04 00:38:18,20260604_003818,https://cs2tokens.com/browse?sort=price-asc&finish=Foil,Foil,adf2be02ba2a,Sticker | Jee (Foil) | Cologne 2026,Jee,Cologne 2026,Player,Foil,TYLOO,Remarkable,#8847ff,65,0.64,125,161,0.775,https://community.akamai.steamstatic.com/economy/image/i0CoZ81Ui0m-9KwlBY1L_18myuGuq1wfhWSaZgMttyVfPaERSR0Wqmu7LAocGJai0ki7VeTHjMmuOXSQ61MnpNWipUruRiL7m5Pf-y1S47yvbfc5cKnKXTWUxOt3s7g-SSjnk05w6mWBz9ahICifOAQiA8EkQbUIrFDmxUhfCpVU,"=IMAGE(""https://community.akamai.steamstatic.com/economy/image/i0CoZ81Ui0m-9KwlBY1L_18myuGuq1wfhWSaZgMttyVfPaERSR0Wqmu7LAocGJai0ki7VeTHjMmuOXSQ61MnpNWipUruRiL7m5Pf-y1S47yvbfc5cKnKXTWUxOt3s7g-SSjnk05w6mWBz9ahICifOAQiA8EkQbUIrFDmxUhfCpVU"")",https://cs2tokens.com/iem-cologne-2026/items/sticker-jee-foil-cologne-2026,sticker-jee-foil-cologne-2026,ok,,https://cs2tokens.com/iem-cologne-2026/items/sticker-jee-foil-cologne-2026/q-data.json,Sticker | Jee (Foil) | Cologne 2026,https://steamcommunity.com/market/listings/730/Sticker%20%7C%20Jee%20%28Foil%29%20%7C%20Cologne%202026,1209,11039,5316,12,iem-cologne-2026,campaign_12,sticker,Autograph,Jee,TYLOO,rarity_mythical
2026-06-04 00:38:18,20260604_003818,https://cs2tokens.com/browse?sort=price-asc&finish=Foil,Foil,79aadfeaebb2,Sticker | 910 (Foil) | Cologne 2026,910,Cologne 2026,Player,Foil,The MongolZ,Remarkable,#8847ff,69,0.68,126,161,0.7812,https://community.akamai.steamstatic.com/economy/image/i0CoZ81Ui0m-9KwlBY1L_18myuGuq1wfhWSaZgMttyVfPaERSR0Wqmu7LAocGJai0ki7VeTHjMmuOXSQ61MnpNWipUruRiKoz8bf-y1S47z8OfA9IqjEXmPGx7omtbQ6HHjnzB904m_WwtytJy7FOwBzXpN4QuIIrFDmxeKtcKDt,"=IMAGE(""https://community.akamai.steamstatic.com/economy/image/i0CoZ81Ui0m-9KwlBY1L_18myuGuq1wfhWSaZgMttyVfPaERSR0Wqmu7LAocGJai0ki7VeTHjMmuOXSQ61MnpNWipUruRiKoz8bf-y1S47z8OfA9IqjEXmPGx7omtbQ6HHjnzB904m_WwtytJy7FOwBzXpN4QuIIrFDmxeKtcKDt"")",https://cs2tokens.com/iem-cologne-2026/items/sticker-910-foil-cologne-2026,sticker-910-foil-cologne-2026,ok,,https://cs2tokens.com/iem-cologne-2026/items/sticker-910-foil-cologne-2026/q-data.json,Sticker | 910 (Foil) | Cologne 2026,https://steamcommunity.com/market/listings/730/Sticker%20%7C%20910%20%28Foil%29%20%7C%20Cologne%202026,1209,10611,5316,12,iem-cologne-2026,campaign_12,sticker,Autograph,910,The MongolZ,rarity_mythical
2026-06-04 00:38:18,20260604_003818,https://cs2tokens.com/browse?sort=price-asc&finish=Foil,Foil,ac1b2c2b8ad2,Sticker | iM (Foil) | Cologne 2026,iM,Cologne 2026,Player,Foil,Natus Vincere,Remarkable,#8847ff,70,0.69,127,161,0.7875,https://community.akamai.steamstatic.com/economy/image/i0CoZ81Ui0m-9KwlBY1L_18myuGuq1wfhWSaZgMttyVfPaERSR0Wqmu7LAocGJai0ki7VeTHjMmuOXSQ61MnpNWipUruRiL4k6nm8itXoff-bPU4c6bGXGHJk7114-RtS3nlzUUh52rSzIn4cyrEPVcpC8F5ReYU8k7vLnipgJk,"=IMAGE(""https://community.akamai.steamstatic.com/economy/image/i0CoZ81Ui0m-9KwlBY1L_18myuGuq1wfhWSaZgMttyVfPaERSR0Wqmu7LAocGJai0ki7VeTHjMmuOXSQ61MnpNWipUruRiL4k6nm8itXoff-bPU4c6bGXGHJk7114-RtS3nlzUUh52rSzIn4cyrEPVcpC8F5ReYU8k7vLnipgJk"")",https://cs2tokens.com/iem-cologne-2026/items/sticker-im-foil-cologne-2026,sticker-im-foil-cologne-2026,ok,,https://cs2tokens.com/iem-cologne-2026/items/sticker-im-foil-cologne-2026/q-data.json,Sticker | iM (Foil) | Cologne 2026,https://steamcommunity.com/market/listings/730/Sticker%20%7C%20iM%20%28Foil%29%20%7C%20Cologne%202026,1209,10567,5316,12,iem-cologne-2026,campaign_12,sticker,Autograph,iM,Natus Vincere,rarity_mythical
2026-06-04 00:38:18,20260604_003818,https://cs2tokens.com/browse?sort=price-asc&finish=Foil,Foil,234faad5d76d,Sticker | aliStair (Foil) | Cologne 2026,aliStair,Cologne 2026,Player,Foil,,Remarkable,#8847ff,71,0.7,128,161,0.7937,https://community.akamai.steamstatic.com/economy/image/i0CoZ81Ui0m-9KwlBY1L_18myuGuq1wfhWSaZgMttyVfPaERSR0Wqmu7LAocGJai0ki7VeTHjMmuOXSQ61MnpNWipUruRiLwkp_z6SNS_c2oZ61hbqHGWT7Cw7l35blrS321kR8mtT_Xz9j7d33DPVByDJNwQeQLu0O-xt35d7S1DPIsVk4,"=IMAGE(""https://community.akamai.steamstatic.com/economy/image/i0CoZ81Ui0m-9KwlBY1L_18myuGuq1wfhWSaZgMttyVfPaERSR0Wqmu7LAocGJai0ki7VeTHjMmuOXSQ61MnpNWipUruRiLwkp_z6SNS_c2oZ61hbqHGWT7Cw7l35blrS321kR8mtT_Xz9j7d33DPVByDJNwQeQLu0O-xt35d7S1DPIsVk4"")",https://cs2tokens.com/iem-cologne-2026/items/sticker-alistair-foil-cologne-2026,sticker-alistair-foil-cologne-2026,ok,,https://cs2tokens.com/iem-cologne-2026/items/sticker-alistair-foil-cologne-2026/q-data.json,Sticker | aliStair (Foil) | Cologne 2026,https://steamcommunity.com/market/listings/730/Sticker%20%7C%20aliStair%20%28Foil%29%20%7C%20Cologne%202026,1209,11143,5316,12,iem-cologne-2026,campaign_12,sticker,Autograph,aliStair,,rarity_mythical
2026-06-04 00:38:18,20260604_003818,https://cs2tokens.com/browse?sort=price-asc&finish=Foil,Foil,237a2d2f45bc,Sticker | sh1ro (Foil) | Cologne 2026,sh1ro,Cologne 2026,Player,Foil,Team Spirit,Remarkable,#8847ff,74,0.73,129,161,0.8,https://community.akamai.steamstatic.com/economy/image/i0CoZ81Ui0m-9KwlBY1L_18myuGuq1wfhWSaZgMttyVfPaERSR0Wqmu7LAocGJai0ki7VeTHjMmuOXSQ61MnpNWipUruRiLilsfy8h1d4PuiJqdpdfTBXWHDxO91tLk9GHvilk93tmmAnNusICiSaAIhDJYlELFZtEWm0oqwLJCe4G8,"=IMAGE(""https://community.akamai.steamstatic.com/economy/image/i0CoZ81Ui0m-9KwlBY1L_18myuGuq1wfhWSaZgMttyVfPaERSR0Wqmu7LAocGJai0ki7VeTHjMmuOXSQ61MnpNWipUruRiLilsfy8h1d4PuiJqdpdfTBXWHDxO91tLk9GHvilk93tmmAnNusICiSaAIhDJYlELFZtEWm0oqwLJCe4G8"")",https://cs2tokens.com/iem-cologne-2026/items/sticker-sh1ro-foil-cologne-2026,sticker-sh1ro-foil-cologne-2026,ok,,https://cs2tokens.com/iem-cologne-2026/items/sticker-sh1ro-foil-cologne-2026/q-data.json,Sticker | sh1ro (Foil) | Cologne 2026,https://steamcommunity.com/market/listings/730/Sticker%20%7C%20sh1ro%20%28Foil%29%20%7C%20Cologne%202026,1209,10727,5316,12,iem-cologne-2026,campaign_12,sticker,Autograph,sh1ro,Team Spirit,rarity_mythical
2026-06-04 00:38:18,20260604_003818,https://cs2tokens.com/browse?sort=price-asc&finish=Foil,Foil,e09b47b45184,Sticker | zont1x (Foil) | Cologne 2026,zont1x,Cologne 2026,Player,Foil,Team Spirit,Remarkable,#8847ff,77,0.76,130,161,0.8063,https://community.akamai.steamstatic.com/economy/image/i0CoZ81Ui0m-9KwlBY1L_18myuGuq1wfhWSaZgMttyVfPaERSR0Wqmu7LAocGJai0ki7VeTHjMmuOXSQ61MnpNWipUruRiLrkZj0rDpk6f2nZOpsJafBVmaUxbsv4uQ_FnjkwU124W-Ant6qdnzBPVN1CpZ5QLZZu0O4jJS5YGWUrY_5,"=IMAGE(""https://community.akamai.steamstatic.com/economy/image/i0CoZ81Ui0m-9KwlBY1L_18myuGuq1wfhWSaZgMttyVfPaERSR0Wqmu7LAocGJai0ki7VeTHjMmuOXSQ61MnpNWipUruRiLrkZj0rDpk6f2nZOpsJafBVmaUxbsv4uQ_FnjkwU124W-Ant6qdnzBPVN1CpZ5QLZZu0O4jJS5YGWUrY_5"")",https://cs2tokens.com/iem-cologne-2026/items/sticker-zont1x-foil-cologne-2026,sticker-zont1x-foil-cologne-2026,ok,,https://cs2tokens.com/iem-cologne-2026/items/sticker-zont1x-foil-cologne-2026/q-data.json,Sticker | zont1x (Foil) | Cologne 2026,https://steamcommunity.com/market/listings/730/Sticker%20%7C%20zont1x%20%28Foil%29%20%7C%20Cologne%202026,1209,10731,5316,12,iem-cologne-2026,campaign_12,sticker,Autograph,zont1x,Team Spirit,rarity_mythical
2026-06-04 00:38:18,20260604_003818,https://cs2tokens.com/browse?sort=price-asc&finish=Foil,Foil,af605eb0b88e,Sticker | S1ren (Foil) | Cologne 2026,S1ren,Cologne 2026,Player,Foil,BetBoom,Remarkable,#8847ff,78,0.77,131,161,0.8125,https://community.akamai.steamstatic.com/economy/image/i0CoZ81Ui0m-9KwlBY1L_18myuGuq1wfhWSaZgMttyVfPaERSR0Wqmu7LAocGJai0ki7VeTHjMmuOXSQ61MnpNWipUruRiLiz4Tl8x1d4PuiJvc-IqDGWzbGlrwg5LM-FyzmwxlzsmyAmNf6ci3BbAZ2X8EjF-MItxSm0oqwjqhFrzA,"=IMAGE(""https://community.akamai.steamstatic.com/economy/image/i0CoZ81Ui0m-9KwlBY1L_18myuGuq1wfhWSaZgMttyVfPaERSR0Wqmu7LAocGJai0ki7VeTHjMmuOXSQ61MnpNWipUruRiLiz4Tl8x1d4PuiJvc-IqDGWzbGlrwg5LM-FyzmwxlzsmyAmNf6ci3BbAZ2X8EjF-MItxSm0oqwjqhFrzA"")",https://cs2tokens.com/iem-cologne-2026/items/sticker-s1ren-foil-cologne-2026,sticker-s1ren-foil-cologne-2026,ok,,https://cs2tokens.com/iem-cologne-2026/items/sticker-s1ren-foil-cologne-2026/q-data.json,Sticker | S1ren (Foil) | Cologne 2026,https://steamcommunity.com/market/listings/730/Sticker%20%7C%20S1ren%20%28Foil%29%20%7C%20Cologne%202026,1209,10923,5316,12,iem-cologne-2026,campaign_12,sticker,Autograph,S1ren,BetBoom,rarity_mythical
2026-06-04 00:38:18,20260604_003818,https://cs2tokens.com/browse?sort=price-asc&finish=Foil,Foil,e180edd56029,Sticker | EliGE (Foil) | Cologne 2026,EliGE,Cologne 2026,Player,Foil,Team Liquid,Remarkable,#8847ff,82,0.81,132,161,0.8187,https://community.akamai.steamstatic.com/economy/image/i0CoZ81Ui0m-9KwlBY1L_18myuGuq1wfhWSaZgMttyVfPaERSR0Wqmu7LAocGJai0ki7VeTHjMmuOXSQ61MnpNWipUruRiL0kp_n-B1d4PuiJqY8danADzTBlLp04bNsTnGyzUkm4GTXzt2pci_Ga1AmX8R1QuYP4RSm0oqwHBr9Dmo,"=IMAGE(""https://community.akamai.steamstatic.com/economy/image/i0CoZ81Ui0m-9KwlBY1L_18myuGuq1wfhWSaZgMttyVfPaERSR0Wqmu7LAocGJai0ki7VeTHjMmuOXSQ61MnpNWipUruRiL0kp_n-B1d4PuiJqY8danADzTBlLp04bNsTnGyzUkm4GTXzt2pci_Ga1AmX8R1QuYP4RSm0oqwHBr9Dmo"")",https://cs2tokens.com/iem-cologne-2026/items/sticker-elige-foil-cologne-2026,sticker-elige-foil-cologne-2026,ok,,https://cs2tokens.com/iem-cologne-2026/items/sticker-elige-foil-cologne-2026/q-data.json,Sticker | EliGE (Foil) | Cologne 2026,https://steamcommunity.com/market/listings/730/Sticker%20%7C%20EliGE%20%28Foil%29%20%7C%20Cologne%202026,1209,11095,5316,12,iem-cologne-2026,campaign_12,sticker,Autograph,EliGE,Team Liquid,rarity_mythical
2026-06-04 00:38:18,20260604_003818,https://cs2tokens.com/browse?sort=price-asc&finish=Foil,Foil,a88af7f9bdb3,Sticker | C4LLM3SU3 (Foil) | Cologne 2026,C4LLM3SU3,Cologne 2026,Player,Foil,Lynn Vision,Remarkable,#8847ff,84,0.83,133,161,0.825,https://community.akamai.steamstatic.com/economy/image/i0CoZ81Ui0m-9KwlBY1L_18myuGuq1wfhWSaZgMttyVfPaERSR0Wqmu7LAocGJai0ki7VeTHjMmuOXSQ61MnpNWipUruRiLyyprs8HFI-qGRbqtkLL7LXj6UkLsk4rg6Fn2wwUl_4GrTyd_6dH_COwUlCZZxR-YO5hDrxNPgKaq8sPDIVzk5,"=IMAGE(""https://community.akamai.steamstatic.com/economy/image/i0CoZ81Ui0m-9KwlBY1L_18myuGuq1wfhWSaZgMttyVfPaERSR0Wqmu7LAocGJai0ki7VeTHjMmuOXSQ61MnpNWipUruRiLyyprs8HFI-qGRbqtkLL7LXj6UkLsk4rg6Fn2wwUl_4GrTyd_6dH_COwUlCZZxR-YO5hDrxNPgKaq8sPDIVzk5"")",https://cs2tokens.com/iem-cologne-2026/items/sticker-c4llm3su3-foil-cologne-2026,sticker-c4llm3su3-foil-cologne-2026,ok,,https://cs2tokens.com/iem-cologne-2026/items/sticker-c4llm3su3-foil-cologne-2026/q-data.json,Sticker | C4LLM3SU3 (Foil) | Cologne 2026,https://steamcommunity.com/market/listings/730/Sticker%20%7C%20C4LLM3SU3%20%28Foil%29%20%7C%20Cologne%202026,1209,11131,5316,12,iem-cologne-2026,campaign_12,sticker,Autograph,C4LLM3SU3,Lynn Vision,rarity_mythical
2026-06-04 00:38:18,20260604_003818,https://cs2tokens.com/browse?sort=price-asc&finish=Foil,Foil,06d50fb5f9e6,Sticker | magixx (Foil) | Cologne 2026,magixx,Cologne 2026,Player,Foil,Team Spirit,Remarkable,#8847ff,85,0.84,134,161,0.8313,https://community.akamai.steamstatic.com/economy/image/i0CoZ81Ui0m-9KwlBY1L_18myuGuq1wfhWSaZgMttyVfPaERSR0Wqmu7LAocGJai0ki7VeTHjMmuOXSQ61MnpNWipUruRiL8n5Hp5Tpk6f2nZOprdqKVXzTBmb0uteJoGiy1lxtztTmDzN38eH-fawB2AsMhTe5Yuxe4jJS5YCRuRfFE,"=IMAGE(""https://community.akamai.steamstatic.com/economy/image/i0CoZ81Ui0m-9KwlBY1L_18myuGuq1wfhWSaZgMttyVfPaERSR0Wqmu7LAocGJai0ki7VeTHjMmuOXSQ61MnpNWipUruRiL8n5Hp5Tpk6f2nZOprdqKVXzTBmb0uteJoGiy1lxtztTmDzN38eH-fawB2AsMhTe5Yuxe4jJS5YCRuRfFE"")",https://cs2tokens.com/iem-cologne-2026/items/sticker-magixx-foil-cologne-2026,sticker-magixx-foil-cologne-2026,ok,,https://cs2tokens.com/iem-cologne-2026/items/sticker-magixx-foil-cologne-2026/q-data.json,Sticker | magixx (Foil) | Cologne 2026,https://steamcommunity.com/market/listings/730/Sticker%20%7C%20magixx%20%28Foil%29%20%7C%20Cologne%202026,1209,10723,5316,12,iem-cologne-2026,campaign_12,sticker,Autograph,magixx,Team Spirit,rarity_mythical
2026-06-04 00:38:18,20260604_003818,https://cs2tokens.com/browse?sort=price-asc&finish=Foil,Foil,88302a227f57,Sticker | Zero (Foil) | Cologne 2026,Zero,Cologne 2026,Player,Foil,TYLOO,Remarkable,#8847ff,85,0.84,135,161,0.8375,https://community.akamai.steamstatic.com/economy/image/i0CoZ81Ui0m-9KwlBY1L_18myuGuq1wfhWSaZgMttyVfPaERSR0Wqmu7LAocGJai0ki7VeTHjMmuOXSQ61MnpNWipUruRiLrm4Tv_ixk6f2nZOo7caHBXjeRx7cjtuBsGSuwwEx2sGvRn42veCnFZgAhXpp4QeAIukbtjJS5YGgM07qb,"=IMAGE(""https://community.akamai.steamstatic.com/economy/image/i0CoZ81Ui0m-9KwlBY1L_18myuGuq1wfhWSaZgMttyVfPaERSR0Wqmu7LAocGJai0ki7VeTHjMmuOXSQ61MnpNWipUruRiLrm4Tv_ixk6f2nZOo7caHBXjeRx7cjtuBsGSuwwEx2sGvRn42veCnFZgAhXpp4QeAIukbtjJS5YGgM07qb"")",https://cs2tokens.com/iem-cologne-2026/items/sticker-zero-foil-cologne-2026,sticker-zero-foil-cologne-2026,ok,,https://cs2tokens.com/iem-cologne-2026/items/sticker-zero-foil-cologne-2026/q-data.json,Sticker | Zero (Foil) | Cologne 2026,https://steamcommunity.com/market/listings/730/Sticker%20%7C%20Zero%20%28Foil%29%20%7C%20Cologne%202026,1209,11051,5316,12,iem-cologne-2026,campaign_12,sticker,Autograph,Zero,TYLOO,rarity_mythical
2026-06-04 00:38:18,20260604_003818,https://cs2tokens.com/browse?sort=price-asc&finish=Foil,Foil,b6d8c4592f0a,Sticker | XANTARES (Foil) | Cologne 2026,XANTARES,Cologne 2026,Player,Foil,Aurora,Remarkable,#8847ff,89,0.88,136,161,0.8438,https://community.akamai.steamstatic.com/economy/image/i0CoZ81Ui0m-9KwlBY1L_18myuGuq1wfhWSaZgMttyVfPaERSR0Wqmu7LAocGJai0ki7VeTHjMmuOXSQ61MnpNWipUruRiLpn5j0_DBe_M2oZ61hbqWSCzKSkOog5LM5H3q2xUx_sWTXyYn7dHqePQ8nWcBzF-9c5kWxm9L5d7S1Wji9m8A,"=IMAGE(""https://community.akamai.steamstatic.com/economy/image/i0CoZ81Ui0m-9KwlBY1L_18myuGuq1wfhWSaZgMttyVfPaERSR0Wqmu7LAocGJai0ki7VeTHjMmuOXSQ61MnpNWipUruRiLpn5j0_DBe_M2oZ61hbqWSCzKSkOog5LM5H3q2xUx_sWTXyYn7dHqePQ8nWcBzF-9c5kWxm9L5d7S1Wji9m8A"")",https://cs2tokens.com/iem-cologne-2026/items/sticker-xantares-foil-cologne-2026,sticker-xantares-foil-cologne-2026,ok,,https://cs2tokens.com/iem-cologne-2026/items/sticker-xantares-foil-cologne-2026/q-data.json,Sticker | XANTARES (Foil) | Cologne 2026,https://steamcommunity.com/market/listings/730/Sticker%20%7C%20XANTARES%20%28Foil%29%20%7C%20Cologne%202026,1209,10635,5316,12,iem-cologne-2026,campaign_12,sticker,Autograph,XANTARES,Aurora,rarity_mythical
2026-06-04 00:38:18,20260604_003818,https://cs2tokens.com/browse?sort=price-asc&finish=Foil,Foil,56555b6a9bcb,Sticker | b1t (Foil) | Cologne 2026,b1t,Cologne 2026,Player,Foil,Natus Vincere,Remarkable,#8847ff,91,0.9,137,161,0.85,https://community.akamai.steamstatic.com/economy/image/i0CoZ81Ui0m-9KwlBY1L_18myuGuq1wfhWSaZgMttyVfPaERSR0Wqmu7LAocGJai0ki7VeTHjMmuOXSQ61MnpNWipUruRiLzz4Lf-y1S47z4bvw5I6nFWmXIkL8k5uNvGy_jwRwi6mmDwtz9dnvEOgYlWMNzRrIJrFDmxSxUBtN3,"=IMAGE(""https://community.akamai.steamstatic.com/economy/image/i0CoZ81Ui0m-9KwlBY1L_18myuGuq1wfhWSaZgMttyVfPaERSR0Wqmu7LAocGJai0ki7VeTHjMmuOXSQ61MnpNWipUruRiLzz4Lf-y1S47z4bvw5I6nFWmXIkL8k5uNvGy_jwRwi6mmDwtz9dnvEOgYlWMNzRrIJrFDmxSxUBtN3"")",https://cs2tokens.com/iem-cologne-2026/items/sticker-b1t-foil-cologne-2026,sticker-b1t-foil-cologne-2026,ok,,https://cs2tokens.com/iem-cologne-2026/items/sticker-b1t-foil-cologne-2026/q-data.json,Sticker | b1t (Foil) | Cologne 2026,https://steamcommunity.com/market/listings/730/Sticker%20%7C%20b1t%20%28Foil%29%20%7C%20Cologne%202026,1209,10563,5316,12,iem-cologne-2026,campaign_12,sticker,Autograph,b1t,Natus Vincere,rarity_mythical
2026-06-04 00:38:18,20260604_003818,https://cs2tokens.com/browse?sort=price-asc&finish=Foil,Foil,eb0572b26471,Sticker | Jame (Foil) | Cologne 2026,Jame,Cologne 2026,Player,Foil,PARIVISION,Remarkable,#8847ff,91,0.9,138,161,0.8562,https://community.akamai.steamstatic.com/economy/image/i0CoZ81Ui0m-9KwlBY1L_18myuGuq1wfhWSaZgMttyVfPaERSR0Wqmu7LAocGJai0ki7VeTHjMmuOXSQ61MnpNWipUruRiL7n5vlwiRU5v7gbPU1c6mRC2HGlrou6LA_S3i2w0witT-Dytz6cnifbAQnDMF0E7MCsQ74zINvB5uzBQ,"=IMAGE(""https://community.akamai.steamstatic.com/economy/image/i0CoZ81Ui0m-9KwlBY1L_18myuGuq1wfhWSaZgMttyVfPaERSR0Wqmu7LAocGJai0ki7VeTHjMmuOXSQ61MnpNWipUruRiL7n5vlwiRU5v7gbPU1c6mRC2HGlrou6LA_S3i2w0witT-Dytz6cnifbAQnDMF0E7MCsQ74zINvB5uzBQ"")",https://cs2tokens.com/iem-cologne-2026/items/sticker-jame-foil-cologne-2026,sticker-jame-foil-cologne-2026,ok,,https://cs2tokens.com/iem-cologne-2026/items/sticker-jame-foil-cologne-2026/q-data.json,Sticker | Jame (Foil) | Cologne 2026,https://steamcommunity.com/market/listings/730/Sticker%20%7C%20Jame%20%28Foil%29%20%7C%20Cologne%202026,1209,10615,5316,12,iem-cologne-2026,campaign_12,sticker,Autograph,Jame,PARIVISION,rarity_mythical
2026-06-04 00:38:18,20260604_003818,https://cs2tokens.com/browse?sort=price-asc&finish=Foil,Foil,04f71cae1194,Sticker | hypex (Foil) | Cologne 2026,hypex,Cologne 2026,Player,Foil,GamerLegion,Remarkable,#8847ff,91,0.9,139,161,0.8625,https://community.akamai.steamstatic.com/economy/image/i0CoZ81Ui0m-9KwlBY1L_18myuGuq1wfhWSaZgMttyVfPaERSR0Wqmu7LAocGJai0ki7VeTHjMmuOXSQ61MnpNWipUruRiL5h4bl5R1d4PuiJv05c6OSWjGUkL0hseQ-GSqwwBx_tjnSzI36I3mSbFMnX5IhRLYKuxam0oqwyMD-xnk,"=IMAGE(""https://community.akamai.steamstatic.com/economy/image/i0CoZ81Ui0m-9KwlBY1L_18myuGuq1wfhWSaZgMttyVfPaERSR0Wqmu7LAocGJai0ki7VeTHjMmuOXSQ61MnpNWipUruRiL5h4bl5R1d4PuiJv05c6OSWjGUkL0hseQ-GSqwwBx_tjnSzI36I3mSbFMnX5IhRLYKuxam0oqwyMD-xnk"")",https://cs2tokens.com/iem-cologne-2026/items/sticker-hypex-foil-cologne-2026,sticker-hypex-foil-cologne-2026,ok,,https://cs2tokens.com/iem-cologne-2026/items/sticker-hypex-foil-cologne-2026/q-data.json,Sticker | hypex (Foil) | Cologne 2026,https://steamcommunity.com/market/listings/730/Sticker%20%7C%20hypex%20%28Foil%29%20%7C%20Cologne%202026,1209,10871,5316,12,iem-cologne-2026,campaign_12,sticker,Autograph,hypex,GamerLegion,rarity_mythical
2026-06-04 00:38:18,20260604_003818,https://cs2tokens.com/browse?sort=price-asc&finish=Foil,Foil,06e64c1afaaa,Sticker | FlameZ (Foil) | Cologne 2026,FlameZ,Cologne 2026,Player,Foil,Vitality,Remarkable,#8847ff,92,0.91,140,161,0.8688,https://community.akamai.steamstatic.com/economy/image/i0CoZ81Ui0m-9KwlBY1L_18myuGuq1wfhWSaZgMttyVfPaERSR0Wqmu7LAocGJai0ki7VeTHjMmuOXSQ61MnpNWipUruRiL3kpft-Dhk6f2nZOo9c6TGXmWSw7gl57ZtHXvhxExz4znTmdiqd37FblR1CMZ2TbYMtkK9jJS5YN2iRZeN,"=IMAGE(""https://community.akamai.steamstatic.com/economy/image/i0CoZ81Ui0m-9KwlBY1L_18myuGuq1wfhWSaZgMttyVfPaERSR0Wqmu7LAocGJai0ki7VeTHjMmuOXSQ61MnpNWipUruRiL3kpft-Dhk6f2nZOo9c6TGXmWSw7gl57ZtHXvhxExz4znTmdiqd37FblR1CMZ2TbYMtkK9jJS5YN2iRZeN"")",https://cs2tokens.com/iem-cologne-2026/items/sticker-flamez-foil-cologne-2026,sticker-flamez-foil-cologne-2026,ok,,https://cs2tokens.com/iem-cologne-2026/items/sticker-flamez-foil-cologne-2026/q-data.json,Sticker | FlameZ (Foil) | Cologne 2026,https://steamcommunity.com/market/listings/730/Sticker%20%7C%20FlameZ%20%28Foil%29%20%7C%20Cologne%202026,1209,10547,5316,12,iem-cologne-2026,campaign_12,sticker,Autograph,FlameZ,Vitality,rarity_mythical
2026-06-04 00:38:18,20260604_003818,https://cs2tokens.com/browse?sort=price-asc&finish=Foil,Foil,b78b787fad7e,Sticker | afro (Foil) | Cologne 2026,afro,Cologne 2026,Player,Foil,Monte,Remarkable,#8847ff,97,0.96,141,161,0.875,https://raw.githubusercontent.com/ByMykel/counter-strike-image-tracker/main/static/panorama/images/econ/stickers/cologne2026/sig_afro_foil_png.png,"=IMAGE(""https://raw.githubusercontent.com/ByMykel/counter-strike-image-tracker/main/static/panorama/images/econ/stickers/cologne2026/sig_afro_foil_png.png"")",https://cs2tokens.com/iem-cologne-2026/items/sticker-afro-foil-cologne-2026,sticker-afro-foil-cologne-2026,ok,,https://cs2tokens.com/iem-cologne-2026/items/sticker-afro-foil-cologne-2026/q-data.json,Sticker | afro (Foil) | Cologne 2026,https://steamcommunity.com/market/listings/730/Sticker%20%7C%20afro%20%28Foil%29%20%7C%20Cologne%202026,1209,10823,5316,12,iem-cologne-2026,campaign_12,sticker,Autograph,afro,Monte,rarity_mythical
2026-06-04 00:38:18,20260604_003818,https://cs2tokens.com/browse?sort=price-asc&finish=Foil,Foil,abe33284f7e2,Sticker | TjP (Foil) | Cologne 2026,TjP,Cologne 2026,Player,Foil,,Remarkable,#8847ff,99,0.98,142,161,0.8812,https://community.akamai.steamstatic.com/economy/image/i0CoZ81Ui0m-9KwlBY1L_18myuGuq1wfhWSaZgMttyVfPaERSR0Wqmu7LAocGJai0ki7VeTHjMmuOXSQ61MnpNWipUruRiLllIbf-y1S47z4O_RodKOWVjfHku1y5rg8HS2xxEkit2qHy9yqdniSOwcpDsEkQ-YKrFDmxTwlibBy,"=IMAGE(""https://community.akamai.steamstatic.com/economy/image/i0CoZ81Ui0m-9KwlBY1L_18myuGuq1wfhWSaZgMttyVfPaERSR0Wqmu7LAocGJai0ki7VeTHjMmuOXSQ61MnpNWipUruRiLllIbf-y1S47z4O_RodKOWVjfHku1y5rg8HS2xxEkit2qHy9yqdniSOwcpDsEkQ-YKrFDmxTwlibBy"")",https://cs2tokens.com/iem-cologne-2026/items/sticker-tjp-foil-cologne-2026,sticker-tjp-foil-cologne-2026,ok,,https://cs2tokens.com/iem-cologne-2026/items/sticker-tjp-foil-cologne-2026/q-data.json,Sticker | TjP (Foil) | Cologne 2026,https://steamcommunity.com/market/listings/730/Sticker%20%7C%20TjP%20%28Foil%29%20%7C%20Cologne%202026,1209,11151,5316,12,iem-cologne-2026,campaign_12,sticker,Autograph,TjP,,rarity_mythical
2026-06-04 00:38:18,20260604_003818,https://cs2tokens.com/browse?sort=price-asc&finish=Foil,Foil,89e70f936625,Sticker | makazze (Foil) | Cologne 2026,makazze,Cologne 2026,Player,Foil,Natus Vincere,Remarkable,#8847ff,101,1.0,143,161,0.8875,https://community.akamai.steamstatic.com/economy/image/i0CoZ81Ui0m-9KwlBY1L_18myuGuq1wfhWSaZgMttyVfPaERSR0Wqmu7LAocGJai0ki7VeTHjMmuOXSQ61MnpNWipUruRiL8n53h5zhe0PShYagjc6TDWDHGxLwgtOJtG3G3lEhytWqDwo39JSmQaQ52WZdxQu5c40a_lsqnab35VzsFRQ,"=IMAGE(""https://community.akamai.steamstatic.com/economy/image/i0CoZ81Ui0m-9KwlBY1L_18myuGuq1wfhWSaZgMttyVfPaERSR0Wqmu7LAocGJai0ki7VeTHjMmuOXSQ61MnpNWipUruRiL8n53h5zhe0PShYagjc6TDWDHGxLwgtOJtG3G3lEhytWqDwo39JSmQaQ52WZdxQu5c40a_lsqnab35VzsFRQ"")",https://cs2tokens.com/iem-cologne-2026/items/sticker-makazze-foil-cologne-2026,sticker-makazze-foil-cologne-2026,ok,,https://cs2tokens.com/iem-cologne-2026/items/sticker-makazze-foil-cologne-2026/q-data.json,Sticker | makazze (Foil) | Cologne 2026,https://steamcommunity.com/market/listings/730/Sticker%20%7C%20makazze%20%28Foil%29%20%7C%20Cologne%202026,1209,10571,5316,12,iem-cologne-2026,campaign_12,sticker,Autograph,makazze,Natus Vincere,rarity_mythical
2026-06-04 00:38:18,20260604_003818,https://cs2tokens.com/browse?sort=price-asc&finish=Foil,Foil,52deaeaa7afb,Sticker | Aleksib (Foil) | Cologne 2026,Aleksib,Cologne 2026,Player,Foil,Natus Vincere,Remarkable,#8847ff,112,1.11,144,161,0.8938,https://community.akamai.steamstatic.com/economy/image/i0CoZ81Ui0m-9KwlBY1L_18myuGuq1wfhWSaZgMttyVfPaERSR0Wqmu7LAocGJai0ki7VeTHjMmuOXSQ61MnpNWipUruRiLwkpPr7itZ0PShYagjdqTBW2SUmex15bk4Ti-3kBxw4WuByt6rIi-SOlJzApUiRLZZ4BDqkcqnab3kAnBvAw,"=IMAGE(""https://community.akamai.steamstatic.com/economy/image/i0CoZ81Ui0m-9KwlBY1L_18myuGuq1wfhWSaZgMttyVfPaERSR0Wqmu7LAocGJai0ki7VeTHjMmuOXSQ61MnpNWipUruRiLwkpPr7itZ0PShYagjdqTBW2SUmex15bk4Ti-3kBxw4WuByt6rIi-SOlJzApUiRLZZ4BDqkcqnab3kAnBvAw"")",https://cs2tokens.com/iem-cologne-2026/items/sticker-aleksib-foil-cologne-2026,sticker-aleksib-foil-cologne-2026,ok,,https://cs2tokens.com/iem-cologne-2026/items/sticker-aleksib-foil-cologne-2026/q-data.json,Sticker | Aleksib (Foil) | Cologne 2026,https://steamcommunity.com/market/listings/730/Sticker%20%7C%20Aleksib%20%28Foil%29%20%7C%20Cologne%202026,1209,10559,5316,12,iem-cologne-2026,campaign_12,sticker,Autograph,Aleksib,Natus Vincere,rarity_mythical
2026-06-04 00:38:18,20260604_003818,https://cs2tokens.com/browse?sort=price-asc&finish=Foil,Foil,9b47a34f0b97,Sticker | z4KR (Foil) | Cologne 2026,z4KR,Cologne 2026,Player,Foil,Lynn Vision,Remarkable,#8847ff,123,1.22,145,161,0.9,https://community.akamai.steamstatic.com/economy/image/i0CoZ81Ui0m-9KwlBY1L_18myuGuq1wfhWSaZgMttyVfPaERSR0Wqmu7LAocGJai0ki7VeTHjMmuOXSQ61MnpNWipUruRiLryp3ywiRU5v7gOaU8dqPFWWLDwrkv47A4HiuykEhy5GXTyNqsIHKRalJxX5F3E-VfsQ74zIMyvz9yOw,"=IMAGE(""https://community.akamai.steamstatic.com/economy/image/i0CoZ81Ui0m-9KwlBY1L_18myuGuq1wfhWSaZgMttyVfPaERSR0Wqmu7LAocGJai0ki7VeTHjMmuOXSQ61MnpNWipUruRiLryp3ywiRU5v7gOaU8dqPFWWLDwrkv47A4HiuykEhy5GXTyNqsIHKRalJxX5F3E-VfsQ74zIMyvz9yOw"")",https://cs2tokens.com/iem-cologne-2026/items/sticker-z4kr-foil-cologne-2026,sticker-z4kr-foil-cologne-2026,ok,,https://cs2tokens.com/iem-cologne-2026/items/sticker-z4kr-foil-cologne-2026/q-data.json,Sticker | z4KR (Foil) | Cologne 2026,https://steamcommunity.com/market/listings/730/Sticker%20%7C%20z4KR%20%28Foil%29%20%7C%20Cologne%202026,1209,11119,5316,12,iem-cologne-2026,campaign_12,sticker,Autograph,z4KR,Lynn Vision,rarity_mythical
2026-06-04 00:38:18,20260604_003818,https://cs2tokens.com/browse?sort=price-asc&finish=Foil,Foil,ba753ea8da51,Sticker | molodoy (Foil) | Cologne 2026,molodoy,Cologne 2026,Player,Foil,FURIA,Remarkable,#8847ff,131,1.3,146,161,0.9062,https://community.akamai.steamstatic.com/economy/image/i0CoZ81Ui0m-9KwlBY1L_18myuGuq1wfhWSaZgMttyVfPaERSR0Wqmu7LAocGJai0ki7VeTHjMmuOXSQ61MnpNWipUruRiL8kZrv-S1C0PShYagjdPLKVjHIlLgm4bA6S3HjwBhztWXdw9_9ci6Rawd0A5clRuACtxO_w8qnab3_QUZHyg,"=IMAGE(""https://community.akamai.steamstatic.com/economy/image/i0CoZ81Ui0m-9KwlBY1L_18myuGuq1wfhWSaZgMttyVfPaERSR0Wqmu7LAocGJai0ki7VeTHjMmuOXSQ61MnpNWipUruRiL8kZrv-S1C0PShYagjdPLKVjHIlLgm4bA6S3HjwBhztWXdw9_9ci6Rawd0A5clRuACtxO_w8qnab3_QUZHyg"")",https://cs2tokens.com/iem-cologne-2026/items/sticker-molodoy-foil-cologne-2026,sticker-molodoy-foil-cologne-2026,ok,,https://cs2tokens.com/iem-cologne-2026/items/sticker-molodoy-foil-cologne-2026/q-data.json,Sticker | molodoy (Foil) | Cologne 2026,https://steamcommunity.com/market/listings/730/Sticker%20%7C%20molodoy%20%28Foil%29%20%7C%20Cologne%202026,1209,10667,5316,12,iem-cologne-2026,campaign_12,sticker,Autograph,molodoy,FURIA,rarity_mythical
2026-06-04 00:38:18,20260604_003818,https://cs2tokens.com/browse?sort=price-asc&finish=Foil,Foil,691a0fb15f89,Sticker | Boombl4 (Foil) | Cologne 2026,Boombl4,Cologne 2026,Player,Foil,BetBoom,Remarkable,#8847ff,132,1.31,147,161,0.9125,https://community.akamai.steamstatic.com/economy/image/i0CoZ81Ui0m-9KwlBY1L_18myuGuq1wfhWSaZgMttyVfPaERSR0Wqmu7LAocGJai0ki7VeTHjMmuOXSQ61MnpNWipUruRiLzkZnt_y4P0PShYagjIqfECzbFkegntbFsSi3gkEUj4Djdw9j_eXLDPQMhXsNzF-ADtBXslMqnab2y8x5TIA,"=IMAGE(""https://community.akamai.steamstatic.com/economy/image/i0CoZ81Ui0m-9KwlBY1L_18myuGuq1wfhWSaZgMttyVfPaERSR0Wqmu7LAocGJai0ki7VeTHjMmuOXSQ61MnpNWipUruRiLzkZnt_y4P0PShYagjIqfECzbFkegntbFsSi3gkEUj4Djdw9j_eXLDPQMhXsNzF-ADtBXslMqnab2y8x5TIA"")",https://cs2tokens.com/iem-cologne-2026/items/sticker-boombl4-foil-cologne-2026,sticker-boombl4-foil-cologne-2026,ok,,https://cs2tokens.com/iem-cologne-2026/items/sticker-boombl4-foil-cologne-2026/q-data.json,Sticker | Boombl4 (Foil) | Cologne 2026,https://steamcommunity.com/market/listings/730/Sticker%20%7C%20Boombl4%20%28Foil%29%20%7C%20Cologne%202026,1209,10915,5316,12,iem-cologne-2026,campaign_12,sticker,Autograph,Boombl4,BetBoom,rarity_mythical
2026-06-04 00:38:18,20260604_003818,https://cs2tokens.com/browse?sort=price-asc&finish=Foil,Foil,97439c796b4d,Sticker | JamYoung (Foil) | Cologne 2026,JamYoung,Cologne 2026,Player,Foil,TYLOO,Remarkable,#8847ff,145,1.44,148,161,0.9187,https://community.akamai.steamstatic.com/economy/image/i0CoZ81Ui0m-9KwlBY1L_18myuGuq1wfhWSaZgMttyVfPaERSR0Wqmu7LAocGJai0ki7VeTHjMmuOXSQ61MnpNWipUruRiL7n5v58jdV6M2oZ61hbqGXXmXIxbd16OIwHyu1lE0k5Dzdn4r8dH-ROldxD8ZzRrYJt0LukIX5d7S114ESBOo,"=IMAGE(""https://community.akamai.steamstatic.com/economy/image/i0CoZ81Ui0m-9KwlBY1L_18myuGuq1wfhWSaZgMttyVfPaERSR0Wqmu7LAocGJai0ki7VeTHjMmuOXSQ61MnpNWipUruRiL7n5v58jdV6M2oZ61hbqGXXmXIxbd16OIwHyu1lE0k5Dzdn4r8dH-ROldxD8ZzRrYJt0LukIX5d7S114ESBOo"")",https://cs2tokens.com/iem-cologne-2026/items/sticker-jamyoung-foil-cologne-2026,sticker-jamyoung-foil-cologne-2026,ok,,https://cs2tokens.com/iem-cologne-2026/items/sticker-jamyoung-foil-cologne-2026/q-data.json,Sticker | JamYoung (Foil) | Cologne 2026,https://steamcommunity.com/market/listings/730/Sticker%20%7C%20JamYoung%20%28Foil%29%20%7C%20Cologne%202026,1209,11043,5316,12,iem-cologne-2026,campaign_12,sticker,Autograph,JamYoung,TYLOO,rarity_mythical
2026-06-04 00:38:18,20260604_003818,https://cs2tokens.com/browse?sort=price-asc&finish=Foil,Foil,d73d7ef6d2f6,Sticker | apEX (Foil) | Cologne 2026,apEX,Cologne 2026,Player,Foil,Vitality,Remarkable,#8847ff,158,1.56,149,161,0.925,https://community.akamai.steamstatic.com/economy/image/i0CoZ81Ui0m-9KwlBY1L_18myuGuq1wfhWSaZgMttyVfPaERSR0Wqmu7LAocGJai0ki7VeTHjMmuOXSQ61MnpNWipUruRiLwjpP4wiRU5v7gOvQ6JPbDD2OWlbcms-I6F3vhxB4i5D_Vzon6J3-RPQ4pD8FyTeAM5A74zIMPtVH0vw,"=IMAGE(""https://community.akamai.steamstatic.com/economy/image/i0CoZ81Ui0m-9KwlBY1L_18myuGuq1wfhWSaZgMttyVfPaERSR0Wqmu7LAocGJai0ki7VeTHjMmuOXSQ61MnpNWipUruRiLwjpP4wiRU5v7gOvQ6JPbDD2OWlbcms-I6F3vhxB4i5D_Vzon6J3-RPQ4pD8FyTeAM5A74zIMPtVH0vw"")",https://cs2tokens.com/iem-cologne-2026/items/sticker-apex-foil-cologne-2026,sticker-apex-foil-cologne-2026,ok,,https://cs2tokens.com/iem-cologne-2026/items/sticker-apex-foil-cologne-2026/q-data.json,Sticker | apEX (Foil) | Cologne 2026,https://steamcommunity.com/market/listings/730/Sticker%20%7C%20apEX%20%28Foil%29%20%7C%20Cologne%202026,1209,10539,5316,12,iem-cologne-2026,campaign_12,sticker,Autograph,apEX,Vitality,rarity_mythical
2026-06-04 00:38:18,20260604_003818,https://cs2tokens.com/browse?sort=price-asc&finish=Foil,Foil,3509a8b543cb,Sticker | w0nderful (Foil) | Cologne 2026,w0nderful,Cologne 2026,Player,Foil,Natus Vincere,Remarkable,#8847ff,167,1.65,150,161,0.9313,https://community.akamai.steamstatic.com/economy/image/i0CoZ81Ui0m-9KwlBY1L_18myuGuq1wfhWSaZgMttyVfPaERSR0Wqmu7LAocGJai0ki7VeTHjMmuOXSQ61MnpNWipUruRiLmzpjk-DBd-v6RbqtkLL7HW2XIl7sgsrQwTSqxxUpx4WnRzdn9eXrBbwUjWZR4EbMI5EO6k4XvKaq8sAk5eu7z,"=IMAGE(""https://community.akamai.steamstatic.com/economy/image/i0CoZ81Ui0m-9KwlBY1L_18myuGuq1wfhWSaZgMttyVfPaERSR0Wqmu7LAocGJai0ki7VeTHjMmuOXSQ61MnpNWipUruRiLmzpjk-DBd-v6RbqtkLL7HW2XIl7sgsrQwTSqxxUpx4WnRzdn9eXrBbwUjWZR4EbMI5EO6k4XvKaq8sAk5eu7z"")",https://cs2tokens.com/iem-cologne-2026/items/sticker-w0nderful-foil-cologne-2026,sticker-w0nderful-foil-cologne-2026,ok,,https://cs2tokens.com/iem-cologne-2026/items/sticker-w0nderful-foil-cologne-2026/q-data.json,Sticker | w0nderful (Foil) | Cologne 2026,https://steamcommunity.com/market/listings/730/Sticker%20%7C%20w0nderful%20%28Foil%29%20%7C%20Cologne%202026,1209,10555,5316,12,iem-cologne-2026,campaign_12,sticker,Autograph,w0nderful,Natus Vincere,rarity_mythical
2026-06-04 00:38:18,20260604_003818,https://cs2tokens.com/browse?sort=price-asc&finish=Foil,Foil,b1e91169bd09,Sticker | asap (Foil) | Cologne 2026,asap,Cologne 2026,Player,Foil,,Remarkable,#8847ff,186,1.84,151,161,0.9375,https://community.akamai.steamstatic.com/economy/image/i0CoZ81Ui0m-9KwlBY1L_18myuGuq1wfhWSaZgMttyVfPaERSR0Wqmu7LAocGJai0ki7VeTHjMmuOXSQ61MnpNWipUruRiLwjZfwwiRU5v7gOKU1JKnAWj7Glr8i5rU8GXmyzEx_5zzXzN-vcn3EPwZ0A8ciFO9bug74zINvw3ajAg,"=IMAGE(""https://community.akamai.steamstatic.com/economy/image/i0CoZ81Ui0m-9KwlBY1L_18myuGuq1wfhWSaZgMttyVfPaERSR0Wqmu7LAocGJai0ki7VeTHjMmuOXSQ61MnpNWipUruRiLwjZfwwiRU5v7gOKU1JKnAWj7Glr8i5rU8GXmyzEx_5zzXzN-vcn3EPwZ0A8ciFO9bug74zINvw3ajAg"")",https://cs2tokens.com/iem-cologne-2026/items/sticker-asap-foil-cologne-2026,sticker-asap-foil-cologne-2026,ok,,https://cs2tokens.com/iem-cologne-2026/items/sticker-asap-foil-cologne-2026/q-data.json,Sticker | asap (Foil) | Cologne 2026,https://steamcommunity.com/market/listings/730/Sticker%20%7C%20asap%20%28Foil%29%20%7C%20Cologne%202026,1209,11147,5316,12,iem-cologne-2026,campaign_12,sticker,Autograph,asap,,rarity_mythical
2026-06-04 00:38:18,20260604_003818,https://cs2tokens.com/browse?sort=price-asc&finish=Foil,Foil,f7f25c1acad1,Sticker | kyousuke (Foil) | Cologne 2026,kyousuke,Cologne 2026,Player,Foil,Falcons,Remarkable,#8847ff,211,2.09,152,161,0.9437,https://community.akamai.steamstatic.com/economy/image/i0CoZ81Ui0m-9KwlBY1L_18myuGuq1wfhWSaZgMttyVfPaERSR0Wqmu7LAocGJai0ki7VeTHjMmuOXSQ61MnpNWipUruRiL6h5n17jdQ6s2oZ61hbqSWCz6Sw7ZztLk_Syq3xk91sT7Qydz4d3mSZgQoCJN4QrNc4Bi4kNL5d7S1t-KczUc,"=IMAGE(""https://community.akamai.steamstatic.com/economy/image/i0CoZ81Ui0m-9KwlBY1L_18myuGuq1wfhWSaZgMttyVfPaERSR0Wqmu7LAocGJai0ki7VeTHjMmuOXSQ61MnpNWipUruRiL6h5n17jdQ6s2oZ61hbqSWCz6Sw7ZztLk_Syq3xk91sT7Qydz4d3mSZgQoCJN4QrNc4Bi4kNL5d7S1t-KczUc"")",https://cs2tokens.com/iem-cologne-2026/items/sticker-kyousuke-foil-cologne-2026,sticker-kyousuke-foil-cologne-2026,ok,,https://cs2tokens.com/iem-cologne-2026/items/sticker-kyousuke-foil-cologne-2026/q-data.json,Sticker | kyousuke (Foil) | Cologne 2026,https://steamcommunity.com/market/listings/730/Sticker%20%7C%20kyousuke%20%28Foil%29%20%7C%20Cologne%202026,1209,10591,5316,12,iem-cologne-2026,campaign_12,sticker,Autograph,kyousuke,Falcons,rarity_mythical
2026-06-04 00:38:18,20260604_003818,https://cs2tokens.com/browse?sort=price-asc&finish=Foil,Foil,422d4fb10469,Sticker | Snax (Foil) | Cologne 2026,Snax,Cologne 2026,Player,Foil,GamerLegion,Remarkable,#8847ff,221,2.19,153,161,0.95,https://community.akamai.steamstatic.com/economy/image/i0CoZ81Ui0m-9KwlBY1L_18myuGuq1wfhWSaZgMttyVfPaERSR0Wqmu7LAocGJai0ki7VeTHjMmuOXSQ61MnpNWipUruRiLikJf4wiRU5v7gOfI4dPWQW2KUlu8ltrk5SivilBlxsmzSwomgc3OUZgVxApJwE-8D4A74zINMpGVsjA,"=IMAGE(""https://community.akamai.steamstatic.com/economy/image/i0CoZ81Ui0m-9KwlBY1L_18myuGuq1wfhWSaZgMttyVfPaERSR0Wqmu7LAocGJai0ki7VeTHjMmuOXSQ61MnpNWipUruRiLikJf4wiRU5v7gOfI4dPWQW2KUlu8ltrk5SivilBlxsmzSwomgc3OUZgVxApJwE-8D4A74zINMpGVsjA"")",https://cs2tokens.com/iem-cologne-2026/items/sticker-snax-foil-cologne-2026,sticker-snax-foil-cologne-2026,ok,,https://cs2tokens.com/iem-cologne-2026/items/sticker-snax-foil-cologne-2026/q-data.json,Sticker | Snax (Foil) | Cologne 2026,https://steamcommunity.com/market/listings/730/Sticker%20%7C%20Snax%20%28Foil%29%20%7C%20Cologne%202026,1209,10855,5316,12,iem-cologne-2026,campaign_12,sticker,Autograph,Snax,GamerLegion,rarity_mythical
2026-06-04 00:38:18,20260604_003818,https://cs2tokens.com/browse?sort=price-asc&finish=Foil,Foil,dc81de69b355,Sticker | dexter (Foil) | Cologne 2026,dexter,Cologne 2026,Player,Foil,,Remarkable,#8847ff,231,2.29,154,161,0.9563,https://community.akamai.steamstatic.com/economy/image/i0CoZ81Ui0m-9KwlBY1L_18myuGuq1wfhWSaZgMttyVfPaERSR0Wqmu7LAocGJai0ki7VeTHjMmuOXSQ61MnpNWipUruRiL1m470-DBk6f2nZOo_JPbDXGaRmLwu5bk9TXjkxx5w6jzdntz8I3_EagEmXpV2QLQNs0WxjJS5YMICgn4K,"=IMAGE(""https://community.akamai.steamstatic.com/economy/image/i0CoZ81Ui0m-9KwlBY1L_18myuGuq1wfhWSaZgMttyVfPaERSR0Wqmu7LAocGJai0ki7VeTHjMmuOXSQ61MnpNWipUruRiL1m470-DBk6f2nZOo_JPbDXGaRmLwu5bk9TXjkxx5w6jzdntz8I3_EagEmXpV2QLQNs0WxjJS5YMICgn4K"")",https://cs2tokens.com/iem-cologne-2026/items/sticker-dexter-foil-cologne-2026,sticker-dexter-foil-cologne-2026,ok,,https://cs2tokens.com/iem-cologne-2026/items/sticker-dexter-foil-cologne-2026/q-data.json,Sticker | dexter (Foil) | Cologne 2026,https://steamcommunity.com/market/listings/730/Sticker%20%7C%20dexter%20%28Foil%29%20%7C%20Cologne%202026,1209,11135,5316,12,iem-cologne-2026,campaign_12,sticker,Autograph,dexter,,rarity_mythical
2026-06-04 00:38:18,20260604_003818,https://cs2tokens.com/browse?sort=price-asc&finish=Foil,Foil,ec983a46bced,Sticker | ropz (Foil) | Cologne 2026,ropz,Cologne 2026,Player,Foil,Vitality,Remarkable,#8847ff,365,3.61,155,161,0.9625,https://community.akamai.steamstatic.com/economy/image/i0CoZ81Ui0m-9KwlBY1L_18myuGuq1wfhWSaZgMttyVfPaERSR0Wqmu7LAocGJai0ki7VeTHjMmuOXSQ61MnpNWipUruRiLjkYb6wiRU5v7gavZoc_LFW2XHlLYi4eA4GC22kx515GrTm9n7dXnBa1MgXMB3EbUK4Q74zIMK0XxnPg,"=IMAGE(""https://community.akamai.steamstatic.com/economy/image/i0CoZ81Ui0m-9KwlBY1L_18myuGuq1wfhWSaZgMttyVfPaERSR0Wqmu7LAocGJai0ki7VeTHjMmuOXSQ61MnpNWipUruRiLjkYb6wiRU5v7gavZoc_LFW2XHlLYi4eA4GC22kx515GrTm9n7dXnBa1MgXMB3EbUK4Q74zIMK0XxnPg"")",https://cs2tokens.com/iem-cologne-2026/items/sticker-ropz-foil-cologne-2026,sticker-ropz-foil-cologne-2026,ok,,https://cs2tokens.com/iem-cologne-2026/items/sticker-ropz-foil-cologne-2026/q-data.json,Sticker | ropz (Foil) | Cologne 2026,https://steamcommunity.com/market/listings/730/Sticker%20%7C%20ropz%20%28Foil%29%20%7C%20Cologne%202026,1209,10551,5316,12,iem-cologne-2026,campaign_12,sticker,Autograph,ropz,Vitality,rarity_mythical
2026-06-04 00:38:18,20260604_003818,https://cs2tokens.com/browse?sort=price-asc&finish=Foil,Foil,1d2d7d961eba,Sticker | NiKo (Foil) | Cologne 2026,NiKo,Cologne 2026,Player,Foil,Falcons,Remarkable,#8847ff,378,3.74,156,161,0.9688,https://community.akamai.steamstatic.com/economy/image/i0CoZ81Ui0m-9KwlBY1L_18myuGuq1wfhWSaZgMttyVfPaERSR0Wqmu7LAocGJai0ki7VeTHjMmuOXSQ61MnpNWipUruRiL_l53vwiRU5v7gPPY8IaXKD2SUwOwv4-dqGXjrxUUk4G6HnI6pdH2VPw5zCJB3RuQIug74zIMVP1KKvw,"=IMAGE(""https://community.akamai.steamstatic.com/economy/image/i0CoZ81Ui0m-9KwlBY1L_18myuGuq1wfhWSaZgMttyVfPaERSR0Wqmu7LAocGJai0ki7VeTHjMmuOXSQ61MnpNWipUruRiL_l53vwiRU5v7gPPY8IaXKD2SUwOwv4-dqGXjrxUUk4G6HnI6pdH2VPw5zCJB3RuQIug74zIMVP1KKvw"")",https://cs2tokens.com/iem-cologne-2026/items/sticker-niko-foil-cologne-2026,sticker-niko-foil-cologne-2026,ok,,https://cs2tokens.com/iem-cologne-2026/items/sticker-niko-foil-cologne-2026/q-data.json,Sticker | NiKo (Foil) | Cologne 2026,https://steamcommunity.com/market/listings/730/Sticker%20%7C%20NiKo%20%28Foil%29%20%7C%20Cologne%202026,1209,10575,5316,12,iem-cologne-2026,campaign_12,sticker,Autograph,NiKo,Falcons,rarity_mythical
2026-06-04 00:38:18,20260604_003818,https://cs2tokens.com/browse?sort=price-asc&finish=Foil,Foil,4e074dfe3115,Sticker | FalleN (Foil) | Cologne 2026,FalleN,Cologne 2026,Player,Foil,FURIA,Remarkable,#8847ff,429,4.25,157,161,0.975,https://community.akamai.steamstatic.com/economy/image/i0CoZ81Ui0m-9KwlBY1L_18myuGuq1wfhWSaZgMttyVfPaERSR0Wqmu7LAocGJai0ki7VeTHjMmuOXSQ61MnpNWipUruRiL3n5rs-Cxk6f2nZOo4c_GQCjKUkb4n5eNsTnzmlBwk5WuAmdmsI3OXblRxWJp2E-YLthm-jJS5YPEMzfCr,"=IMAGE(""https://community.akamai.steamstatic.com/economy/image/i0CoZ81Ui0m-9KwlBY1L_18myuGuq1wfhWSaZgMttyVfPaERSR0Wqmu7LAocGJai0ki7VeTHjMmuOXSQ61MnpNWipUruRiL3n5rs-Cxk6f2nZOo4c_GQCjKUkb4n5eNsTnzmlBwk5WuAmdmsI3OXblRxWJp2E-YLthm-jJS5YPEMzfCr"")",https://cs2tokens.com/iem-cologne-2026/items/sticker-fallen-foil-cologne-2026,sticker-fallen-foil-cologne-2026,ok,,https://cs2tokens.com/iem-cologne-2026/items/sticker-fallen-foil-cologne-2026/q-data.json,Sticker | FalleN (Foil) | Cologne 2026,https://steamcommunity.com/market/listings/730/Sticker%20%7C%20FalleN%20%28Foil%29%20%7C%20Cologne%202026,1209,10663,5316,12,iem-cologne-2026,campaign_12,sticker,Autograph,FalleN,FURIA,rarity_mythical
2026-06-04 00:38:18,20260604_003818,https://cs2tokens.com/browse?sort=price-asc&finish=Foil,Foil,7192edcc1ac1,Sticker | IEM (Foil) | Cologne 2026,IEM,Cologne 2026,Player,Foil,,Remarkable,#8847ff,447,4.43,158,161,0.9812,https://community.akamai.steamstatic.com/economy/image/i0CoZ81Ui0m-9KwlBY1L_18myuGuq1wfhWSaZgMttyVfPaERSR0Wqmu7LAocGJai0ki7VeTHjMmuOXSQ61MnpNWipVDiTCL3kZ_ss3AOt6v4aaY4c_LBW2KWlO1ysrY4TSjhlkhxt2_VydihdyifbFdxDJZuBbld-oxVOT0,"=IMAGE(""https://community.akamai.steamstatic.com/economy/image/i0CoZ81Ui0m-9KwlBY1L_18myuGuq1wfhWSaZgMttyVfPaERSR0Wqmu7LAocGJai0ki7VeTHjMmuOXSQ61MnpNWipVDiTCL3kZ_ss3AOt6v4aaY4c_LBW2KWlO1ysrY4TSjhlkhxt2_VydihdyifbFdxDJZuBbld-oxVOT0"")",https://cs2tokens.com/iem-cologne-2026/items/sticker-iem-foil-cologne-2026,sticker-iem-foil-cologne-2026,ok,,https://cs2tokens.com/iem-cologne-2026/items/sticker-iem-foil-cologne-2026/q-data.json,Sticker | IEM (Foil) | Cologne 2026,https://steamcommunity.com/market/listings/730/Sticker%20%7C%20IEM%20%28Foil%29%20%7C%20Cologne%202026,1209,10498,5316,12,iem-cologne-2026,campaign_12,sticker,Event,,,rarity_mythical
2026-06-04 00:38:18,20260604_003818,https://cs2tokens.com/browse?sort=price-asc&finish=Foil,Foil,f27957032763,Sticker | ZywOo (Foil) | Cologne 2026,ZywOo,Cologne 2026,Player,Foil,Vitality,Remarkable,#8847ff,523,5.18,159,161,0.9875,https://community.akamai.steamstatic.com/economy/image/i0CoZ81Ui0m-9KwlBY1L_18myuGuq1wfhWSaZgMttyVfPaERSR0Wqmu7LAocGJai0ki7VeTHjMmuOXSQ61MnpNWipUruRiLrh4Hv8h1d4PuiJvFueaOXCjTEmegusrZtHizqkBt05jvWztmodn2ebQFzCsFzFOJc4xCm0oqwjJnHOZo,"=IMAGE(""https://community.akamai.steamstatic.com/economy/image/i0CoZ81Ui0m-9KwlBY1L_18myuGuq1wfhWSaZgMttyVfPaERSR0Wqmu7LAocGJai0ki7VeTHjMmuOXSQ61MnpNWipUruRiLrh4Hv8h1d4PuiJvFueaOXCjTEmegusrZtHizqkBt05jvWztmodn2ebQFzCsFzFOJc4xCm0oqwjJnHOZo"")",https://cs2tokens.com/iem-cologne-2026/items/sticker-zywoo-foil-cologne-2026,sticker-zywoo-foil-cologne-2026,ok,,https://cs2tokens.com/iem-cologne-2026/items/sticker-zywoo-foil-cologne-2026/q-data.json,Sticker | ZywOo (Foil) | Cologne 2026,https://steamcommunity.com/market/listings/730/Sticker%20%7C%20ZywOo%20%28Foil%29%20%7C%20Cologne%202026,1209,10535,5316,12,iem-cologne-2026,campaign_12,sticker,Autograph,ZywOo,Vitality,rarity_mythical
2026-06-04 00:38:18,20260604_003818,https://cs2tokens.com/browse?sort=price-asc&finish=Foil,Foil,47c32fcc20f2,Sticker | m0NESY (Foil) | Cologne 2026,m0NESY,Cologne 2026,Player,Foil,Falcons,Remarkable,#8847ff,536,5.31,160,161,0.9938,https://community.akamai.steamstatic.com/economy/image/i0CoZ81Ui0m-9KwlBY1L_18myuGuq1wfhWSaZgMttyVfPaERSR0Wqmu7LAocGJai0ki7VeTHjMmuOXSQ61MnpNWipUruRiL8zpjl7jtk6f2nZOo8eaDGXmPEk-8i4bI-TXvnlE0j5WzQnNyhIC7DPwVyXpskF7MK5ES8jJS5YIoyblpx,"=IMAGE(""https://community.akamai.steamstatic.com/economy/image/i0CoZ81Ui0m-9KwlBY1L_18myuGuq1wfhWSaZgMttyVfPaERSR0Wqmu7LAocGJai0ki7VeTHjMmuOXSQ61MnpNWipUruRiL8zpjl7jtk6f2nZOo8eaDGXmPEk-8i4bI-TXvnlE0j5WzQnNyhIC7DPwVyXpskF7MK5ES8jJS5YIoyblpx"")",https://cs2tokens.com/iem-cologne-2026/items/sticker-m0nesy-foil-cologne-2026,sticker-m0nesy-foil-cologne-2026,ok,,https://cs2tokens.com/iem-cologne-2026/items/sticker-m0nesy-foil-cologne-2026/q-data.json,Sticker | m0NESY (Foil) | Cologne 2026,https://steamcommunity.com/market/listings/730/Sticker%20%7C%20m0NESY%20%28Foil%29%20%7C%20Cologne%202026,1209,10583,5316,12,iem-cologne-2026,campaign_12,sticker,Autograph,m0NESY,Falcons,rarity_mythical
2026-06-04 00:38:18,20260604_003818,https://cs2tokens.com/browse?sort=price-asc&finish=Foil,Foil,4a8d345d54a8,Sticker | donk (Foil) | Cologne 2026,donk,Cologne 2026,Player,Foil,Team Spirit,Remarkable,#8847ff,807,7.99,161,161,1.0,https://community.akamai.steamstatic.com/economy/image/i0CoZ81Ui0m-9KwlBY1L_18myuGuq1wfhWSaZgMttyVfPaERSR0Wqmu7LAocGJai0ki7VeTHjMmuOXSQ61MnpNWipUruRiL1kZjrwiRU5v7gPfA1I_SQXjfEmLtz5bY9HSzlzBhz5z7czIr8cnuXO1B2DZBxReEJ4w74zIMRKhC66A,"=IMAGE(""https://community.akamai.steamstatic.com/economy/image/i0CoZ81Ui0m-9KwlBY1L_18myuGuq1wfhWSaZgMttyVfPaERSR0Wqmu7LAocGJai0ki7VeTHjMmuOXSQ61MnpNWipUruRiL1kZjrwiRU5v7gPfA1I_SQXjfEmLtz5bY9HSzlzBhz5z7czIr8cnuXO1B2DZBxReEJ4w74zIMRKhC66A"")",https://cs2tokens.com/iem-cologne-2026/items/sticker-donk-foil-cologne-2026,sticker-donk-foil-cologne-2026,ok,,https://cs2tokens.com/iem-cologne-2026/items/sticker-donk-foil-cologne-2026/q-data.json,Sticker | donk (Foil) | Cologne 2026,https://steamcommunity.com/market/listings/730/Sticker%20%7C%20donk%20%28Foil%29%20%7C%20Cologne%202026,1209,10719,5316,12,iem-cologne-2026,campaign_12,sticker,Autograph,donk,Team Spirit,rarity_mythical
2026-06-04 00:38:18,20260604_003818,https://cs2tokens.com/browse?sort=price-asc&finish=Gold,Gold,d6968731345d,Sticker | NertZ (Gold) | Cologne 2026,NertZ,Cologne 2026,Player,Gold,G2 Esports,Extraordinary,#eb4b4b,869,8.6,1,161,0.0,https://community.akamai.steamstatic.com/economy/image/i0CoZ81Ui0m-9KwlBY1L_18myuGuq1wfhWSaZgMttyVfPaERSR0Wqmu7LAocGJai0ki7VeTHjMmuOXSQ61MnpNWipUruRiL_m4T05x1c4P6qJqFpcanCXGWVlLYm5rYxHnHjlE9y4mrVyNurJ3ifalV0DsYmTeIL5EGm0oqwkbi4ECw,"=IMAGE(""https://community.akamai.steamstatic.com/economy/image/i0CoZ81Ui0m-9KwlBY1L_18myuGuq1wfhWSaZgMttyVfPaERSR0Wqmu7LAocGJai0ki7VeTHjMmuOXSQ61MnpNWipUruRiL_m4T05x1c4P6qJqFpcanCXGWVlLYm5rYxHnHjlE9y4mrVyNurJ3ifalV0DsYmTeIL5EGm0oqwkbi4ECw"")",https://cs2tokens.com/iem-cologne-2026/items/sticker-nertz-gold-cologne-2026,sticker-nertz-gold-cologne-2026,ok,,https://cs2tokens.com/iem-cologne-2026/items/sticker-nertz-gold-cologne-2026/q-data.json,Sticker | NertZ (Gold) | Cologne 2026,https://steamcommunity.com/market/listings/730/Sticker%20%7C%20NertZ%20%28Gold%29%20%7C%20Cologne%202026,1209,10765,5316,12,iem-cologne-2026,campaign_12,sticker,Autograph,NertZ,G2 Esports,rarity_ancient
2026-06-04 00:38:18,20260604_003818,https://cs2tokens.com/browse?sort=price-asc&finish=Gold,Gold,048c283f9936,Sticker | biguzera (Gold) | Cologne 2026,biguzera,Cologne 2026,Player,Gold,paiN Gaming,Extraordinary,#eb4b4b,876,8.67,2,161,0.0063,https://community.akamai.steamstatic.com/economy/image/i0CoZ81Ui0m-9KwlBY1L_18myuGuq1wfhWSaZgMttyVfPaERSR0Wqmu7LAocGJai0ki7VeTHjMmuOXSQ61MnpNWipUruRiLzl5H15ydJ7s2pZ6hpbqKQWDbGmewh4LlrSi3ilxx34Gvdz4qsc3uQPFJyDZtzRbVcs0Owl9z5d7S1TJl8QbE,"=IMAGE(""https://community.akamai.steamstatic.com/economy/image/i0CoZ81Ui0m-9KwlBY1L_18myuGuq1wfhWSaZgMttyVfPaERSR0Wqmu7LAocGJai0ki7VeTHjMmuOXSQ61MnpNWipUruRiLzl5H15ydJ7s2pZ6hpbqKQWDbGmewh4LlrSi3ilxx34Gvdz4qsc3uQPFJyDZtzRbVcs0Owl9z5d7S1TJl8QbE"")",https://cs2tokens.com/iem-cologne-2026/items/sticker-biguzera-gold-cologne-2026,sticker-biguzera-gold-cologne-2026,ok,,https://cs2tokens.com/iem-cologne-2026/items/sticker-biguzera-gold-cologne-2026/q-data.json,Sticker | biguzera (Gold) | Cologne 2026,https://steamcommunity.com/market/listings/730/Sticker%20%7C%20biguzera%20%28Gold%29%20%7C%20Cologne%202026,1209,10797,5316,12,iem-cologne-2026,campaign_12,sticker,Autograph,biguzera,paiN Gaming,rarity_ancient
2026-06-04 00:38:18,20260604_003818,https://cs2tokens.com/browse?sort=price-asc&finish=Gold,Gold,23a2a97104b7,Sticker | piriajr (Gold) | Cologne 2026,piriajr,Cologne 2026,Player,Gold,paiN Gaming,Extraordinary,#eb4b4b,880,8.71,3,161,0.0125,https://community.akamai.steamstatic.com/economy/image/i0CoZ81Ui0m-9KwlBY1L_18myuGuq1wfhWSaZgMttyVfPaERSR0Wqmu7LAocGJai0ki7VeTHjMmuOXSQ61MnpNWipUruRiLhl4Tp_ChJ0PWhZKAjIaLKC2GUmbgk5Oc9TSrhk0hx5D7VyNz4eC3Eb1AmCJMiQLYPtBWwk8qnab1wSfhy-Q,"=IMAGE(""https://community.akamai.steamstatic.com/economy/image/i0CoZ81Ui0m-9KwlBY1L_18myuGuq1wfhWSaZgMttyVfPaERSR0Wqmu7LAocGJai0ki7VeTHjMmuOXSQ61MnpNWipUruRiLhl4Tp_ChJ0PWhZKAjIaLKC2GUmbgk5Oc9TSrhk0hx5D7VyNz4eC3Eb1AmCJMiQLYPtBWwk8qnab1wSfhy-Q"")",https://cs2tokens.com/iem-cologne-2026/items/sticker-piriajr-gold-cologne-2026,sticker-piriajr-gold-cologne-2026,ok,,https://cs2tokens.com/iem-cologne-2026/items/sticker-piriajr-gold-cologne-2026/q-data.json,Sticker | piriajr (Gold) | Cologne 2026,https://steamcommunity.com/market/listings/730/Sticker%20%7C%20piriajr%20%28Gold%29%20%7C%20Cologne%202026,1209,10809,5316,12,iem-cologne-2026,campaign_12,sticker,Autograph,piriajr,paiN Gaming,rarity_ancient
2026-06-04 00:38:18,20260604_003818,https://cs2tokens.com/browse?sort=price-asc&finish=Gold,Gold,438a773f2a7e,Sticker | afro (Gold) | Cologne 2026,afro,Cologne 2026,Player,Gold,Monte,Extraordinary,#eb4b4b,924,9.15,4,161,0.0187,https://community.akamai.steamstatic.com/economy/image/i0CoZ81Ui0m-9KwlBY1L_18myuGuq1wfhWSaZgMttyVfPaERSR0Wqmu7LAocGJai0ki7VeTHjMmuOXSQ61MnpNWipUruRiLwmITvwiVU4_bgavQ0cKLDCzPGmLsv4eVtTSrjkE8ltT7Rz9mgdC7CZgV0A5QmRLQOtA74zIO88KsWzQ,"=IMAGE(""https://community.akamai.steamstatic.com/economy/image/i0CoZ81Ui0m-9KwlBY1L_18myuGuq1wfhWSaZgMttyVfPaERSR0Wqmu7LAocGJai0ki7VeTHjMmuOXSQ61MnpNWipUruRiLwmITvwiVU4_bgavQ0cKLDCzPGmLsv4eVtTSrjkE8ltT7Rz9mgdC7CZgV0A5QmRLQOtA74zIO88KsWzQ"")",https://cs2tokens.com/iem-cologne-2026/items/sticker-afro-gold-cologne-2026,sticker-afro-gold-cologne-2026,ok,,https://cs2tokens.com/iem-cologne-2026/items/sticker-afro-gold-cologne-2026/q-data.json,Sticker | afro (Gold) | Cologne 2026,https://steamcommunity.com/market/listings/730/Sticker%20%7C%20afro%20%28Gold%29%20%7C%20Cologne%202026,1209,10825,5316,12,iem-cologne-2026,campaign_12,sticker,Autograph,afro,Monte,rarity_ancient
2026-06-04 00:38:18,20260604_003818,https://cs2tokens.com/browse?sort=price-asc&finish=Gold,Gold,95b9cdee926e,Sticker | n1ssim (Gold) | Cologne 2026,n1ssim,Cologne 2026,Player,Gold,Legacy,Extraordinary,#eb4b4b,949,9.4,5,161,0.025,https://community.akamai.steamstatic.com/economy/image/i0CoZ81Ui0m-9KwlBY1L_18myuGuq1wfhWSaZgMttyVfPaERSR0Wqmu7LAocGJai0ki7VeTHjMmuOXSQ61MnpNWipUruRiL_z4Xz9C9k6P2ibOprePKXWTbFwu0k4OM_GH23lE4isjzQz4v8JXKVbAdxX8NyFuZZ4BfrjJS5YIxUma_o,"=IMAGE(""https://community.akamai.steamstatic.com/economy/image/i0CoZ81Ui0m-9KwlBY1L_18myuGuq1wfhWSaZgMttyVfPaERSR0Wqmu7LAocGJai0ki7VeTHjMmuOXSQ61MnpNWipUruRiL_z4Xz9C9k6P2ibOprePKXWTbFwu0k4OM_GH23lE4isjzQz4v8JXKVbAdxX8NyFuZZ4BfrjJS5YIxUma_o"")",https://cs2tokens.com/iem-cologne-2026/items/sticker-n1ssim-gold-cologne-2026,sticker-n1ssim-gold-cologne-2026,ok,,https://cs2tokens.com/iem-cologne-2026/items/sticker-n1ssim-gold-cologne-2026/q-data.json,Sticker | n1ssim (Gold) | Cologne 2026,https://steamcommunity.com/market/listings/730/Sticker%20%7C%20n1ssim%20%28Gold%29%20%7C%20Cologne%202026,1209,10793,5316,12,iem-cologne-2026,campaign_12,sticker,Autograph,n1ssim,Legacy,rarity_ancient
2026-06-04 00:38:18,20260604_003818,https://cs2tokens.com/browse?sort=price-asc&finish=Gold,Gold,393b397a45b7,Sticker | NQZ (Gold) | Cologne 2026,NQZ,Cologne 2026,Player,Gold,paiN Gaming,Extraordinary,#eb4b4b,953,9.43,6,161,0.0312,https://community.akamai.steamstatic.com/economy/image/i0CoZ81Ui0m-9KwlBY1L_18myuGuq1wfhWSaZgMttyVfPaERSR0Wqmu7LAocGJai0ki7VeTHjMmuOXSQ61MnpNWipUruRiL_j4zf-i1X67z6O_dueaSQWjfBmL8u4uM5H3vjxEsi4GiByNyvJ3-QaAJxX5olQeZerFDmxXBmWNUn,"=IMAGE(""https://community.akamai.steamstatic.com/economy/image/i0CoZ81Ui0m-9KwlBY1L_18myuGuq1wfhWSaZgMttyVfPaERSR0Wqmu7LAocGJai0ki7VeTHjMmuOXSQ61MnpNWipUruRiL_j4zf-i1X67z6O_dueaSQWjfBmL8u4uM5H3vjxEsi4GiByNyvJ3-QaAJxX5olQeZerFDmxXBmWNUn"")",https://cs2tokens.com/iem-cologne-2026/items/sticker-nqz-gold-cologne-2026,sticker-nqz-gold-cologne-2026,ok,,https://cs2tokens.com/iem-cologne-2026/items/sticker-nqz-gold-cologne-2026/q-data.json,Sticker | NQZ (Gold) | Cologne 2026,https://steamcommunity.com/market/listings/730/Sticker%20%7C%20NQZ%20%28Gold%29%20%7C%20Cologne%202026,1209,10801,5316,12,iem-cologne-2026,campaign_12,sticker,Autograph,NQZ,paiN Gaming,rarity_ancient
2026-06-04 00:38:18,20260604_003818,https://cs2tokens.com/browse?sort=price-asc&finish=Gold,Gold,6295b0eb7d3a,Sticker | Staehr (Gold) | Cologne 2026,Staehr,Cologne 2026,Player,Gold,Astralis,Extraordinary,#eb4b4b,988,9.78,7,161,0.0375,https://community.akamai.steamstatic.com/economy/image/i0CoZ81Ui0m-9KwlBY1L_18myuGuq1wfhWSaZgMttyVfPaERSR0Wqmu7LAocGJai0ki7VeTHjMmuOXSQ61MnpNWipUruRiLiipfl9TBk6P2ibOo1d_KSWTbDwuwjs7lqGSzrlxtw5mmByNz6dC7DPA4iDZohR7ZYsRLqjJS5YG9_X-gh,"=IMAGE(""https://community.akamai.steamstatic.com/economy/image/i0CoZ81Ui0m-9KwlBY1L_18myuGuq1wfhWSaZgMttyVfPaERSR0Wqmu7LAocGJai0ki7VeTHjMmuOXSQ61MnpNWipUruRiLiipfl9TBk6P2ibOo1d_KSWTbDwuwjs7lqGSzrlxtw5mmByNz6dC7DPA4iDZohR7ZYsRLqjJS5YG9_X-gh"")",https://cs2tokens.com/iem-cologne-2026/items/sticker-staehr-gold-cologne-2026,sticker-staehr-gold-cologne-2026,ok,,https://cs2tokens.com/iem-cologne-2026/items/sticker-staehr-gold-cologne-2026/q-data.json,Sticker | Staehr (Gold) | Cologne 2026,https://steamcommunity.com/market/listings/730/Sticker%20%7C%20Staehr%20%28Gold%29%20%7C%20Cologne%202026,1209,10753,5316,12,iem-cologne-2026,campaign_12,sticker,Autograph,Staehr,Astralis,rarity_ancient
2026-06-04 00:38:18,20260604_003818,https://cs2tokens.com/browse?sort=price-asc&finish=Gold,Gold,722e7386867e,Sticker | cmtry (Gold) | Cologne 2026,cmtry,Cologne 2026,Player,Gold,,Extraordinary,#eb4b4b,1008,9.98,8,161,0.0437,https://community.akamai.steamstatic.com/economy/image/i0CoZ81Ui0m-9KwlBY1L_18myuGuq1wfhWSaZgMttyVfPaERSR0Wqmu7LAocGJai0ki7VeTHjMmuOXSQ61MnpNWipUruRiLyk4Ly5B1c4P6qJqE9eaCSVzHHkbt3tLk6Hiy3kE126mmHmNv4JHPEbVdxA8EmFu8N4RSm0oqwkRgHDUc,"=IMAGE(""https://community.akamai.steamstatic.com/economy/image/i0CoZ81Ui0m-9KwlBY1L_18myuGuq1wfhWSaZgMttyVfPaERSR0Wqmu7LAocGJai0ki7VeTHjMmuOXSQ61MnpNWipUruRiLyk4Ly5B1c4P6qJqE9eaCSVzHHkbt3tLk6Hiy3kE126mmHmNv4JHPEbVdxA8EmFu8N4RSm0oqwkRgHDUc"")",https://cs2tokens.com/iem-cologne-2026/items/sticker-cmtry-gold-cologne-2026,sticker-cmtry-gold-cologne-2026,ok,,https://cs2tokens.com/iem-cologne-2026/items/sticker-cmtry-gold-cologne-2026/q-data.json,Sticker | cmtry (Gold) | Cologne 2026,https://steamcommunity.com/market/listings/730/Sticker%20%7C%20cmtry%20%28Gold%29%20%7C%20Cologne%202026,1209,10709,5316,12,iem-cologne-2026,campaign_12,sticker,Autograph,cmtry,,rarity_ancient
2026-06-04 00:38:18,20260604_003818,https://cs2tokens.com/browse?sort=price-asc&finish=Gold,Gold,8f92755f9686,Sticker | xertioN (Gold) | Cologne 2026,xertioN,Cologne 2026,Player,Gold,MOUZ,Extraordinary,#eb4b4b,1010,10.0,9,161,0.05,https://community.akamai.steamstatic.com/economy/image/i0CoZ81Ui0m-9KwlBY1L_18myuGuq1wfhWSaZgMttyVfPaERSR0Wqmu7LAocGJai0ki7VeTHjMmuOXSQ61MnpNWipUruRiLpm4T09C1V0PWhZKAjJaKRWzfDkbh1tbg_G3znzUtw5m-AyIyrd3OQPAUhXJNyROdY4BjrxMqnab1SLO3F4A,"=IMAGE(""https://community.akamai.steamstatic.com/economy/image/i0CoZ81Ui0m-9KwlBY1L_18myuGuq1wfhWSaZgMttyVfPaERSR0Wqmu7LAocGJai0ki7VeTHjMmuOXSQ61MnpNWipUruRiLpm4T09C1V0PWhZKAjJaKRWzfDkbh1tbg_G3znzUtw5m-AyIyrd3OQPAUhXJNyROdY4BjrxMqnab1SLO3F4A"")",https://cs2tokens.com/iem-cologne-2026/items/sticker-xertion-gold-cologne-2026,sticker-xertion-gold-cologne-2026,ok,,https://cs2tokens.com/iem-cologne-2026/items/sticker-xertion-gold-cologne-2026/q-data.json,Sticker | xertioN (Gold) | Cologne 2026,https://steamcommunity.com/market/listings/730/Sticker%20%7C%20xertioN%20%28Gold%29%20%7C%20Cologne%202026,1209,10693,5316,12,iem-cologne-2026,campaign_12,sticker,Autograph,xertioN,MOUZ,rarity_ancient
2026-06-04 00:38:18,20260604_003818,https://cs2tokens.com/browse?sort=price-asc&finish=Gold,Gold,cd21f2f03db2,Sticker | meyern (Gold) | Cologne 2026,meyern,Cologne 2026,Player,Gold,9z Team,Extraordinary,#eb4b4b,1074,10.63,10,161,0.0563,https://community.akamai.steamstatic.com/economy/image/i0CoZ81Ui0m-9KwlBY1L_18myuGuq1wfhWSaZgMttyVfPaERSR0Wqmu7LAocGJai0ki7VeTHjMmuOXSQ61MnpNWipUruRiL8m4_l7yxk6P2ibOprIamXC2XJlL515uU9GS_kxx506mTcmdiuJS6fbQ4iDsR3RLZZtBO9jJS5YEfTIrw-,"=IMAGE(""https://community.akamai.steamstatic.com/economy/image/i0CoZ81Ui0m-9KwlBY1L_18myuGuq1wfhWSaZgMttyVfPaERSR0Wqmu7LAocGJai0ki7VeTHjMmuOXSQ61MnpNWipUruRiL8m4_l7yxk6P2ibOprIamXC2XJlL515uU9GS_kxx506mTcmdiuJS6fbQ4iDsR3RLZZtBO9jJS5YEfTIrw-"")",https://cs2tokens.com/iem-cologne-2026/items/sticker-meyern-gold-cologne-2026,sticker-meyern-gold-cologne-2026,ok,,https://cs2tokens.com/iem-cologne-2026/items/sticker-meyern-gold-cologne-2026/q-data.json,Sticker | meyern (Gold) | Cologne 2026,https://steamcommunity.com/market/listings/730/Sticker%20%7C%20meyern%20%28Gold%29%20%7C%20Cologne%202026,1209,10845,5316,12,iem-cologne-2026,campaign_12,sticker,Autograph,meyern,9z Team,rarity_ancient
2026-06-04 00:38:18,20260604_003818,https://cs2tokens.com/browse?sort=price-asc&finish=Gold,Gold,e633d2918cbb,Sticker | Bymas (Gold) | Cologne 2026,Bymas,Cologne 2026,Player,Gold,Monte,Extraordinary,#eb4b4b,1076,10.65,11,161,0.0625,https://community.akamai.steamstatic.com/economy/image/i0CoZ81Ui0m-9KwlBY1L_18myuGuq1wfhWSaZgMttyVfPaERSR0Wqmu7LAocGJai0ki7VeTHjMmuOXSQ61MnpNWipUruRiLzh5vh7h1c4P6qJqc1eKSSWzeWxLpy6LU6G37kzUx_t2zSzd-scSmUaQYlW5omTLQNuhCm0oqwNLF8lSk,"=IMAGE(""https://community.akamai.steamstatic.com/economy/image/i0CoZ81Ui0m-9KwlBY1L_18myuGuq1wfhWSaZgMttyVfPaERSR0Wqmu7LAocGJai0ki7VeTHjMmuOXSQ61MnpNWipUruRiLzh5vh7h1c4P6qJqc1eKSSWzeWxLpy6LU6G37kzUx_t2zSzd-scSmUaQYlW5omTLQNuhCm0oqwNLF8lSk"")",https://cs2tokens.com/iem-cologne-2026/items/sticker-bymas-gold-cologne-2026,sticker-bymas-gold-cologne-2026,ok,,https://cs2tokens.com/iem-cologne-2026/items/sticker-bymas-gold-cologne-2026/q-data.json,Sticker | Bymas (Gold) | Cologne 2026,https://steamcommunity.com/market/listings/730/Sticker%20%7C%20Bymas%20%28Gold%29%20%7C%20Cologne%202026,1209,10821,5316,12,iem-cologne-2026,campaign_12,sticker,Autograph,Bymas,Monte,rarity_ancient
2026-06-04 00:38:18,20260604_003818,https://cs2tokens.com/browse?sort=price-asc&finish=Gold,Gold,877008a95627,Sticker | jabbi (Gold) | Cologne 2026,jabbi,Cologne 2026,Player,Gold,Astralis,Extraordinary,#eb4b4b,1133,11.22,12,161,0.0688,https://community.akamai.steamstatic.com/economy/image/i0CoZ81Ui0m-9KwlBY1L_18myuGuq1wfhWSaZgMttyVfPaERSR0Wqmu7LAocGJai0ki7VeTHjMmuOXSQ61MnpNWipUruRiL7n5Ti9B1c4P6qJvI5cvbKX2LJlbl34rg5HHC1wx916m-Bzt2sdXLGaAAgCsZ1QOMOsROm0oqw31eQ7ig,"=IMAGE(""https://community.akamai.steamstatic.com/economy/image/i0CoZ81Ui0m-9KwlBY1L_18myuGuq1wfhWSaZgMttyVfPaERSR0Wqmu7LAocGJai0ki7VeTHjMmuOXSQ61MnpNWipUruRiL7n5Ti9B1c4P6qJvI5cvbKX2LJlbl34rg5HHC1wx916m-Bzt2sdXLGaAAgCsZ1QOMOsROm0oqw31eQ7ig"")",https://cs2tokens.com/iem-cologne-2026/items/sticker-jabbi-gold-cologne-2026,sticker-jabbi-gold-cologne-2026,ok,,https://cs2tokens.com/iem-cologne-2026/items/sticker-jabbi-gold-cologne-2026/q-data.json,Sticker | jabbi (Gold) | Cologne 2026,https://steamcommunity.com/market/listings/730/Sticker%20%7C%20jabbi%20%28Gold%29%20%7C%20Cologne%202026,1209,10749,5316,12,iem-cologne-2026,campaign_12,sticker,Autograph,jabbi,Astralis,rarity_ancient
2026-06-04 00:38:18,20260604_003818,https://cs2tokens.com/browse?sort=price-asc&finish=Gold,Gold,af48ecfe6114,Sticker | v$m (Gold) | Cologne 2026,v$m,Cologne 2026,Player,Gold,paiN Gaming,Extraordinary,#eb4b4b,1159,11.47,13,161,0.075,https://community.akamai.steamstatic.com/economy/image/i0CoZ81Ui0m-9KwlBY1L_18myuGuq1wfhWSaZgMttyVfPaERSR0Wqmu7LAocGJai0ki7VeTHjMmuOXSQ61MnpNWipUruRiLnjZvf-i1X67z7PvU1IafKVzOTw-p057YwF33hxR5y52TVw938IyrFa1NzWMd4ROAOrFDmxZTDtxp5,"=IMAGE(""https://community.akamai.steamstatic.com/economy/image/i0CoZ81Ui0m-9KwlBY1L_18myuGuq1wfhWSaZgMttyVfPaERSR0Wqmu7LAocGJai0ki7VeTHjMmuOXSQ61MnpNWipUruRiLnjZvf-i1X67z7PvU1IafKVzOTw-p057YwF33hxR5y52TVw938IyrFa1NzWMd4ROAOrFDmxZTDtxp5"")",https://cs2tokens.com/iem-cologne-2026/items/sticker-v-m-gold-cologne-2026,sticker-v-m-gold-cologne-2026,ok,,https://cs2tokens.com/iem-cologne-2026/items/sticker-v-m-gold-cologne-2026/q-data.json,Sticker | v$m (Gold) | Cologne 2026,https://steamcommunity.com/market/listings/730/Sticker%20%7C%20v%24m%20%28Gold%29%20%7C%20Cologne%202026,1209,10813,5316,12,iem-cologne-2026,campaign_12,sticker,Autograph,v$m,paiN Gaming,rarity_ancient
2026-06-04 00:38:18,20260604_003818,https://cs2tokens.com/browse?sort=price-asc&finish=Gold,Gold,00a79570376b,Sticker | dgt (Gold) | Cologne 2026,dgt,Cologne 2026,Player,Gold,9z Team,Extraordinary,#eb4b4b,1185,11.73,14,161,0.0813,https://community.akamai.steamstatic.com/economy/image/i0CoZ81Ui0m-9KwlBY1L_18myuGuq1wfhWSaZgMttyVfPaERSR0Wqmu7LAocGJai0ki7VeTHjMmuOXSQ61MnpNWipUruRiL1mYLf-i1X67z3bvQ9caHBXGSWxLsj47Y-TXngxE4ksDvSnNardn3EOFBzXMB2FrNYrFDmxVcD03z2,"=IMAGE(""https://community.akamai.steamstatic.com/economy/image/i0CoZ81Ui0m-9KwlBY1L_18myuGuq1wfhWSaZgMttyVfPaERSR0Wqmu7LAocGJai0ki7VeTHjMmuOXSQ61MnpNWipUruRiL1mYLf-i1X67z3bvQ9caHBXGSWxLsj47Y-TXngxE4ksDvSnNardn3EOFBzXMB2FrNYrFDmxVcD03z2"")",https://cs2tokens.com/iem-cologne-2026/items/sticker-dgt-gold-cologne-2026,sticker-dgt-gold-cologne-2026,ok,,https://cs2tokens.com/iem-cologne-2026/items/sticker-dgt-gold-cologne-2026/q-data.json,Sticker | dgt (Gold) | Cologne 2026,https://steamcommunity.com/market/listings/730/Sticker%20%7C%20dgt%20%28Gold%29%20%7C%20Cologne%202026,1209,10841,5316,12,iem-cologne-2026,campaign_12,sticker,Autograph,dgt,9z Team,rarity_ancient
2026-06-04 00:38:18,20260604_003818,https://cs2tokens.com/browse?sort=price-asc&finish=Gold,Gold,8cc364993fe4,Sticker | AZUWU (Gold) | Cologne 2026,AZUWU,Cologne 2026,Player,Gold,Monte,Extraordinary,#eb4b4b,1224,12.12,15,161,0.0875,https://community.akamai.steamstatic.com/economy/image/i0CoZ81Ui0m-9KwlBY1L_18myuGuq1wfhWSaZgMttyVfPaERSR0Wqmu7LAocGJai0ki7VeTHjMmuOXSQ61MnpNWipUruRiLwhIP36B1c4P6qJvFvc6PCXjLEl7dw5bdrTH7qxxx_5TjSzIqhc3LBbgcjW8Z2E-cJsBam0oqw5psHq3o,"=IMAGE(""https://community.akamai.steamstatic.com/economy/image/i0CoZ81Ui0m-9KwlBY1L_18myuGuq1wfhWSaZgMttyVfPaERSR0Wqmu7LAocGJai0ki7VeTHjMmuOXSQ61MnpNWipUruRiLwhIP36B1c4P6qJvFvc6PCXjLEl7dw5bdrTH7qxxx_5TjSzIqhc3LBbgcjW8Z2E-cJsBam0oqw5psHq3o"")",https://cs2tokens.com/iem-cologne-2026/items/sticker-azuwu-gold-cologne-2026,sticker-azuwu-gold-cologne-2026,ok,,https://cs2tokens.com/iem-cologne-2026/items/sticker-azuwu-gold-cologne-2026/q-data.json,Sticker | AZUWU (Gold) | Cologne 2026,https://steamcommunity.com/market/listings/730/Sticker%20%7C%20AZUWU%20%28Gold%29%20%7C%20Cologne%202026,1209,10833,5316,12,iem-cologne-2026,campaign_12,sticker,Autograph,AZUWU,Monte,rarity_ancient
2026-06-04 00:38:18,20260604_003818,https://cs2tokens.com/browse?sort=price-asc&finish=Gold,Gold,8e28129af9bf,Sticker | nota (Gold) | Cologne 2026,nota,Cologne 2026,Player,Gold,PARIVISION,Extraordinary,#eb4b4b,1240,12.28,16,161,0.0938,https://community.akamai.steamstatic.com/economy/image/i0CoZ81Ui0m-9KwlBY1L_18myuGuq1wfhWSaZgMttyVfPaERSR0Wqmu7LAocGJai0ki7VeTHjMmuOXSQ61MnpNWipUruRiL_kYLhwiVU4_bgPfZpeaHECGHEwL8v5rhqG3y3zB92sjvRz9qvdXuRaVcjCcEmQeFf4w74zIOcGOAk8Q,"=IMAGE(""https://community.akamai.steamstatic.com/economy/image/i0CoZ81Ui0m-9KwlBY1L_18myuGuq1wfhWSaZgMttyVfPaERSR0Wqmu7LAocGJai0ki7VeTHjMmuOXSQ61MnpNWipUruRiL_kYLhwiVU4_bgPfZpeaHECGHEwL8v5rhqG3y3zB92sjvRz9qvdXuRaVcjCcEmQeFf4w74zIOcGOAk8Q"")",https://cs2tokens.com/iem-cologne-2026/items/sticker-nota-gold-cologne-2026,sticker-nota-gold-cologne-2026,ok,,https://cs2tokens.com/iem-cologne-2026/items/sticker-nota-gold-cologne-2026/q-data.json,Sticker | nota (Gold) | Cologne 2026,https://steamcommunity.com/market/listings/730/Sticker%20%7C%20nota%20%28Gold%29%20%7C%20Cologne%202026,1209,10621,5316,12,iem-cologne-2026,campaign_12,sticker,Autograph,nota,PARIVISION,rarity_ancient
2026-06-04 00:38:18,20260604_003818,https://cs2tokens.com/browse?sort=price-asc&finish=Gold,Gold,54af4f1973dd,Sticker | Brollan (Gold) | Cologne 2026,Brollan,Cologne 2026,Player,Gold,MOUZ,Extraordinary,#eb4b4b,1293,12.8,17,161,0.1,https://community.akamai.steamstatic.com/economy/image/i0CoZ81Ui0m-9KwlBY1L_18myuGuq1wfhWSaZgMttyVfPaERSR0Wqmu7LAocGJai0ki7VeTHjMmuOXSQ61MnpNWipUruRiLzjJns8SNV0PWhZKAjcfKQXzHHwLsl6OM_TC3rxkt-52jXntmocyqebQEjApV4RrFbsha7l8qnab2UELSubg,"=IMAGE(""https://community.akamai.steamstatic.com/economy/image/i0CoZ81Ui0m-9KwlBY1L_18myuGuq1wfhWSaZgMttyVfPaERSR0Wqmu7LAocGJai0ki7VeTHjMmuOXSQ61MnpNWipUruRiLzjJns8SNV0PWhZKAjcfKQXzHHwLsl6OM_TC3rxkt-52jXntmocyqebQEjApV4RrFbsha7l8qnab2UELSubg"")",https://cs2tokens.com/iem-cologne-2026/items/sticker-brollan-gold-cologne-2026,sticker-brollan-gold-cologne-2026,ok,,https://cs2tokens.com/iem-cologne-2026/items/sticker-brollan-gold-cologne-2026/q-data.json,Sticker | Brollan (Gold) | Cologne 2026,https://steamcommunity.com/market/listings/730/Sticker%20%7C%20Brollan%20%28Gold%29%20%7C%20Cologne%202026,1209,10681,5316,12,iem-cologne-2026,campaign_12,sticker,Autograph,Brollan,MOUZ,rarity_ancient
2026-06-04 00:38:18,20260604_003818,https://cs2tokens.com/browse?sort=price-asc&finish=Gold,Gold,f9458ce8ebf8,Sticker | phzy (Gold) | Cologne 2026,phzy,Cologne 2026,Player,Gold,Astralis,Extraordinary,#eb4b4b,1319,13.06,18,161,0.1062,https://community.akamai.steamstatic.com/economy/image/i0CoZ81Ui0m-9KwlBY1L_18myuGuq1wfhWSaZgMttyVfPaERSR0Wqmu7LAocGJai0ki7VeTHjMmuOXSQ61MnpNWipUruRiLhloz5wiVU4_bga6A0c6DCXTPJl7citLE9TX_kl0lx6mqAzt34eXKfPwAhDMcmQbFc4Q74zIN0hvnhMA,"=IMAGE(""https://community.akamai.steamstatic.com/economy/image/i0CoZ81Ui0m-9KwlBY1L_18myuGuq1wfhWSaZgMttyVfPaERSR0Wqmu7LAocGJai0ki7VeTHjMmuOXSQ61MnpNWipUruRiLhloz5wiVU4_bga6A0c6DCXTPJl7citLE9TX_kl0lx6mqAzt34eXKfPwAhDMcmQbFc4Q74zIN0hvnhMA"")",https://cs2tokens.com/iem-cologne-2026/items/sticker-phzy-gold-cologne-2026,sticker-phzy-gold-cologne-2026,ok,,https://cs2tokens.com/iem-cologne-2026/items/sticker-phzy-gold-cologne-2026/q-data.json,Sticker | phzy (Gold) | Cologne 2026,https://steamcommunity.com/market/listings/730/Sticker%20%7C%20phzy%20%28Gold%29%20%7C%20Cologne%202026,1209,10741,5316,12,iem-cologne-2026,campaign_12,sticker,Autograph,phzy,Astralis,rarity_ancient
2026-06-04 00:38:18,20260604_003818,https://cs2tokens.com/browse?sort=price-asc&finish=Gold,Gold,708d934d3af4,Sticker | cobra (Gold) | Cologne 2026,cobra,Cologne 2026,Player,Gold,The MongolZ,Extraordinary,#eb4b4b,1346,13.33,19,161,0.1125,https://community.akamai.steamstatic.com/economy/image/i0CoZ81Ui0m-9KwlBY1L_18myuGuq1wfhWSaZgMttyVfPaERSR0Wqmu7LAocGJai0ki7VeTHjMmuOXSQ61MnpNWipUruRiLykZTy_B1c4P6qJvI1d6iSCzDBmL4ktuBoTn62lk5y4GjWy92oJXzEblByX8R0QbEK40Om0oqwtiDQvwg,"=IMAGE(""https://community.akamai.steamstatic.com/economy/image/i0CoZ81Ui0m-9KwlBY1L_18myuGuq1wfhWSaZgMttyVfPaERSR0Wqmu7LAocGJai0ki7VeTHjMmuOXSQ61MnpNWipUruRiLykZTy_B1c4P6qJvI1d6iSCzDBmL4ktuBoTn62lk5y4GjWy92oJXzEblByX8R0QbEK40Om0oqwtiDQvwg"")",https://cs2tokens.com/iem-cologne-2026/items/sticker-cobra-gold-cologne-2026,sticker-cobra-gold-cologne-2026,ok,,https://cs2tokens.com/iem-cologne-2026/items/sticker-cobra-gold-cologne-2026/q-data.json,Sticker | cobra (Gold) | Cologne 2026,https://steamcommunity.com/market/listings/730/Sticker%20%7C%20cobra%20%28Gold%29%20%7C%20Cologne%202026,1209,10605,5316,12,iem-cologne-2026,campaign_12,sticker,Autograph,cobra,The MongolZ,rarity_ancient
2026-06-04 00:38:18,20260604_003818,https://cs2tokens.com/browse?sort=price-asc&finish=Gold,Gold,b06c6fc63093,Sticker | Techno4K (Gold) | Cologne 2026,Techno4K,Cologne 2026,Player,Gold,The MongolZ,Extraordinary,#eb4b4b,1350,13.37,20,161,0.1187,https://community.akamai.steamstatic.com/economy/image/i0CoZ81Ui0m-9KwlBY1L_18myuGuq1wfhWSaZgMttyVfPaERSR0Wqmu7LAocGJai0ki7VeTHjMmuOXSQ61MnpNWipUruRiLlm5Xo8y0P5M2pZ6hpbqDFCzLDmOh3trlqFijrkRx162XWwoz_eHKRZwFzWZF1FO8PtRS4l9f5d7S1A8VAHkg,"=IMAGE(""https://community.akamai.steamstatic.com/economy/image/i0CoZ81Ui0m-9KwlBY1L_18myuGuq1wfhWSaZgMttyVfPaERSR0Wqmu7LAocGJai0ki7VeTHjMmuOXSQ61MnpNWipUruRiLlm5Xo8y0P5M2pZ6hpbqDFCzLDmOh3trlqFijrkRx162XWwoz_eHKRZwFzWZF1FO8PtRS4l9f5d7S1A8VAHkg"")",https://cs2tokens.com/iem-cologne-2026/items/sticker-techno4k-gold-cologne-2026,sticker-techno4k-gold-cologne-2026,ok,,https://cs2tokens.com/iem-cologne-2026/items/sticker-techno4k-gold-cologne-2026/q-data.json,Sticker | Techno4K (Gold) | Cologne 2026,https://steamcommunity.com/market/listings/730/Sticker%20%7C%20Techno4K%20%28Gold%29%20%7C%20Cologne%202026,1209,10601,5316,12,iem-cologne-2026,campaign_12,sticker,Autograph,Techno4K,The MongolZ,rarity_ancient
2026-06-04 00:38:18,20260604_003818,https://cs2tokens.com/browse?sort=price-asc&finish=Gold,Gold,ab073ab98c8a,Sticker | ryu (Gold) | Cologne 2026,ryu,Cologne 2026,Player,Gold,Astralis,Extraordinary,#eb4b4b,1382,13.68,21,161,0.125,https://community.akamai.steamstatic.com/economy/image/i0CoZ81Ui0m-9KwlBY1L_18myuGuq1wfhWSaZgMttyVfPaERSR0Wqmu7LAocGJai0ki7VeTHjMmuOXSQ61MnpNWipUruRiLjh4Pf-i1X67z8MPZodqbEWWPJwr91tOc9HCqxzE0hsm3QzIuvIiqWZwdzWZYjF7EDrFDmxclebasy,"=IMAGE(""https://community.akamai.steamstatic.com/economy/image/i0CoZ81Ui0m-9KwlBY1L_18myuGuq1wfhWSaZgMttyVfPaERSR0Wqmu7LAocGJai0ki7VeTHjMmuOXSQ61MnpNWipUruRiLjh4Pf-i1X67z8MPZodqbEWWPJwr91tOc9HCqxzE0hsm3QzIuvIiqWZwdzWZYjF7EDrFDmxclebasy"")",https://cs2tokens.com/iem-cologne-2026/items/sticker-ryu-gold-cologne-2026,sticker-ryu-gold-cologne-2026,ok,,https://cs2tokens.com/iem-cologne-2026/items/sticker-ryu-gold-cologne-2026/q-data.json,Sticker | ryu (Gold) | Cologne 2026,https://steamcommunity.com/market/listings/730/Sticker%20%7C%20ryu%20%28Gold%29%20%7C%20Cologne%202026,1209,10745,5316,12,iem-cologne-2026,campaign_12,sticker,Autograph,ryu,Astralis,rarity_ancient
2026-06-04 00:38:18,20260604_003818,https://cs2tokens.com/browse?sort=price-asc&finish=Gold,Gold,8cbb957b1af8,Sticker | xiELO (Gold) | Cologne 2026,xiELO,Cologne 2026,Player,Gold,PARIVISION,Extraordinary,#eb4b4b,1434,14.2,22,161,0.1313,https://community.akamai.steamstatic.com/economy/image/i0CoZ81Ui0m-9KwlBY1L_18myuGuq1wfhWSaZgMttyVfPaERSR0Wqmu7LAocGJai0ki7VeTHjMmuOXSQ61MnpNWipUruRiLpl5Ps8h1c4P6qJqVodKPCDz-Tle8mtLFsGi23kUV26jnSz9yqeHmfaFcoXMRxQe5b4Uam0oqwRV65abE,"=IMAGE(""https://community.akamai.steamstatic.com/economy/image/i0CoZ81Ui0m-9KwlBY1L_18myuGuq1wfhWSaZgMttyVfPaERSR0Wqmu7LAocGJai0ki7VeTHjMmuOXSQ61MnpNWipUruRiLpl5Ps8h1c4P6qJqVodKPCDz-Tle8mtLFsGi23kUV26jnSz9yqeHmfaFcoXMRxQe5b4Uam0oqwRV65abE"")",https://cs2tokens.com/iem-cologne-2026/items/sticker-xielo-gold-cologne-2026,sticker-xielo-gold-cologne-2026,ok,,https://cs2tokens.com/iem-cologne-2026/items/sticker-xielo-gold-cologne-2026/q-data.json,Sticker | xiELO (Gold) | Cologne 2026,https://steamcommunity.com/market/listings/730/Sticker%20%7C%20xiELO%20%28Gold%29%20%7C%20Cologne%202026,1209,10625,5316,12,iem-cologne-2026,campaign_12,sticker,Autograph,xiELO,PARIVISION,rarity_ancient
2026-06-04 00:38:18,20260604_003818,https://cs2tokens.com/browse?sort=price-asc&finish=Gold,Gold,3da88690f0c3,Sticker | MATYS (Gold) | Cologne 2026,MATYS,Cologne 2026,Player,Gold,G2 Esports,Extraordinary,#eb4b4b,1479,14.64,23,161,0.1375,https://community.akamai.steamstatic.com/economy/image/i0CoZ81Ui0m-9KwlBY1L_18myuGuq1wfhWSaZgMttyVfPaERSR0Wqmu7LAocGJai0ki7VeTHjMmuOXSQ61MnpNWipUruRiL8n4L57h1c4P6qJvM4daKXDD-UlLsmtrhrHH3gxkR-sWjSzdj6Ii2Ubgd0WZIkTOJesBam0oqwwpDrP7s,"=IMAGE(""https://community.akamai.steamstatic.com/economy/image/i0CoZ81Ui0m-9KwlBY1L_18myuGuq1wfhWSaZgMttyVfPaERSR0Wqmu7LAocGJai0ki7VeTHjMmuOXSQ61MnpNWipUruRiL8n4L57h1c4P6qJvM4daKXDD-UlLsmtrhrHH3gxkR-sWjSzdj6Ii2Ubgd0WZIkTOJesBam0oqwwpDrP7s"")",https://cs2tokens.com/iem-cologne-2026/items/sticker-matys-gold-cologne-2026,sticker-matys-gold-cologne-2026,ok,,https://cs2tokens.com/iem-cologne-2026/items/sticker-matys-gold-cologne-2026/q-data.json,Sticker | MATYS (Gold) | Cologne 2026,https://steamcommunity.com/market/listings/730/Sticker%20%7C%20MATYS%20%28Gold%29%20%7C%20Cologne%202026,1209,10773,5316,12,iem-cologne-2026,campaign_12,sticker,Autograph,MATYS,G2 Esports,rarity_ancient
2026-06-04 00:38:18,20260604_003818,https://cs2tokens.com/browse?sort=price-asc&finish=Gold,Gold,4503d9ac1d39,Sticker | arT (Gold) | Cologne 2026,arT,Cologne 2026,Player,Gold,Legacy,Extraordinary,#eb4b4b,1480,14.65,24,161,0.1437,https://community.akamai.steamstatic.com/economy/image/i0CoZ81Ui0m-9KwlBY1L_18myuGuq1wfhWSaZgMttyVfPaERSR0Wqmu7LAocGJai0ki7VeTHjMmuOXSQ61MnpNWipUruRiLwjILf-i1X67yoMPNvI6KRXzfDx7Zw5bY_Gn63zER-sWqGy4mvciiQPQNyCZtxReAMrFDmxWuvFetR,"=IMAGE(""https://community.akamai.steamstatic.com/economy/image/i0CoZ81Ui0m-9KwlBY1L_18myuGuq1wfhWSaZgMttyVfPaERSR0Wqmu7LAocGJai0ki7VeTHjMmuOXSQ61MnpNWipUruRiLwjILf-i1X67yoMPNvI6KRXzfDx7Zw5bY_Gn63zER-sWqGy4mvciiQPQNyCZtxReAMrFDmxWuvFetR"")",https://cs2tokens.com/iem-cologne-2026/items/sticker-art-gold-cologne-2026,sticker-art-gold-cologne-2026,ok,,https://cs2tokens.com/iem-cologne-2026/items/sticker-art-gold-cologne-2026/q-data.json,Sticker | arT (Gold) | Cologne 2026,https://steamcommunity.com/market/listings/730/Sticker%20%7C%20arT%20%28Gold%29%20%7C%20Cologne%202026,1209,10777,5316,12,iem-cologne-2026,campaign_12,sticker,Autograph,arT,Legacy,rarity_ancient
2026-06-04 00:38:18,20260604_003818,https://cs2tokens.com/browse?sort=price-asc&finish=Gold,Gold,f957d1328297,Sticker | saadzin (Gold) | Cologne 2026,saadzin,Cologne 2026,Player,Gold,Legacy,Extraordinary,#eb4b4b,1519,15.04,25,161,0.15,https://community.akamai.steamstatic.com/economy/image/i0CoZ81Ui0m-9KwlBY1L_18myuGuq1wfhWSaZgMttyVfPaERSR0Wqmu7LAocGJai0ki7VeTHjMmuOXSQ61MnpNWipUruRiLin5fk5ytV0PWhZKAjd6bDXT_Bk7gjtOJoFnznwBhytWjdmN2oeH-XbFdyWJFwQeBbsRe8wMqnab0EBoJoPA,"=IMAGE(""https://community.akamai.steamstatic.com/economy/image/i0CoZ81Ui0m-9KwlBY1L_18myuGuq1wfhWSaZgMttyVfPaERSR0Wqmu7LAocGJai0ki7VeTHjMmuOXSQ61MnpNWipUruRiLin5fk5ytV0PWhZKAjd6bDXT_Bk7gjtOJoFnznwBhytWjdmN2oeH-XbFdyWJFwQeBbsRe8wMqnab0EBoJoPA"")",https://cs2tokens.com/iem-cologne-2026/items/sticker-saadzin-gold-cologne-2026,sticker-saadzin-gold-cologne-2026,ok,,https://cs2tokens.com/iem-cologne-2026/items/sticker-saadzin-gold-cologne-2026/q-data.json,Sticker | saadzin (Gold) | Cologne 2026,https://steamcommunity.com/market/listings/730/Sticker%20%7C%20saadzin%20%28Gold%29%20%7C%20Cologne%202026,1209,10789,5316,12,iem-cologne-2026,campaign_12,sticker,Autograph,saadzin,Legacy,rarity_ancient
2026-06-04 00:38:18,20260604_003818,https://cs2tokens.com/browse?sort=price-asc&finish=Gold,Gold,ccd759de5908,Sticker | soulfly (Gold) | Cologne 2026,soulfly,Cologne 2026,Player,Gold,Aurora,Extraordinary,#eb4b4b,1525,15.1,26,161,0.1562,https://community.akamai.steamstatic.com/economy/image/i0CoZ81Ui0m-9KwlBY1L_18myuGuq1wfhWSaZgMttyVfPaERSR0Wqmu7LAocGJai0ki7VeTHjMmuOXSQ61MnpNWipUruRiLikYPs-y5C0PWhZKAjefXAVjbJmO0i6Lc_Gy_lzUl16m2EyYv9I3qfbgEpDJF4R7ELsRfsk8qnab237rEIZQ,"=IMAGE(""https://community.akamai.steamstatic.com/economy/image/i0CoZ81Ui0m-9KwlBY1L_18myuGuq1wfhWSaZgMttyVfPaERSR0Wqmu7LAocGJai0ki7VeTHjMmuOXSQ61MnpNWipUruRiLikYPs-y5C0PWhZKAjefXAVjbJmO0i6Lc_Gy_lzUl16m2EyYv9I3qfbgEpDJF4R7ELsRfsk8qnab237rEIZQ"")",https://cs2tokens.com/iem-cologne-2026/items/sticker-soulfly-gold-cologne-2026,sticker-soulfly-gold-cologne-2026,ok,,https://cs2tokens.com/iem-cologne-2026/items/sticker-soulfly-gold-cologne-2026/q-data.json,Sticker | soulfly (Gold) | Cologne 2026,https://steamcommunity.com/market/listings/730/Sticker%20%7C%20soulfly%20%28Gold%29%20%7C%20Cologne%202026,1209,10641,5316,12,iem-cologne-2026,campaign_12,sticker,Autograph,soulfly,Aurora,rarity_ancient
2026-06-04 00:38:18,20260604_003818,https://cs2tokens.com/browse?sort=price-asc&finish=Gold,Gold,6a1c4bcfa75c,Sticker | yuurih (Gold) | Cologne 2026,yuurih,Cologne 2026,Player,Gold,FURIA,Extraordinary,#eb4b4b,1533,15.18,27,161,0.1625,https://community.akamai.steamstatic.com/economy/image/i0CoZ81Ui0m-9KwlBY1L_18myuGuq1wfhWSaZgMttyVfPaERSR0Wqmu7LAocGJai0ki7VeTHjMmuOXSQ61MnpNWipUruRiLoi4Py9Cpk6P2ibOo6cajLDzWRlety5bk5HSixlEsksWjdntr9dHOROwIpApdyQuMNsBGxjJS5YAhvbeE7,"=IMAGE(""https://community.akamai.steamstatic.com/economy/image/i0CoZ81Ui0m-9KwlBY1L_18myuGuq1wfhWSaZgMttyVfPaERSR0Wqmu7LAocGJai0ki7VeTHjMmuOXSQ61MnpNWipUruRiLoi4Py9Cpk6P2ibOo6cajLDzWRlety5bk5HSixlEsksWjdntr9dHOROwIpApdyQuMNsBGxjJS5YAhvbeE7"")",https://cs2tokens.com/iem-cologne-2026/items/sticker-yuurih-gold-cologne-2026,sticker-yuurih-gold-cologne-2026,ok,,https://cs2tokens.com/iem-cologne-2026/items/sticker-yuurih-gold-cologne-2026/q-data.json,Sticker | yuurih (Gold) | Cologne 2026,https://steamcommunity.com/market/listings/730/Sticker%20%7C%20yuurih%20%28Gold%29%20%7C%20Cologne%202026,1209,10673,5316,12,iem-cologne-2026,campaign_12,sticker,Autograph,yuurih,FURIA,rarity_ancient
2026-06-04 00:38:18,20260604_003818,https://cs2tokens.com/browse?sort=price-asc&finish=Gold,Gold,8bdb72efc661,Sticker | BELCHONOKK (Gold) | Cologne 2026,BELCHONOKK,Cologne 2026,Player,Gold,PARIVISION,Extraordinary,#eb4b4b,1546,15.31,28,161,0.1688,https://community.akamai.steamstatic.com/economy/image/i0CoZ81Ui0m-9KwlBY1L_18myuGuq1wfhWSaZgMttyVfPaERSR0Wqmu7LAocGJai0ki7VeTHjMmuOXSQ61MnpNWipUruRiLzm5rj9S1V4PmlV6NiLPTdWGSVw-ov6bZrGnHllkt3sD7TzNuoeXiRPVQnXpp0Qe4LsEPtm4CxZPSiuVI2ag1_oA,"=IMAGE(""https://community.akamai.steamstatic.com/economy/image/i0CoZ81Ui0m-9KwlBY1L_18myuGuq1wfhWSaZgMttyVfPaERSR0Wqmu7LAocGJai0ki7VeTHjMmuOXSQ61MnpNWipUruRiLzm5rj9S1V4PmlV6NiLPTdWGSVw-ov6bZrGnHllkt3sD7TzNuoeXiRPVQnXpp0Qe4LsEPtm4CxZPSiuVI2ag1_oA"")",https://cs2tokens.com/iem-cologne-2026/items/sticker-belchonokk-gold-cologne-2026,sticker-belchonokk-gold-cologne-2026,ok,,https://cs2tokens.com/iem-cologne-2026/items/sticker-belchonokk-gold-cologne-2026/q-data.json,Sticker | BELCHONOKK (Gold) | Cologne 2026,https://steamcommunity.com/market/listings/730/Sticker%20%7C%20BELCHONOKK%20%28Gold%29%20%7C%20Cologne%202026,1209,10629,5316,12,iem-cologne-2026,campaign_12,sticker,Autograph,BELCHONOKK,PARIVISION,rarity_ancient
2026-06-04 00:38:18,20260604_003818,https://cs2tokens.com/browse?sort=price-asc&finish=Gold,Gold,b2d90b25d741,Sticker | bLitz (Gold) | Cologne 2026,bLitz,Cologne 2026,Player,Gold,The MongolZ,Extraordinary,#eb4b4b,1548,15.33,29,161,0.175,https://community.akamai.steamstatic.com/economy/image/i0CoZ81Ui0m-9KwlBY1L_18myuGuq1wfhWSaZgMttyVfPaERSR0Wqmu7LAocGJai0ki7VeTHjMmuOXSQ61MnpNWipUruRiLzkp_05x1c4P6qJvA_caLFDTKVmbh1tLNvF3jrwUh042nTyt2gcX6TZgdxDpJ1RbQN5EGm0oqwklnJd70,"=IMAGE(""https://community.akamai.steamstatic.com/economy/image/i0CoZ81Ui0m-9KwlBY1L_18myuGuq1wfhWSaZgMttyVfPaERSR0Wqmu7LAocGJai0ki7VeTHjMmuOXSQ61MnpNWipUruRiLzkp_05x1c4P6qJvA_caLFDTKVmbh1tLNvF3jrwUh042nTyt2gcX6TZgdxDpJ1RbQN5EGm0oqwklnJd70"")",https://cs2tokens.com/iem-cologne-2026/items/sticker-blitz-gold-cologne-2026,sticker-blitz-gold-cologne-2026,ok,,https://cs2tokens.com/iem-cologne-2026/items/sticker-blitz-gold-cologne-2026/q-data.json,Sticker | bLitz (Gold) | Cologne 2026,https://steamcommunity.com/market/listings/730/Sticker%20%7C%20bLitz%20%28Gold%29%20%7C%20Cologne%202026,1209,10597,5316,12,iem-cologne-2026,campaign_12,sticker,Autograph,bLitz,The MongolZ,rarity_ancient
2026-06-04 00:38:18,20260604_003818,https://cs2tokens.com/browse?sort=price-asc&finish=Gold,Gold,3a7154208a3f,Sticker | HooXi (Gold) | Cologne 2026,HooXi,Cologne 2026,Player,Gold,Astralis,Extraordinary,#eb4b4b,1550,15.35,30,161,0.1812,https://community.akamai.steamstatic.com/economy/image/i0CoZ81Ui0m-9KwlBY1L_18myuGuq1wfhWSaZgMttyVfPaERSR0Wqmu7LAocGJai0ki7VeTHjMmuOXSQ61MnpNWipUruRiL5kZn49B1c4P6qJqVoJPHKCGbIke8nsbA5THjgzEwm42nRzdurci3GaAMlApp1FLFesxOm0oqwaDbRSqI,"=IMAGE(""https://community.akamai.steamstatic.com/economy/image/i0CoZ81Ui0m-9KwlBY1L_18myuGuq1wfhWSaZgMttyVfPaERSR0Wqmu7LAocGJai0ki7VeTHjMmuOXSQ61MnpNWipUruRiL5kZn49B1c4P6qJqVoJPHKCGbIke8nsbA5THjgzEwm42nRzdurci3GaAMlApp1FLFesxOm0oqwaDbRSqI"")",https://cs2tokens.com/iem-cologne-2026/items/sticker-hooxi-gold-cologne-2026,sticker-hooxi-gold-cologne-2026,ok,,https://cs2tokens.com/iem-cologne-2026/items/sticker-hooxi-gold-cologne-2026/q-data.json,Sticker | HooXi (Gold) | Cologne 2026,https://steamcommunity.com/market/listings/730/Sticker%20%7C%20HooXi%20%28Gold%29%20%7C%20Cologne%202026,1209,10737,5316,12,iem-cologne-2026,campaign_12,sticker,Autograph,HooXi,Astralis,rarity_ancient
2026-06-04 00:38:18,20260604_003818,https://cs2tokens.com/browse?sort=price-asc&finish=Gold,Gold,27f6d80a293f,Sticker | luchov (Gold) | Cologne 2026,luchov,Cologne 2026,Player,Gold,9z Team,Extraordinary,#eb4b4b,1557,15.41,31,161,0.1875,https://community.akamai.steamstatic.com/economy/image/i0CoZ81Ui0m-9KwlBY1L_18myuGuq1wfhWSaZgMttyVfPaERSR0Wqmu7LAocGJai0ki7VeTHjMmuOXSQ61MnpNWipUruRiL9i5Xo8jRk6P2ibOo4dKTDWDPClOx35rhrTXrmlxh-4TzSn9epci2SbFRzWZFxTOALthK9jJS5YF7HzkdP,"=IMAGE(""https://community.akamai.steamstatic.com/economy/image/i0CoZ81Ui0m-9KwlBY1L_18myuGuq1wfhWSaZgMttyVfPaERSR0Wqmu7LAocGJai0ki7VeTHjMmuOXSQ61MnpNWipUruRiL9i5Xo8jRk6P2ibOo4dKTDWDPClOx35rhrTXrmlxh-4TzSn9epci2SbFRzWZFxTOALthK9jJS5YF7HzkdP"")",https://cs2tokens.com/iem-cologne-2026/items/sticker-luchov-gold-cologne-2026,sticker-luchov-gold-cologne-2026,ok,,https://cs2tokens.com/iem-cologne-2026/items/sticker-luchov-gold-cologne-2026/q-data.json,Sticker | luchov (Gold) | Cologne 2026,https://steamcommunity.com/market/listings/730/Sticker%20%7C%20luchov%20%28Gold%29%20%7C%20Cologne%202026,1209,10849,5316,12,iem-cologne-2026,campaign_12,sticker,Autograph,luchov,9z Team,rarity_ancient
2026-06-04 00:38:18,20260604_003818,https://cs2tokens.com/browse?sort=price-asc&finish=Gold,Gold,c35f110c1ff3,Sticker | Rainwaker (Gold) | Cologne 2026,Rainwaker,Cologne 2026,Player,Gold,Monte,Extraordinary,#eb4b4b,1558,15.42,32,161,0.1938,https://community.akamai.steamstatic.com/economy/image/i0CoZ81Ui0m-9KwlBY1L_18myuGuq1wfhWSaZgMttyVfPaERSR0Wqmu7LAocGJai0ki7VeTHjMmuOXSQ61MnpNWipUruRiLjn5_u6iNQ6uCRb6thJL6VXTPIkOx157A5THjrl0Vx5W_QzY3_cnvDawInDJJ3QLUOskS8xNC2Kaq8sGhpTrPr,"=IMAGE(""https://community.akamai.steamstatic.com/economy/image/i0CoZ81Ui0m-9KwlBY1L_18myuGuq1wfhWSaZgMttyVfPaERSR0Wqmu7LAocGJai0ki7VeTHjMmuOXSQ61MnpNWipUruRiLjn5_u6iNQ6uCRb6thJL6VXTPIkOx157A5THjrl0Vx5W_QzY3_cnvDawInDJJ3QLUOskS8xNC2Kaq8sGhpTrPr"")",https://cs2tokens.com/iem-cologne-2026/items/sticker-rainwaker-gold-cologne-2026,sticker-rainwaker-gold-cologne-2026,ok,,https://cs2tokens.com/iem-cologne-2026/items/sticker-rainwaker-gold-cologne-2026/q-data.json,Sticker | Rainwaker (Gold) | Cologne 2026,https://steamcommunity.com/market/listings/730/Sticker%20%7C%20Rainwaker%20%28Gold%29%20%7C%20Cologne%202026,1209,10817,5316,12,iem-cologne-2026,campaign_12,sticker,Autograph,Rainwaker,Monte,rarity_ancient
2026-06-04 00:38:18,20260604_003818,https://cs2tokens.com/browse?sort=price-asc&finish=Gold,Gold,51cfc7f99c9b,Sticker | Wicadia (Gold) | Cologne 2026,Wicadia,Cologne 2026,Player,Gold,Aurora,Extraordinary,#eb4b4b,1571,15.55,33,161,0.2,https://community.akamai.steamstatic.com/economy/image/i0CoZ81Ui0m-9KwlBY1L_18myuGuq1wfhWSaZgMttyVfPaERSR0Wqmu7LAocGJai0ki7VeTHjMmuOXSQ61MnpNWipUruRiLml5Xh-Sta0PWhZKAjIaiXX2TCmb1wtrA9Tiy2kE4m4mrSm4qgcS2TZldxXJF3EOIN5hXsl8qnab2tz-yTcw,"=IMAGE(""https://community.akamai.steamstatic.com/economy/image/i0CoZ81Ui0m-9KwlBY1L_18myuGuq1wfhWSaZgMttyVfPaERSR0Wqmu7LAocGJai0ki7VeTHjMmuOXSQ61MnpNWipUruRiLml5Xh-Sta0PWhZKAjIaiXX2TCmb1wtrA9Tiy2kE4m4mrSm4qgcS2TZldxXJF3EOIN5hXsl8qnab2tz-yTcw"")",https://cs2tokens.com/iem-cologne-2026/items/sticker-wicadia-gold-cologne-2026,sticker-wicadia-gold-cologne-2026,ok,,https://cs2tokens.com/iem-cologne-2026/items/sticker-wicadia-gold-cologne-2026/q-data.json,Sticker | Wicadia (Gold) | Cologne 2026,https://steamcommunity.com/market/listings/730/Sticker%20%7C%20Wicadia%20%28Gold%29%20%7C%20Cologne%202026,1209,10645,5316,12,iem-cologne-2026,campaign_12,sticker,Autograph,Wicadia,Aurora,rarity_ancient
2026-06-04 00:38:18,20260604_003818,https://cs2tokens.com/browse?sort=price-asc&finish=Gold,Gold,193f2df42bef,Sticker | Krabeni (Gold) | Cologne 2026,Krabeni,Cologne 2026,Player,Gold,,Extraordinary,#eb4b4b,1590,15.74,34,161,0.2062,https://community.akamai.steamstatic.com/economy/image/i0CoZ81Ui0m-9KwlBY1L_18myuGuq1wfhWSaZgMttyVfPaERSR0Wqmu7LAocGJai0ki7VeTHjMmuOXSQ61MnpNWipUruRiL6jJfi-CxS0PWhZKAjcKXBWTTAxbdz4uJoHXvgwUx-42nXzIv_cniRbVUjWcN2R-FcthDpkcqnab0xh8W4SQ,"=IMAGE(""https://community.akamai.steamstatic.com/economy/image/i0CoZ81Ui0m-9KwlBY1L_18myuGuq1wfhWSaZgMttyVfPaERSR0Wqmu7LAocGJai0ki7VeTHjMmuOXSQ61MnpNWipUruRiL6jJfi-CxS0PWhZKAjcKXBWTTAxbdz4uJoHXvgwUx-42nXzIv_cniRbVUjWcN2R-FcthDpkcqnab0xh8W4SQ"")",https://cs2tokens.com/iem-cologne-2026/items/sticker-krabeni-gold-cologne-2026,sticker-krabeni-gold-cologne-2026,ok,,https://cs2tokens.com/iem-cologne-2026/items/sticker-krabeni-gold-cologne-2026/q-data.json,Sticker | Krabeni (Gold) | Cologne 2026,https://steamcommunity.com/market/listings/730/Sticker%20%7C%20Krabeni%20%28Gold%29%20%7C%20Cologne%202026,1209,10705,5316,12,iem-cologne-2026,campaign_12,sticker,Autograph,Krabeni,,rarity_ancient
2026-06-04 00:38:18,20260604_003818,https://cs2tokens.com/browse?sort=price-asc&finish=Gold,Gold,47f117f2f354,Sticker | Gizmy (Gold) | Cologne 2026,Gizmy,Cologne 2026,Player,Gold,Monte,Extraordinary,#eb4b4b,1608,15.92,35,161,0.2125,https://community.akamai.steamstatic.com/economy/image/i0CoZ81Ui0m-9KwlBY1L_18myuGuq1wfhWSaZgMttyVfPaERSR0Wqmu7LAocGJai0ki7VeTHjMmuOXSQ61MnpNWipUruRiL2l4zt5B1c4P6qJvM5efSWWzPBmOwn5bg7GXC3x0sktTzUydateH6fb1cnW5Z1TLJesBWm0oqwXS52T3I,"=IMAGE(""https://community.akamai.steamstatic.com/economy/image/i0CoZ81Ui0m-9KwlBY1L_18myuGuq1wfhWSaZgMttyVfPaERSR0Wqmu7LAocGJai0ki7VeTHjMmuOXSQ61MnpNWipUruRiL2l4zt5B1c4P6qJvM5efSWWzPBmOwn5bg7GXC3x0sktTzUydateH6fb1cnW5Z1TLJesBWm0oqwXS52T3I"")",https://cs2tokens.com/iem-cologne-2026/items/sticker-gizmy-gold-cologne-2026,sticker-gizmy-gold-cologne-2026,ok,,https://cs2tokens.com/iem-cologne-2026/items/sticker-gizmy-gold-cologne-2026/q-data.json,Sticker | Gizmy (Gold) | Cologne 2026,https://steamcommunity.com/market/listings/730/Sticker%20%7C%20Gizmy%20%28Gold%29%20%7C%20Cologne%202026,1209,10829,5316,12,iem-cologne-2026,campaign_12,sticker,Autograph,Gizmy,Monte,rarity_ancient
2026-06-04 00:38:18,20260604_003818,https://cs2tokens.com/browse?sort=price-asc&finish=Gold,Gold,5d26f65d841e,Sticker | max (Gold) | Cologne 2026,max,Cologne 2026,Player,Gold,9z Team,Extraordinary,#eb4b4b,1620,16.04,36,161,0.2188,https://raw.githubusercontent.com/ByMykel/counter-strike-image-tracker/main/static/panorama/images/econ/stickers/cologne2026/sig_max_gold_png.png,"=IMAGE(""https://raw.githubusercontent.com/ByMykel/counter-strike-image-tracker/main/static/panorama/images/econ/stickers/cologne2026/sig_max_gold_png.png"")",https://cs2tokens.com/iem-cologne-2026/items/sticker-max-gold-cologne-2026,sticker-max-gold-cologne-2026,ok,,https://cs2tokens.com/iem-cologne-2026/items/sticker-max-gold-cologne-2026/q-data.json,Sticker | max (Gold) | Cologne 2026,https://steamcommunity.com/market/listings/730/Sticker%20%7C%20max%20%28Gold%29%20%7C%20Cologne%202026,1209,10837,5316,12,iem-cologne-2026,campaign_12,sticker,Autograph,max,9z Team,rarity_ancient
2026-06-04 00:38:18,20260604_003818,https://cs2tokens.com/browse?sort=price-asc&finish=Gold,Gold,c93e44d1d05f,Sticker | dumau (Gold) | Cologne 2026,dumau,Cologne 2026,Player,Gold,Legacy,Extraordinary,#eb4b4b,1633,16.17,37,161,0.225,https://community.akamai.steamstatic.com/economy/image/i0CoZ81Ui0m-9KwlBY1L_18myuGuq1wfhWSaZgMttyVfPaERSR0Wqmu7LAocGJai0ki7VeTHjMmuOXSQ61MnpNWipUruRiL1i5vh6B1c4P6qJqc_cPPGW2bAl7sg5rk9Tiq2wU10sGjSmdarI3uTOwAlCpojFrJcsUam0oqw-7Zg3ec,"=IMAGE(""https://community.akamai.steamstatic.com/economy/image/i0CoZ81Ui0m-9KwlBY1L_18myuGuq1wfhWSaZgMttyVfPaERSR0Wqmu7LAocGJai0ki7VeTHjMmuOXSQ61MnpNWipUruRiL1i5vh6B1c4P6qJqc_cPPGW2bAl7sg5rk9Tiq2wU10sGjSmdarI3uTOwAlCpojFrJcsUam0oqw-7Zg3ec"")",https://cs2tokens.com/iem-cologne-2026/items/sticker-dumau-gold-cologne-2026,sticker-dumau-gold-cologne-2026,ok,,https://cs2tokens.com/iem-cologne-2026/items/sticker-dumau-gold-cologne-2026/q-data.json,Sticker | dumau (Gold) | Cologne 2026,https://steamcommunity.com/market/listings/730/Sticker%20%7C%20dumau%20%28Gold%29%20%7C%20Cologne%202026,1209,10785,5316,12,iem-cologne-2026,campaign_12,sticker,Autograph,dumau,Legacy,rarity_ancient
2026-06-04 00:38:18,20260604_003818,https://cs2tokens.com/browse?sort=price-asc&finish=Gold,Gold,adc9aeebd887,Sticker | woxic (Gold) | Cologne 2026,woxic,Cologne 2026,Player,Gold,Aurora,Extraordinary,#eb4b4b,1646,16.3,38,161,0.2313,https://community.akamai.steamstatic.com/economy/image/i0CoZ81Ui0m-9KwlBY1L_18myuGuq1wfhWSaZgMttyVfPaERSR0Wqmu7LAocGJai0ki7VeTHjMmuOXSQ61MnpNWipUruRiLmkY7p_h1c4P6qJvFvcqXBWjbJk-0m6eRtHi-ywUl04mvRzNardi6WOlcnC5YkQLEDtROm0oqwCSzeWNI,"=IMAGE(""https://community.akamai.steamstatic.com/economy/image/i0CoZ81Ui0m-9KwlBY1L_18myuGuq1wfhWSaZgMttyVfPaERSR0Wqmu7LAocGJai0ki7VeTHjMmuOXSQ61MnpNWipUruRiLmkY7p_h1c4P6qJvFvcqXBWjbJk-0m6eRtHi-ywUl04mvRzNardi6WOlcnC5YkQLEDtROm0oqwCSzeWNI"")",https://cs2tokens.com/iem-cologne-2026/items/sticker-woxic-gold-cologne-2026,sticker-woxic-gold-cologne-2026,ok,,https://cs2tokens.com/iem-cologne-2026/items/sticker-woxic-gold-cologne-2026/q-data.json,Sticker | woxic (Gold) | Cologne 2026,https://steamcommunity.com/market/listings/730/Sticker%20%7C%20woxic%20%28Gold%29%20%7C%20Cologne%202026,1209,10653,5316,12,iem-cologne-2026,campaign_12,sticker,Autograph,woxic,Aurora,rarity_ancient
2026-06-04 00:38:18,20260604_003818,https://cs2tokens.com/browse?sort=price-asc&finish=Gold,Gold,6639d2b9ba67,Sticker | snow (Gold) | Cologne 2026,snow,Cologne 2026,Player,Gold,paiN Gaming,Extraordinary,#eb4b4b,1652,16.35,39,161,0.2375,https://community.akamai.steamstatic.com/economy/image/i0CoZ81Ui0m-9KwlBY1L_18myuGuq1wfhWSaZgMttyVfPaERSR0Wqmu7LAocGJai0ki7VeTHjMmuOXSQ61MnpNWipUruRiLikJn3wiVU4_bgOKU0JfLAXGKRl7gg4rVrSSvmwkUisj7WyoyucCqRa1UmX5siQbMDsw74zIOC7yMi-Q,"=IMAGE(""https://community.akamai.steamstatic.com/economy/image/i0CoZ81Ui0m-9KwlBY1L_18myuGuq1wfhWSaZgMttyVfPaERSR0Wqmu7LAocGJai0ki7VeTHjMmuOXSQ61MnpNWipUruRiLikJn3wiVU4_bgOKU0JfLAXGKRl7gg4rVrSSvmwkUisj7WyoyucCqRa1UmX5siQbMDsw74zIOC7yMi-Q"")",https://cs2tokens.com/iem-cologne-2026/items/sticker-snow-gold-cologne-2026,sticker-snow-gold-cologne-2026,ok,,https://cs2tokens.com/iem-cologne-2026/items/sticker-snow-gold-cologne-2026/q-data.json,Sticker | snow (Gold) | Cologne 2026,https://steamcommunity.com/market/listings/730/Sticker%20%7C%20snow%20%28Gold%29%20%7C%20Cologne%202026,1209,10805,5316,12,iem-cologne-2026,campaign_12,sticker,Autograph,snow,paiN Gaming,rarity_ancient
2026-06-04 00:38:18,20260604_003818,https://cs2tokens.com/browse?sort=price-asc&finish=Gold,Gold,76e6cbca4ec4,Sticker | HUASOPEEK (Gold) | Cologne 2026,HUASOPEEK,Cologne 2026,Player,Gold,9z Team,Extraordinary,#eb4b4b,1668,16.51,40,161,0.2437,https://community.akamai.steamstatic.com/economy/image/i0CoZ81Ui0m-9KwlBY1L_18myuGuq1wfhWSaZgMttyVfPaERSR0Wqmu7LAocGJai0ki7VeTHjMmuOXSQ61MnpNWipUruRiL5i5fz8jJe6vmRb6thJL6XCGPDwLsv57E4HyjmzR5_t2uHm9evInmUbQd1CZRyROID4xTrk9KyKaq8sObpmqdX,"=IMAGE(""https://community.akamai.steamstatic.com/economy/image/i0CoZ81Ui0m-9KwlBY1L_18myuGuq1wfhWSaZgMttyVfPaERSR0Wqmu7LAocGJai0ki7VeTHjMmuOXSQ61MnpNWipUruRiL5i5fz8jJe6vmRb6thJL6XCGPDwLsv57E4HyjmzR5_t2uHm9evInmUbQd1CZRyROID4xTrk9KyKaq8sObpmqdX"")",https://cs2tokens.com/iem-cologne-2026/items/sticker-huasopeek-gold-cologne-2026,sticker-huasopeek-gold-cologne-2026,ok,,https://cs2tokens.com/iem-cologne-2026/items/sticker-huasopeek-gold-cologne-2026/q-data.json,Sticker | HUASOPEEK (Gold) | Cologne 2026,https://steamcommunity.com/market/listings/730/Sticker%20%7C%20HUASOPEEK%20%28Gold%29%20%7C%20Cologne%202026,1209,10853,5316,12,iem-cologne-2026,campaign_12,sticker,Autograph,HUASOPEEK,9z Team,rarity_ancient
2026-06-04 00:38:18,20260604_003818,https://cs2tokens.com/browse?sort=price-asc&finish=Gold,Gold,fcd752579ed1,Sticker | Heavygod (Gold) | Cologne 2026,Heavygod,Cologne 2026,Player,Gold,G2 Esports,Extraordinary,#eb4b4b,1676,16.59,41,161,0.25,https://community.akamai.steamstatic.com/economy/image/i0CoZ81Ui0m-9KwlBY1L_18myuGuq1wfhWSaZgMttyVfPaERSR0Wqmu7LAocGJai0ki7VeTHjMmuOXSQ61MnpNWipUruRiL5m5f25CVU682pZ6hpbqmSCz-Wx7sisrc9H3y2lk8j4GmAnNj_InOWawImD8B2RLMNsUG5xIb5d7S1r_NIvco,"=IMAGE(""https://community.akamai.steamstatic.com/economy/image/i0CoZ81Ui0m-9KwlBY1L_18myuGuq1wfhWSaZgMttyVfPaERSR0Wqmu7LAocGJai0ki7VeTHjMmuOXSQ61MnpNWipUruRiL5m5f25CVU682pZ6hpbqmSCz-Wx7sisrc9H3y2lk8j4GmAnNj_InOWawImD8B2RLMNsUG5xIb5d7S1r_NIvco"")",https://cs2tokens.com/iem-cologne-2026/items/sticker-heavygod-gold-cologne-2026,sticker-heavygod-gold-cologne-2026,ok,,https://cs2tokens.com/iem-cologne-2026/items/sticker-heavygod-gold-cologne-2026/q-data.json,Sticker | Heavygod (Gold) | Cologne 2026,https://steamcommunity.com/market/listings/730/Sticker%20%7C%20Heavygod%20%28Gold%29%20%7C%20Cologne%202026,1209,10761,5316,12,iem-cologne-2026,campaign_12,sticker,Autograph,Heavygod,G2 Esports,rarity_ancient
2026-06-04 00:38:18,20260604_003818,https://cs2tokens.com/browse?sort=price-asc&finish=Gold,Gold,1ea7c19612f3,Sticker | MAJ3R (Gold) | Cologne 2026,MAJ3R,Cologne 2026,Player,Gold,Aurora,Extraordinary,#eb4b4b,1695,16.78,42,161,0.2562,https://community.akamai.steamstatic.com/economy/image/i0CoZ81Ui0m-9KwlBY1L_18myuGuq1wfhWSaZgMttyVfPaERSR0Wqmu7LAocGJai0ki7VeTHjMmuOXSQ61MnpNWipUruRiL8n5yz7x1c4P6qJv1rcKCXDzLGwr4u5bY9H3G1wU8hsmjWyYytJH3BblNxDZF4F7YDuxOm0oqwzewELh4,"=IMAGE(""https://community.akamai.steamstatic.com/economy/image/i0CoZ81Ui0m-9KwlBY1L_18myuGuq1wfhWSaZgMttyVfPaERSR0Wqmu7LAocGJai0ki7VeTHjMmuOXSQ61MnpNWipUruRiL8n5yz7x1c4P6qJv1rcKCXDzLGwr4u5bY9H3G1wU8hsmjWyYytJH3BblNxDZF4F7YDuxOm0oqwzewELh4"")",https://cs2tokens.com/iem-cologne-2026/items/sticker-maj3r-gold-cologne-2026,sticker-maj3r-gold-cologne-2026,ok,,https://cs2tokens.com/iem-cologne-2026/items/sticker-maj3r-gold-cologne-2026/q-data.json,Sticker | MAJ3R (Gold) | Cologne 2026,https://steamcommunity.com/market/listings/730/Sticker%20%7C%20MAJ3R%20%28Gold%29%20%7C%20Cologne%202026,1209,10649,5316,12,iem-cologne-2026,campaign_12,sticker,Autograph,MAJ3R,Aurora,rarity_ancient
2026-06-04 00:38:18,20260604_003818,https://cs2tokens.com/browse?sort=price-asc&finish=Gold,Gold,88c307f55561,Sticker | Jimpphat (Gold) | Cologne 2026,Jimpphat,Cologne 2026,Player,Gold,MOUZ,Extraordinary,#eb4b4b,1709,16.92,43,161,0.2625,https://community.akamai.steamstatic.com/economy/image/i0CoZ81Ui0m-9KwlBY1L_18myuGuq1wfhWSaZgMttyVfPaERSR0Wqmu7LAocGJai0ki7VeTHjMmuOXSQ61MnpNWipUruRiL7l5vw7Spa-82pZ6hpbqKXWjOWwuwktLk6Tijqx08j6jmHmdiodH6QZwQmApZ4QOYLs0Huwdf5d7S190aqUhY,"=IMAGE(""https://community.akamai.steamstatic.com/economy/image/i0CoZ81Ui0m-9KwlBY1L_18myuGuq1wfhWSaZgMttyVfPaERSR0Wqmu7LAocGJai0ki7VeTHjMmuOXSQ61MnpNWipUruRiL7l5vw7Spa-82pZ6hpbqKXWjOWwuwktLk6Tijqx08j6jmHmdiodH6QZwQmApZ4QOYLs0Huwdf5d7S190aqUhY"")",https://cs2tokens.com/iem-cologne-2026/items/sticker-jimpphat-gold-cologne-2026,sticker-jimpphat-gold-cologne-2026,ok,,https://cs2tokens.com/iem-cologne-2026/items/sticker-jimpphat-gold-cologne-2026/q-data.json,Sticker | Jimpphat (Gold) | Cologne 2026,https://steamcommunity.com/market/listings/730/Sticker%20%7C%20Jimpphat%20%28Gold%29%20%7C%20Cologne%202026,1209,10677,5316,12,iem-cologne-2026,campaign_12,sticker,Autograph,Jimpphat,MOUZ,rarity_ancient
2026-06-04 00:38:18,20260604_003818,https://cs2tokens.com/browse?sort=price-asc&finish=Gold,Gold,d44a026a7e2b,Sticker | SunPayus (Gold) | Cologne 2026,SunPayus,Cologne 2026,Player,Gold,G2 Esports,Extraordinary,#eb4b4b,1810,17.92,44,161,0.2687,https://community.akamai.steamstatic.com/economy/image/i0CoZ81Ui0m-9KwlBY1L_18myuGuq1wfhWSaZgMttyVfPaERSR0Wqmu7LAocGJai0ki7VeTHjMmuOXSQ61MnpNWipUruRiLii5jw_DtO_M2pZ6hpbqWXW2WSxOp04Lc8Sy_mzRh_smjQyditcS2WOlUhDJokQrRbsBa4wdH5d7S1mHFfU8o,"=IMAGE(""https://community.akamai.steamstatic.com/economy/image/i0CoZ81Ui0m-9KwlBY1L_18myuGuq1wfhWSaZgMttyVfPaERSR0Wqmu7LAocGJai0ki7VeTHjMmuOXSQ61MnpNWipUruRiLii5jw_DtO_M2pZ6hpbqWXW2WSxOp04Lc8Sy_mzRh_smjQyditcS2WOlUhDJokQrRbsBa4wdH5d7S1mHFfU8o"")",https://cs2tokens.com/iem-cologne-2026/items/sticker-sunpayus-gold-cologne-2026,sticker-sunpayus-gold-cologne-2026,ok,,https://cs2tokens.com/iem-cologne-2026/items/sticker-sunpayus-gold-cologne-2026/q-data.json,Sticker | SunPayus (Gold) | Cologne 2026,https://steamcommunity.com/market/listings/730/Sticker%20%7C%20SunPayus%20%28Gold%29%20%7C%20Cologne%202026,1209,10769,5316,12,iem-cologne-2026,campaign_12,sticker,Autograph,SunPayus,G2 Esports,rarity_ancient
2026-06-04 00:38:18,20260604_003818,https://cs2tokens.com/browse?sort=price-asc&finish=Gold,Gold,619bc6f69a35,Sticker | brnz4n (Gold) | Cologne 2026,brnz4n,Cologne 2026,Player,Gold,MIBR,Extraordinary,#eb4b4b,1815,17.97,45,161,0.275,https://community.akamai.steamstatic.com/economy/image/i0CoZ81Ui0m-9KwlBY1L_18myuGuq1wfhWSaZgMttyVfPaERSR0Wqmu7LAocGJai0ki7VeTHjMmuOXSQ61MnpNWipUruRiLzjJj6qSxk6P2ibOo4dfbAXGaRmLZ1tedvTi3iw0x-52_dyt-hdirGPwRzCcMjQLUJ5kHsjJS5YKHneMG2,"=IMAGE(""https://community.akamai.steamstatic.com/economy/image/i0CoZ81Ui0m-9KwlBY1L_18myuGuq1wfhWSaZgMttyVfPaERSR0Wqmu7LAocGJai0ki7VeTHjMmuOXSQ61MnpNWipUruRiLzjJj6qSxk6P2ibOo4dfbAXGaRmLZ1tedvTi3iw0x-52_dyt-hdirGPwRzCcMjQLUJ5kHsjJS5YKHneMG2"")",https://cs2tokens.com/iem-cologne-2026/items/sticker-brnz4n-gold-cologne-2026,sticker-brnz4n-gold-cologne-2026,ok,,https://cs2tokens.com/iem-cologne-2026/items/sticker-brnz4n-gold-cologne-2026/q-data.json,Sticker | brnz4n (Gold) | Cologne 2026,https://steamcommunity.com/market/listings/730/Sticker%20%7C%20brnz4n%20%28Gold%29%20%7C%20Cologne%202026,1209,10985,5316,12,iem-cologne-2026,campaign_12,sticker,Autograph,brnz4n,MIBR,rarity_ancient
2026-06-04 00:38:18,20260604_003818,https://cs2tokens.com/browse?sort=price-asc&finish=Gold,Gold,78eaece019ed,Sticker | lauNX (Gold) | Cologne 2026,lauNX,Cologne 2026,Player,Gold,,Extraordinary,#eb4b4b,1890,18.71,46,161,0.2812,https://community.akamai.steamstatic.com/economy/image/i0CoZ81Ui0m-9KwlBY1L_18myuGuq1wfhWSaZgMttyVfPaERSR0Wqmu7LAocGJai0ki7VeTHjMmuOXSQ61MnpNWipUruRiL9n4Pu5R1c4P6qJqc7dPWXC2WTlrsu47Q5THq1lh8jtziGnIz9dy2UZ1QkCZN2E7Jb50Om0oqw16s0VBg,"=IMAGE(""https://community.akamai.steamstatic.com/economy/image/i0CoZ81Ui0m-9KwlBY1L_18myuGuq1wfhWSaZgMttyVfPaERSR0Wqmu7LAocGJai0ki7VeTHjMmuOXSQ61MnpNWipUruRiL9n4Pu5R1c4P6qJqc7dPWXC2WTlrsu47Q5THq1lh8jtziGnIz9dy2UZ1QkCZN2E7Jb50Om0oqw16s0VBg"")",https://cs2tokens.com/iem-cologne-2026/items/sticker-launx-gold-cologne-2026,sticker-launx-gold-cologne-2026,ok,,https://cs2tokens.com/iem-cologne-2026/items/sticker-launx-gold-cologne-2026/q-data.json,Sticker | lauNX (Gold) | Cologne 2026,https://steamcommunity.com/market/listings/730/Sticker%20%7C%20lauNX%20%28Gold%29%20%7C%20Cologne%202026,1209,10701,5316,12,iem-cologne-2026,campaign_12,sticker,Autograph,lauNX,,rarity_ancient
2026-06-04 00:38:18,20260604_003818,https://cs2tokens.com/browse?sort=price-asc&finish=Gold,Gold,a7b11797136f,Sticker | latto (Gold) | Cologne 2026,latto,Cologne 2026,Player,Gold,Legacy,Extraordinary,#eb4b4b,1977,19.57,47,161,0.2875,https://community.akamai.steamstatic.com/economy/image/i0CoZ81Ui0m-9KwlBY1L_18myuGuq1wfhWSaZgMttyVfPaERSR0Wqmu7LAocGJai0ki7VeTHjMmuOXSQ61MnpNWipUruRiL9n4L08h1c4P6qJqc7IvTCXWbFwrl1tbJvFnu2kUR_42qHz9j7eHuXOwV2WZokR7QK5EKm0oqwzfWWBXs,"=IMAGE(""https://community.akamai.steamstatic.com/economy/image/i0CoZ81Ui0m-9KwlBY1L_18myuGuq1wfhWSaZgMttyVfPaERSR0Wqmu7LAocGJai0ki7VeTHjMmuOXSQ61MnpNWipUruRiL9n4L08h1c4P6qJqc7IvTCXWbFwrl1tbJvFnu2kUR_42qHz9j7eHuXOwV2WZokR7QK5EKm0oqwzfWWBXs"")",https://cs2tokens.com/iem-cologne-2026/items/sticker-latto-gold-cologne-2026,sticker-latto-gold-cologne-2026,ok,,https://cs2tokens.com/iem-cologne-2026/items/sticker-latto-gold-cologne-2026/q-data.json,Sticker | latto (Gold) | Cologne 2026,https://steamcommunity.com/market/listings/730/Sticker%20%7C%20latto%20%28Gold%29%20%7C%20Cologne%202026,1209,10781,5316,12,iem-cologne-2026,campaign_12,sticker,Autograph,latto,Legacy,rarity_ancient
2026-06-04 00:38:18,20260604_003818,https://cs2tokens.com/browse?sort=price-asc&finish=Gold,Gold,b15d031b4dad,Sticker | Spinx (Gold) | Cologne 2026,Spinx,Cologne 2026,Player,Gold,MOUZ,Extraordinary,#eb4b4b,1995,19.75,48,161,0.2938,https://community.akamai.steamstatic.com/economy/image/i0CoZ81Ui0m-9KwlBY1L_18myuGuq1wfhWSaZgMttyVfPaERSR0Wqmu7LAocGJai0ki7VeTHjMmuOXSQ61MnpNWipUruRiLijp_u5R1c4P6qJv01JqiXDGSWmOokteQ-Hnzrxkp3tm2ByN2scXyeZgEhCMAmFuVe4Uam0oqwrbz_Lbw,"=IMAGE(""https://community.akamai.steamstatic.com/economy/image/i0CoZ81Ui0m-9KwlBY1L_18myuGuq1wfhWSaZgMttyVfPaERSR0Wqmu7LAocGJai0ki7VeTHjMmuOXSQ61MnpNWipUruRiLijp_u5R1c4P6qJv01JqiXDGSWmOokteQ-Hnzrxkp3tm2ByN2scXyeZgEhCMAmFuVe4Uam0oqwrbz_Lbw"")",https://cs2tokens.com/iem-cologne-2026/items/sticker-spinx-gold-cologne-2026,sticker-spinx-gold-cologne-2026,ok,,https://cs2tokens.com/iem-cologne-2026/items/sticker-spinx-gold-cologne-2026/q-data.json,Sticker | Spinx (Gold) | Cologne 2026,https://steamcommunity.com/market/listings/730/Sticker%20%7C%20Spinx%20%28Gold%29%20%7C%20Cologne%202026,1209,10685,5316,12,iem-cologne-2026,campaign_12,sticker,Autograph,Spinx,MOUZ,rarity_ancient
2026-06-04 00:38:18,20260604_003818,https://cs2tokens.com/browse?sort=price-asc&finish=Gold,Gold,768d67051af2,Sticker | faveN (Gold) | Cologne 2026,faveN,Cologne 2026,Player,Gold,BIG,Extraordinary,#eb4b4b,2007,19.87,49,161,0.3,https://community.akamai.steamstatic.com/economy/image/i0CoZ81Ui0m-9KwlBY1L_18myuGuq1wfhWSaZgMttyVfPaERSR0Wqmu7LAocGJai0ki7VeTHjMmuOXSQ61MnpNWipUruRiL3n4Dl8x1c4P6qJqI_caGSDTDGmbsu4bQ-HS_gzBl-tWqDyYn9dC3FZldyA5V5Te8IthCm0oqwbZ3mBjA,"=IMAGE(""https://community.akamai.steamstatic.com/economy/image/i0CoZ81Ui0m-9KwlBY1L_18myuGuq1wfhWSaZgMttyVfPaERSR0Wqmu7LAocGJai0ki7VeTHjMmuOXSQ61MnpNWipUruRiL3n4Dl8x1c4P6qJqI_caGSDTDGmbsu4bQ-HS_gzBl-tWqDyYn9dC3FZldyA5V5Te8IthCm0oqwbZ3mBjA"")",https://cs2tokens.com/iem-cologne-2026/items/sticker-faven-gold-cologne-2026,sticker-faven-gold-cologne-2026,ok,,https://cs2tokens.com/iem-cologne-2026/items/sticker-faven-gold-cologne-2026/q-data.json,Sticker | faveN (Gold) | Cologne 2026,https://steamcommunity.com/market/listings/730/Sticker%20%7C%20faveN%20%28Gold%29%20%7C%20Cologne%202026,1209,10945,5316,12,iem-cologne-2026,campaign_12,sticker,Autograph,faveN,BIG,rarity_ancient
2026-06-04 00:38:18,20260604_003818,https://cs2tokens.com/browse?sort=price-asc&finish=Gold,Gold,3ed97b70b50a,Sticker | dem0n (Gold) | Cologne 2026,dem0n,Cologne 2026,Player,Gold,,Extraordinary,#eb4b4b,2027,20.07,50,161,0.3063,https://community.akamai.steamstatic.com/economy/image/i0CoZ81Ui0m-9KwlBY1L_18myuGuq1wfhWSaZgMttyVfPaERSR0Wqmu7LAocGJai0ki7VeTHjMmuOXSQ61MnpNWipUruRiL1m5uw8x1c4P6qJvJvIamXCjHJkuov4ORsTCixwR9-sG7Syd-hcniQagMjCpEmFrVZu0Om0oqw0oBT6PE,"=IMAGE(""https://community.akamai.steamstatic.com/economy/image/i0CoZ81Ui0m-9KwlBY1L_18myuGuq1wfhWSaZgMttyVfPaERSR0Wqmu7LAocGJai0ki7VeTHjMmuOXSQ61MnpNWipUruRiL1m5uw8x1c4P6qJvJvIamXCjHJkuov4ORsTCixwR9-sG7Syd-hcniQagMjCpEmFrVZu0Om0oqw0oBT6PE"")",https://cs2tokens.com/iem-cologne-2026/items/sticker-dem0n-gold-cologne-2026,sticker-dem0n-gold-cologne-2026,ok,,https://cs2tokens.com/iem-cologne-2026/items/sticker-dem0n-gold-cologne-2026/q-data.json,Sticker | dem0n (Gold) | Cologne 2026,https://steamcommunity.com/market/listings/730/Sticker%20%7C%20dem0n%20%28Gold%29%20%7C%20Cologne%202026,1209,10697,5316,12,iem-cologne-2026,campaign_12,sticker,Autograph,dem0n,,rarity_ancient
2026-06-04 00:38:18,20260604_003818,https://cs2tokens.com/browse?sort=price-asc&finish=Gold,Gold,d5d0acd02c84,Sticker | torzsi (Gold) | Cologne 2026,torzsi,Cologne 2026,Player,Gold,MOUZ,Extraordinary,#eb4b4b,2044,20.24,51,161,0.3125,https://community.akamai.steamstatic.com/economy/image/i0CoZ81Ui0m-9KwlBY1L_18myuGuq1wfhWSaZgMttyVfPaERSR0Wqmu7LAocGJai0ki7VeTHjMmuOXSQ61MnpNWipUruRiLlkYT67itk6P2ibOo9IqGQVzGSwrom5uQ6TX3kkx4h5j_Tntr7I3rGOA4nCMZ1Q7ICtEO4jJS5YOFwjMIb,"=IMAGE(""https://community.akamai.steamstatic.com/economy/image/i0CoZ81Ui0m-9KwlBY1L_18myuGuq1wfhWSaZgMttyVfPaERSR0Wqmu7LAocGJai0ki7VeTHjMmuOXSQ61MnpNWipUruRiLlkYT67itk6P2ibOo9IqGQVzGSwrom5uQ6TX3kkx4h5j_Tntr7I3rGOA4nCMZ1Q7ICtEO4jJS5YOFwjMIb"")",https://cs2tokens.com/iem-cologne-2026/items/sticker-torzsi-gold-cologne-2026,sticker-torzsi-gold-cologne-2026,ok,,https://cs2tokens.com/iem-cologne-2026/items/sticker-torzsi-gold-cologne-2026/q-data.json,Sticker | torzsi (Gold) | Cologne 2026,https://steamcommunity.com/market/listings/730/Sticker%20%7C%20torzsi%20%28Gold%29%20%7C%20Cologne%202026,1209,10689,5316,12,iem-cologne-2026,campaign_12,sticker,Autograph,torzsi,MOUZ,rarity_ancient
2026-06-04 00:38:18,20260604_003818,https://cs2tokens.com/browse?sort=price-asc&finish=Gold,Gold,96f170db377f,Sticker | TeSeS (Gold) | Cologne 2026,TeSeS,Cologne 2026,Player,Gold,Falcons,Extraordinary,#eb4b4b,2062,20.41,52,161,0.3187,https://community.akamai.steamstatic.com/economy/image/i0CoZ81Ui0m-9KwlBY1L_18myuGuq1wfhWSaZgMttyVfPaERSR0Wqmu7LAocGJai0ki7VeTHjMmuOXSQ61MnpNWipUruRiLlm4Xl7h1c4P6qJvE_c6nAXjKUwronsrJoH33llEoh42zRzt6qJHiSawNxC5V3EeZetBSm0oqwGe4AS48,"=IMAGE(""https://community.akamai.steamstatic.com/economy/image/i0CoZ81Ui0m-9KwlBY1L_18myuGuq1wfhWSaZgMttyVfPaERSR0Wqmu7LAocGJai0ki7VeTHjMmuOXSQ61MnpNWipUruRiLlm4Xl7h1c4P6qJvE_c6nAXjKUwronsrJoH33llEoh42zRzt6qJHiSawNxC5V3EeZetBSm0oqwGe4AS48"")",https://cs2tokens.com/iem-cologne-2026/items/sticker-teses-gold-cologne-2026,sticker-teses-gold-cologne-2026,ok,,https://cs2tokens.com/iem-cologne-2026/items/sticker-teses-gold-cologne-2026/q-data.json,Sticker | TeSeS (Gold) | Cologne 2026,https://steamcommunity.com/market/listings/730/Sticker%20%7C%20TeSeS%20%28Gold%29%20%7C%20Cologne%202026,1209,10589,5316,12,iem-cologne-2026,campaign_12,sticker,Autograph,TeSeS,Falcons,rarity_ancient
2026-06-04 00:38:18,20260604_003818,https://cs2tokens.com/browse?sort=price-asc&finish=Gold,Gold,20289bee57ea,Sticker | kl1m (Gold) | Cologne 2026,kl1m,Cologne 2026,Player,Gold,MIBR,Extraordinary,#eb4b4b,2097,20.76,53,161,0.325,https://community.akamai.steamstatic.com/economy/image/i0CoZ81Ui0m-9KwlBY1L_18myuGuq1wfhWSaZgMttyVfPaERSR0Wqmu7LAocGJai0ki7VeTHjMmuOXSQ61MnpNWipUruRiL6ksftwiVU4_bgPvZpI_SQDDaRlrwktrkxG33mx08ksW_XnIutdXPCaA51DsEiEbZe5A74zINynhjMSg,"=IMAGE(""https://community.akamai.steamstatic.com/economy/image/i0CoZ81Ui0m-9KwlBY1L_18myuGuq1wfhWSaZgMttyVfPaERSR0Wqmu7LAocGJai0ki7VeTHjMmuOXSQ61MnpNWipUruRiL6ksftwiVU4_bgPvZpI_SQDDaRlrwktrkxG33mx08ksW_XnIutdXPCaA51DsEiEbZe5A74zINynhjMSg"")",https://cs2tokens.com/iem-cologne-2026/items/sticker-kl1m-gold-cologne-2026,sticker-kl1m-gold-cologne-2026,ok,,https://cs2tokens.com/iem-cologne-2026/items/sticker-kl1m-gold-cologne-2026/q-data.json,Sticker | kl1m (Gold) | Cologne 2026,https://steamcommunity.com/market/listings/730/Sticker%20%7C%20kl1m%20%28Gold%29%20%7C%20Cologne%202026,1209,10993,5316,12,iem-cologne-2026,campaign_12,sticker,Autograph,kl1m,MIBR,rarity_ancient
2026-06-04 00:38:18,20260604_003818,https://cs2tokens.com/browse?sort=price-asc&finish=Gold,Gold,1cca7d67497f,Sticker | tN1R (Gold) | Cologne 2026,tN1R,Cologne 2026,Player,Gold,Team Spirit,Extraordinary,#eb4b4b,2157,21.35,54,161,0.3312,https://community.akamai.steamstatic.com/economy/image/i0CoZ81Ui0m-9KwlBY1L_18myuGuq1wfhWSaZgMttyVfPaERSR0Wqmu7LAocGJai0ki7VeTHjMmuOXSQ61MnpNWipUruRiLlkMfywiVU4_bgbPFsc_KRVzSVluoi4eRrHXvjkR4i5mzWzN3_JHKfaQEmDpQkEOIMuw74zIPb1GQ3bQ,"=IMAGE(""https://community.akamai.steamstatic.com/economy/image/i0CoZ81Ui0m-9KwlBY1L_18myuGuq1wfhWSaZgMttyVfPaERSR0Wqmu7LAocGJai0ki7VeTHjMmuOXSQ61MnpNWipUruRiLlkMfywiVU4_bgbPFsc_KRVzSVluoi4eRrHXvjkR4i5mzWzN3_JHKfaQEmDpQkEOIMuw74zIPb1GQ3bQ"")",https://cs2tokens.com/iem-cologne-2026/items/sticker-tn1r-gold-cologne-2026,sticker-tn1r-gold-cologne-2026,ok,,https://cs2tokens.com/iem-cologne-2026/items/sticker-tn1r-gold-cologne-2026/q-data.json,Sticker | tN1R (Gold) | Cologne 2026,https://steamcommunity.com/market/listings/730/Sticker%20%7C%20tN1R%20%28Gold%29%20%7C%20Cologne%202026,1209,10717,5316,12,iem-cologne-2026,campaign_12,sticker,Autograph,tN1R,Team Spirit,rarity_ancient
2026-06-04 00:38:18,20260604_003818,https://cs2tokens.com/browse?sort=price-asc&finish=Gold,Gold,ccea5d9f6f1e,Sticker | YEKINDAR (Gold) | Cologne 2026,YEKINDAR,Cologne 2026,Player,Gold,FURIA,Extraordinary,#eb4b4b,2199,21.77,55,161,0.3375,https://community.akamai.steamstatic.com/economy/image/i0CoZ81Ui0m-9KwlBY1L_18myuGuq1wfhWSaZgMttyVfPaERSR0Wqmu7LAocGJai0ki7VeTHjMmuOXSQ61MnpNWipUruRiLom53p8yZa_c2pZ6hpbqXGVmWRxepz4-I-HHiwkxx-tziHwoqtcHmRPwclW8RxTOYOtEO5w9H5d7S1apV6-3I,"=IMAGE(""https://community.akamai.steamstatic.com/economy/image/i0CoZ81Ui0m-9KwlBY1L_18myuGuq1wfhWSaZgMttyVfPaERSR0Wqmu7LAocGJai0ki7VeTHjMmuOXSQ61MnpNWipUruRiLom53p8yZa_c2pZ6hpbqXGVmWRxepz4-I-HHiwkxx-tziHwoqtcHmRPwclW8RxTOYOtEO5w9H5d7S1apV6-3I"")",https://cs2tokens.com/iem-cologne-2026/items/sticker-yekindar-gold-cologne-2026,sticker-yekindar-gold-cologne-2026,ok,,https://cs2tokens.com/iem-cologne-2026/items/sticker-yekindar-gold-cologne-2026/q-data.json,Sticker | YEKINDAR (Gold) | Cologne 2026,https://steamcommunity.com/market/listings/730/Sticker%20%7C%20YEKINDAR%20%28Gold%29%20%7C%20Cologne%202026,1209,10657,5316,12,iem-cologne-2026,campaign_12,sticker,Autograph,YEKINDAR,FURIA,rarity_ancient
2026-06-04 00:38:18,20260604_003818,https://cs2tokens.com/browse?sort=price-asc&finish=Gold,Gold,f91df1de4368,Sticker | LNZ (Gold) | Cologne 2026,LNZ,Cologne 2026,Player,Gold,MIBR,Extraordinary,#eb4b4b,2230,22.08,56,161,0.3438,https://community.akamai.steamstatic.com/economy/image/i0CoZ81Ui0m-9KwlBY1L_18myuGuq1wfhWSaZgMttyVfPaERSR0Wqmu7LAocGJai0ki7VeTHjMmuOXSQ61MnpNWipUruRiL9kIzf-i1X67ysP6c1JPXCXzSWw-oituM_TSrkwk5-tz7XmYv4c3LDblUhDpElR7QMrFDmxdw_be0R,"=IMAGE(""https://community.akamai.steamstatic.com/economy/image/i0CoZ81Ui0m-9KwlBY1L_18myuGuq1wfhWSaZgMttyVfPaERSR0Wqmu7LAocGJai0ki7VeTHjMmuOXSQ61MnpNWipUruRiL9kIzf-i1X67ysP6c1JPXCXzSWw-oituM_TSrkwk5-tz7XmYv4c3LDblUhDpElR7QMrFDmxdw_be0R"")",https://cs2tokens.com/iem-cologne-2026/items/sticker-lnz-gold-cologne-2026,sticker-lnz-gold-cologne-2026,ok,,https://cs2tokens.com/iem-cologne-2026/items/sticker-lnz-gold-cologne-2026/q-data.json,Sticker | LNZ (Gold) | Cologne 2026,https://steamcommunity.com/market/listings/730/Sticker%20%7C%20LNZ%20%28Gold%29%20%7C%20Cologne%202026,1209,10977,5316,12,iem-cologne-2026,campaign_12,sticker,Autograph,LNZ,MIBR,rarity_ancient
2026-06-04 00:38:18,20260604_003818,https://cs2tokens.com/browse?sort=price-asc&finish=Gold,Gold,8cc4b1a3da32,Sticker | nitr0 (Gold) | Cologne 2026,nitr0,Cologne 2026,Player,Gold,NRG,Extraordinary,#eb4b4b,2231,22.09,57,161,0.35,https://community.akamai.steamstatic.com/economy/image/i0CoZ81Ui0m-9KwlBY1L_18myuGuq1wfhWSaZgMttyVfPaERSR0Wqmu7LAocGJai0ki7VeTHjMmuOXSQ61MnpNWipUruRiL_l4Ly8h1c4P6qJv1pdKPGWTLHmewmtrQ-FyqwkU0h4T7Qy9f7eHKVPAMiAsF5F7RYu0Km0oqw1KWcGXo,"=IMAGE(""https://community.akamai.steamstatic.com/economy/image/i0CoZ81Ui0m-9KwlBY1L_18myuGuq1wfhWSaZgMttyVfPaERSR0Wqmu7LAocGJai0ki7VeTHjMmuOXSQ61MnpNWipUruRiL_l4Ly8h1c4P6qJv1pdKPGWTLHmewmtrQ-FyqwkU0h4T7Qy9f7eHKVPAMiAsF5F7RYu0Km0oqw1KWcGXo"")",https://cs2tokens.com/iem-cologne-2026/items/sticker-nitr0-gold-cologne-2026,sticker-nitr0-gold-cologne-2026,ok,,https://cs2tokens.com/iem-cologne-2026/items/sticker-nitr0-gold-cologne-2026/q-data.json,Sticker | nitr0 (Gold) | Cologne 2026,https://steamcommunity.com/market/listings/730/Sticker%20%7C%20nitr0%20%28Gold%29%20%7C%20Cologne%202026,1209,11033,5316,12,iem-cologne-2026,campaign_12,sticker,Autograph,nitr0,NRG,rarity_ancient
2026-06-04 00:38:18,20260604_003818,https://cs2tokens.com/browse?sort=price-asc&finish=Gold,Gold,20ff6fe2422e,Sticker | luken (Gold) | Cologne 2026,luken,Cologne 2026,Player,Gold,,Extraordinary,#eb4b4b,2285,22.62,58,161,0.3563,https://community.akamai.steamstatic.com/economy/image/i0CoZ81Ui0m-9KwlBY1L_18myuGuq1wfhWSaZgMttyVfPaERSR0Wqmu7LAocGJai0ki7VeTHjMmuOXSQ61MnpNWipUruRiL9i53l8x1c4P6qJqE1c6XKCGLFwL0ktLdtGnrqwRh25TuBy4v6c3nCbldyDZVzFrIPt0Sm0oqwlnF09oE,"=IMAGE(""https://community.akamai.steamstatic.com/economy/image/i0CoZ81Ui0m-9KwlBY1L_18myuGuq1wfhWSaZgMttyVfPaERSR0Wqmu7LAocGJai0ki7VeTHjMmuOXSQ61MnpNWipUruRiL9i53l8x1c4P6qJqE1c6XKCGLFwL0ktLdtGnrqwRh25TuBy4v6c3nCbldyDZVzFrIPt0Sm0oqwlnF09oE"")",https://cs2tokens.com/iem-cologne-2026/items/sticker-luken-gold-cologne-2026,sticker-luken-gold-cologne-2026,ok,,https://cs2tokens.com/iem-cologne-2026/items/sticker-luken-gold-cologne-2026/q-data.json,Sticker | luken (Gold) | Cologne 2026,https://steamcommunity.com/market/listings/730/Sticker%20%7C%20luken%20%28Gold%29%20%7C%20Cologne%202026,1209,11089,5316,12,iem-cologne-2026,campaign_12,sticker,Autograph,luken,,rarity_ancient
2026-06-04 00:38:18,20260604_003818,https://cs2tokens.com/browse?sort=price-asc&finish=Gold,Gold,6245f17da610,Sticker | KSCERATO (Gold) | Cologne 2026,KSCERATO,Cologne 2026,Player,Gold,FURIA,Extraordinary,#eb4b4b,2299,22.76,59,161,0.3625,https://community.akamai.steamstatic.com/economy/image/i0CoZ81Ui0m-9KwlBY1L_18myuGuq1wfhWSaZgMttyVfPaERSR0Wqmu7LAocGJai0ki7VeTHjMmuOXSQ61MnpNWipUruRiL6jZXl7yNP4M2pZ6hpbqTAXTDEw7x0s-VtSijhk09zsWzXzd37eXjEPA8iXJMkQ-8P5BK_k4b5d7S10ANpIyU,"=IMAGE(""https://community.akamai.steamstatic.com/economy/image/i0CoZ81Ui0m-9KwlBY1L_18myuGuq1wfhWSaZgMttyVfPaERSR0Wqmu7LAocGJai0ki7VeTHjMmuOXSQ61MnpNWipUruRiL6jZXl7yNP4M2pZ6hpbqTAXTDEw7x0s-VtSijhk09zsWzXzd37eXjEPA8iXJMkQ-8P5BK_k4b5d7S10ANpIyU"")",https://cs2tokens.com/iem-cologne-2026/items/sticker-kscerato-gold-cologne-2026,sticker-kscerato-gold-cologne-2026,ok,,https://cs2tokens.com/iem-cologne-2026/items/sticker-kscerato-gold-cologne-2026/q-data.json,Sticker | KSCERATO (Gold) | Cologne 2026,https://steamcommunity.com/market/listings/730/Sticker%20%7C%20KSCERATO%20%28Gold%29%20%7C%20Cologne%202026,1209,10661,5316,12,iem-cologne-2026,campaign_12,sticker,Autograph,KSCERATO,FURIA,rarity_ancient
2026-06-04 00:38:18,20260604_003818,https://cs2tokens.com/browse?sort=price-asc&finish=Gold,Gold,a2ca24c5a7ff,Sticker | Liazz (Gold) | Cologne 2026,Liazz,Cologne 2026,Player,Gold,,Extraordinary,#eb4b4b,2317,22.94,60,161,0.3688,https://community.akamai.steamstatic.com/economy/image/i0CoZ81Ui0m-9KwlBY1L_18myuGuq1wfhWSaZgMttyVfPaERSR0Wqmu7LAocGJai0ki7VeTHjMmuOXSQ61MnpNWipUruRiL9l5f65x1c4P6qJqVvePSSXGXFkuom6Oc6Hyrhlxlw5myAzN2geXLEbAF1XMQjTOBbsEam0oqw2kqVUvU,"=IMAGE(""https://community.akamai.steamstatic.com/economy/image/i0CoZ81Ui0m-9KwlBY1L_18myuGuq1wfhWSaZgMttyVfPaERSR0Wqmu7LAocGJai0ki7VeTHjMmuOXSQ61MnpNWipUruRiL9l5f65x1c4P6qJqVvePSSXGXFkuom6Oc6Hyrhlxlw5myAzN2geXLEbAF1XMQjTOBbsEam0oqw2kqVUvU"")",https://cs2tokens.com/iem-cologne-2026/items/sticker-liazz-gold-cologne-2026,sticker-liazz-gold-cologne-2026,ok,,https://cs2tokens.com/iem-cologne-2026/items/sticker-liazz-gold-cologne-2026/q-data.json,Sticker | Liazz (Gold) | Cologne 2026,https://steamcommunity.com/market/listings/730/Sticker%20%7C%20Liazz%20%28Gold%29%20%7C%20Cologne%202026,1209,11141,5316,12,iem-cologne-2026,campaign_12,sticker,Autograph,Liazz,,rarity_ancient
2026-06-04 00:38:18,20260604_003818,https://cs2tokens.com/browse?sort=price-asc&finish=Gold,Gold,e8e76fed2193,Sticker | aliStair (Gold) | Cologne 2026,aliStair,Cologne 2026,Player,Gold,,Extraordinary,#eb4b4b,2339,23.16,61,161,0.375,https://community.akamai.steamstatic.com/economy/image/i0CoZ81Ui0m-9KwlBY1L_18myuGuq1wfhWSaZgMttyVfPaERSR0Wqmu7LAocGJai0ki7VeTHjMmuOXSQ61MnpNWipUruRiLwkp_z6SNS_c2pZ6hpbvLBV2PIl-sj4-c_GXrmw0534WrTnt78JSmRbQ9xWZt1FLJcukS9m9f5d7S17YrPcJc,"=IMAGE(""https://community.akamai.steamstatic.com/economy/image/i0CoZ81Ui0m-9KwlBY1L_18myuGuq1wfhWSaZgMttyVfPaERSR0Wqmu7LAocGJai0ki7VeTHjMmuOXSQ61MnpNWipUruRiLwkp_z6SNS_c2pZ6hpbvLBV2PIl-sj4-c_GXrmw0534WrTnt78JSmRbQ9xWZt1FLJcukS9m9f5d7S17YrPcJc"")",https://cs2tokens.com/iem-cologne-2026/items/sticker-alistair-gold-cologne-2026,sticker-alistair-gold-cologne-2026,ok,,https://cs2tokens.com/iem-cologne-2026/items/sticker-alistair-gold-cologne-2026/q-data.json,Sticker | aliStair (Gold) | Cologne 2026,https://steamcommunity.com/market/listings/730/Sticker%20%7C%20aliStair%20%28Gold%29%20%7C%20Cologne%202026,1209,11145,5316,12,iem-cologne-2026,campaign_12,sticker,Autograph,aliStair,,rarity_ancient
2026-06-04 00:38:18,20260604_003818,https://cs2tokens.com/browse?sort=price-asc&finish=Gold,Gold,11d1966b781d,Sticker | br0 (Gold) | Cologne 2026,br0,Cologne 2026,Player,Gold,NRG,Extraordinary,#eb4b4b,2358,23.34,62,161,0.3812,https://community.akamai.steamstatic.com/economy/image/i0CoZ81Ui0m-9KwlBY1L_18myuGuq1wfhWSaZgMttyVfPaERSR0Wqmu7LAocGJai0ki7VeTHjMmuOXSQ61MnpNWipUruRiLzjMbf-i1X67z9afQ4dqnHWTOSl-om5eNsHC3nxxlxtjncwoqqdniSPQZ2CMN0QudZrFDmxaa6AReH,"=IMAGE(""https://community.akamai.steamstatic.com/economy/image/i0CoZ81Ui0m-9KwlBY1L_18myuGuq1wfhWSaZgMttyVfPaERSR0Wqmu7LAocGJai0ki7VeTHjMmuOXSQ61MnpNWipUruRiLzjMbf-i1X67z9afQ4dqnHWTOSl-om5eNsHC3nxxlxtjncwoqqdniSPQZ2CMN0QudZrFDmxaa6AReH"")",https://cs2tokens.com/iem-cologne-2026/items/sticker-br0-gold-cologne-2026,sticker-br0-gold-cologne-2026,ok,,https://cs2tokens.com/iem-cologne-2026/items/sticker-br0-gold-cologne-2026/q-data.json,Sticker | br0 (Gold) | Cologne 2026,https://steamcommunity.com/market/listings/730/Sticker%20%7C%20br0%20%28Gold%29%20%7C%20Cologne%202026,1209,11021,5316,12,iem-cologne-2026,campaign_12,sticker,Autograph,br0,NRG,rarity_ancient
2026-06-04 00:38:18,20260604_003818,https://cs2tokens.com/browse?sort=price-asc&finish=Gold,Gold,9b46bcc386a6,Sticker | vexite (Gold) | Cologne 2026,vexite,Cologne 2026,Player,Gold,Flyquest,Extraordinary,#eb4b4b,2369,23.45,63,161,0.3875,https://community.akamai.steamstatic.com/economy/image/i0CoZ81Ui0m-9KwlBY1L_18myuGuq1wfhWSaZgMttyVfPaERSR0Wqmu7LAocGJai0ki7VeTHjMmuOXSQ61MnpNWipUruRiLnm47p6Sdk6P2ibOo5cvTBXzfCw7wi47BsFn6wkBkk62mDyYr7cirEawchWZNwFOFbuxG9jJS5YL4xgtxL,"=IMAGE(""https://community.akamai.steamstatic.com/economy/image/i0CoZ81Ui0m-9KwlBY1L_18myuGuq1wfhWSaZgMttyVfPaERSR0Wqmu7LAocGJai0ki7VeTHjMmuOXSQ61MnpNWipUruRiLnm47p6Sdk6P2ibOo5cvTBXzfCw7wi47BsFn6wkBkk62mDyYr7cirEawchWZNwFOFbuxG9jJS5YL4xgtxL"")",https://cs2tokens.com/iem-cologne-2026/items/sticker-vexite-gold-cologne-2026,sticker-vexite-gold-cologne-2026,ok,,https://cs2tokens.com/iem-cologne-2026/items/sticker-vexite-gold-cologne-2026/q-data.json,Sticker | vexite (Gold) | Cologne 2026,https://steamcommunity.com/market/listings/730/Sticker%20%7C%20vexite%20%28Gold%29%20%7C%20Cologne%202026,1209,11165,5316,12,iem-cologne-2026,campaign_12,sticker,Autograph,vexite,Flyquest,rarity_ancient
2026-06-04 00:38:18,20260604_003818,https://cs2tokens.com/browse?sort=price-asc&finish=Gold,Gold,05dadbbaa5b4,Sticker | magixx (Gold) | Cologne 2026,magixx,Cologne 2026,Player,Gold,Team Spirit,Extraordinary,#eb4b4b,2375,23.51,64,161,0.3937,https://community.akamai.steamstatic.com/economy/image/i0CoZ81Ui0m-9KwlBY1L_18myuGuq1wfhWSaZgMttyVfPaERSR0Wqmu7LAocGJai0ki7VeTHjMmuOXSQ61MnpNWipUruRiL8n5Hp5Tpk6P2ibOo0IanFXjSTxex157JsTii1zB8i52mHzdqsJHmeOgMmD5YkE-ZYtha6jJS5YNY0_JAX,"=IMAGE(""https://community.akamai.steamstatic.com/economy/image/i0CoZ81Ui0m-9KwlBY1L_18myuGuq1wfhWSaZgMttyVfPaERSR0Wqmu7LAocGJai0ki7VeTHjMmuOXSQ61MnpNWipUruRiL8n5Hp5Tpk6P2ibOo0IanFXjSTxex157JsTii1zB8i52mHzdqsJHmeOgMmD5YkE-ZYtha6jJS5YNY0_JAX"")",https://cs2tokens.com/iem-cologne-2026/items/sticker-magixx-gold-cologne-2026,sticker-magixx-gold-cologne-2026,ok,,https://cs2tokens.com/iem-cologne-2026/items/sticker-magixx-gold-cologne-2026/q-data.json,Sticker | magixx (Gold) | Cologne 2026,https://steamcommunity.com/market/listings/730/Sticker%20%7C%20magixx%20%28Gold%29%20%7C%20Cologne%202026,1209,10725,5316,12,iem-cologne-2026,campaign_12,sticker,Autograph,magixx,Team Spirit,rarity_ancient
2026-06-04 00:38:18,20260604_003818,https://cs2tokens.com/browse?sort=price-asc&finish=Gold,Gold,c25bd6afe139,Sticker | mzinho (Gold) | Cologne 2026,mzinho,Cologne 2026,Player,Gold,The MongolZ,Extraordinary,#eb4b4b,2409,23.85,65,161,0.4,https://community.akamai.steamstatic.com/economy/image/i0CoZ81Ui0m-9KwlBY1L_18myuGuq1wfhWSaZgMttyVfPaERSR0Wqmu7LAocGJai0ki7VeTHjMmuOXSQ61MnpNWipUruRiL8hJ_u9S1k6P2ibOo_cKWWCzKSw7914LE5TXi1kUh-6jvWydiqJXLGPVBxCZdxQ7YJ4Ua8jJS5YDKHAEng,"=IMAGE(""https://community.akamai.steamstatic.com/economy/image/i0CoZ81Ui0m-9KwlBY1L_18myuGuq1wfhWSaZgMttyVfPaERSR0Wqmu7LAocGJai0ki7VeTHjMmuOXSQ61MnpNWipUruRiL8hJ_u9S1k6P2ibOo_cKWWCzKSw7914LE5TXi1kUh-6jvWydiqJXLGPVBxCZdxQ7YJ4Ua8jJS5YDKHAEng"")",https://cs2tokens.com/iem-cologne-2026/items/sticker-mzinho-gold-cologne-2026,sticker-mzinho-gold-cologne-2026,ok,,https://cs2tokens.com/iem-cologne-2026/items/sticker-mzinho-gold-cologne-2026/q-data.json,Sticker | mzinho (Gold) | Cologne 2026,https://steamcommunity.com/market/listings/730/Sticker%20%7C%20mzinho%20%28Gold%29%20%7C%20Cologne%202026,1209,10609,5316,12,iem-cologne-2026,campaign_12,sticker,Autograph,mzinho,The MongolZ,rarity_ancient
2026-06-04 00:38:18,20260604_003818,https://cs2tokens.com/browse?sort=price-asc&finish=Gold,Gold,2fa0579699d2,Sticker | zont1x (Gold) | Cologne 2026,zont1x,Cologne 2026,Player,Gold,Team Spirit,Extraordinary,#eb4b4b,2429,24.05,66,161,0.4062,https://community.akamai.steamstatic.com/economy/image/i0CoZ81Ui0m-9KwlBY1L_18myuGuq1wfhWSaZgMttyVfPaERSR0Wqmu7LAocGJai0ki7VeTHjMmuOXSQ61MnpNWipUruRiLrkZj0rDpk6P2ibOo6cfPLCjSWl7sk5bFsGnrkw0x36ziEyIyrcC6WPA5zApJzEeANs0LujJS5YNErXgEg,"=IMAGE(""https://community.akamai.steamstatic.com/economy/image/i0CoZ81Ui0m-9KwlBY1L_18myuGuq1wfhWSaZgMttyVfPaERSR0Wqmu7LAocGJai0ki7VeTHjMmuOXSQ61MnpNWipUruRiLrkZj0rDpk6P2ibOo6cfPLCjSWl7sk5bFsGnrkw0x36ziEyIyrcC6WPA5zApJzEeANs0LujJS5YNErXgEg"")",https://cs2tokens.com/iem-cologne-2026/items/sticker-zont1x-gold-cologne-2026,sticker-zont1x-gold-cologne-2026,ok,,https://cs2tokens.com/iem-cologne-2026/items/sticker-zont1x-gold-cologne-2026/q-data.json,Sticker | zont1x (Gold) | Cologne 2026,https://steamcommunity.com/market/listings/730/Sticker%20%7C%20zont1x%20%28Gold%29%20%7C%20Cologne%202026,1209,10733,5316,12,iem-cologne-2026,campaign_12,sticker,Autograph,zont1x,Team Spirit,rarity_ancient
2026-06-04 00:38:18,20260604_003818,https://cs2tokens.com/browse?sort=price-asc&finish=Gold,Gold,d2ca3e638080,Sticker | JDC (Gold) | Cologne 2026,JDC,Cologne 2026,Player,Gold,BIG,Extraordinary,#eb4b4b,2443,24.19,67,161,0.4125,https://community.akamai.steamstatic.com/economy/image/i0CoZ81Ui0m-9KwlBY1L_18myuGuq1wfhWSaZgMttyVfPaERSR0Wqmu7LAocGJai0ki7VeTHjMmuOXSQ61MnpNWipUruRiL7mpXf-i1X67z6PPE9dfOQD2OWmLdy6LgwGyi3xhsjt23Wwtuqc3yfbVchXJF0QbINrFDmxWaVLJyF,"=IMAGE(""https://community.akamai.steamstatic.com/economy/image/i0CoZ81Ui0m-9KwlBY1L_18myuGuq1wfhWSaZgMttyVfPaERSR0Wqmu7LAocGJai0ki7VeTHjMmuOXSQ61MnpNWipUruRiL7mpXf-i1X67z6PPE9dfOQD2OWmLdy6LgwGyi3xhsjt23Wwtuqc3yfbVchXJF0QbINrFDmxWaVLJyF"")",https://cs2tokens.com/iem-cologne-2026/items/sticker-jdc-gold-cologne-2026,sticker-jdc-gold-cologne-2026,ok,,https://cs2tokens.com/iem-cologne-2026/items/sticker-jdc-gold-cologne-2026/q-data.json,Sticker | JDC (Gold) | Cologne 2026,https://steamcommunity.com/market/listings/730/Sticker%20%7C%20JDC%20%28Gold%29%20%7C%20Cologne%202026,1209,10941,5316,12,iem-cologne-2026,campaign_12,sticker,Autograph,JDC,BIG,rarity_ancient
2026-06-04 00:38:18,20260604_003818,https://cs2tokens.com/browse?sort=price-asc&finish=Gold,Gold,a732320e9667,Sticker | venomzera (Gold) | Cologne 2026,venomzera,Cologne 2026,Player,Gold,MIBR,Extraordinary,#eb4b4b,2506,24.81,68,161,0.4188,https://community.akamai.steamstatic.com/economy/image/i0CoZ81Ui0m-9KwlBY1L_18myuGuq1wfhWSaZgMttyVfPaERSR0Wqmu7LAocGJai0ki7VeTHjMmuOXSQ61MnpNWipUruRiLnm5jv8Dhe_fORb6thJL7DCzbAkOsksrFoTHvrlEok6zjRzN3_eCrDOFRzWcMhR-QNu0Wwm9DiKaq8sIUXKIZO,"=IMAGE(""https://community.akamai.steamstatic.com/economy/image/i0CoZ81Ui0m-9KwlBY1L_18myuGuq1wfhWSaZgMttyVfPaERSR0Wqmu7LAocGJai0ki7VeTHjMmuOXSQ61MnpNWipUruRiLnm5jv8Dhe_fORb6thJL7DCzbAkOsksrFoTHvrlEok6zjRzN3_eCrDOFRzWcMhR-QNu0Wwm9DiKaq8sIUXKIZO"")",https://cs2tokens.com/iem-cologne-2026/items/sticker-venomzera-gold-cologne-2026,sticker-venomzera-gold-cologne-2026,ok,,https://cs2tokens.com/iem-cologne-2026/items/sticker-venomzera-gold-cologne-2026/q-data.json,Sticker | venomzera (Gold) | Cologne 2026,https://steamcommunity.com/market/listings/730/Sticker%20%7C%20venomzera%20%28Gold%29%20%7C%20Cologne%202026,1209,10989,5316,12,iem-cologne-2026,campaign_12,sticker,Autograph,venomzera,MIBR,rarity_ancient
2026-06-04 00:38:18,20260604_003818,https://cs2tokens.com/browse?sort=price-asc&finish=Gold,Gold,d764fe3b6acf,Sticker | stressarN (Gold) | Cologne 2026,stressarN,Cologne 2026,Player,Gold,,Extraordinary,#eb4b4b,2518,24.93,69,161,0.425,https://community.akamai.steamstatic.com/economy/image/i0CoZ81Ui0m-9KwlBY1L_18myuGuq1wfhWSaZgMttyVfPaERSR0Wqmu7LAocGJai0ki7VeTHjMmuOXSQ61MnpNWipUruRiLiioTl7jFa_fyRb6thJL7DW2KVmbsv6LlsSX_gwUh-5W7RztupJ3PGPAcgXJZzQOBf5xm8ltzgKaq8sFg3GuMm,"=IMAGE(""https://community.akamai.steamstatic.com/economy/image/i0CoZ81Ui0m-9KwlBY1L_18myuGuq1wfhWSaZgMttyVfPaERSR0Wqmu7LAocGJai0ki7VeTHjMmuOXSQ61MnpNWipUruRiLiioTl7jFa_fyRb6thJL7DW2KVmbsv6LlsSX_gwUh-5W7RztupJ3PGPAcgXJZzQOBf5xm8ltzgKaq8sFg3GuMm"")",https://cs2tokens.com/iem-cologne-2026/items/sticker-stressarn-gold-cologne-2026,sticker-stressarn-gold-cologne-2026,ok,,https://cs2tokens.com/iem-cologne-2026/items/sticker-stressarn-gold-cologne-2026/q-data.json,Sticker | stressarN (Gold) | Cologne 2026,https://steamcommunity.com/market/listings/730/Sticker%20%7C%20stressarN%20%28Gold%29%20%7C%20Cologne%202026,1209,11013,5316,12,iem-cologne-2026,campaign_12,sticker,Autograph,stressarN,,rarity_ancient
2026-06-04 00:38:18,20260604_003818,https://cs2tokens.com/browse?sort=price-asc&finish=Gold,Gold,c12511a3fc49,Sticker | beastik (Gold) | Cologne 2026,beastik,Cologne 2026,Player,Gold,,Extraordinary,#eb4b4b,2522,24.97,70,161,0.4313,https://community.akamai.steamstatic.com/economy/image/i0CoZ81Ui0m-9KwlBY1L_18myuGuq1wfhWSaZgMttyVfPaERSR0Wqmu7LAocGJai0ki7VeTHjMmuOXSQ61MnpNWipUruRiLzm5fz6StQ0PWhZKAjIvPDXzbBlLwituNrTnuyx0hw5D-DzY2hIHzEb1AjCZEhFLEIuxC_l8qnab0sebkvdQ,"=IMAGE(""https://community.akamai.steamstatic.com/economy/image/i0CoZ81Ui0m-9KwlBY1L_18myuGuq1wfhWSaZgMttyVfPaERSR0Wqmu7LAocGJai0ki7VeTHjMmuOXSQ61MnpNWipUruRiLzm5fz6StQ0PWhZKAjIvPDXzbBlLwituNrTnuyx0hw5D-DzY2hIHzEb1AjCZEhFLEIuxC_l8qnab0sebkvdQ"")",https://cs2tokens.com/iem-cologne-2026/items/sticker-beastik-gold-cologne-2026,sticker-beastik-gold-cologne-2026,ok,,https://cs2tokens.com/iem-cologne-2026/items/sticker-beastik-gold-cologne-2026/q-data.json,Sticker | beastik (Gold) | Cologne 2026,https://steamcommunity.com/market/listings/730/Sticker%20%7C%20beastik%20%28Gold%29%20%7C%20Cologne%202026,1209,10997,5316,12,iem-cologne-2026,campaign_12,sticker,Autograph,beastik,,rarity_ancient
2026-06-04 00:38:18,20260604_003818,https://cs2tokens.com/browse?sort=price-asc&finish=Gold,Gold,74975408f1c3,Sticker | huNter- (Gold) | Cologne 2026,huNter-,Cologne 2026,Player,Gold,G2 Esports,Extraordinary,#eb4b4b,2572,25.46,71,161,0.4375,https://community.akamai.steamstatic.com/economy/image/i0CoZ81Ui0m-9KwlBY1L_18myuGuq1wfhWSaZgMttyVfPaERSR0Wqmu7LAocGJai0ki7VeTHjMmuOXSQ61MnpNWipUruRiL5i5j0-DBk6P2ibOo8I6PHCDTHlrcu4rIwGSiwx0Uh5z_XyYuscynEOg4hC8ZxFLEO4RTrjJS5YKV3XdIU,"=IMAGE(""https://community.akamai.steamstatic.com/economy/image/i0CoZ81Ui0m-9KwlBY1L_18myuGuq1wfhWSaZgMttyVfPaERSR0Wqmu7LAocGJai0ki7VeTHjMmuOXSQ61MnpNWipUruRiL5i5j0-DBk6P2ibOo8I6PHCDTHlrcu4rIwGSiwx0Uh5z_XyYuscynEOg4hC8ZxFLEO4RTrjJS5YKV3XdIU"")",https://cs2tokens.com/iem-cologne-2026/items/sticker-hunter-gold-cologne-2026,sticker-hunter-gold-cologne-2026,ok,,https://cs2tokens.com/iem-cologne-2026/items/sticker-hunter-gold-cologne-2026/q-data.json,Sticker | huNter- (Gold) | Cologne 2026,https://steamcommunity.com/market/listings/730/Sticker%20%7C%20huNter-%20%28Gold%29%20%7C%20Cologne%202026,1209,10757,5316,12,iem-cologne-2026,campaign_12,sticker,Autograph,huNter-,G2 Esports,rarity_ancient
2026-06-04 00:38:18,20260604_003818,https://cs2tokens.com/browse?sort=price-asc&finish=Gold,Gold,78e9ade59062,Sticker | Sonic (Gold) | Cologne 2026,Sonic,Cologne 2026,Player,Gold,NRG,Extraordinary,#eb4b4b,2583,25.57,72,161,0.4437,https://community.akamai.steamstatic.com/economy/image/i0CoZ81Ui0m-9KwlBY1L_18myuGuq1wfhWSaZgMttyVfPaERSR0Wqmu7LAocGJai0ki7VeTHjMmuOXSQ61MnpNWipUruRiLikZjp_h1c4P6qJvZrdqPEX2KWkrsgtrZsG33mkBghsWqAyNv9cinFOw92CZVyQOZf5xam0oqwZwWPUss,"=IMAGE(""https://community.akamai.steamstatic.com/economy/image/i0CoZ81Ui0m-9KwlBY1L_18myuGuq1wfhWSaZgMttyVfPaERSR0Wqmu7LAocGJai0ki7VeTHjMmuOXSQ61MnpNWipUruRiLikZjp_h1c4P6qJvZrdqPEX2KWkrsgtrZsG33mkBghsWqAyNv9cinFOw92CZVyQOZf5xam0oqwZwWPUss"")",https://cs2tokens.com/iem-cologne-2026/items/sticker-sonic-gold-cologne-2026,sticker-sonic-gold-cologne-2026,ok,,https://cs2tokens.com/iem-cologne-2026/items/sticker-sonic-gold-cologne-2026/q-data.json,Sticker | Sonic (Gold) | Cologne 2026,https://steamcommunity.com/market/listings/730/Sticker%20%7C%20Sonic%20%28Gold%29%20%7C%20Cologne%202026,1209,11029,5316,12,iem-cologne-2026,campaign_12,sticker,Autograph,Sonic,NRG,rarity_ancient
2026-06-04 00:38:18,20260604_003818,https://cs2tokens.com/browse?sort=price-asc&finish=Gold,Gold,a8dcce581b15,Sticker | Grim (Gold) | Cologne 2026,Grim,Cologne 2026,Player,Gold,NRG,Extraordinary,#eb4b4b,2601,25.75,73,161,0.45,https://community.akamai.steamstatic.com/economy/image/i0CoZ81Ui0m-9KwlBY1L_18myuGuq1wfhWSaZgMttyVfPaERSR0Wqmu7LAocGJai0ki7VeTHjMmuOXSQ61MnpNWipUruRiL2jJ_twiVU4_bgbfY7c_LBWGXAlbck5rI-Tnnllkgl5GyHmdipcynCZlR0DZQkEOIItA74zIPgmR0TMQ,"=IMAGE(""https://community.akamai.steamstatic.com/economy/image/i0CoZ81Ui0m-9KwlBY1L_18myuGuq1wfhWSaZgMttyVfPaERSR0Wqmu7LAocGJai0ki7VeTHjMmuOXSQ61MnpNWipUruRiL2jJ_twiVU4_bgbfY7c_LBWGXAlbck5rI-Tnnllkgl5GyHmdipcynCZlR0DZQkEOIItA74zIPgmR0TMQ"")",https://cs2tokens.com/iem-cologne-2026/items/sticker-grim-gold-cologne-2026,sticker-grim-gold-cologne-2026,ok,,https://cs2tokens.com/iem-cologne-2026/items/sticker-grim-gold-cologne-2026/q-data.json,Sticker | Grim (Gold) | Cologne 2026,https://steamcommunity.com/market/listings/730/Sticker%20%7C%20Grim%20%28Gold%29%20%7C%20Cologne%202026,1209,11017,5316,12,iem-cologne-2026,campaign_12,sticker,Autograph,Grim,NRG,rarity_ancient
2026-06-04 00:38:18,20260604_003818,https://cs2tokens.com/browse?sort=price-asc&finish=Gold,Gold,519cddc25d10,Sticker | Magnojez (Gold) | Cologne 2026,Magnojez,Cologne 2026,Player,Gold,BetBoom,Extraordinary,#eb4b4b,2624,25.98,74,161,0.4562,https://community.akamai.steamstatic.com/economy/image/i0CoZ81Ui0m-9KwlBY1L_18myuGuq1wfhWSaZgMttyVfPaERSR0Wqmu7LAocGJai0ki7VeTHjMmuOXSQ61MnpNWipUruRiL8n5Hu8ihe9c2pZ6hpbvHGDzORxbwh4rU5Fiywlhh25mSGmNurJ3iRZg8mC5B3QeAJtkTqwdD5d7S18azyno4,"=IMAGE(""https://community.akamai.steamstatic.com/economy/image/i0CoZ81Ui0m-9KwlBY1L_18myuGuq1wfhWSaZgMttyVfPaERSR0Wqmu7LAocGJai0ki7VeTHjMmuOXSQ61MnpNWipUruRiL8n5Hu8ihe9c2pZ6hpbvHGDzORxbwh4rU5Fiywlhh25mSGmNurJ3iRZg8mC5B3QeAJtkTqwdD5d7S18azyno4"")",https://cs2tokens.com/iem-cologne-2026/items/sticker-magnojez-gold-cologne-2026,sticker-magnojez-gold-cologne-2026,ok,,https://cs2tokens.com/iem-cologne-2026/items/sticker-magnojez-gold-cologne-2026/q-data.json,Sticker | Magnojez (Gold) | Cologne 2026,https://steamcommunity.com/market/listings/730/Sticker%20%7C%20Magnojez%20%28Gold%29%20%7C%20Cologne%202026,1209,10933,5316,12,iem-cologne-2026,campaign_12,sticker,Autograph,Magnojez,BetBoom,rarity_ancient
2026-06-04 00:38:18,20260604_003818,https://cs2tokens.com/browse?sort=price-asc&finish=Gold,Gold,cd735005996a,Sticker | NEKiZ (Gold) | Cologne 2026,NEKiZ,Cologne 2026,Player,Gold,,Extraordinary,#eb4b4b,2685,26.58,75,161,0.4625,https://community.akamai.steamstatic.com/economy/image/i0CoZ81Ui0m-9KwlBY1L_18myuGuq1wfhWSaZgMttyVfPaERSR0Wqmu7LAocGJai0ki7VeTHjMmuOXSQ61MnpNWipUruRiL_m53p5x1c4P6qJvM6IaeVWjLGxb8l4-Q7G3jml0p04zjTzt-gI36SZlJxXpAmQOcPsEKm0oqwbp8jurc,"=IMAGE(""https://community.akamai.steamstatic.com/economy/image/i0CoZ81Ui0m-9KwlBY1L_18myuGuq1wfhWSaZgMttyVfPaERSR0Wqmu7LAocGJai0ki7VeTHjMmuOXSQ61MnpNWipUruRiL_m53p5x1c4P6qJvM6IaeVWjLGxb8l4-Q7G3jml0p04zjTzt-gI36SZlJxXpAmQOcPsEKm0oqwbp8jurc"")",https://cs2tokens.com/iem-cologne-2026/items/sticker-nekiz-gold-cologne-2026,sticker-nekiz-gold-cologne-2026,ok,,https://cs2tokens.com/iem-cologne-2026/items/sticker-nekiz-gold-cologne-2026/q-data.json,Sticker | NEKiZ (Gold) | Cologne 2026,https://steamcommunity.com/market/listings/730/Sticker%20%7C%20NEKiZ%20%28Gold%29%20%7C%20Cologne%202026,1209,11085,5316,12,iem-cologne-2026,campaign_12,sticker,Autograph,NEKiZ,,rarity_ancient
2026-06-04 00:38:18,20260604_003818,https://cs2tokens.com/browse?sort=price-asc&finish=Gold,Gold,373c9cb03395,Sticker | HEN1 (Gold) | Cologne 2026,HEN1,Cologne 2026,Player,Gold,,Extraordinary,#eb4b4b,2747,27.2,76,161,0.4688,https://community.akamai.steamstatic.com/economy/image/i0CoZ81Ui0m-9KwlBY1L_18myuGuq1wfhWSaZgMttyVfPaERSR0Wqmu7LAocGJai0ki7VeTHjMmuOXSQ61MnpNWipUruRiL5m5ixwiVU4_bgMfc8efHHXTHDkbh3teNsG3jqwR8j62rXy92sdS6WaQ8hDpN1EeFe4w74zINvE9or7w,"=IMAGE(""https://community.akamai.steamstatic.com/economy/image/i0CoZ81Ui0m-9KwlBY1L_18myuGuq1wfhWSaZgMttyVfPaERSR0Wqmu7LAocGJai0ki7VeTHjMmuOXSQ61MnpNWipUruRiL5m5ixwiVU4_bgMfc8efHHXTHDkbh3teNsG3jqwR8j62rXy92sdS6WaQ8hDpN1EeFe4w74zINvE9or7w"")",https://cs2tokens.com/iem-cologne-2026/items/sticker-hen1-gold-cologne-2026,sticker-hen1-gold-cologne-2026,ok,,https://cs2tokens.com/iem-cologne-2026/items/sticker-hen1-gold-cologne-2026/q-data.json,Sticker | HEN1 (Gold) | Cologne 2026,https://steamcommunity.com/market/listings/730/Sticker%20%7C%20HEN1%20%28Gold%29%20%7C%20Cologne%202026,1209,11077,5316,12,iem-cologne-2026,campaign_12,sticker,Autograph,HEN1,,rarity_ancient
2026-06-04 00:38:18,20260604_003818,https://cs2tokens.com/browse?sort=price-asc&finish=Gold,Gold,052b12ca22de,Sticker | iM (Gold) | Cologne 2026,iM,Cologne 2026,Player,Gold,Natus Vincere,Extraordinary,#eb4b4b,2750,27.23,77,161,0.475,https://community.akamai.steamstatic.com/economy/image/i0CoZ81Ui0m-9KwlBY1L_18myuGuq1wfhWSaZgMttyVfPaERSR0Wqmu7LAocGJai0ki7VeTHjMmuOXSQ61MnpNWipUruRiL4k6nn8i5foaqqP_dpd6DDDDaTkr114bVvTCjhwE1x6m2HydmuJXKSbFB2C5NzQLEU8k7vk5tq8Yw,"=IMAGE(""https://community.akamai.steamstatic.com/economy/image/i0CoZ81Ui0m-9KwlBY1L_18myuGuq1wfhWSaZgMttyVfPaERSR0Wqmu7LAocGJai0ki7VeTHjMmuOXSQ61MnpNWipUruRiL4k6nn8i5foaqqP_dpd6DDDDaTkr114bVvTCjhwE1x6m2HydmuJXKSbFB2C5NzQLEU8k7vk5tq8Yw"")",https://cs2tokens.com/iem-cologne-2026/items/sticker-im-gold-cologne-2026,sticker-im-gold-cologne-2026,ok,,https://cs2tokens.com/iem-cologne-2026/items/sticker-im-gold-cologne-2026/q-data.json,Sticker | iM (Gold) | Cologne 2026,https://steamcommunity.com/market/listings/730/Sticker%20%7C%20iM%20%28Gold%29%20%7C%20Cologne%202026,1209,10569,5316,12,iem-cologne-2026,campaign_12,sticker,Autograph,iM,Natus Vincere,rarity_ancient
2026-06-04 00:38:18,20260604_003818,https://cs2tokens.com/browse?sort=price-asc&finish=Gold,Gold,1fa062507805,Sticker | kisserek (Gold) | Cologne 2026,kisserek,Cologne 2026,Player,Gold,,Extraordinary,#eb4b4b,2785,27.57,78,161,0.4813,https://community.akamai.steamstatic.com/economy/image/i0CoZ81Ui0m-9KwlBY1L_18myuGuq1wfhWSaZgMttyVfPaERSR0Wqmu7LAocGJai0ki7VeTHjMmuOXSQ61MnpNWipUruRiL6l4Xz-DBe5M2pZ6hpbvHEWTfIlexw4rNtTCrgx00i6j7cy939dX_EbQUoDMEiQLUPthHukIL5d7S1uObUJ-0,"=IMAGE(""https://community.akamai.steamstatic.com/economy/image/i0CoZ81Ui0m-9KwlBY1L_18myuGuq1wfhWSaZgMttyVfPaERSR0Wqmu7LAocGJai0ki7VeTHjMmuOXSQ61MnpNWipUruRiL6l4Xz-DBe5M2pZ6hpbvHEWTfIlexw4rNtTCrgx00i6j7cy939dX_EbQUoDMEiQLUPthHukIL5d7S1uObUJ-0"")",https://cs2tokens.com/iem-cologne-2026/items/sticker-kisserek-gold-cologne-2026,sticker-kisserek-gold-cologne-2026,ok,,https://cs2tokens.com/iem-cologne-2026/items/sticker-kisserek-gold-cologne-2026/q-data.json,Sticker | kisserek (Gold) | Cologne 2026,https://steamcommunity.com/market/listings/730/Sticker%20%7C%20kisserek%20%28Gold%29%20%7C%20Cologne%202026,1209,11009,5316,12,iem-cologne-2026,campaign_12,sticker,Autograph,kisserek,,rarity_ancient
2026-06-04 00:38:18,20260604_003818,https://cs2tokens.com/browse?sort=price-asc&finish=Gold,Gold,319316c07528,Sticker | zweih (Gold) | Cologne 2026,zweih,Cologne 2026,Player,Gold,PARIVISION,Extraordinary,#eb4b4b,2819,27.91,79,161,0.4875,https://community.akamai.steamstatic.com/economy/image/i0CoZ81Ui0m-9KwlBY1L_18myuGuq1wfhWSaZgMttyVfPaERSR0Wqmu7LAocGJai0ki7VeTHjMmuOXSQ61MnpNWipUruRiLriZPp9R1c4P6qJvc5d6bEXmLAxbZ3seM9HC3jlBghsj_XydmhdC-eZgYkCpJ4TeMOtxSm0oqw8nQvz0I,"=IMAGE(""https://community.akamai.steamstatic.com/economy/image/i0CoZ81Ui0m-9KwlBY1L_18myuGuq1wfhWSaZgMttyVfPaERSR0Wqmu7LAocGJai0ki7VeTHjMmuOXSQ61MnpNWipUruRiLriZPp9R1c4P6qJvc5d6bEXmLAxbZ3seM9HC3jlBghsj_XydmhdC-eZgYkCpJ4TeMOtxSm0oqw8nQvz0I"")",https://cs2tokens.com/iem-cologne-2026/items/sticker-zweih-gold-cologne-2026,sticker-zweih-gold-cologne-2026,ok,,https://cs2tokens.com/iem-cologne-2026/items/sticker-zweih-gold-cologne-2026/q-data.json,Sticker | zweih (Gold) | Cologne 2026,https://steamcommunity.com/market/listings/730/Sticker%20%7C%20zweih%20%28Gold%29%20%7C%20Cologne%202026,1209,10633,5316,12,iem-cologne-2026,campaign_12,sticker,Autograph,zweih,PARIVISION,rarity_ancient
2026-06-04 00:38:18,20260604_003818,https://cs2tokens.com/browse?sort=price-asc&finish=Gold,Gold,14dd588bea85,Sticker | MoDo (Gold) | Cologne 2026,MoDo,Cologne 2026,Player,Gold,,Extraordinary,#eb4b4b,2911,28.82,80,161,0.4938,https://community.akamai.steamstatic.com/economy/image/i0CoZ81Ui0m-9KwlBY1L_18myuGuq1wfhWSaZgMttyVfPaERSR0Wqmu7LAocGJai0ki7VeTHjMmuOXSQ61MnpNWipUruRiL8kZLvwiVU4_bgPvE6JanGX2KTwrgm5OBoFn3nx0ol4TuBy9j_In2WPAZ1WMBwROUItA74zIPF1iWJnQ,"=IMAGE(""https://community.akamai.steamstatic.com/economy/image/i0CoZ81Ui0m-9KwlBY1L_18myuGuq1wfhWSaZgMttyVfPaERSR0Wqmu7LAocGJai0ki7VeTHjMmuOXSQ61MnpNWipUruRiL8kZLvwiVU4_bgPvE6JanGX2KTwrgm5OBoFn3nx0ol4TuBy9j_In2WPAZ1WMBwROUItA74zIPF1iWJnQ"")",https://cs2tokens.com/iem-cologne-2026/items/sticker-modo-gold-cologne-2026,sticker-modo-gold-cologne-2026,ok,,https://cs2tokens.com/iem-cologne-2026/items/sticker-modo-gold-cologne-2026/q-data.json,Sticker | MoDo (Gold) | Cologne 2026,https://steamcommunity.com/market/listings/730/Sticker%20%7C%20MoDo%20%28Gold%29%20%7C%20Cologne%202026,1209,11005,5316,12,iem-cologne-2026,campaign_12,sticker,Autograph,MoDo,,rarity_ancient
2026-06-04 00:38:18,20260604_003818,https://cs2tokens.com/browse?sort=price-asc&finish=Gold,Gold,23e140136427,Sticker | mezii (Gold) | Cologne 2026,mezii,Cologne 2026,Player,Gold,Vitality,Extraordinary,#eb4b4b,2936,29.07,81,161,0.5,https://community.akamai.steamstatic.com/economy/image/i0CoZ81Ui0m-9KwlBY1L_18myuGuq1wfhWSaZgMttyVfPaERSR0Wqmu7LAocGJai0ki7VeTHjMmuOXSQ61MnpNWipUruRiL8m4zp9B1c4P6qJqE_JabLDTLExety6bkxGnrnxkQl62uDwor7d3ySOlUjC8EhQbQO4Bim0oqweD5N7hE,"=IMAGE(""https://community.akamai.steamstatic.com/economy/image/i0CoZ81Ui0m-9KwlBY1L_18myuGuq1wfhWSaZgMttyVfPaERSR0Wqmu7LAocGJai0ki7VeTHjMmuOXSQ61MnpNWipUruRiL8m4zp9B1c4P6qJqE_JabLDTLExety6bkxGnrnxkQl62uDwor7d3ySOlUjC8EhQbQO4Bim0oqweD5N7hE"")",https://cs2tokens.com/iem-cologne-2026/items/sticker-mezii-gold-cologne-2026,sticker-mezii-gold-cologne-2026,ok,,https://cs2tokens.com/iem-cologne-2026/items/sticker-mezii-gold-cologne-2026/q-data.json,Sticker | mezii (Gold) | Cologne 2026,https://steamcommunity.com/market/listings/730/Sticker%20%7C%20mezii%20%28Gold%29%20%7C%20Cologne%202026,1209,10545,5316,12,iem-cologne-2026,campaign_12,sticker,Autograph,mezii,Vitality,rarity_ancient
2026-06-04 00:38:18,20260604_003818,https://cs2tokens.com/browse?sort=price-asc&finish=Gold,Gold,058c1c348b00,Sticker | Lake (Gold) | Cologne 2026,Lake,Cologne 2026,Player,Gold,M80,Extraordinary,#eb4b4b,2942,29.13,82,161,0.5062,https://community.akamai.steamstatic.com/economy/image/i0CoZ81Ui0m-9KwlBY1L_18myuGuq1wfhWSaZgMttyVfPaERSR0Wqmu7LAocGJai0ki7VeTHjMmuOXSQ61MnpNWipUruRiL9n53lwiVU4_bgOaU4eaGQDDaSw-t06OI7S3rkxR5_4GjRwt74eHOUbFJzXpIjFucNtA74zINdv50gzA,"=IMAGE(""https://community.akamai.steamstatic.com/economy/image/i0CoZ81Ui0m-9KwlBY1L_18myuGuq1wfhWSaZgMttyVfPaERSR0Wqmu7LAocGJai0ki7VeTHjMmuOXSQ61MnpNWipUruRiL9n53lwiVU4_bgOaU4eaGQDDaSw-t06OI7S3rkxR5_4GjRwt74eHOUbFJzXpIjFucNtA74zINdv50gzA"")",https://cs2tokens.com/iem-cologne-2026/items/sticker-lake-gold-cologne-2026,sticker-lake-gold-cologne-2026,ok,,https://cs2tokens.com/iem-cologne-2026/items/sticker-lake-gold-cologne-2026/q-data.json,Sticker | Lake (Gold) | Cologne 2026,https://steamcommunity.com/market/listings/730/Sticker%20%7C%20Lake%20%28Gold%29%20%7C%20Cologne%202026,1209,10961,5316,12,iem-cologne-2026,campaign_12,sticker,Autograph,Lake,M80,rarity_ancient
2026-06-04 00:38:18,20260604_003818,https://cs2tokens.com/browse?sort=price-asc&finish=Gold,Gold,ce292e7e660b,Sticker | ultimate (Gold) | Cologne 2026,ultimate,Cologne 2026,Player,Gold,Team Liquid,Extraordinary,#eb4b4b,3016,29.86,83,161,0.5125,https://community.akamai.steamstatic.com/economy/image/i0CoZ81Ui0m-9KwlBY1L_18myuGuq1wfhWSaZgMttyVfPaERSR0Wqmu7LAocGJai0ki7VeTHjMmuOXSQ61MnpNWipUruRiLkkoLp8CNP6s2pZ6hpbvTGDGTFxbwvtLcxG32wxBhwsmyBz4qqcHifOAEoC5FyEOMItEbqm9f5d7S1DFDSpDQ,"=IMAGE(""https://community.akamai.steamstatic.com/economy/image/i0CoZ81Ui0m-9KwlBY1L_18myuGuq1wfhWSaZgMttyVfPaERSR0Wqmu7LAocGJai0ki7VeTHjMmuOXSQ61MnpNWipUruRiLkkoLp8CNP6s2pZ6hpbvTGDGTFxbwvtLcxG32wxBhwsmyBz4qqcHifOAEoC5FyEOMItEbqm9f5d7S1DFDSpDQ"")",https://cs2tokens.com/iem-cologne-2026/items/sticker-ultimate-gold-cologne-2026,sticker-ultimate-gold-cologne-2026,ok,,https://cs2tokens.com/iem-cologne-2026/items/sticker-ultimate-gold-cologne-2026/q-data.json,Sticker | ultimate (Gold) | Cologne 2026,https://steamcommunity.com/market/listings/730/Sticker%20%7C%20ultimate%20%28Gold%29%20%7C%20Cologne%202026,1209,11101,5316,12,iem-cologne-2026,campaign_12,sticker,Autograph,ultimate,Team Liquid,rarity_ancient
2026-06-04 00:38:18,20260604_003818,https://cs2tokens.com/browse?sort=price-asc&finish=Gold,Gold,5ed19c604a87,Sticker | esenthial (Gold) | Cologne 2026,esenthial,Cologne 2026,Player,Gold,B8,Extraordinary,#eb4b4b,3070,30.39,84,161,0.5188,https://community.akamai.steamstatic.com/economy/image/i0CoZ81Ui0m-9KwlBY1L_18myuGuq1wfhWSaZgMttyVfPaERSR0Wqmu7LAocGJai0ki7VeTHjMmuOXSQ61MnpNWipUruRiL0jZPu6SpS7v6Rb6thJL7KVjCUkepysbZqHCznxUh0426Am9yueXzEP1QpC5MhE-RZtES_m4C2Kaq8sPRJb4ui,"=IMAGE(""https://community.akamai.steamstatic.com/economy/image/i0CoZ81Ui0m-9KwlBY1L_18myuGuq1wfhWSaZgMttyVfPaERSR0Wqmu7LAocGJai0ki7VeTHjMmuOXSQ61MnpNWipUruRiL0jZPu6SpS7v6Rb6thJL7KVjCUkepysbZqHCznxUh0426Am9yueXzEP1QpC5MhE-RZtES_m4C2Kaq8sPRJb4ui"")",https://cs2tokens.com/iem-cologne-2026/items/sticker-esenthial-gold-cologne-2026,sticker-esenthial-gold-cologne-2026,ok,,https://cs2tokens.com/iem-cologne-2026/items/sticker-esenthial-gold-cologne-2026/q-data.json,Sticker | esenthial (Gold) | Cologne 2026,https://steamcommunity.com/market/listings/730/Sticker%20%7C%20esenthial%20%28Gold%29%20%7C%20Cologne%202026,1209,10885,5316,12,iem-cologne-2026,campaign_12,sticker,Autograph,esenthial,B8,rarity_ancient
2026-06-04 00:38:18,20260604_003818,https://cs2tokens.com/browse?sort=price-asc&finish=Gold,Gold,a39a008b90b0,Sticker | 910 (Gold) | Cologne 2026,910,Cologne 2026,Player,Gold,The MongolZ,Extraordinary,#eb4b4b,3097,30.66,85,161,0.525,https://community.akamai.steamstatic.com/economy/image/i0CoZ81Ui0m-9KwlBY1L_18myuGuq1wfhWSaZgMttyVfPaERSR0Wqmu7LAocGJai0ki7VeTHjMmuOXSQ61MnpNWipUruRiKoz8bf-i1X67z4bKZvdKWRXDPElrwm4ucxTnnqkEx3t2nXwt3_eH-XOFUlWcMiReBbrFDmxVV52SAy,"=IMAGE(""https://community.akamai.steamstatic.com/economy/image/i0CoZ81Ui0m-9KwlBY1L_18myuGuq1wfhWSaZgMttyVfPaERSR0Wqmu7LAocGJai0ki7VeTHjMmuOXSQ61MnpNWipUruRiKoz8bf-i1X67z4bKZvdKWRXDPElrwm4ucxTnnqkEx3t2nXwt3_eH-XOFUlWcMiReBbrFDmxVV52SAy"")",https://cs2tokens.com/iem-cologne-2026/items/sticker-910-gold-cologne-2026,sticker-910-gold-cologne-2026,ok,,https://cs2tokens.com/iem-cologne-2026/items/sticker-910-gold-cologne-2026/q-data.json,Sticker | 910 (Gold) | Cologne 2026,https://steamcommunity.com/market/listings/730/Sticker%20%7C%20910%20%28Gold%29%20%7C%20Cologne%202026,1209,10613,5316,12,iem-cologne-2026,campaign_12,sticker,Autograph,910,The MongolZ,rarity_ancient
2026-06-04 00:38:18,20260604_003818,https://cs2tokens.com/browse?sort=price-asc&finish=Gold,Gold,9f2bb935f26d,Sticker | FL4MUS (Gold) | Cologne 2026,FL4MUS,Cologne 2026,Player,Gold,BetBoom,Extraordinary,#eb4b4b,3209,31.77,86,161,0.5312,https://community.akamai.steamstatic.com/economy/image/i0CoZ81Ui0m-9KwlBY1L_18myuGuq1wfhWSaZgMttyVfPaERSR0Wqmu7LAocGJai0ki7VeTHjMmuOXSQ61MnpNWipUruRiL3ksLt6DFk6P2ibOo0IqGVXTXAxbohsuMwHCi2wElx4WrdydysdnmXbA50WJYjFrRfs0S-jJS5YL0X8HTn,"=IMAGE(""https://community.akamai.steamstatic.com/economy/image/i0CoZ81Ui0m-9KwlBY1L_18myuGuq1wfhWSaZgMttyVfPaERSR0Wqmu7LAocGJai0ki7VeTHjMmuOXSQ61MnpNWipUruRiL3ksLt6DFk6P2ibOo0IqGVXTXAxbohsuMwHCi2wElx4WrdydysdnmXbA50WJYjFrRfs0S-jJS5YL0X8HTn"")",https://cs2tokens.com/iem-cologne-2026/items/sticker-fl4mus-gold-cologne-2026,sticker-fl4mus-gold-cologne-2026,ok,,https://cs2tokens.com/iem-cologne-2026/items/sticker-fl4mus-gold-cologne-2026/q-data.json,Sticker | FL4MUS (Gold) | Cologne 2026,https://steamcommunity.com/market/listings/730/Sticker%20%7C%20FL4MUS%20%28Gold%29%20%7C%20Cologne%202026,1209,10929,5316,12,iem-cologne-2026,campaign_12,sticker,Autograph,FL4MUS,BetBoom,rarity_ancient
2026-06-04 00:38:18,20260604_003818,https://cs2tokens.com/browse?sort=price-asc&finish=Gold,Gold,569cd8e33fce,Sticker | malbsMd (Gold) | Cologne 2026,malbsMd,Cologne 2026,Player,Gold,Team Liquid,Extraordinary,#eb4b4b,3217,31.85,87,161,0.5375,https://community.akamai.steamstatic.com/economy/image/i0CoZ81Ui0m-9KwlBY1L_18myuGuq1wfhWSaZgMttyVfPaERSR0Wqmu7LAocGJai0ki7VeTHjMmuOXSQ61MnpNWipUruRiL8n5ri7i9f0PWhZKAjefORCzKUmetw5bltTiixxB524WzSztz6dHmXO1QlDMB1QeEL5EHrlsqnab2fxHSb4Q,"=IMAGE(""https://community.akamai.steamstatic.com/economy/image/i0CoZ81Ui0m-9KwlBY1L_18myuGuq1wfhWSaZgMttyVfPaERSR0Wqmu7LAocGJai0ki7VeTHjMmuOXSQ61MnpNWipUruRiL8n5ri7i9f0PWhZKAjefORCzKUmetw5bltTiixxB524WzSztz6dHmXO1QlDMB1QeEL5EHrlsqnab2fxHSb4Q"")",https://cs2tokens.com/iem-cologne-2026/items/sticker-malbsmd-gold-cologne-2026,sticker-malbsmd-gold-cologne-2026,ok,,https://cs2tokens.com/iem-cologne-2026/items/sticker-malbsmd-gold-cologne-2026/q-data.json,Sticker | malbsMd (Gold) | Cologne 2026,https://steamcommunity.com/market/listings/730/Sticker%20%7C%20malbsMd%20%28Gold%29%20%7C%20Cologne%202026,1209,11105,5316,12,iem-cologne-2026,campaign_12,sticker,Autograph,malbsMd,Team Liquid,rarity_ancient
2026-06-04 00:38:18,20260604_003818,https://cs2tokens.com/browse?sort=price-asc&finish=Gold,Gold,9b5685de1bef,Sticker | JBa (Gold) | Cologne 2026,JBa,Cologne 2026,Player,Gold,M80,Extraordinary,#eb4b4b,3267,32.34,88,161,0.5437,https://community.akamai.steamstatic.com/economy/image/i0CoZ81Ui0m-9KwlBY1L_18myuGuq1wfhWSaZgMttyVfPaERSR0Wqmu7LAocGJai0ki7VeTHjMmuOXSQ61MnpNWipUruRiL7nJff-i1X67ysMfE0dqSQXzSRlOons7dtSX7hx05142TWw4qtcSjGbg4oCpBxQ7ZbrFDmxeIGevuH,"=IMAGE(""https://community.akamai.steamstatic.com/economy/image/i0CoZ81Ui0m-9KwlBY1L_18myuGuq1wfhWSaZgMttyVfPaERSR0Wqmu7LAocGJai0ki7VeTHjMmuOXSQ61MnpNWipUruRiL7nJff-i1X67ysMfE0dqSQXzSRlOons7dtSX7hx05142TWw4qtcSjGbg4oCpBxQ7ZbrFDmxeIGevuH"")",https://cs2tokens.com/iem-cologne-2026/items/sticker-jba-gold-cologne-2026,sticker-jba-gold-cologne-2026,ok,,https://cs2tokens.com/iem-cologne-2026/items/sticker-jba-gold-cologne-2026/q-data.json,Sticker | JBa (Gold) | Cologne 2026,https://steamcommunity.com/market/listings/730/Sticker%20%7C%20JBa%20%28Gold%29%20%7C%20Cologne%202026,1209,10965,5316,12,iem-cologne-2026,campaign_12,sticker,Autograph,JBa,M80,rarity_ancient
2026-06-04 00:38:18,20260604_003818,https://cs2tokens.com/browse?sort=price-asc&finish=Gold,Gold,e0a4090173a5,Sticker | nettik (Gold) | Cologne 2026,nettik,Cologne 2026,Player,Gold,Flyquest,Extraordinary,#eb4b4b,3267,32.34,89,161,0.55,https://community.akamai.steamstatic.com/economy/image/i0CoZ81Ui0m-9KwlBY1L_18myuGuq1wfhWSaZgMttyVfPaERSR0Wqmu7LAocGJai0ki7VeTHjMmuOXSQ61MnpNWipUruRiL_m4L09Clk6P2ibOo9dqfDWTDAwLwm6bdqTijkxk91smzUw9r8Ii2TZwd0CJB4Ee8Puka6jJS5YImfNjPl,"=IMAGE(""https://community.akamai.steamstatic.com/economy/image/i0CoZ81Ui0m-9KwlBY1L_18myuGuq1wfhWSaZgMttyVfPaERSR0Wqmu7LAocGJai0ki7VeTHjMmuOXSQ61MnpNWipUruRiL_m4L09Clk6P2ibOo9dqfDWTDAwLwm6bdqTijkxk91smzUw9r8Ii2TZwd0CJB4Ee8Puka6jJS5YImfNjPl"")",https://cs2tokens.com/iem-cologne-2026/items/sticker-nettik-gold-cologne-2026,sticker-nettik-gold-cologne-2026,ok,,https://cs2tokens.com/iem-cologne-2026/items/sticker-nettik-gold-cologne-2026/q-data.json,Sticker | nettik (Gold) | Cologne 2026,https://steamcommunity.com/market/listings/730/Sticker%20%7C%20nettik%20%28Gold%29%20%7C%20Cologne%202026,1209,11173,5316,12,iem-cologne-2026,campaign_12,sticker,Autograph,nettik,Flyquest,rarity_ancient
2026-06-04 00:38:18,20260604_003818,https://cs2tokens.com/browse?sort=price-asc&finish=Gold,Gold,9f84b715756d,Sticker | NAF (Gold) | Cologne 2026,NAF,Cologne 2026,Player,Gold,Team Liquid,Extraordinary,#eb4b4b,3289,32.56,90,161,0.5563,https://community.akamai.steamstatic.com/economy/image/i0CoZ81Ui0m-9KwlBY1L_18myuGuq1wfhWSaZgMttyVfPaERSR0Wqmu7LAocGJai0ki7VeTHjMmuOXSQ61MnpNWipUruRiL_n5Df-i1X67z8OPE6I_HBDT7JkLsi5bg7Hy3jkBwitm3Qw4z6JHiUbgVyA5NyEeYNrFDmxahEnbdq,"=IMAGE(""https://community.akamai.steamstatic.com/economy/image/i0CoZ81Ui0m-9KwlBY1L_18myuGuq1wfhWSaZgMttyVfPaERSR0Wqmu7LAocGJai0ki7VeTHjMmuOXSQ61MnpNWipUruRiL_n5Df-i1X67z8OPE6I_HBDT7JkLsi5bg7Hy3jkBwitm3Qw4z6JHiUbgVyA5NyEeYNrFDmxahEnbdq"")",https://cs2tokens.com/iem-cologne-2026/items/sticker-naf-gold-cologne-2026,sticker-naf-gold-cologne-2026,ok,,https://cs2tokens.com/iem-cologne-2026/items/sticker-naf-gold-cologne-2026/q-data.json,Sticker | NAF (Gold) | Cologne 2026,https://steamcommunity.com/market/listings/730/Sticker%20%7C%20NAF%20%28Gold%29%20%7C%20Cologne%202026,1209,11113,5316,12,iem-cologne-2026,campaign_12,sticker,Autograph,NAF,Team Liquid,rarity_ancient
2026-06-04 00:38:18,20260604_003818,https://cs2tokens.com/browse?sort=price-asc&finish=Gold,Gold,94256996c62a,Sticker | b1t (Gold) | Cologne 2026,b1t,Cologne 2026,Player,Gold,Natus Vincere,Extraordinary,#eb4b4b,3295,32.62,91,161,0.5625,https://community.akamai.steamstatic.com/economy/image/i0CoZ81Ui0m-9KwlBY1L_18myuGuq1wfhWSaZgMttyVfPaERSR0Wqmu7LAocGJai0ki7VeTHjMmuOXSQ61MnpNWipUruRiLzz4Lf-i1X67z3PKZpJqDDCGXAx-ohteBvSyzlwxhx4GvVn9n9d32TOwEpApEjE7IJrFDmxatG7HkC,"=IMAGE(""https://community.akamai.steamstatic.com/economy/image/i0CoZ81Ui0m-9KwlBY1L_18myuGuq1wfhWSaZgMttyVfPaERSR0Wqmu7LAocGJai0ki7VeTHjMmuOXSQ61MnpNWipUruRiLzz4Lf-i1X67z3PKZpJqDDCGXAx-ohteBvSyzlwxhx4GvVn9n9d32TOwEpApEjE7IJrFDmxatG7HkC"")",https://cs2tokens.com/iem-cologne-2026/items/sticker-b1t-gold-cologne-2026,sticker-b1t-gold-cologne-2026,ok,,https://cs2tokens.com/iem-cologne-2026/items/sticker-b1t-gold-cologne-2026/q-data.json,Sticker | b1t (Gold) | Cologne 2026,https://steamcommunity.com/market/listings/730/Sticker%20%7C%20b1t%20%28Gold%29%20%7C%20Cologne%202026,1209,10565,5316,12,iem-cologne-2026,campaign_12,sticker,Autograph,b1t,Natus Vincere,rarity_ancient
2026-06-04 00:38:18,20260604_003818,https://cs2tokens.com/browse?sort=price-asc&finish=Gold,Gold,b3d0fdc1c113,Sticker | zorte (Gold) | Cologne 2026,zorte,Cologne 2026,Player,Gold,BetBoom,Extraordinary,#eb4b4b,3346,33.13,92,161,0.5687,https://community.akamai.steamstatic.com/economy/image/i0CoZ81Ui0m-9KwlBY1L_18myuGuq1wfhWSaZgMttyVfPaERSR0Wqmu7LAocGJai0ki7VeTHjMmuOXSQ61MnpNWipUruRiLrkYT0-B1c4P6qJvQ1IqWVCzXDkr5147cwFnHhkRlwtWnUy9yscnLDO1NxCcZ2QO4I50Wm0oqwwu9l4K8,"=IMAGE(""https://community.akamai.steamstatic.com/economy/image/i0CoZ81Ui0m-9KwlBY1L_18myuGuq1wfhWSaZgMttyVfPaERSR0Wqmu7LAocGJai0ki7VeTHjMmuOXSQ61MnpNWipUruRiLrkYT0-B1c4P6qJvQ1IqWVCzXDkr5147cwFnHhkRlwtWnUy9yscnLDO1NxCcZ2QO4I50Wm0oqwwu9l4K8"")",https://cs2tokens.com/iem-cologne-2026/items/sticker-zorte-gold-cologne-2026,sticker-zorte-gold-cologne-2026,ok,,https://cs2tokens.com/iem-cologne-2026/items/sticker-zorte-gold-cologne-2026/q-data.json,Sticker | zorte (Gold) | Cologne 2026,https://steamcommunity.com/market/listings/730/Sticker%20%7C%20zorte%20%28Gold%29%20%7C%20Cologne%202026,1209,10921,5316,12,iem-cologne-2026,campaign_12,sticker,Autograph,zorte,BetBoom,rarity_ancient
2026-06-04 00:38:18,20260604_003818,https://cs2tokens.com/browse?sort=price-asc&finish=Gold,Gold,44615cb5ff4f,Sticker | story (Gold) | Cologne 2026,story,Cologne 2026,Player,Gold,Flyquest,Extraordinary,#eb4b4b,3366,33.32,93,161,0.575,https://community.akamai.steamstatic.com/economy/image/i0CoZ81Ui0m-9KwlBY1L_18myuGuq1wfhWSaZgMttyVfPaERSR0Wqmu7LAocGJai0ki7VeTHjMmuOXSQ61MnpNWipUruRiLiipny5B1c4P6qJvU5c6fHXD6Ukb8g6bg8G3iylE136z-Am4ygJ3-WZ1QoDcd1TOMK5BCm0oqw9IRYdJ8,"=IMAGE(""https://community.akamai.steamstatic.com/economy/image/i0CoZ81Ui0m-9KwlBY1L_18myuGuq1wfhWSaZgMttyVfPaERSR0Wqmu7LAocGJai0ki7VeTHjMmuOXSQ61MnpNWipUruRiLiipny5B1c4P6qJvU5c6fHXD6Ukb8g6bg8G3iylE136z-Am4ygJ3-WZ1QoDcd1TOMK5BCm0oqw9IRYdJ8"")",https://cs2tokens.com/iem-cologne-2026/items/sticker-story-gold-cologne-2026,sticker-story-gold-cologne-2026,ok,,https://cs2tokens.com/iem-cologne-2026/items/sticker-story-gold-cologne-2026/q-data.json,Sticker | story (Gold) | Cologne 2026,https://steamcommunity.com/market/listings/730/Sticker%20%7C%20story%20%28Gold%29%20%7C%20Cologne%202026,1209,11169,5316,12,iem-cologne-2026,campaign_12,sticker,Autograph,story,Flyquest,rarity_ancient
2026-06-04 00:38:18,20260604_003818,https://cs2tokens.com/browse?sort=price-asc&finish=Gold,Gold,88964a17b518,Sticker | Swisher (Gold) | Cologne 2026,Swisher,Cologne 2026,Player,Gold,M80,Extraordinary,#eb4b4b,3369,33.35,94,161,0.5813,https://community.akamai.steamstatic.com/economy/image/i0CoZ81Ui0m-9KwlBY1L_18myuGuq1wfhWSaZgMttyVfPaERSR0Wqmu7LAocGJai0ki7VeTHjMmuOXSQ61MnpNWipUruRiLiiZ_z9SdJ0PWhZKAjeKfHXD-Tl7sk4rg-TC3hkxgk527Rwtz6Iy6QPQMoCcBxQbFesBexk8qnab19tcB2uA,"=IMAGE(""https://community.akamai.steamstatic.com/economy/image/i0CoZ81Ui0m-9KwlBY1L_18myuGuq1wfhWSaZgMttyVfPaERSR0Wqmu7LAocGJai0ki7VeTHjMmuOXSQ61MnpNWipUruRiLiiZ_z9SdJ0PWhZKAjeKfHXD-Tl7sk4rg-TC3hkxgk527Rwtz6Iy6QPQMoCcBxQbFesBexk8qnab19tcB2uA"")",https://cs2tokens.com/iem-cologne-2026/items/sticker-swisher-gold-cologne-2026,sticker-swisher-gold-cologne-2026,ok,,https://cs2tokens.com/iem-cologne-2026/items/sticker-swisher-gold-cologne-2026/q-data.json,Sticker | Swisher (Gold) | Cologne 2026,https://steamcommunity.com/market/listings/730/Sticker%20%7C%20Swisher%20%28Gold%29%20%7C%20Cologne%202026,1209,10957,5316,12,iem-cologne-2026,campaign_12,sticker,Autograph,Swisher,M80,rarity_ancient
2026-06-04 00:38:18,20260604_003818,https://cs2tokens.com/browse?sort=price-asc&finish=Gold,Gold,5f759ca4485d,Sticker | oSee (Gold) | Cologne 2026,oSee,Cologne 2026,Player,Gold,NRG,Extraordinary,#eb4b4b,3379,33.45,95,161,0.5875,https://community.akamai.steamstatic.com/economy/image/i0CoZ81Ui0m-9KwlBY1L_18myuGuq1wfhWSaZgMttyVfPaERSR0Wqmu7LAocGJai0ki7VeTHjMmuOXSQ61MnpNWipUruRiL-jZPlwiVU4_bgPvc5JKeQDDTDl78jtOc6TS3hxU90tmyHn9msIC2TalUhX8QlFO4N5A74zIM2Psv40w,"=IMAGE(""https://community.akamai.steamstatic.com/economy/image/i0CoZ81Ui0m-9KwlBY1L_18myuGuq1wfhWSaZgMttyVfPaERSR0Wqmu7LAocGJai0ki7VeTHjMmuOXSQ61MnpNWipUruRiL-jZPlwiVU4_bgPvc5JKeQDDTDl78jtOc6TS3hxU90tmyHn9msIC2TalUhX8QlFO4N5A74zIM2Psv40w"")",https://cs2tokens.com/iem-cologne-2026/items/sticker-osee-gold-cologne-2026,sticker-osee-gold-cologne-2026,ok,,https://cs2tokens.com/iem-cologne-2026/items/sticker-osee-gold-cologne-2026/q-data.json,Sticker | oSee (Gold) | Cologne 2026,https://steamcommunity.com/market/listings/730/Sticker%20%7C%20oSee%20%28Gold%29%20%7C%20Cologne%202026,1209,11025,5316,12,iem-cologne-2026,campaign_12,sticker,Autograph,oSee,NRG,rarity_ancient
2026-06-04 00:38:18,20260604_003818,https://cs2tokens.com/browse?sort=price-asc&finish=Gold,Gold,2e3f1d5e16db,Sticker | npl (Gold) | Cologne 2026,npl,Cologne 2026,Player,Gold,B8,Extraordinary,#eb4b4b,3400,33.66,96,161,0.5938,https://community.akamai.steamstatic.com/economy/image/i0CoZ81Ui0m-9KwlBY1L_18myuGuq1wfhWSaZgMttyVfPaERSR0Wqmu7LAocGJai0ki7VeTHjMmuOXSQ61MnpNWipUruRiL_jprf-i1X67z_af07eaLLXGGRk7p0tLQ4S3ngkUt0sm-Eyd2ucHiWZlB1C5FxReUDrFDmxcEN8a6n,"=IMAGE(""https://community.akamai.steamstatic.com/economy/image/i0CoZ81Ui0m-9KwlBY1L_18myuGuq1wfhWSaZgMttyVfPaERSR0Wqmu7LAocGJai0ki7VeTHjMmuOXSQ61MnpNWipUruRiL_jprf-i1X67z_af07eaLLXGGRk7p0tLQ4S3ngkUt0sm-Eyd2ucHiWZlB1C5FxReUDrFDmxcEN8a6n"")",https://cs2tokens.com/iem-cologne-2026/items/sticker-npl-gold-cologne-2026,sticker-npl-gold-cologne-2026,ok,,https://cs2tokens.com/iem-cologne-2026/items/sticker-npl-gold-cologne-2026/q-data.json,Sticker | npl (Gold) | Cologne 2026,https://steamcommunity.com/market/listings/730/Sticker%20%7C%20npl%20%28Gold%29%20%7C%20Cologne%202026,1209,10881,5316,12,iem-cologne-2026,campaign_12,sticker,Autograph,npl,B8,rarity_ancient
2026-06-04 00:38:18,20260604_003818,https://cs2tokens.com/browse?sort=price-asc&finish=Gold,Gold,d8c97aa5aee0,Sticker | Tauson (Gold) | Cologne 2026,Tauson,Cologne 2026,Player,Gold,GamerLegion,Extraordinary,#eb4b4b,3518,34.83,97,161,0.6,https://community.akamai.steamstatic.com/economy/image/i0CoZ81Ui0m-9KwlBY1L_18myuGuq1wfhWSaZgMttyVfPaERSR0Wqmu7LAocGJai0ki7VeTHjMmuOXSQ61MnpNWipUruRiLln4Pz8ixk6P2ibOo-I6TCV2LCx-wv4uI8SXGwxklxsTzVn9j9cSqUaAN2D5ImTeIDuhi4jJS5YA0Heu90,"=IMAGE(""https://community.akamai.steamstatic.com/economy/image/i0CoZ81Ui0m-9KwlBY1L_18myuGuq1wfhWSaZgMttyVfPaERSR0Wqmu7LAocGJai0ki7VeTHjMmuOXSQ61MnpNWipUruRiLln4Pz8ixk6P2ibOo-I6TCV2LCx-wv4uI8SXGwxklxsTzVn9j9cSqUaAN2D5ImTeIDuhi4jJS5YA0Heu90"")",https://cs2tokens.com/iem-cologne-2026/items/sticker-tauson-gold-cologne-2026,sticker-tauson-gold-cologne-2026,ok,,https://cs2tokens.com/iem-cologne-2026/items/sticker-tauson-gold-cologne-2026/q-data.json,Sticker | Tauson (Gold) | Cologne 2026,https://steamcommunity.com/market/listings/730/Sticker%20%7C%20Tauson%20%28Gold%29%20%7C%20Cologne%202026,1209,10865,5316,12,iem-cologne-2026,campaign_12,sticker,Autograph,Tauson,GamerLegion,rarity_ancient
2026-06-04 00:38:18,20260604_003818,https://cs2tokens.com/browse?sort=price-asc&finish=Gold,Gold,83bf1a714bad,Sticker | kyxsan (Gold) | Cologne 2026,kyxsan,Cologne 2026,Player,Gold,Falcons,Extraordinary,#eb4b4b,3626,35.9,98,161,0.6062,https://community.akamai.steamstatic.com/economy/image/i0CoZ81Ui0m-9KwlBY1L_18myuGuq1wfhWSaZgMttyVfPaERSR0Wqmu7LAocGJai0ki7VeTHjMmuOXSQ61MnpNWipUruRiL6h47z_Cxk6P2ibOo1efHKCjDCmL0vtLM6TXrrwBwl6z7Tzdz_cS6Vb1AmXpJ5FLQOuhm6jJS5YJO-nRHI,"=IMAGE(""https://community.akamai.steamstatic.com/economy/image/i0CoZ81Ui0m-9KwlBY1L_18myuGuq1wfhWSaZgMttyVfPaERSR0Wqmu7LAocGJai0ki7VeTHjMmuOXSQ61MnpNWipUruRiL6h47z_Cxk6P2ibOo1efHKCjDCmL0vtLM6TXrrwBwl6z7Tzdz_cS6Vb1AmXpJ5FLQOuhm6jJS5YJO-nRHI"")",https://cs2tokens.com/iem-cologne-2026/items/sticker-kyxsan-gold-cologne-2026,sticker-kyxsan-gold-cologne-2026,ok,,https://cs2tokens.com/iem-cologne-2026/items/sticker-kyxsan-gold-cologne-2026/q-data.json,Sticker | kyxsan (Gold) | Cologne 2026,https://steamcommunity.com/market/listings/730/Sticker%20%7C%20kyxsan%20%28Gold%29%20%7C%20Cologne%202026,1209,10581,5316,12,iem-cologne-2026,campaign_12,sticker,Autograph,kyxsan,Falcons,rarity_ancient
2026-06-04 00:38:18,20260604_003818,https://cs2tokens.com/browse?sort=price-asc&finish=Gold,Gold,416e1c6ccf6d,Sticker | Jame (Gold) | Cologne 2026,Jame,Cologne 2026,Player,Gold,PARIVISION,Extraordinary,#eb4b4b,3819,37.81,99,161,0.6125,https://community.akamai.steamstatic.com/economy/image/i0CoZ81Ui0m-9KwlBY1L_18myuGuq1wfhWSaZgMttyVfPaERSR0Wqmu7LAocGJai0ki7VeTHjMmuOXSQ61MnpNWipUruRiL7n5vlwiVU4_bgOvRrcqKQVmPAxLou5-U5TSjrwkohsGzXzd38dS2SOwIjCcYhRLMLtQ74zIPL8dqrnw,"=IMAGE(""https://community.akamai.steamstatic.com/economy/image/i0CoZ81Ui0m-9KwlBY1L_18myuGuq1wfhWSaZgMttyVfPaERSR0Wqmu7LAocGJai0ki7VeTHjMmuOXSQ61MnpNWipUruRiL7n5vlwiVU4_bgOvRrcqKQVmPAxLou5-U5TSjrwkohsGzXzd38dS2SOwIjCcYhRLMLtQ74zIPL8dqrnw"")",https://cs2tokens.com/iem-cologne-2026/items/sticker-jame-gold-cologne-2026,sticker-jame-gold-cologne-2026,ok,,https://cs2tokens.com/iem-cologne-2026/items/sticker-jame-gold-cologne-2026/q-data.json,Sticker | Jame (Gold) | Cologne 2026,https://steamcommunity.com/market/listings/730/Sticker%20%7C%20Jame%20%28Gold%29%20%7C%20Cologne%202026,1209,10617,5316,12,iem-cologne-2026,campaign_12,sticker,Autograph,Jame,PARIVISION,rarity_ancient
2026-06-04 00:38:18,20260604_003818,https://cs2tokens.com/browse?sort=price-asc&finish=Gold,Gold,e8642d3e30c7,Sticker | slaxz- (Gold) | Cologne 2026,slaxz-,Cologne 2026,Player,Gold,M80,Extraordinary,#eb4b4b,3844,38.06,100,161,0.6188,https://raw.githubusercontent.com/ByMykel/counter-strike-image-tracker/main/static/panorama/images/econ/stickers/cologne2026/sig_slaxz_gold_png.png,"=IMAGE(""https://raw.githubusercontent.com/ByMykel/counter-strike-image-tracker/main/static/panorama/images/econ/stickers/cologne2026/sig_slaxz_gold_png.png"")",https://cs2tokens.com/iem-cologne-2026/items/sticker-slaxz-gold-cologne-2026,sticker-slaxz-gold-cologne-2026,ok,,https://cs2tokens.com/iem-cologne-2026/items/sticker-slaxz-gold-cologne-2026/q-data.json,Sticker | slaxz- (Gold) | Cologne 2026,https://steamcommunity.com/market/listings/730/Sticker%20%7C%20slaxz-%20%28Gold%29%20%7C%20Cologne%202026,1209,10973,5316,12,iem-cologne-2026,campaign_12,sticker,Autograph,slaxz-,M80,rarity_ancient
2026-06-04 00:38:18,20260604_003818,https://cs2tokens.com/browse?sort=price-asc&finish=Gold,Gold,6509e1c888b3,Sticker | Starry (Gold) | Cologne 2026,Starry,Cologne 2026,Player,Gold,Lynn Vision,Extraordinary,#eb4b4b,3867,38.28,101,161,0.625,https://community.akamai.steamstatic.com/economy/image/i0CoZ81Ui0m-9KwlBY1L_18myuGuq1wfhWSaZgMttyVfPaERSR0Wqmu7LAocGJai0ki7VeTHjMmuOXSQ61MnpNWipUruRiLiipfy7ztk6P2ibOo5JqHFWGSUlbYltrNtHnzrxRh14GyHy9r8cn_DOwUiWMAhEOIMsxDqjJS5YI3LSKjl,"=IMAGE(""https://community.akamai.steamstatic.com/economy/image/i0CoZ81Ui0m-9KwlBY1L_18myuGuq1wfhWSaZgMttyVfPaERSR0Wqmu7LAocGJai0ki7VeTHjMmuOXSQ61MnpNWipUruRiLiipfy7ztk6P2ibOo5JqHFWGSUlbYltrNtHnzrxRh14GyHy9r8cn_DOwUiWMAhEOIMsxDqjJS5YI3LSKjl"")",https://cs2tokens.com/iem-cologne-2026/items/sticker-starry-gold-cologne-2026,sticker-starry-gold-cologne-2026,ok,,https://cs2tokens.com/iem-cologne-2026/items/sticker-starry-gold-cologne-2026/q-data.json,Sticker | Starry (Gold) | Cologne 2026,https://steamcommunity.com/market/listings/730/Sticker%20%7C%20Starry%20%28Gold%29%20%7C%20Cologne%202026,1209,11125,5316,12,iem-cologne-2026,campaign_12,sticker,Autograph,Starry,Lynn Vision,rarity_ancient
2026-06-04 00:38:18,20260604_003818,https://cs2tokens.com/browse?sort=price-asc&finish=Gold,Gold,e389ef16ab87,Sticker | Aleksib (Gold) | Cologne 2026,Aleksib,Cologne 2026,Player,Gold,Natus Vincere,Extraordinary,#eb4b4b,3975,39.35,102,161,0.6312,https://community.akamai.steamstatic.com/economy/image/i0CoZ81Ui0m-9KwlBY1L_18myuGuq1wfhWSaZgMttyVfPaERSR0Wqmu7LAocGJai0ki7VeTHjMmuOXSQ61MnpNWipUruRiLwkpPr7itZ0PWhZKAjJaCRVzXCkL8js-BtSSixlBgjtWTWm4uodH6SbVJ1XpAlQLZb5BnulMqnab3J6ViiPA,"=IMAGE(""https://community.akamai.steamstatic.com/economy/image/i0CoZ81Ui0m-9KwlBY1L_18myuGuq1wfhWSaZgMttyVfPaERSR0Wqmu7LAocGJai0ki7VeTHjMmuOXSQ61MnpNWipUruRiLwkpPr7itZ0PWhZKAjJaCRVzXCkL8js-BtSSixlBgjtWTWm4uodH6SbVJ1XpAlQLZb5BnulMqnab3J6ViiPA"")",https://cs2tokens.com/iem-cologne-2026/items/sticker-aleksib-gold-cologne-2026,sticker-aleksib-gold-cologne-2026,ok,,https://cs2tokens.com/iem-cologne-2026/items/sticker-aleksib-gold-cologne-2026/q-data.json,Sticker | Aleksib (Gold) | Cologne 2026,https://steamcommunity.com/market/listings/730/Sticker%20%7C%20Aleksib%20%28Gold%29%20%7C%20Cologne%202026,1209,10561,5316,12,iem-cologne-2026,campaign_12,sticker,Autograph,Aleksib,Natus Vincere,rarity_ancient
2026-06-04 00:38:18,20260604_003818,https://cs2tokens.com/browse?sort=price-asc&finish=Gold,Gold,f91ebdec03d4,Sticker | w0nderful (Gold) | Cologne 2026,w0nderful,Cologne 2026,Player,Gold,Natus Vincere,Extraordinary,#eb4b4b,4012,39.72,103,161,0.6375,https://community.akamai.steamstatic.com/economy/image/i0CoZ81Ui0m-9KwlBY1L_18myuGuq1wfhWSaZgMttyVfPaERSR0Wqmu7LAocGJai0ki7VeTHjMmuOXSQ61MnpNWipUruRiLmzpjk-DBd-v6Rb6thJL7KVmHFmexw6Lk-TXiywRh0tj-Gz9_4eX_EZgUmDJMhFOZe40LtlYLmKaq8sJdzpFQP,"=IMAGE(""https://community.akamai.steamstatic.com/economy/image/i0CoZ81Ui0m-9KwlBY1L_18myuGuq1wfhWSaZgMttyVfPaERSR0Wqmu7LAocGJai0ki7VeTHjMmuOXSQ61MnpNWipUruRiLmzpjk-DBd-v6Rb6thJL7KVmHFmexw6Lk-TXiywRh0tj-Gz9_4eX_EZgUmDJMhFOZe40LtlYLmKaq8sJdzpFQP"")",https://cs2tokens.com/iem-cologne-2026/items/sticker-w0nderful-gold-cologne-2026,sticker-w0nderful-gold-cologne-2026,ok,,https://cs2tokens.com/iem-cologne-2026/items/sticker-w0nderful-gold-cologne-2026/q-data.json,Sticker | w0nderful (Gold) | Cologne 2026,https://steamcommunity.com/market/listings/730/Sticker%20%7C%20w0nderful%20%28Gold%29%20%7C%20Cologne%202026,1209,10557,5316,12,iem-cologne-2026,campaign_12,sticker,Autograph,w0nderful,Natus Vincere,rarity_ancient
2026-06-04 00:38:18,20260604_003818,https://cs2tokens.com/browse?sort=price-asc&finish=Gold,Gold,6f5f6d6ed9d1,Sticker | sh1ro (Gold) | Cologne 2026,sh1ro,Cologne 2026,Player,Gold,Team Spirit,Extraordinary,#eb4b4b,4028,39.88,104,161,0.6438,https://community.akamai.steamstatic.com/economy/image/i0CoZ81Ui0m-9KwlBY1L_18myuGuq1wfhWSaZgMttyVfPaERSR0Wqmu7LAocGJai0ki7VeTHjMmuOXSQ61MnpNWipUruRiLilsfy8h1c4P6qJv1sJKPDWTXJwO8i5udrGiqwk0wktm6Hm9ardXjFOA8gC8FwRrZYs0Wm0oqw37RnnEk,"=IMAGE(""https://community.akamai.steamstatic.com/economy/image/i0CoZ81Ui0m-9KwlBY1L_18myuGuq1wfhWSaZgMttyVfPaERSR0Wqmu7LAocGJai0ki7VeTHjMmuOXSQ61MnpNWipUruRiLilsfy8h1c4P6qJv1sJKPDWTXJwO8i5udrGiqwk0wktm6Hm9ardXjFOA8gC8FwRrZYs0Wm0oqw37RnnEk"")",https://cs2tokens.com/iem-cologne-2026/items/sticker-sh1ro-gold-cologne-2026,sticker-sh1ro-gold-cologne-2026,ok,,https://cs2tokens.com/iem-cologne-2026/items/sticker-sh1ro-gold-cologne-2026/q-data.json,Sticker | sh1ro (Gold) | Cologne 2026,https://steamcommunity.com/market/listings/730/Sticker%20%7C%20sh1ro%20%28Gold%29%20%7C%20Cologne%202026,1209,10729,5316,12,iem-cologne-2026,campaign_12,sticker,Autograph,sh1ro,Team Spirit,rarity_ancient
2026-06-04 00:38:18,20260604_003818,https://cs2tokens.com/browse?sort=price-asc&finish=Gold,Gold,53115668dd83,Sticker | susp (Gold) | Cologne 2026,susp,Cologne 2026,Player,Gold,HEROIC,Extraordinary,#eb4b4b,4043,40.03,105,161,0.65,https://community.akamai.steamstatic.com/economy/image/i0CoZ81Ui0m-9KwlBY1L_18myuGuq1wfhWSaZgMttyVfPaERSR0Wqmu7LAocGJai0ki7VeTHjMmuOXSQ61MnpNWipUruRiLii4XwwiVU4_bgOqdoJqDCD2aVwrdy4bNvGijlzUh-sDnUnN-vdXPCbwRyW8ciFONesA74zIPdb_OW9g,"=IMAGE(""https://community.akamai.steamstatic.com/economy/image/i0CoZ81Ui0m-9KwlBY1L_18myuGuq1wfhWSaZgMttyVfPaERSR0Wqmu7LAocGJai0ki7VeTHjMmuOXSQ61MnpNWipUruRiLii4XwwiVU4_bgOqdoJqDCD2aVwrdy4bNvGijlzUh-sDnUnN-vdXPCbwRyW8ciFONesA74zIPdb_OW9g"")",https://cs2tokens.com/iem-cologne-2026/items/sticker-susp-gold-cologne-2026,sticker-susp-gold-cologne-2026,ok,,https://cs2tokens.com/iem-cologne-2026/items/sticker-susp-gold-cologne-2026/q-data.json,Sticker | susp (Gold) | Cologne 2026,https://steamcommunity.com/market/listings/730/Sticker%20%7C%20susp%20%28Gold%29%20%7C%20Cologne%202026,1209,10905,5316,12,iem-cologne-2026,campaign_12,sticker,Autograph,susp,HEROIC,rarity_ancient
2026-06-04 00:38:18,20260604_003818,https://cs2tokens.com/browse?sort=price-asc&finish=Gold,Gold,defef62fb194,Sticker | REZ (Gold) | Cologne 2026,REZ,Cologne 2026,Player,Gold,GamerLegion,Extraordinary,#eb4b4b,4052,40.11,106,161,0.6562,https://community.akamai.steamstatic.com/economy/image/i0CoZ81Ui0m-9KwlBY1L_18myuGuq1wfhWSaZgMttyVfPaERSR0Wqmu7LAocGJai0ki7VeTHjMmuOXSQ61MnpNWipUruRiLjm4zf-i1X67yqO6U9eKHCC2OVl70vs7I4SXjkkBghtW_Uyoz_c3KeZlAkXpMlFOQIrFDmxazGk_On,"=IMAGE(""https://community.akamai.steamstatic.com/economy/image/i0CoZ81Ui0m-9KwlBY1L_18myuGuq1wfhWSaZgMttyVfPaERSR0Wqmu7LAocGJai0ki7VeTHjMmuOXSQ61MnpNWipUruRiLjm4zf-i1X67yqO6U9eKHCC2OVl70vs7I4SXjkkBghtW_Uyoz_c3KeZlAkXpMlFOQIrFDmxazGk_On"")",https://cs2tokens.com/iem-cologne-2026/items/sticker-rez-gold-cologne-2026,sticker-rez-gold-cologne-2026,ok,,https://cs2tokens.com/iem-cologne-2026/items/sticker-rez-gold-cologne-2026/q-data.json,Sticker | REZ (Gold) | Cologne 2026,https://steamcommunity.com/market/listings/730/Sticker%20%7C%20REZ%20%28Gold%29%20%7C%20Cologne%202026,1209,10861,5316,12,iem-cologne-2026,campaign_12,sticker,Autograph,REZ,GamerLegion,rarity_ancient
2026-06-04 00:38:18,20260604_003818,https://cs2tokens.com/browse?sort=price-asc&finish=Gold,Gold,a3e64c10fe35,Sticker | FlameZ (Gold) | Cologne 2026,FlameZ,Cologne 2026,Player,Gold,Vitality,Extraordinary,#eb4b4b,4056,40.15,107,161,0.6625,https://community.akamai.steamstatic.com/economy/image/i0CoZ81Ui0m-9KwlBY1L_18myuGuq1wfhWSaZgMttyVfPaERSR0Wqmu7LAocGJai0ki7VeTHjMmuOXSQ61MnpNWipUruRiL3kpft-Dhk6P2ibOo1cvXBDGWRw-wj6bJvSS-3x08ktmiBzYysdy2Tb1QlAsMiROFfthixjJS5YBbDn51V,"=IMAGE(""https://community.akamai.steamstatic.com/economy/image/i0CoZ81Ui0m-9KwlBY1L_18myuGuq1wfhWSaZgMttyVfPaERSR0Wqmu7LAocGJai0ki7VeTHjMmuOXSQ61MnpNWipUruRiL3kpft-Dhk6P2ibOo1cvXBDGWRw-wj6bJvSS-3x08ktmiBzYysdy2Tb1QlAsMiROFfthixjJS5YBbDn51V"")",https://cs2tokens.com/iem-cologne-2026/items/sticker-flamez-gold-cologne-2026,sticker-flamez-gold-cologne-2026,ok,,https://cs2tokens.com/iem-cologne-2026/items/sticker-flamez-gold-cologne-2026/q-data.json,Sticker | FlameZ (Gold) | Cologne 2026,https://steamcommunity.com/market/listings/730/Sticker%20%7C%20FlameZ%20%28Gold%29%20%7C%20Cologne%202026,1209,10549,5316,12,iem-cologne-2026,campaign_12,sticker,Autograph,FlameZ,Vitality,rarity_ancient
2026-06-04 00:38:18,20260604_003818,https://cs2tokens.com/browse?sort=price-asc&finish=Gold,Gold,3a980a137d68,Sticker | XANTARES (Gold) | Cologne 2026,XANTARES,Cologne 2026,Player,Gold,Aurora,Extraordinary,#eb4b4b,4056,40.15,108,161,0.6687,https://community.akamai.steamstatic.com/economy/image/i0CoZ81Ui0m-9KwlBY1L_18myuGuq1wfhWSaZgMttyVfPaERSR0Wqmu7LAocGJai0ki7VeTHjMmuOXSQ61MnpNWipUruRiLpn5j0_DBe_M2pZ6hpbqnBXDKTlegls7M9Tn3gl0kitm-Ay9egJy6TalNyWMB0RuYNtBiwkYf5d7S1_MjtS9g,"=IMAGE(""https://community.akamai.steamstatic.com/economy/image/i0CoZ81Ui0m-9KwlBY1L_18myuGuq1wfhWSaZgMttyVfPaERSR0Wqmu7LAocGJai0ki7VeTHjMmuOXSQ61MnpNWipUruRiLpn5j0_DBe_M2pZ6hpbqnBXDKTlegls7M9Tn3gl0kitm-Ay9egJy6TalNyWMB0RuYNtBiwkYf5d7S1_MjtS9g"")",https://cs2tokens.com/iem-cologne-2026/items/sticker-xantares-gold-cologne-2026,sticker-xantares-gold-cologne-2026,ok,,https://cs2tokens.com/iem-cologne-2026/items/sticker-xantares-gold-cologne-2026/q-data.json,Sticker | XANTARES (Gold) | Cologne 2026,https://steamcommunity.com/market/listings/730/Sticker%20%7C%20XANTARES%20%28Gold%29%20%7C%20Cologne%202026,1209,10637,5316,12,iem-cologne-2026,campaign_12,sticker,Autograph,XANTARES,Aurora,rarity_ancient
2026-06-04 00:38:18,20260604_003818,https://cs2tokens.com/browse?sort=price-asc&finish=Gold,Gold,ae235b980a63,Sticker | dziugss (Gold) | Cologne 2026,dziugss,Cologne 2026,Player,Gold,,Extraordinary,#eb4b4b,4116,40.75,109,161,0.675,https://community.akamai.steamstatic.com/economy/image/i0CoZ81Ui0m-9KwlBY1L_18myuGuq1wfhWSaZgMttyVfPaERSR0Wqmu7LAocGJai0ki7VeTHjMmuOXSQ61MnpNWipUruRiL1hJ_1-jFI0PWhZKAjJPTKWzXHxOt35LQwS362wk5_4TmGw4qsJ36ebA8iApQhELFZtBW4kcqnab21sjNjGg,"=IMAGE(""https://community.akamai.steamstatic.com/economy/image/i0CoZ81Ui0m-9KwlBY1L_18myuGuq1wfhWSaZgMttyVfPaERSR0Wqmu7LAocGJai0ki7VeTHjMmuOXSQ61MnpNWipUruRiL1hJ_1-jFI0PWhZKAjJPTKWzXHxOt35LQwS362wk5_4TmGw4qsJ36ebA8iApQhELFZtBW4kcqnab21sjNjGg"")",https://cs2tokens.com/iem-cologne-2026/items/sticker-dziugss-gold-cologne-2026,sticker-dziugss-gold-cologne-2026,ok,,https://cs2tokens.com/iem-cologne-2026/items/sticker-dziugss-gold-cologne-2026/q-data.json,Sticker | dziugss (Gold) | Cologne 2026,https://steamcommunity.com/market/listings/730/Sticker%20%7C%20dziugss%20%28Gold%29%20%7C%20Cologne%202026,1209,10713,5316,12,iem-cologne-2026,campaign_12,sticker,Autograph,dziugss,,rarity_ancient
2026-06-04 00:38:18,20260604_003818,https://cs2tokens.com/browse?sort=price-asc&finish=Gold,Gold,7db914d704ca,Sticker | westmelon (Gold) | Cologne 2026,westmelon,Cologne 2026,Player,Gold,Lynn Vision,Extraordinary,#eb4b4b,4194,41.52,110,161,0.6813,https://community.akamai.steamstatic.com/economy/image/i0CoZ81Ui0m-9KwlBY1L_18myuGuq1wfhWSaZgMttyVfPaERSR0Wqmu7LAocGJai0ki7VeTHjMmuOXSQ61MnpNWipUruRiLmm4X08CdX4PyRb6thJL7FCGWUkL53sbY4SX7qxxxwtmmBztr9I3mUOFVyAptyFLMJ4Ri-koDnKaq8sKi-p19v,"=IMAGE(""https://community.akamai.steamstatic.com/economy/image/i0CoZ81Ui0m-9KwlBY1L_18myuGuq1wfhWSaZgMttyVfPaERSR0Wqmu7LAocGJai0ki7VeTHjMmuOXSQ61MnpNWipUruRiLmm4X08CdX4PyRb6thJL7FCGWUkL53sbY4SX7qxxxwtmmBztr9I3mUOFVyAptyFLMJ4Ri-koDnKaq8sKi-p19v"")",https://cs2tokens.com/iem-cologne-2026/items/sticker-westmelon-gold-cologne-2026,sticker-westmelon-gold-cologne-2026,ok,,https://cs2tokens.com/iem-cologne-2026/items/sticker-westmelon-gold-cologne-2026/q-data.json,Sticker | westmelon (Gold) | Cologne 2026,https://steamcommunity.com/market/listings/730/Sticker%20%7C%20westmelon%20%28Gold%29%20%7C%20Cologne%202026,1209,11117,5316,12,iem-cologne-2026,campaign_12,sticker,Autograph,westmelon,Lynn Vision,rarity_ancient
2026-06-04 00:38:18,20260604_003818,https://cs2tokens.com/browse?sort=price-asc&finish=Gold,Gold,9049de7d19db,Sticker | z4KR (Gold) | Cologne 2026,z4KR,Cologne 2026,Player,Gold,Lynn Vision,Extraordinary,#eb4b4b,4303,42.6,111,161,0.6875,https://community.akamai.steamstatic.com/economy/image/i0CoZ81Ui0m-9KwlBY1L_18myuGuq1wfhWSaZgMttyVfPaERSR0Wqmu7LAocGJai0ki7VeTHjMmuOXSQ61MnpNWipUruRiLryp3ywiVU4_bgOvI6I6bBXGTEkLol5bk8TS3gw0516z_Qyd3_JC_EZgJ2A5ckFLMCtw74zIO9ouiMuw,"=IMAGE(""https://community.akamai.steamstatic.com/economy/image/i0CoZ81Ui0m-9KwlBY1L_18myuGuq1wfhWSaZgMttyVfPaERSR0Wqmu7LAocGJai0ki7VeTHjMmuOXSQ61MnpNWipUruRiLryp3ywiVU4_bgOvI6I6bBXGTEkLol5bk8TS3gw0516z_Qyd3_JC_EZgJ2A5ckFLMCtw74zIO9ouiMuw"")",https://cs2tokens.com/iem-cologne-2026/items/sticker-z4kr-gold-cologne-2026,sticker-z4kr-gold-cologne-2026,ok,,https://cs2tokens.com/iem-cologne-2026/items/sticker-z4kr-gold-cologne-2026/q-data.json,Sticker | z4KR (Gold) | Cologne 2026,https://steamcommunity.com/market/listings/730/Sticker%20%7C%20z4KR%20%28Gold%29%20%7C%20Cologne%202026,1209,11121,5316,12,iem-cologne-2026,campaign_12,sticker,Autograph,z4KR,Lynn Vision,rarity_ancient
2026-06-04 00:38:18,20260604_003818,https://cs2tokens.com/browse?sort=price-asc&finish=Gold,Gold,b4349d11d779,Sticker | blameF (Gold) | Cologne 2026,blameF,Cologne 2026,Player,Gold,BIG,Extraordinary,#eb4b4b,4424,43.8,112,161,0.6937,https://community.akamai.steamstatic.com/economy/image/i0CoZ81Ui0m-9KwlBY1L_18myuGuq1wfhWSaZgMttyVfPaERSR0Wqmu7LAocGJai0ki7VeTHjMmuOXSQ61MnpNWipUruRiLzkpft-CRk6P2ibOo9JPLKCmXAk-si5OI_Gy2wwx904TyEwov8dnvEagZxW8MiQeZbuhS7jJS5YCZYmRnT,"=IMAGE(""https://community.akamai.steamstatic.com/economy/image/i0CoZ81Ui0m-9KwlBY1L_18myuGuq1wfhWSaZgMttyVfPaERSR0Wqmu7LAocGJai0ki7VeTHjMmuOXSQ61MnpNWipUruRiLzkpft-CRk6P2ibOo9JPLKCmXAk-si5OI_Gy2wwx904TyEwov8dnvEagZxW8MiQeZbuhS7jJS5YCZYmRnT"")",https://cs2tokens.com/iem-cologne-2026/items/sticker-blamef-gold-cologne-2026,sticker-blamef-gold-cologne-2026,ok,,https://cs2tokens.com/iem-cologne-2026/items/sticker-blamef-gold-cologne-2026/q-data.json,Sticker | blameF (Gold) | Cologne 2026,https://steamcommunity.com/market/listings/730/Sticker%20%7C%20blameF%20%28Gold%29%20%7C%20Cologne%202026,1209,10949,5316,12,iem-cologne-2026,campaign_12,sticker,Autograph,blameF,BIG,rarity_ancient
2026-06-04 00:38:18,20260604_003818,https://cs2tokens.com/browse?sort=price-asc&finish=Gold,Gold,dfdac20d0a03,Sticker | gr1ks (Gold) | Cologne 2026,gr1ks,Cologne 2026,Player,Gold,BIG,Extraordinary,#eb4b4b,4462,44.17,113,161,0.7,https://community.akamai.steamstatic.com/economy/image/i0CoZ81Ui0m-9KwlBY1L_18myuGuq1wfhWSaZgMttyVfPaERSR0Wqmu7LAocGJai0ki7VeTHjMmuOXSQ61MnpNWipUruRiL2jMfr7h1c4P6qJvI-JKeWWTSRkL4jsbU4HCvlkUp-5W7Vw9j9dXueaQJyD5QmQ-Rc4RCm0oqw4j3vuKY,"=IMAGE(""https://community.akamai.steamstatic.com/economy/image/i0CoZ81Ui0m-9KwlBY1L_18myuGuq1wfhWSaZgMttyVfPaERSR0Wqmu7LAocGJai0ki7VeTHjMmuOXSQ61MnpNWipUruRiL2jMfr7h1c4P6qJvI-JKeWWTSRkL4jsbU4HCvlkUp-5W7Vw9j9dXueaQJyD5QmQ-Rc4RCm0oqw4j3vuKY"")",https://cs2tokens.com/iem-cologne-2026/items/sticker-gr1ks-gold-cologne-2026,sticker-gr1ks-gold-cologne-2026,ok,,https://cs2tokens.com/iem-cologne-2026/items/sticker-gr1ks-gold-cologne-2026/q-data.json,Sticker | gr1ks (Gold) | Cologne 2026,https://steamcommunity.com/market/listings/730/Sticker%20%7C%20gr1ks%20%28Gold%29%20%7C%20Cologne%202026,1209,10953,5316,12,iem-cologne-2026,campaign_12,sticker,Autograph,gr1ks,BIG,rarity_ancient
2026-06-04 00:38:18,20260604_003818,https://cs2tokens.com/browse?sort=price-asc&finish=Gold,Gold,6ac395db59f0,Sticker | doc (Gold) | Cologne 2026,doc,Cologne 2026,Player,Gold,Sharks Esports,Extraordinary,#eb4b4b,4492,44.47,114,161,0.7063,https://community.akamai.steamstatic.com/economy/image/i0CoZ81Ui0m-9KwlBY1L_18myuGuq1wfhWSaZgMttyVfPaERSR0Wqmu7LAocGJai0ki7VeTHjMmuOXSQ61MnpNWipUruRiL1kZXf-i1X67z4O6Y9d6SWWzPDkbYmsbE8HH21lhgit27SyI79cSqeaQFyXpt0QLIDrFDmxYtAgVMl,"=IMAGE(""https://community.akamai.steamstatic.com/economy/image/i0CoZ81Ui0m-9KwlBY1L_18myuGuq1wfhWSaZgMttyVfPaERSR0Wqmu7LAocGJai0ki7VeTHjMmuOXSQ61MnpNWipUruRiL1kZXf-i1X67z4O6Y9d6SWWzPDkbYmsbE8HH21lhgit27SyI79cSqeaQFyXpt0QLIDrFDmxYtAgVMl"")",https://cs2tokens.com/iem-cologne-2026/items/sticker-doc-gold-cologne-2026,sticker-doc-gold-cologne-2026,ok,,https://cs2tokens.com/iem-cologne-2026/items/sticker-doc-gold-cologne-2026/q-data.json,Sticker | doc (Gold) | Cologne 2026,https://steamcommunity.com/market/listings/730/Sticker%20%7C%20doc%20%28Gold%29%20%7C%20Cologne%202026,1209,11073,5316,12,iem-cologne-2026,campaign_12,sticker,Autograph,doc,Sharks Esports,rarity_ancient
2026-06-04 00:38:18,20260604_003818,https://cs2tokens.com/browse?sort=price-asc&finish=Gold,Gold,2b10073ac049,Sticker | s1zzi (Gold) | Cologne 2026,s1zzi,Cologne 2026,Player,Gold,B8,Extraordinary,#eb4b4b,4645,45.99,115,161,0.7125,https://raw.githubusercontent.com/ByMykel/counter-strike-image-tracker/main/static/panorama/images/econ/stickers/cologne2026/sig_s1zzi_gold_png.png,"=IMAGE(""https://raw.githubusercontent.com/ByMykel/counter-strike-image-tracker/main/static/panorama/images/econ/stickers/cologne2026/sig_s1zzi_gold_png.png"")",https://cs2tokens.com/iem-cologne-2026/items/sticker-s1zzi-gold-cologne-2026,sticker-s1zzi-gold-cologne-2026,ok,,https://cs2tokens.com/iem-cologne-2026/items/sticker-s1zzi-gold-cologne-2026/q-data.json,Sticker | s1zzi (Gold) | Cologne 2026,https://steamcommunity.com/market/listings/730/Sticker%20%7C%20s1zzi%20%28Gold%29%20%7C%20Cologne%202026,1209,10877,5316,12,iem-cologne-2026,campaign_12,sticker,Autograph,s1zzi,B8,rarity_ancient
2026-06-04 00:38:18,20260604_003818,https://cs2tokens.com/browse?sort=price-asc&finish=Gold,Gold,8d63bff50ad5,Sticker | koala (Gold) | Cologne 2026,koala,Cologne 2026,Player,Gold,Sharks Esports,Extraordinary,#eb4b4b,4682,46.35,116,161,0.7188,https://community.akamai.steamstatic.com/economy/image/i0CoZ81Ui0m-9KwlBY1L_18myuGuq1wfhWSaZgMttyVfPaERSR0Wqmu7LAocGJai0ki7VeTHjMmuOXSQ61MnpNWipUruRiL6kZfs_B1c4P6qJqdvJqPEWGOUw78g5eQ7G3-xwhhwt2_Vy96vJX6RaAApCpBzFuVZtUKm0oqwPjWnufw,"=IMAGE(""https://community.akamai.steamstatic.com/economy/image/i0CoZ81Ui0m-9KwlBY1L_18myuGuq1wfhWSaZgMttyVfPaERSR0Wqmu7LAocGJai0ki7VeTHjMmuOXSQ61MnpNWipUruRiL6kZfs_B1c4P6qJqdvJqPEWGOUw78g5eQ7G3-xwhhwt2_Vy96vJX6RaAApCpBzFuVZtUKm0oqwPjWnufw"")",https://cs2tokens.com/iem-cologne-2026/items/sticker-koala-gold-cologne-2026,sticker-koala-gold-cologne-2026,ok,,https://cs2tokens.com/iem-cologne-2026/items/sticker-koala-gold-cologne-2026/q-data.json,Sticker | koala (Gold) | Cologne 2026,https://steamcommunity.com/market/listings/730/Sticker%20%7C%20koala%20%28Gold%29%20%7C%20Cologne%202026,1209,11061,5316,12,iem-cologne-2026,campaign_12,sticker,Autograph,koala,Sharks Esports,rarity_ancient
2026-06-04 00:38:18,20260604_003818,https://cs2tokens.com/browse?sort=price-asc&finish=Gold,Gold,893fe81e81db,Sticker | INS (Gold) | Cologne 2026,INS,Cologne 2026,Player,Gold,Flyquest,Extraordinary,#eb4b4b,4830,47.82,117,161,0.725,https://community.akamai.steamstatic.com/economy/image/i0CoZ81Ui0m-9KwlBY1L_18myuGuq1wfhWSaZgMttyVfPaERSR0Wqmu7LAocGJai0ki7VeTHjMmuOXSQ61MnpNWipUruRiL4kIXf-i1X67yravw5dPaQCzPFlOt04-dtSX2wkE8ltWyBmYypdnOVOwB2C5d5QrUDrFDmxTVZvXe3,"=IMAGE(""https://community.akamai.steamstatic.com/economy/image/i0CoZ81Ui0m-9KwlBY1L_18myuGuq1wfhWSaZgMttyVfPaERSR0Wqmu7LAocGJai0ki7VeTHjMmuOXSQ61MnpNWipUruRiL4kIXf-i1X67yravw5dPaQCzPFlOt04-dtSX2wkE8ltWyBmYypdnOVOwB2C5d5QrUDrFDmxTVZvXe3"")",https://cs2tokens.com/iem-cologne-2026/items/sticker-ins-gold-cologne-2026,sticker-ins-gold-cologne-2026,ok,,https://cs2tokens.com/iem-cologne-2026/items/sticker-ins-gold-cologne-2026/q-data.json,Sticker | INS (Gold) | Cologne 2026,https://steamcommunity.com/market/listings/730/Sticker%20%7C%20INS%20%28Gold%29%20%7C%20Cologne%202026,1209,11157,5316,12,iem-cologne-2026,campaign_12,sticker,Autograph,INS,Flyquest,rarity_ancient
2026-06-04 00:38:18,20260604_003818,https://cs2tokens.com/browse?sort=price-asc&finish=Gold,Gold,522b35f914e0,Sticker | Moseyuh (Gold) | Cologne 2026,Moseyuh,Cologne 2026,Player,Gold,TYLOO,Extraordinary,#eb4b4b,4969,49.19,118,161,0.7312,https://community.akamai.steamstatic.com/economy/image/i0CoZ81Ui0m-9KwlBY1L_18myuGuq1wfhWSaZgMttyVfPaERSR0Wqmu7LAocGJai0ki7VeTHjMmuOXSQ61MnpNWipUruRiL8kYXl5DdT0PWhZKAjc_TGDD7Bkrsn47c5GnHjxkpx5TvRmd6rdHLFPQFzXMAlFuEP4xi5kcqnab1Ts7B7Ow,"=IMAGE(""https://community.akamai.steamstatic.com/economy/image/i0CoZ81Ui0m-9KwlBY1L_18myuGuq1wfhWSaZgMttyVfPaERSR0Wqmu7LAocGJai0ki7VeTHjMmuOXSQ61MnpNWipUruRiL8kYXl5DdT0PWhZKAjc_TGDD7Bkrsn47c5GnHjxkpx5TvRmd6rdHLFPQFzXMAlFuEP4xi5kcqnab1Ts7B7Ow"")",https://cs2tokens.com/iem-cologne-2026/items/sticker-moseyuh-gold-cologne-2026,sticker-moseyuh-gold-cologne-2026,ok,,https://cs2tokens.com/iem-cologne-2026/items/sticker-moseyuh-gold-cologne-2026/q-data.json,Sticker | Moseyuh (Gold) | Cologne 2026,https://steamcommunity.com/market/listings/730/Sticker%20%7C%20Moseyuh%20%28Gold%29%20%7C%20Cologne%202026,1209,11049,5316,12,iem-cologne-2026,campaign_12,sticker,Autograph,Moseyuh,TYLOO,rarity_ancient
2026-06-04 00:38:18,20260604_003818,https://cs2tokens.com/browse?sort=price-asc&finish=Gold,Gold,01f2d78f9f33,Sticker | PR (Gold) | Cologne 2026,PR,Cologne 2026,Player,Gold,GamerLegion,Extraordinary,#eb4b4b,5003,49.53,119,161,0.7375,https://community.akamai.steamstatic.com/economy/image/i0CoZ81Ui0m-9KwlBY1L_18myuGuq1wfhWSaZgMttyVfPaERSR0Wqmu7LAocGJai0ki7VeTHjMmuOXSQ61MnpNWipUruRiLhjKnn8i5foaatMfNoJqKWCjfDluoh4OJqTSjgxUUl4GSHnt__In6QawAiWJQlR7MU8k7v7fpa08g,"=IMAGE(""https://community.akamai.steamstatic.com/economy/image/i0CoZ81Ui0m-9KwlBY1L_18myuGuq1wfhWSaZgMttyVfPaERSR0Wqmu7LAocGJai0ki7VeTHjMmuOXSQ61MnpNWipUruRiLhjKnn8i5foaatMfNoJqKWCjfDluoh4OJqTSjgxUUl4GSHnt__In6QawAiWJQlR7MU8k7v7fpa08g"")",https://cs2tokens.com/iem-cologne-2026/items/sticker-pr-gold-cologne-2026,sticker-pr-gold-cologne-2026,ok,,https://cs2tokens.com/iem-cologne-2026/items/sticker-pr-gold-cologne-2026/q-data.json,Sticker | PR (Gold) | Cologne 2026,https://steamcommunity.com/market/listings/730/Sticker%20%7C%20PR%20%28Gold%29%20%7C%20Cologne%202026,1209,10869,5316,12,iem-cologne-2026,campaign_12,sticker,Autograph,PR,GamerLegion,rarity_ancient
2026-06-04 00:38:18,20260604_003818,https://cs2tokens.com/browse?sort=price-asc&finish=Gold,Gold,48fbb495f435,Sticker | makazze (Gold) | Cologne 2026,makazze,Cologne 2026,Player,Gold,Natus Vincere,Extraordinary,#eb4b4b,5029,49.79,120,161,0.7438,https://community.akamai.steamstatic.com/economy/image/i0CoZ81Ui0m-9KwlBY1L_18myuGuq1wfhWSaZgMttyVfPaERSR0Wqmu7LAocGJai0ki7VeTHjMmuOXSQ61MnpNWipUruRiL8n53h5zhe0PWhZKAjcaKRC2LAl7lztrk_Gyjjk0git2mGzIuudX7Cb1InWZRwF7YOt0LtwMqnab3xBoZRxQ,"=IMAGE(""https://community.akamai.steamstatic.com/economy/image/i0CoZ81Ui0m-9KwlBY1L_18myuGuq1wfhWSaZgMttyVfPaERSR0Wqmu7LAocGJai0ki7VeTHjMmuOXSQ61MnpNWipUruRiL8n53h5zhe0PWhZKAjcaKRC2LAl7lztrk_Gyjjk0git2mGzIuudX7Cb1InWZRwF7YOt0LtwMqnab3xBoZRxQ"")",https://cs2tokens.com/iem-cologne-2026/items/sticker-makazze-gold-cologne-2026,sticker-makazze-gold-cologne-2026,ok,,https://cs2tokens.com/iem-cologne-2026/items/sticker-makazze-gold-cologne-2026/q-data.json,Sticker | makazze (Gold) | Cologne 2026,https://steamcommunity.com/market/listings/730/Sticker%20%7C%20makazze%20%28Gold%29%20%7C%20Cologne%202026,1209,10573,5316,12,iem-cologne-2026,campaign_12,sticker,Autograph,makazze,Natus Vincere,rarity_ancient
2026-06-04 00:38:18,20260604_003818,https://cs2tokens.com/browse?sort=price-asc&finish=Gold,Gold,7858d1a9a6f6,Sticker | felps (Gold) | Cologne 2026,felps,Cologne 2026,Player,Gold,,Extraordinary,#eb4b4b,5125,50.74,121,161,0.75,https://community.akamai.steamstatic.com/economy/image/i0CoZ81Ui0m-9KwlBY1L_18myuGuq1wfhWSaZgMttyVfPaERSR0Wqmu7LAocGJai0ki7VeTHjMmuOXSQ61MnpNWipUruRiL3m5rw7h1c4P6qJvI0cqnCCjCVlr4m5rk9TH3ml0104W7Ww9epcH-UaVUpCMchF7NZuhim0oqwi0MSEpk,"=IMAGE(""https://community.akamai.steamstatic.com/economy/image/i0CoZ81Ui0m-9KwlBY1L_18myuGuq1wfhWSaZgMttyVfPaERSR0Wqmu7LAocGJai0ki7VeTHjMmuOXSQ61MnpNWipUruRiL3m5rw7h1c4P6qJvI0cqnCCjCVlr4m5rk9TH3ml0104W7Ww9epcH-UaVUpCMchF7NZuhim0oqwi0MSEpk"")",https://cs2tokens.com/iem-cologne-2026/items/sticker-felps-gold-cologne-2026,sticker-felps-gold-cologne-2026,ok,,https://cs2tokens.com/iem-cologne-2026/items/sticker-felps-gold-cologne-2026/q-data.json,Sticker | felps (Gold) | Cologne 2026,https://steamcommunity.com/market/listings/730/Sticker%20%7C%20felps%20%28Gold%29%20%7C%20Cologne%202026,1209,11081,5316,12,iem-cologne-2026,campaign_12,sticker,Autograph,felps,,rarity_ancient
2026-06-04 00:38:18,20260604_003818,https://cs2tokens.com/browse?sort=price-asc&finish=Gold,Gold,0ead030052d7,Sticker | insani (Gold) | Cologne 2026,insani,Cologne 2026,Player,Gold,MIBR,Extraordinary,#eb4b4b,5167,51.15,122,161,0.7562,https://community.akamai.steamstatic.com/economy/image/i0CoZ81Ui0m-9KwlBY1L_18myuGuq1wfhWSaZgMttyVfPaERSR0Wqmu7LAocGJai0ki7VeTHjMmuOXSQ61MnpNWipUruRiL4kIXh8ytk6P2ibOo_cqTCWGTDwuh0s7U5GSrrlxh25WSHwt_6dX_GOAUgDMYmReIJ4xfrjJS5YHibw5vi,"=IMAGE(""https://community.akamai.steamstatic.com/economy/image/i0CoZ81Ui0m-9KwlBY1L_18myuGuq1wfhWSaZgMttyVfPaERSR0Wqmu7LAocGJai0ki7VeTHjMmuOXSQ61MnpNWipUruRiL4kIXh8ytk6P2ibOo_cqTCWGTDwuh0s7U5GSrrlxh25WSHwt_6dX_GOAUgDMYmReIJ4xfrjJS5YHibw5vi"")",https://cs2tokens.com/iem-cologne-2026/items/sticker-insani-gold-cologne-2026,sticker-insani-gold-cologne-2026,ok,,https://cs2tokens.com/iem-cologne-2026/items/sticker-insani-gold-cologne-2026/q-data.json,Sticker | insani (Gold) | Cologne 2026,https://steamcommunity.com/market/listings/730/Sticker%20%7C%20insani%20%28Gold%29%20%7C%20Cologne%202026,1209,10981,5316,12,iem-cologne-2026,campaign_12,sticker,Autograph,insani,MIBR,rarity_ancient
2026-06-04 00:38:18,20260604_003818,https://cs2tokens.com/browse?sort=price-asc&finish=Gold,Gold,3a14a8a7b859,Sticker | EmiliaQAQ (Gold) | Cologne 2026,EmiliaQAQ,Cologne 2026,Player,Gold,Lynn Vision,Extraordinary,#eb4b4b,5211,51.59,123,161,0.7625,https://community.akamai.steamstatic.com/economy/image/i0CoZ81Ui0m-9KwlBY1L_18myuGuq1wfhWSaZgMttyVfPaERSR0Wqmu7LAocGJai0ki7VeTHjMmuOXSQ61MnpNWipUruRiL0k5_s9CNK7uORb6thJL7ACDLHxL8lteRqGX7jlBgj6zvdzNarIinDaFcpX5p1FuQDuhC4kNXiKaq8sG3J-MKc,"=IMAGE(""https://community.akamai.steamstatic.com/economy/image/i0CoZ81Ui0m-9KwlBY1L_18myuGuq1wfhWSaZgMttyVfPaERSR0Wqmu7LAocGJai0ki7VeTHjMmuOXSQ61MnpNWipUruRiL0k5_s9CNK7uORb6thJL7ACDLHxL8lteRqGX7jlBgj6zvdzNarIinDaFcpX5p1FuQDuhC4kNXiKaq8sG3J-MKc"")",https://cs2tokens.com/iem-cologne-2026/items/sticker-emiliaqaq-gold-cologne-2026,sticker-emiliaqaq-gold-cologne-2026,ok,,https://cs2tokens.com/iem-cologne-2026/items/sticker-emiliaqaq-gold-cologne-2026/q-data.json,Sticker | EmiliaQAQ (Gold) | Cologne 2026,https://steamcommunity.com/market/listings/730/Sticker%20%7C%20EmiliaQAQ%20%28Gold%29%20%7C%20Cologne%202026,1209,11129,5316,12,iem-cologne-2026,campaign_12,sticker,Autograph,EmiliaQAQ,Lynn Vision,rarity_ancient
2026-06-04 00:38:18,20260604_003818,https://cs2tokens.com/browse?sort=price-asc&finish=Gold,Gold,2868b836259b,Sticker | xfl0ud (Gold) | Cologne 2026,xfl0ud,Cologne 2026,Player,Gold,HEROIC,Extraordinary,#eb4b4b,5309,52.56,124,161,0.7688,https://community.akamai.steamstatic.com/economy/image/i0CoZ81Ui0m-9KwlBY1L_18myuGuq1wfhWSaZgMttyVfPaERSR0Wqmu7LAocGJai0ki7VeTHjMmuOXSQ61MnpNWipUruRiLpmJqw6CZk6P2ibOo8daHFXjLCmbwh5rVsF3GwxB9z42rdytmqdinCZgZ0CZd0RLQMtBi_jJS5YPgf6i3a,"=IMAGE(""https://community.akamai.steamstatic.com/economy/image/i0CoZ81Ui0m-9KwlBY1L_18myuGuq1wfhWSaZgMttyVfPaERSR0Wqmu7LAocGJai0ki7VeTHjMmuOXSQ61MnpNWipUruRiLpmJqw6CZk6P2ibOo8daHFXjLCmbwh5rVsF3GwxB9z42rdytmqdinCZgZ0CZd0RLQMtBi_jJS5YPgf6i3a"")",https://cs2tokens.com/iem-cologne-2026/items/sticker-xfl0ud-gold-cologne-2026,sticker-xfl0ud-gold-cologne-2026,ok,,https://cs2tokens.com/iem-cologne-2026/items/sticker-xfl0ud-gold-cologne-2026/q-data.json,Sticker | xfl0ud (Gold) | Cologne 2026,https://steamcommunity.com/market/listings/730/Sticker%20%7C%20xfl0ud%20%28Gold%29%20%7C%20Cologne%202026,1209,10897,5316,12,iem-cologne-2026,campaign_12,sticker,Autograph,xfl0ud,HEROIC,rarity_ancient
2026-06-04 00:38:18,20260604_003818,https://cs2tokens.com/browse?sort=price-asc&finish=Gold,Gold,e0a87d1fe63e,Sticker | apEX (Gold) | Cologne 2026,apEX,Cologne 2026,Player,Gold,Vitality,Extraordinary,#eb4b4b,5458,54.03,125,161,0.775,https://community.akamai.steamstatic.com/economy/image/i0CoZ81Ui0m-9KwlBY1L_18myuGuq1wfhWSaZgMttyVfPaERSR0Wqmu7LAocGJai0ki7VeTHjMmuOXSQ61MnpNWipUruRiLwjpP4wiVU4_bgbv1vdabLCjHHx7wh5rZtF3jmwU1w4zzdm9epI3vBaVQoXJQkRuYMug74zIOHkFmo8g,"=IMAGE(""https://community.akamai.steamstatic.com/economy/image/i0CoZ81Ui0m-9KwlBY1L_18myuGuq1wfhWSaZgMttyVfPaERSR0Wqmu7LAocGJai0ki7VeTHjMmuOXSQ61MnpNWipUruRiLwjpP4wiVU4_bgbv1vdabLCjHHx7wh5rZtF3jmwU1w4zzdm9epI3vBaVQoXJQkRuYMug74zIOHkFmo8g"")",https://cs2tokens.com/iem-cologne-2026/items/sticker-apex-gold-cologne-2026,sticker-apex-gold-cologne-2026,ok,,https://cs2tokens.com/iem-cologne-2026/items/sticker-apex-gold-cologne-2026/q-data.json,Sticker | apEX (Gold) | Cologne 2026,https://steamcommunity.com/market/listings/730/Sticker%20%7C%20apEX%20%28Gold%29%20%7C%20Cologne%202026,1209,10541,5316,12,iem-cologne-2026,campaign_12,sticker,Autograph,apEX,Vitality,rarity_ancient
2026-06-04 00:38:18,20260604_003818,https://cs2tokens.com/browse?sort=price-asc&finish=Gold,Gold,26d9291b334b,Sticker | nilo (Gold) | Cologne 2026,nilo,Cologne 2026,Player,Gold,HEROIC,Extraordinary,#eb4b4b,5487,54.32,126,161,0.7812,https://raw.githubusercontent.com/ByMykel/counter-strike-image-tracker/main/static/panorama/images/econ/stickers/cologne2026/sig_nilo_gold_png.png,"=IMAGE(""https://raw.githubusercontent.com/ByMykel/counter-strike-image-tracker/main/static/panorama/images/econ/stickers/cologne2026/sig_nilo_gold_png.png"")",https://cs2tokens.com/iem-cologne-2026/items/sticker-nilo-gold-cologne-2026,sticker-nilo-gold-cologne-2026,ok,,https://cs2tokens.com/iem-cologne-2026/items/sticker-nilo-gold-cologne-2026/q-data.json,Sticker | nilo (Gold) | Cologne 2026,https://steamcommunity.com/market/listings/730/Sticker%20%7C%20nilo%20%28Gold%29%20%7C%20Cologne%202026,1209,10901,5316,12,iem-cologne-2026,campaign_12,sticker,Autograph,nilo,HEROIC,rarity_ancient
2026-06-04 00:38:18,20260604_003818,https://cs2tokens.com/browse?sort=price-asc&finish=Gold,Gold,8d68efb4e4f9,Sticker | Mercury (Gold) | Cologne 2026,Mercury,Cologne 2026,Player,Gold,TYLOO,Extraordinary,#eb4b4b,5551,54.95,127,161,0.7875,https://community.akamai.steamstatic.com/economy/image/i0CoZ81Ui0m-9KwlBY1L_18myuGuq1wfhWSaZgMttyVfPaERSR0Wqmu7LAocGJai0ki7VeTHjMmuOXSQ61MnpNWipUruRiL8m4Tj6DBC0PWhZKAjeKaRWj7AwLYl6bdvTS-ywk8lsDvSzIr6JCnDPQ8jApAhE-YP50Xulcqnab1ROdbRXg,"=IMAGE(""https://community.akamai.steamstatic.com/economy/image/i0CoZ81Ui0m-9KwlBY1L_18myuGuq1wfhWSaZgMttyVfPaERSR0Wqmu7LAocGJai0ki7VeTHjMmuOXSQ61MnpNWipUruRiL8m4Tj6DBC0PWhZKAjeKaRWj7AwLYl6bdvTS-ywk8lsDvSzIr6JCnDPQ8jApAhE-YP50Xulcqnab1ROdbRXg"")",https://cs2tokens.com/iem-cologne-2026/items/sticker-mercury-gold-cologne-2026,sticker-mercury-gold-cologne-2026,ok,,https://cs2tokens.com/iem-cologne-2026/items/sticker-mercury-gold-cologne-2026/q-data.json,Sticker | Mercury (Gold) | Cologne 2026,https://steamcommunity.com/market/listings/730/Sticker%20%7C%20Mercury%20%28Gold%29%20%7C%20Cologne%202026,1209,11037,5316,12,iem-cologne-2026,campaign_12,sticker,Autograph,Mercury,TYLOO,rarity_ancient
2026-06-04 00:38:18,20260604_003818,https://cs2tokens.com/browse?sort=price-asc&finish=Gold,Gold,5211d2145cf3,Sticker | molodoy (Gold) | Cologne 2026,molodoy,Cologne 2026,Player,Gold,FURIA,Extraordinary,#eb4b4b,5672,56.15,128,161,0.7937,https://community.akamai.steamstatic.com/economy/image/i0CoZ81Ui0m-9KwlBY1L_18myuGuq1wfhWSaZgMttyVfPaERSR0Wqmu7LAocGJai0ki7VeTHjMmuOXSQ61MnpNWipUruRiL8kZrv-S1C0PWhZKAjdPPHXD7Hxbgm5rI7SnHkwht_sT-Awt-hIn-UbVUiDJV0E7Rc5Ba_xMqnab2LJj-u_w,"=IMAGE(""https://community.akamai.steamstatic.com/economy/image/i0CoZ81Ui0m-9KwlBY1L_18myuGuq1wfhWSaZgMttyVfPaERSR0Wqmu7LAocGJai0ki7VeTHjMmuOXSQ61MnpNWipUruRiL8kZrv-S1C0PWhZKAjdPPHXD7Hxbgm5rI7SnHkwht_sT-Awt-hIn-UbVUiDJV0E7Rc5Ba_xMqnab2LJj-u_w"")",https://cs2tokens.com/iem-cologne-2026/items/sticker-molodoy-gold-cologne-2026,sticker-molodoy-gold-cologne-2026,ok,,https://cs2tokens.com/iem-cologne-2026/items/sticker-molodoy-gold-cologne-2026/q-data.json,Sticker | molodoy (Gold) | Cologne 2026,https://steamcommunity.com/market/listings/730/Sticker%20%7C%20molodoy%20%28Gold%29%20%7C%20Cologne%202026,1209,10669,5316,12,iem-cologne-2026,campaign_12,sticker,Autograph,molodoy,FURIA,rarity_ancient
2026-06-04 00:38:18,20260604_003818,https://cs2tokens.com/browse?sort=price-asc&finish=Gold,Gold,4fa94382cee2,Sticker | S1ren (Gold) | Cologne 2026,S1ren,Cologne 2026,Player,Gold,BetBoom,Extraordinary,#eb4b4b,5760,57.02,129,161,0.8,https://community.akamai.steamstatic.com/economy/image/i0CoZ81Ui0m-9KwlBY1L_18myuGuq1wfhWSaZgMttyVfPaERSR0Wqmu7LAocGJai0ki7VeTHjMmuOXSQ61MnpNWipUruRiLiz4Tl8x1c4P6qJvFudKLCXTKSlO0itOM-Syy1wksj422BnNv7cy6fbQRzC8B4R7FfsEOm0oqwZ24HzEs,"=IMAGE(""https://community.akamai.steamstatic.com/economy/image/i0CoZ81Ui0m-9KwlBY1L_18myuGuq1wfhWSaZgMttyVfPaERSR0Wqmu7LAocGJai0ki7VeTHjMmuOXSQ61MnpNWipUruRiLiz4Tl8x1c4P6qJvFudKLCXTKSlO0itOM-Syy1wksj422BnNv7cy6fbQRzC8B4R7FfsEOm0oqwZ24HzEs"")",https://cs2tokens.com/iem-cologne-2026/items/sticker-s1ren-gold-cologne-2026,sticker-s1ren-gold-cologne-2026,ok,,https://cs2tokens.com/iem-cologne-2026/items/sticker-s1ren-gold-cologne-2026/q-data.json,Sticker | S1ren (Gold) | Cologne 2026,https://steamcommunity.com/market/listings/730/Sticker%20%7C%20S1ren%20%28Gold%29%20%7C%20Cologne%202026,1209,10925,5316,12,iem-cologne-2026,campaign_12,sticker,Autograph,S1ren,BetBoom,rarity_ancient
2026-06-04 00:38:18,20260604_003818,https://cs2tokens.com/browse?sort=price-asc&finish=Gold,Gold,fc688491305c,Sticker | yxngstxr (Gold) | Cologne 2026,yxngstxr,Cologne 2026,Player,Gold,HEROIC,Extraordinary,#eb4b4b,5765,57.07,130,161,0.8063,https://community.akamai.steamstatic.com/economy/image/i0CoZ81Ui0m-9KwlBY1L_18myuGuq1wfhWSaZgMttyVfPaERSR0Wqmu7LAocGJai0ki7VeTHjMmuOXSQ61MnpNWipUruRiLohpjn7jZD_c2pZ6hpbvLBXjfExbck57MwGHiykRh-sWzdmN-hciiUawchA8N5ELJcsxLslYD5d7S1yO-C964,"=IMAGE(""https://community.akamai.steamstatic.com/economy/image/i0CoZ81Ui0m-9KwlBY1L_18myuGuq1wfhWSaZgMttyVfPaERSR0Wqmu7LAocGJai0ki7VeTHjMmuOXSQ61MnpNWipUruRiLohpjn7jZD_c2pZ6hpbvLBXjfExbck57MwGHiykRh-sWzdmN-hciiUawchA8N5ELJcsxLslYD5d7S1yO-C964"")",https://cs2tokens.com/iem-cologne-2026/items/sticker-yxngstxr-gold-cologne-2026,sticker-yxngstxr-gold-cologne-2026,ok,,https://cs2tokens.com/iem-cologne-2026/items/sticker-yxngstxr-gold-cologne-2026/q-data.json,Sticker | yxngstxr (Gold) | Cologne 2026,https://steamcommunity.com/market/listings/730/Sticker%20%7C%20yxngstxr%20%28Gold%29%20%7C%20Cologne%202026,1209,10913,5316,12,iem-cologne-2026,campaign_12,sticker,Autograph,yxngstxr,HEROIC,rarity_ancient
2026-06-04 00:38:18,20260604_003818,https://cs2tokens.com/browse?sort=price-asc&finish=Gold,Gold,b19a6c093abb,Sticker | TjP (Gold) | Cologne 2026,TjP,Cologne 2026,Player,Gold,,Extraordinary,#eb4b4b,5933,58.74,131,161,0.8125,https://community.akamai.steamstatic.com/economy/image/i0CoZ81Ui0m-9KwlBY1L_18myuGuq1wfhWSaZgMttyVfPaERSR0Wqmu7LAocGJai0ki7VeTHjMmuOXSQ61MnpNWipUruRiLllIbf-i1X67ysP6ZrcfLFD2PJmOp1tuRoGSy2x0l_6zmBmd2tdnnDOFQkD5RxQ-MCrFDmxUHNs2pX,"=IMAGE(""https://community.akamai.steamstatic.com/economy/image/i0CoZ81Ui0m-9KwlBY1L_18myuGuq1wfhWSaZgMttyVfPaERSR0Wqmu7LAocGJai0ki7VeTHjMmuOXSQ61MnpNWipUruRiLllIbf-i1X67ysP6ZrcfLFD2PJmOp1tuRoGSy2x0l_6zmBmd2tdnnDOFQkD5RxQ-MCrFDmxUHNs2pX"")",https://cs2tokens.com/iem-cologne-2026/items/sticker-tjp-gold-cologne-2026,sticker-tjp-gold-cologne-2026,ok,,https://cs2tokens.com/iem-cologne-2026/items/sticker-tjp-gold-cologne-2026/q-data.json,Sticker | TjP (Gold) | Cologne 2026,https://steamcommunity.com/market/listings/730/Sticker%20%7C%20TjP%20%28Gold%29%20%7C%20Cologne%202026,1209,11153,5316,12,iem-cologne-2026,campaign_12,sticker,Autograph,TjP,,rarity_ancient
2026-06-04 00:38:18,20260604_003818,https://cs2tokens.com/browse?sort=price-asc&finish=Gold,Gold,b5cc6bdfe4ab,Sticker | Chr1zN (Gold) | Cologne 2026,Chr1zN,Cologne 2026,Player,Gold,HEROIC,Extraordinary,#eb4b4b,5938,58.79,132,161,0.8187,https://community.akamai.steamstatic.com/economy/image/i0CoZ81Ui0m-9KwlBY1L_18myuGuq1wfhWSaZgMttyVfPaERSR0Wqmu7LAocGJai0ki7VeTHjMmuOXSQ61MnpNWipUruRiLyloSx5yxk6P2ibOo8IqTHCjHDme8k47c4TH62kB9w4mzdwtihJXPFZwZ2X5UmQrJYsxm8jJS5YHA3bmdg,"=IMAGE(""https://community.akamai.steamstatic.com/economy/image/i0CoZ81Ui0m-9KwlBY1L_18myuGuq1wfhWSaZgMttyVfPaERSR0Wqmu7LAocGJai0ki7VeTHjMmuOXSQ61MnpNWipUruRiLyloSx5yxk6P2ibOo8IqTHCjHDme8k47c4TH62kB9w4mzdwtihJXPFZwZ2X5UmQrJYsxm8jJS5YHA3bmdg"")",https://cs2tokens.com/iem-cologne-2026/items/sticker-chr1zn-gold-cologne-2026,sticker-chr1zn-gold-cologne-2026,ok,,https://cs2tokens.com/iem-cologne-2026/items/sticker-chr1zn-gold-cologne-2026/q-data.json,Sticker | Chr1zN (Gold) | Cologne 2026,https://steamcommunity.com/market/listings/730/Sticker%20%7C%20Chr1zN%20%28Gold%29%20%7C%20Cologne%202026,1209,10909,5316,12,iem-cologne-2026,campaign_12,sticker,Autograph,Chr1zN,HEROIC,rarity_ancient
2026-06-04 00:38:18,20260604_003818,https://cs2tokens.com/browse?sort=price-asc&finish=Gold,Gold,3e48e233c209,Sticker | SHOCK (Gold) | Cologne 2026,SHOCK,Cologne 2026,Player,Gold,,Extraordinary,#eb4b4b,6399,63.35,133,161,0.825,https://community.akamai.steamstatic.com/economy/image/i0CoZ81Ui0m-9KwlBY1L_18myuGuq1wfhWSaZgMttyVfPaERSR0Wqmu7LAocGJai0ki7VeTHjMmuOXSQ61MnpNWipUruRiLilpnj9h1c4P6qJvE0JPbEDzTHx7ZytuRoHnrrwRt25WXVz4r4cn-UPVdyX5BxF-EM4ESm0oqwxJmPw-w,"=IMAGE(""https://community.akamai.steamstatic.com/economy/image/i0CoZ81Ui0m-9KwlBY1L_18myuGuq1wfhWSaZgMttyVfPaERSR0Wqmu7LAocGJai0ki7VeTHjMmuOXSQ61MnpNWipUruRiLilpnj9h1c4P6qJvE0JPbEDzTHx7ZytuRoHnrrwRt25WXVz4r4cn-UPVdyX5BxF-EM4ESm0oqwxJmPw-w"")",https://cs2tokens.com/iem-cologne-2026/items/sticker-shock-gold-cologne-2026,sticker-shock-gold-cologne-2026,ok,,https://cs2tokens.com/iem-cologne-2026/items/sticker-shock-gold-cologne-2026/q-data.json,Sticker | SHOCK (Gold) | Cologne 2026,https://steamcommunity.com/market/listings/730/Sticker%20%7C%20SHOCK%20%28Gold%29%20%7C%20Cologne%202026,1209,11001,5316,12,iem-cologne-2026,campaign_12,sticker,Autograph,SHOCK,,rarity_ancient
2026-06-04 00:38:18,20260604_003818,https://cs2tokens.com/browse?sort=price-asc&finish=Gold,Gold,6d044da13fa6,Sticker | alex666 (Gold) | Cologne 2026,alex666,Cologne 2026,Player,Gold,B8,Extraordinary,#eb4b4b,6911,68.42,134,161,0.8313,https://community.akamai.steamstatic.com/economy/image/i0CoZ81Ui0m-9KwlBY1L_18myuGuq1wfhWSaZgMttyVfPaERSR0Wqmu7LAocGJai0ki7VeTHjMmuOXSQ61MnpNWipUruRiLwkpP4q3QN0PWhZKAjdajACDeRxepytLY7Sirrlxtx52vQyd6uJC6SZw9xW5AlTeJb40O-m8qnab0txe-AKw,"=IMAGE(""https://community.akamai.steamstatic.com/economy/image/i0CoZ81Ui0m-9KwlBY1L_18myuGuq1wfhWSaZgMttyVfPaERSR0Wqmu7LAocGJai0ki7VeTHjMmuOXSQ61MnpNWipUruRiLwkpP4q3QN0PWhZKAjdajACDeRxepytLY7Sirrlxtx52vQyd6uJC6SZw9xW5AlTeJb40O-m8qnab0txe-AKw"")",https://cs2tokens.com/iem-cologne-2026/items/sticker-alex666-gold-cologne-2026,sticker-alex666-gold-cologne-2026,ok,,https://cs2tokens.com/iem-cologne-2026/items/sticker-alex666-gold-cologne-2026/q-data.json,Sticker | alex666 (Gold) | Cologne 2026,https://steamcommunity.com/market/listings/730/Sticker%20%7C%20alex666%20%28Gold%29%20%7C%20Cologne%202026,1209,10889,5316,12,iem-cologne-2026,campaign_12,sticker,Autograph,alex666,B8,rarity_ancient
2026-06-04 00:38:18,20260604_003818,https://cs2tokens.com/browse?sort=price-asc&finish=Gold,Gold,1407c6ec6804,Sticker | hypex (Gold) | Cologne 2026,hypex,Cologne 2026,Player,Gold,GamerLegion,Extraordinary,#eb4b4b,6938,68.69,135,161,0.8375,https://community.akamai.steamstatic.com/economy/image/i0CoZ81Ui0m-9KwlBY1L_18myuGuq1wfhWSaZgMttyVfPaERSR0Wqmu7LAocGJai0ki7VeTHjMmuOXSQ61MnpNWipUruRiL5h4bl5R1c4P6qJqI-dqfLWDCRkbd04bE6Fn3hzUwltW7Uz96uICjDZw4oCMQjQe9fuham0oqwz5hcssQ,"=IMAGE(""https://community.akamai.steamstatic.com/economy/image/i0CoZ81Ui0m-9KwlBY1L_18myuGuq1wfhWSaZgMttyVfPaERSR0Wqmu7LAocGJai0ki7VeTHjMmuOXSQ61MnpNWipUruRiL5h4bl5R1c4P6qJqI-dqfLWDCRkbd04bE6Fn3hzUwltW7Uz96uICjDZw4oCMQjQe9fuham0oqwz5hcssQ"")",https://cs2tokens.com/iem-cologne-2026/items/sticker-hypex-gold-cologne-2026,sticker-hypex-gold-cologne-2026,ok,,https://cs2tokens.com/iem-cologne-2026/items/sticker-hypex-gold-cologne-2026/q-data.json,Sticker | hypex (Gold) | Cologne 2026,https://steamcommunity.com/market/listings/730/Sticker%20%7C%20hypex%20%28Gold%29%20%7C%20Cologne%202026,1209,10873,5316,12,iem-cologne-2026,campaign_12,sticker,Autograph,hypex,GamerLegion,rarity_ancient
2026-06-04 00:38:18,20260604_003818,https://cs2tokens.com/browse?sort=price-asc&finish=Gold,Gold,9e9dfc2a3e78,Sticker | maxxkor (Gold) | Cologne 2026,maxxkor,Cologne 2026,Player,Gold,Sharks Esports,Extraordinary,#eb4b4b,7050,69.8,136,161,0.8438,https://community.akamai.steamstatic.com/economy/image/i0CoZ81Ui0m-9KwlBY1L_18myuGuq1wfhWSaZgMttyVfPaERSR0Wqmu7LAocGJai0ki7VeTHjMmuOXSQ61MnpNWipUruRiL8n4749i1J0PWhZKAjI6eWWGPFkLwh5LMwTnriwUR3sm2GyIqgd3LEOA5yXMF2ROMNtRS-xMqnab2eSzXaRg,"=IMAGE(""https://community.akamai.steamstatic.com/economy/image/i0CoZ81Ui0m-9KwlBY1L_18myuGuq1wfhWSaZgMttyVfPaERSR0Wqmu7LAocGJai0ki7VeTHjMmuOXSQ61MnpNWipUruRiL8n4749i1J0PWhZKAjI6eWWGPFkLwh5LMwTnriwUR3sm2GyIqgd3LEOA5yXMF2ROMNtRS-xMqnab2eSzXaRg"")",https://cs2tokens.com/iem-cologne-2026/items/sticker-maxxkor-gold-cologne-2026,sticker-maxxkor-gold-cologne-2026,ok,,https://cs2tokens.com/iem-cologne-2026/items/sticker-maxxkor-gold-cologne-2026/q-data.json,Sticker | maxxkor (Gold) | Cologne 2026,https://steamcommunity.com/market/listings/730/Sticker%20%7C%20maxxkor%20%28Gold%29%20%7C%20Cologne%202026,1209,11065,5316,12,iem-cologne-2026,campaign_12,sticker,Autograph,maxxkor,Sharks Esports,rarity_ancient
2026-06-04 00:38:18,20260604_003818,https://cs2tokens.com/browse?sort=price-asc&finish=Gold,Gold,4ee93227db51,Sticker | jks (Gold) | Cologne 2026,jks,Cologne 2026,Player,Gold,Flyquest,Extraordinary,#eb4b4b,7272,71.99,137,161,0.85,https://community.akamai.steamstatic.com/economy/image/i0CoZ81Ui0m-9KwlBY1L_18myuGuq1wfhWSaZgMttyVfPaERSR0Wqmu7LAocGJai0ki7VeTHjMmuOXSQ61MnpNWipUruRiL7lYXf-i1X67yqPPFpdfORX2TGkesgteA4HSyxwE8j5mnWydj_Iy7FPAUiXsd4QrMJrFDmxS8gKCtD,"=IMAGE(""https://community.akamai.steamstatic.com/economy/image/i0CoZ81Ui0m-9KwlBY1L_18myuGuq1wfhWSaZgMttyVfPaERSR0Wqmu7LAocGJai0ki7VeTHjMmuOXSQ61MnpNWipUruRiL7lYXf-i1X67yqPPFpdfORX2TGkesgteA4HSyxwE8j5mnWydj_Iy7FPAUiXsd4QrMJrFDmxS8gKCtD"")",https://cs2tokens.com/iem-cologne-2026/items/sticker-jks-gold-cologne-2026,sticker-jks-gold-cologne-2026,ok,,https://cs2tokens.com/iem-cologne-2026/items/sticker-jks-gold-cologne-2026/q-data.json,Sticker | jks (Gold) | Cologne 2026,https://steamcommunity.com/market/listings/730/Sticker%20%7C%20jks%20%28Gold%29%20%7C%20Cologne%202026,1209,11161,5316,12,iem-cologne-2026,campaign_12,sticker,Autograph,jks,Flyquest,rarity_ancient
2026-06-04 00:38:18,20260604_003818,https://cs2tokens.com/browse?sort=price-asc&finish=Gold,Gold,9626b8677312,Sticker | Zero (Gold) | Cologne 2026,Zero,Cologne 2026,Player,Gold,TYLOO,Extraordinary,#eb4b4b,7729,76.52,138,161,0.8562,https://community.akamai.steamstatic.com/economy/image/i0CoZ81Ui0m-9KwlBY1L_18myuGuq1wfhWSaZgMttyVfPaERSR0Wqmu7LAocGJai0ki7VeTHjMmuOXSQ61MnpNWipUruRiLrm4Tv_ixk6P2ibOprcvXDC2TJwr115uQ6TnC3wERztWyEwoqqcn3BagB2DpR1E-QItETsjJS5YPoDJ0XY,"=IMAGE(""https://community.akamai.steamstatic.com/economy/image/i0CoZ81Ui0m-9KwlBY1L_18myuGuq1wfhWSaZgMttyVfPaERSR0Wqmu7LAocGJai0ki7VeTHjMmuOXSQ61MnpNWipUruRiLrm4Tv_ixk6P2ibOprcvXDC2TJwr115uQ6TnC3wERztWyEwoqqcn3BagB2DpR1E-QItETsjJS5YPoDJ0XY"")",https://cs2tokens.com/iem-cologne-2026/items/sticker-zero-gold-cologne-2026,sticker-zero-gold-cologne-2026,ok,,https://cs2tokens.com/iem-cologne-2026/items/sticker-zero-gold-cologne-2026/q-data.json,Sticker | Zero (Gold) | Cologne 2026,https://steamcommunity.com/market/listings/730/Sticker%20%7C%20Zero%20%28Gold%29%20%7C%20Cologne%202026,1209,11053,5316,12,iem-cologne-2026,campaign_12,sticker,Autograph,Zero,TYLOO,rarity_ancient
2026-06-04 00:38:18,20260604_003818,https://cs2tokens.com/browse?sort=price-asc&finish=Gold,Gold,b26755ec6971,Sticker | C4LLM3SU3 (Gold) | Cologne 2026,C4LLM3SU3,Cologne 2026,Player,Gold,Lynn Vision,Extraordinary,#eb4b4b,8625,85.39,139,161,0.8625,https://community.akamai.steamstatic.com/economy/image/i0CoZ81Ui0m-9KwlBY1L_18myuGuq1wfhWSaZgMttyVfPaERSR0Wqmu7LAocGJai0ki7VeTHjMmuOXSQ61MnpNWipUruRiLyyprs8HFI-qGRb6thJL7AXWHAx7on57VrHnm2kR9wsmjUy46vdinCO1UnWJN4QOdesROww9PjKaq8sHTf45-7,"=IMAGE(""https://community.akamai.steamstatic.com/economy/image/i0CoZ81Ui0m-9KwlBY1L_18myuGuq1wfhWSaZgMttyVfPaERSR0Wqmu7LAocGJai0ki7VeTHjMmuOXSQ61MnpNWipUruRiLyyprs8HFI-qGRb6thJL7AXWHAx7on57VrHnm2kR9wsmjUy46vdinCO1UnWJN4QOdesROww9PjKaq8sHTf45-7"")",https://cs2tokens.com/iem-cologne-2026/items/sticker-c4llm3su3-gold-cologne-2026,sticker-c4llm3su3-gold-cologne-2026,ok,,https://cs2tokens.com/iem-cologne-2026/items/sticker-c4llm3su3-gold-cologne-2026/q-data.json,Sticker | C4LLM3SU3 (Gold) | Cologne 2026,https://steamcommunity.com/market/listings/730/Sticker%20%7C%20C4LLM3SU3%20%28Gold%29%20%7C%20Cologne%202026,1209,11133,5316,12,iem-cologne-2026,campaign_12,sticker,Autograph,C4LLM3SU3,Lynn Vision,rarity_ancient
2026-06-04 00:38:18,20260604_003818,https://cs2tokens.com/browse?sort=price-asc&finish=Gold,Gold,1ed4f4757fc4,Sticker | kyousuke (Gold) | Cologne 2026,kyousuke,Cologne 2026,Player,Gold,Falcons,Extraordinary,#eb4b4b,8677,85.9,140,161,0.8688,https://community.akamai.steamstatic.com/economy/image/i0CoZ81Ui0m-9KwlBY1L_18myuGuq1wfhWSaZgMttyVfPaERSR0Wqmu7LAocGJai0ki7VeTHjMmuOXSQ61MnpNWipUruRiL6h5n17jdQ6s2pZ6hpbvGQWzOVwuomsudvTH3qkEl24mjQntaqdnyWaFByDZV2Fu5cskO8k4L5d7S1yFaSkHE,"=IMAGE(""https://community.akamai.steamstatic.com/economy/image/i0CoZ81Ui0m-9KwlBY1L_18myuGuq1wfhWSaZgMttyVfPaERSR0Wqmu7LAocGJai0ki7VeTHjMmuOXSQ61MnpNWipUruRiL6h5n17jdQ6s2pZ6hpbvGQWzOVwuomsudvTH3qkEl24mjQntaqdnyWaFByDZV2Fu5cskO8k4L5d7S1yFaSkHE"")",https://cs2tokens.com/iem-cologne-2026/items/sticker-kyousuke-gold-cologne-2026,sticker-kyousuke-gold-cologne-2026,ok,,https://cs2tokens.com/iem-cologne-2026/items/sticker-kyousuke-gold-cologne-2026/q-data.json,Sticker | kyousuke (Gold) | Cologne 2026,https://steamcommunity.com/market/listings/730/Sticker%20%7C%20kyousuke%20%28Gold%29%20%7C%20Cologne%202026,1209,10593,5316,12,iem-cologne-2026,campaign_12,sticker,Autograph,kyousuke,Falcons,rarity_ancient
2026-06-04 00:38:18,20260604_003818,https://cs2tokens.com/browse?sort=price-asc&finish=Gold,Gold,292e3cf42d76,Sticker | tabseN (Gold) | Cologne 2026,tabseN,Cologne 2026,Player,Gold,BIG,Extraordinary,#eb4b4b,8776,86.88,141,161,0.875,https://community.akamai.steamstatic.com/economy/image/i0CoZ81Ui0m-9KwlBY1L_18myuGuq1wfhWSaZgMttyVfPaERSR0Wqmu7LAocGJai0ki7VeTHjMmuOXSQ61MnpNWipUruRiLln5Tz-Cxk6P2ibOo6I6eSXTXFwrwvsbg8HXDrxxt0tTvWy9qgIHKQPVciCJF2Ee8JsEO5jJS5YGeVR3ei,"=IMAGE(""https://community.akamai.steamstatic.com/economy/image/i0CoZ81Ui0m-9KwlBY1L_18myuGuq1wfhWSaZgMttyVfPaERSR0Wqmu7LAocGJai0ki7VeTHjMmuOXSQ61MnpNWipUruRiLln5Tz-Cxk6P2ibOo6I6eSXTXFwrwvsbg8HXDrxxt0tTvWy9qgIHKQPVciCJF2Ee8JsEO5jJS5YGeVR3ei"")",https://cs2tokens.com/iem-cologne-2026/items/sticker-tabsen-gold-cologne-2026,sticker-tabsen-gold-cologne-2026,ok,,https://cs2tokens.com/iem-cologne-2026/items/sticker-tabsen-gold-cologne-2026/q-data.json,Sticker | tabseN (Gold) | Cologne 2026,https://steamcommunity.com/market/listings/730/Sticker%20%7C%20tabseN%20%28Gold%29%20%7C%20Cologne%202026,1209,10937,5316,12,iem-cologne-2026,campaign_12,sticker,Autograph,tabseN,BIG,rarity_ancient
2026-06-04 00:38:18,20260604_003818,https://cs2tokens.com/browse?sort=price-asc&finish=Gold,Gold,63e06c05b05e,Sticker | asap (Gold) | Cologne 2026,asap,Cologne 2026,Player,Gold,,Extraordinary,#eb4b4b,9277,91.84,142,161,0.8812,https://community.akamai.steamstatic.com/economy/image/i0CoZ81Ui0m-9KwlBY1L_18myuGuq1wfhWSaZgMttyVfPaERSR0Wqmu7LAocGJai0ki7VeTHjMmuOXSQ61MnpNWipUruRiLwjZfwwiVU4_bgOvI8IvXHVjCSxbck57JqGiq2xU4isD_QyY6vJC6ValUlXJByQOECtw74zIM-deapFg,"=IMAGE(""https://community.akamai.steamstatic.com/economy/image/i0CoZ81Ui0m-9KwlBY1L_18myuGuq1wfhWSaZgMttyVfPaERSR0Wqmu7LAocGJai0ki7VeTHjMmuOXSQ61MnpNWipUruRiLwjZfwwiVU4_bgOvI8IvXHVjCSxbck57JqGiq2xU4isD_QyY6vJC6ValUlXJByQOECtw74zIM-deapFg"")",https://cs2tokens.com/iem-cologne-2026/items/sticker-asap-gold-cologne-2026,sticker-asap-gold-cologne-2026,ok,,https://cs2tokens.com/iem-cologne-2026/items/sticker-asap-gold-cologne-2026/q-data.json,Sticker | asap (Gold) | Cologne 2026,https://steamcommunity.com/market/listings/730/Sticker%20%7C%20asap%20%28Gold%29%20%7C%20Cologne%202026,1209,11149,5316,12,iem-cologne-2026,campaign_12,sticker,Autograph,asap,,rarity_ancient
2026-06-04 00:38:18,20260604_003818,https://cs2tokens.com/browse?sort=price-asc&finish=Gold,Gold,3f17f69811d0,Sticker | gafolo (Gold) | Cologne 2026,gafolo,Cologne 2026,Player,Gold,Sharks Esports,Extraordinary,#eb4b4b,9395,93.01,143,161,0.8875,https://community.akamai.steamstatic.com/economy/image/i0CoZ81Ui0m-9KwlBY1L_18myuGuq1wfhWSaZgMttyVfPaERSR0Wqmu7LAocGJai0ki7VeTHjMmuOXSQ61MnpNWipUruRiL2n5Dv8S1k6P2ibOo9IvPCXzHIlO0nsuc6Fyqwlhx1sDnSm4uqJCiRZg4iCJNyF7YJsRO6jJS5YALZyzA9,"=IMAGE(""https://community.akamai.steamstatic.com/economy/image/i0CoZ81Ui0m-9KwlBY1L_18myuGuq1wfhWSaZgMttyVfPaERSR0Wqmu7LAocGJai0ki7VeTHjMmuOXSQ61MnpNWipUruRiL2n5Dv8S1k6P2ibOo9IvPCXzHIlO0nsuc6Fyqwlhx1sDnSm4uqJCiRZg4iCJNyF7YJsRO6jJS5YALZyzA9"")",https://cs2tokens.com/iem-cologne-2026/items/sticker-gafolo-gold-cologne-2026,sticker-gafolo-gold-cologne-2026,ok,,https://cs2tokens.com/iem-cologne-2026/items/sticker-gafolo-gold-cologne-2026/q-data.json,Sticker | gafolo (Gold) | Cologne 2026,https://steamcommunity.com/market/listings/730/Sticker%20%7C%20gafolo%20%28Gold%29%20%7C%20Cologne%202026,1209,11057,5316,12,iem-cologne-2026,campaign_12,sticker,Autograph,gafolo,Sharks Esports,rarity_ancient
2026-06-04 00:38:18,20260604_003818,https://cs2tokens.com/browse?sort=price-asc&finish=Gold,Gold,a8a23b164f3f,Sticker | JOTA (Gold) | Cologne 2026,JOTA,Cologne 2026,Player,Gold,,Extraordinary,#eb4b4b,9586,94.9,144,161,0.8938,https://community.akamai.steamstatic.com/economy/image/i0CoZ81Ui0m-9KwlBY1L_18myuGuq1wfhWSaZgMttyVfPaERSR0Wqmu7LAocGJai0ki7VeTHjMmuOXSQ61MnpNWipUruRiL7kYLhwiVU4_bgPaU7eaeVXGSVlL1y5bMwTHvmwkV35WzUw9n7J3qSZwckDJZ3RONZ5w74zINp_CJd5A,"=IMAGE(""https://community.akamai.steamstatic.com/economy/image/i0CoZ81Ui0m-9KwlBY1L_18myuGuq1wfhWSaZgMttyVfPaERSR0Wqmu7LAocGJai0ki7VeTHjMmuOXSQ61MnpNWipUruRiL7kYLhwiVU4_bgPaU7eaeVXGSVlL1y5bMwTHvmwkV35WzUw9n7J3qSZwckDJZ3RONZ5w74zINp_CJd5A"")",https://cs2tokens.com/iem-cologne-2026/items/sticker-jota-gold-cologne-2026,sticker-jota-gold-cologne-2026,ok,,https://cs2tokens.com/iem-cologne-2026/items/sticker-jota-gold-cologne-2026/q-data.json,Sticker | JOTA (Gold) | Cologne 2026,https://steamcommunity.com/market/listings/730/Sticker%20%7C%20JOTA%20%28Gold%29%20%7C%20Cologne%202026,1209,11093,5316,12,iem-cologne-2026,campaign_12,sticker,Autograph,JOTA,,rarity_ancient
2026-06-04 00:38:18,20260604_003818,https://cs2tokens.com/browse?sort=price-asc&finish=Gold,Gold,2547028d2458,Sticker | siuhy (Gold) | Cologne 2026,siuhy,Cologne 2026,Player,Gold,Team Liquid,Extraordinary,#eb4b4b,10107,100.06,145,161,0.9,https://community.akamai.steamstatic.com/economy/image/i0CoZ81Ui0m-9KwlBY1L_18myuGuq1wfhWSaZgMttyVfPaERSR0Wqmu7LAocGJai0ki7VeTHjMmuOXSQ61MnpNWipUruRiLil4Po5B1c4P6qJqVuI_THDGXJk7skteUxTnHrw05-tWzcwtaocCqRaQMpW5B0QOMK4xSm0oqweAC_dZk,"=IMAGE(""https://community.akamai.steamstatic.com/economy/image/i0CoZ81Ui0m-9KwlBY1L_18myuGuq1wfhWSaZgMttyVfPaERSR0Wqmu7LAocGJai0ki7VeTHjMmuOXSQ61MnpNWipUruRiLil4Po5B1c4P6qJqVuI_THDGXJk7skteUxTnHrw05-tWzcwtaocCqRaQMpW5B0QOMK4xSm0oqweAC_dZk"")",https://cs2tokens.com/iem-cologne-2026/items/sticker-siuhy-gold-cologne-2026,sticker-siuhy-gold-cologne-2026,ok,,https://cs2tokens.com/iem-cologne-2026/items/sticker-siuhy-gold-cologne-2026/q-data.json,Sticker | siuhy (Gold) | Cologne 2026,https://steamcommunity.com/market/listings/730/Sticker%20%7C%20siuhy%20%28Gold%29%20%7C%20Cologne%202026,1209,11109,5316,12,iem-cologne-2026,campaign_12,sticker,Autograph,siuhy,Team Liquid,rarity_ancient
2026-06-04 00:38:18,20260604_003818,https://cs2tokens.com/browse?sort=price-asc&finish=Gold,Gold,2977556e2e70,Sticker | ropz (Gold) | Cologne 2026,ropz,Cologne 2026,Player,Gold,Vitality,Extraordinary,#eb4b4b,10253,101.5,146,161,0.9062,https://community.akamai.steamstatic.com/economy/image/i0CoZ81Ui0m-9KwlBY1L_18myuGuq1wfhWSaZgMttyVfPaERSR0Wqmu7LAocGJai0ki7VeTHjMmuOXSQ61MnpNWipUruRiLjkYb6wiVU4_bga6c8cPbDXmKRkbon4rA-HCzrk0125mzWwtagJXzCO1JyWJMjFrMCtA74zIMyolrZkA,"=IMAGE(""https://community.akamai.steamstatic.com/economy/image/i0CoZ81Ui0m-9KwlBY1L_18myuGuq1wfhWSaZgMttyVfPaERSR0Wqmu7LAocGJai0ki7VeTHjMmuOXSQ61MnpNWipUruRiLjkYb6wiVU4_bga6c8cPbDXmKRkbon4rA-HCzrk0125mzWwtagJXzCO1JyWJMjFrMCtA74zIMyolrZkA"")",https://cs2tokens.com/iem-cologne-2026/items/sticker-ropz-gold-cologne-2026,sticker-ropz-gold-cologne-2026,ok,,https://cs2tokens.com/iem-cologne-2026/items/sticker-ropz-gold-cologne-2026/q-data.json,Sticker | ropz (Gold) | Cologne 2026,https://steamcommunity.com/market/listings/730/Sticker%20%7C%20ropz%20%28Gold%29%20%7C%20Cologne%202026,1209,10553,5316,12,iem-cologne-2026,campaign_12,sticker,Autograph,ropz,Vitality,rarity_ancient
2026-06-04 00:38:18,20260604_003818,https://cs2tokens.com/browse?sort=price-asc&finish=Gold,Gold,a0b804fdeab7,Sticker | s1n (Gold) | Cologne 2026,s1n,Cologne 2026,Player,Gold,M80,Extraordinary,#eb4b4b,10542,104.37,147,161,0.9125,https://community.akamai.steamstatic.com/economy/image/i0CoZ81Ui0m-9KwlBY1L_18myuGuq1wfhWSaZgMttyVfPaERSR0Wqmu7LAocGJai0ki7VeTHjMmuOXSQ61MnpNWipUruRiLiz5jf-i1X67z3OaI6cPWVXzWRxexz5LcxSny1zUwk42rczt74cXrEPFd0W5EjRLVZrFDmxRCyiSSk,"=IMAGE(""https://community.akamai.steamstatic.com/economy/image/i0CoZ81Ui0m-9KwlBY1L_18myuGuq1wfhWSaZgMttyVfPaERSR0Wqmu7LAocGJai0ki7VeTHjMmuOXSQ61MnpNWipUruRiLiz5jf-i1X67z3OaI6cPWVXzWRxexz5LcxSny1zUwk42rczt74cXrEPFd0W5EjRLVZrFDmxRCyiSSk"")",https://cs2tokens.com/iem-cologne-2026/items/sticker-s1n-gold-cologne-2026,sticker-s1n-gold-cologne-2026,ok,,https://cs2tokens.com/iem-cologne-2026/items/sticker-s1n-gold-cologne-2026/q-data.json,Sticker | s1n (Gold) | Cologne 2026,https://steamcommunity.com/market/listings/730/Sticker%20%7C%20s1n%20%28Gold%29%20%7C%20Cologne%202026,1209,10969,5316,12,iem-cologne-2026,campaign_12,sticker,Autograph,s1n,M80,rarity_ancient
2026-06-04 00:38:18,20260604_003818,https://cs2tokens.com/browse?sort=price-asc&finish=Gold,Gold,dc3e7302f574,Sticker | IEM (Gold) | Cologne 2026,IEM,Cologne 2026,Player,Gold,,Extraordinary,#eb4b4b,10729,106.22,148,161,0.9187,https://community.akamai.steamstatic.com/economy/image/i0CoZ81Ui0m-9KwlBY1L_18myuGuq1wfhWSaZgMttyVfPaERSR0Wqmu7LAocGJai0ki7VeTHjMmuOXSQ61MnpNWipVDiTCL2kZrksyRe7vT9bqY4JqiXDTTAx7gvs7E7SX3mzU9x5WvXntqheS2QPFV0XJRuBbld2cAJuvs,"=IMAGE(""https://community.akamai.steamstatic.com/economy/image/i0CoZ81Ui0m-9KwlBY1L_18myuGuq1wfhWSaZgMttyVfPaERSR0Wqmu7LAocGJai0ki7VeTHjMmuOXSQ61MnpNWipVDiTCL2kZrksyRe7vT9bqY4JqiXDTTAx7gvs7E7SX3mzU9x5WvXntqheS2QPFV0XJRuBbld2cAJuvs"")",https://cs2tokens.com/iem-cologne-2026/items/sticker-iem-gold-cologne-2026,sticker-iem-gold-cologne-2026,ok,,https://cs2tokens.com/iem-cologne-2026/items/sticker-iem-gold-cologne-2026/q-data.json,Sticker | IEM (Gold) | Cologne 2026,https://steamcommunity.com/market/listings/730/Sticker%20%7C%20IEM%20%28Gold%29%20%7C%20Cologne%202026,1209,10500,5316,12,iem-cologne-2026,campaign_12,sticker,Event,,,rarity_ancient
2026-06-04 00:38:18,20260604_003818,https://cs2tokens.com/browse?sort=price-asc&finish=Gold,Gold,6a48e3206ea4,Sticker | rdnzao (Gold) | Cologne 2026,rdnzao,Cologne 2026,Player,Gold,Sharks Esports,Extraordinary,#eb4b4b,10956,108.46,149,161,0.925,https://community.akamai.steamstatic.com/economy/image/i0CoZ81Ui0m-9KwlBY1L_18myuGuq1wfhWSaZgMttyVfPaERSR0Wqmu7LAocGJai0ki7VeTHjMmuOXSQ61MnpNWipUruRiLjmpj6_C1k6P2ibOpoJPbADWWSmLZ05eU9S3i3zRh2smqGz96pcHmRPA4pWJZ3RuQIsBa7jJS5YEuPdCI7,"=IMAGE(""https://community.akamai.steamstatic.com/economy/image/i0CoZ81Ui0m-9KwlBY1L_18myuGuq1wfhWSaZgMttyVfPaERSR0Wqmu7LAocGJai0ki7VeTHjMmuOXSQ61MnpNWipUruRiLjmpj6_C1k6P2ibOpoJPbADWWSmLZ05eU9S3i3zRh2smqGz96pcHmRPA4pWJZ3RuQIsBa7jJS5YEuPdCI7"")",https://cs2tokens.com/iem-cologne-2026/items/sticker-rdnzao-gold-cologne-2026,sticker-rdnzao-gold-cologne-2026,ok,,https://cs2tokens.com/iem-cologne-2026/items/sticker-rdnzao-gold-cologne-2026/q-data.json,Sticker | rdnzao (Gold) | Cologne 2026,https://steamcommunity.com/market/listings/730/Sticker%20%7C%20rdnzao%20%28Gold%29%20%7C%20Cologne%202026,1209,11069,5316,12,iem-cologne-2026,campaign_12,sticker,Autograph,rdnzao,Sharks Esports,rarity_ancient
2026-06-04 00:38:18,20260604_003818,https://cs2tokens.com/browse?sort=price-asc&finish=Gold,Gold,e4addcf19403,Sticker | kensizor (Gold) | Cologne 2026,kensizor,Cologne 2026,Player,Gold,B8,Extraordinary,#eb4b4b,11962,118.42,150,161,0.9313,https://community.akamai.steamstatic.com/economy/image/i0CoZ81Ui0m-9KwlBY1L_18myuGuq1wfhWSaZgMttyVfPaERSR0Wqmu7LAocGJai0ki7VeTHjMmuOXSQ61MnpNWipUruRiL6m5jz9DhU_c2pZ6hpbqjDCjDFx7xy57A9HXnilkgj62mHn9uuIymVZlV2D5YkQOQJ4EXrkd35d7S1YZEf7To,"=IMAGE(""https://community.akamai.steamstatic.com/economy/image/i0CoZ81Ui0m-9KwlBY1L_18myuGuq1wfhWSaZgMttyVfPaERSR0Wqmu7LAocGJai0ki7VeTHjMmuOXSQ61MnpNWipUruRiL6m5jz9DhU_c2pZ6hpbqjDCjDFx7xy57A9HXnilkgj62mHn9uuIymVZlV2D5YkQOQJ4EXrkd35d7S1YZEf7To"")",https://cs2tokens.com/iem-cologne-2026/items/sticker-kensizor-gold-cologne-2026,sticker-kensizor-gold-cologne-2026,ok,,https://cs2tokens.com/iem-cologne-2026/items/sticker-kensizor-gold-cologne-2026/q-data.json,Sticker | kensizor (Gold) | Cologne 2026,https://steamcommunity.com/market/listings/730/Sticker%20%7C%20kensizor%20%28Gold%29%20%7C%20Cologne%202026,1209,10893,5316,12,iem-cologne-2026,campaign_12,sticker,Autograph,kensizor,B8,rarity_ancient
2026-06-04 00:38:18,20260604_003818,https://cs2tokens.com/browse?sort=price-asc&finish=Gold,Gold,db4e192e884d,Sticker | Boombl4 (Gold) | Cologne 2026,Boombl4,Cologne 2026,Player,Gold,BetBoom,Extraordinary,#eb4b4b,13114,129.83,151,161,0.9375,https://community.akamai.steamstatic.com/economy/image/i0CoZ81Ui0m-9KwlBY1L_18myuGuq1wfhWSaZgMttyVfPaERSR0Wqmu7LAocGJai0ki7VeTHjMmuOXSQ61MnpNWipUruRiLzkZnt_y4P0PWhZKAjJafHXjOUkO90tbJrSnq3lxwktjvdnt2rJ3uQPQUnC5p5Ru9bskPtm8qnab1FVEAtxQ,"=IMAGE(""https://community.akamai.steamstatic.com/economy/image/i0CoZ81Ui0m-9KwlBY1L_18myuGuq1wfhWSaZgMttyVfPaERSR0Wqmu7LAocGJai0ki7VeTHjMmuOXSQ61MnpNWipUruRiLzkZnt_y4P0PWhZKAjJafHXjOUkO90tbJrSnq3lxwktjvdnt2rJ3uQPQUnC5p5Ru9bskPtm8qnab1FVEAtxQ"")",https://cs2tokens.com/iem-cologne-2026/items/sticker-boombl4-gold-cologne-2026,sticker-boombl4-gold-cologne-2026,ok,,https://cs2tokens.com/iem-cologne-2026/items/sticker-boombl4-gold-cologne-2026/q-data.json,Sticker | Boombl4 (Gold) | Cologne 2026,https://steamcommunity.com/market/listings/730/Sticker%20%7C%20Boombl4%20%28Gold%29%20%7C%20Cologne%202026,1209,10917,5316,12,iem-cologne-2026,campaign_12,sticker,Autograph,Boombl4,BetBoom,rarity_ancient
2026-06-04 00:38:18,20260604_003818,https://cs2tokens.com/browse?sort=price-asc&finish=Gold,Gold,48c455daf1ce,Sticker | NiKo (Gold) | Cologne 2026,NiKo,Cologne 2026,Player,Gold,Falcons,Extraordinary,#eb4b4b,13122,129.91,152,161,0.9437,https://community.akamai.steamstatic.com/economy/image/i0CoZ81Ui0m-9KwlBY1L_18myuGuq1wfhWSaZgMttyVfPaERSR0Wqmu7LAocGJai0ki7VeTHjMmuOXSQ61MnpNWipUruRiL_l53vwiVU4_bgav0_IvbHDTCUkO106bc5F3G2wE9ysWuByt34JH-WbAF1WJt5F-QP4Q74zIMwPTA9kQ,"=IMAGE(""https://community.akamai.steamstatic.com/economy/image/i0CoZ81Ui0m-9KwlBY1L_18myuGuq1wfhWSaZgMttyVfPaERSR0Wqmu7LAocGJai0ki7VeTHjMmuOXSQ61MnpNWipUruRiL_l53vwiVU4_bgav0_IvbHDTCUkO106bc5F3G2wE9ysWuByt34JH-WbAF1WJt5F-QP4Q74zIMwPTA9kQ"")",https://cs2tokens.com/iem-cologne-2026/items/sticker-niko-gold-cologne-2026,sticker-niko-gold-cologne-2026,ok,,https://cs2tokens.com/iem-cologne-2026/items/sticker-niko-gold-cologne-2026/q-data.json,Sticker | NiKo (Gold) | Cologne 2026,https://steamcommunity.com/market/listings/730/Sticker%20%7C%20NiKo%20%28Gold%29%20%7C%20Cologne%202026,1209,10577,5316,12,iem-cologne-2026,campaign_12,sticker,Autograph,NiKo,Falcons,rarity_ancient
2026-06-04 00:38:18,20260604_003818,https://cs2tokens.com/browse?sort=price-asc&finish=Gold,Gold,9d8929faa130,Sticker | FalleN (Gold) | Cologne 2026,FalleN,Cologne 2026,Player,Gold,FURIA,Extraordinary,#eb4b4b,15253,151.0,153,161,0.95,https://community.akamai.steamstatic.com/economy/image/i0CoZ81Ui0m-9KwlBY1L_18myuGuq1wfhWSaZgMttyVfPaERSR0Wqmu7LAocGJai0ki7VeTHjMmuOXSQ61MnpNWipUruRiL3n5rs-Cxk6P2ibOpvc6OSXGTBkOgu6bA-HCrrlkt26mqBmI78dn-UPAZ0DcR1Q-IOsBfujJS5YGgrD_S6,"=IMAGE(""https://community.akamai.steamstatic.com/economy/image/i0CoZ81Ui0m-9KwlBY1L_18myuGuq1wfhWSaZgMttyVfPaERSR0Wqmu7LAocGJai0ki7VeTHjMmuOXSQ61MnpNWipUruRiL3n5rs-Cxk6P2ibOpvc6OSXGTBkOgu6bA-HCrrlkt26mqBmI78dn-UPAZ0DcR1Q-IOsBfujJS5YGgrD_S6"")",https://cs2tokens.com/iem-cologne-2026/items/sticker-fallen-gold-cologne-2026,sticker-fallen-gold-cologne-2026,ok,,https://cs2tokens.com/iem-cologne-2026/items/sticker-fallen-gold-cologne-2026/q-data.json,Sticker | FalleN (Gold) | Cologne 2026,https://steamcommunity.com/market/listings/730/Sticker%20%7C%20FalleN%20%28Gold%29%20%7C%20Cologne%202026,1209,10665,5316,12,iem-cologne-2026,campaign_12,sticker,Autograph,FalleN,FURIA,rarity_ancient
2026-06-04 00:38:18,20260604_003818,https://cs2tokens.com/browse?sort=price-asc&finish=Gold,Gold,85d16aa93632,Sticker | EliGE (Gold) | Cologne 2026,EliGE,Cologne 2026,Player,Gold,Team Liquid,Extraordinary,#eb4b4b,15327,151.74,154,161,0.9563,https://community.akamai.steamstatic.com/economy/image/i0CoZ81Ui0m-9KwlBY1L_18myuGuq1wfhWSaZgMttyVfPaERSR0Wqmu7LAocGJai0ki7VeTHjMmuOXSQ61MnpNWipUruRiL0kp_n-B1c4P6qJvVrJfPCV2bGl7ohsrJvTH3jwh9x4DnRzdahIimXa1UiCpIiR-YCsBim0oqwMUBf--M,"=IMAGE(""https://community.akamai.steamstatic.com/economy/image/i0CoZ81Ui0m-9KwlBY1L_18myuGuq1wfhWSaZgMttyVfPaERSR0Wqmu7LAocGJai0ki7VeTHjMmuOXSQ61MnpNWipUruRiL0kp_n-B1c4P6qJvVrJfPCV2bGl7ohsrJvTH3jwh9x4DnRzdahIimXa1UiCpIiR-YCsBim0oqwMUBf--M"")",https://cs2tokens.com/iem-cologne-2026/items/sticker-elige-gold-cologne-2026,sticker-elige-gold-cologne-2026,ok,,https://cs2tokens.com/iem-cologne-2026/items/sticker-elige-gold-cologne-2026/q-data.json,Sticker | EliGE (Gold) | Cologne 2026,https://steamcommunity.com/market/listings/730/Sticker%20%7C%20EliGE%20%28Gold%29%20%7C%20Cologne%202026,1209,11097,5316,12,iem-cologne-2026,campaign_12,sticker,Autograph,EliGE,Team Liquid,rarity_ancient
2026-06-04 00:38:18,20260604_003818,https://cs2tokens.com/browse?sort=price-asc&finish=Gold,Gold,d582b5164a85,Sticker | ZywOo (Gold) | Cologne 2026,ZywOo,Cologne 2026,Player,Gold,Vitality,Extraordinary,#eb4b4b,15682,155.25,155,161,0.9625,https://community.akamai.steamstatic.com/economy/image/i0CoZ81Ui0m-9KwlBY1L_18myuGuq1wfhWSaZgMttyVfPaERSR0Wqmu7LAocGJai0ki7VeTHjMmuOXSQ61MnpNWipUruRiLrh4Hv8h1c4P6qJvY5dfHDXj7HlLp35LUxH3zrxhtztm_Un9agIi6WaFcjCpF3ReZeuhGm0oqwxvIUAAE,"=IMAGE(""https://community.akamai.steamstatic.com/economy/image/i0CoZ81Ui0m-9KwlBY1L_18myuGuq1wfhWSaZgMttyVfPaERSR0Wqmu7LAocGJai0ki7VeTHjMmuOXSQ61MnpNWipUruRiLrh4Hv8h1c4P6qJvY5dfHDXj7HlLp35LUxH3zrxhtztm_Un9agIi6WaFcjCpF3ReZeuhGm0oqwxvIUAAE"")",https://cs2tokens.com/iem-cologne-2026/items/sticker-zywoo-gold-cologne-2026,sticker-zywoo-gold-cologne-2026,ok,,https://cs2tokens.com/iem-cologne-2026/items/sticker-zywoo-gold-cologne-2026/q-data.json,Sticker | ZywOo (Gold) | Cologne 2026,https://steamcommunity.com/market/listings/730/Sticker%20%7C%20ZywOo%20%28Gold%29%20%7C%20Cologne%202026,1209,10537,5316,12,iem-cologne-2026,campaign_12,sticker,Autograph,ZywOo,Vitality,rarity_ancient
2026-06-04 00:38:18,20260604_003818,https://cs2tokens.com/browse?sort=price-asc&finish=Gold,Gold,af6f70fa3022,Sticker | m0NESY (Gold) | Cologne 2026,m0NESY,Cologne 2026,Player,Gold,Falcons,Extraordinary,#eb4b4b,16295,161.32,156,161,0.9688,https://community.akamai.steamstatic.com/economy/image/i0CoZ81Ui0m-9KwlBY1L_18myuGuq1wfhWSaZgMttyVfPaERSR0Wqmu7LAocGJai0ki7VeTHjMmuOXSQ61MnpNWipUruRiL8zpjl7jtk6P2ibOo5cfHKV2XBkO0i5eIwHCiwxEQk5WSAyoyoJHmfbg4mCcN2F-VZukTtjJS5YBltmHKb,"=IMAGE(""https://community.akamai.steamstatic.com/economy/image/i0CoZ81Ui0m-9KwlBY1L_18myuGuq1wfhWSaZgMttyVfPaERSR0Wqmu7LAocGJai0ki7VeTHjMmuOXSQ61MnpNWipUruRiL8zpjl7jtk6P2ibOo5cfHKV2XBkO0i5eIwHCiwxEQk5WSAyoyoJHmfbg4mCcN2F-VZukTtjJS5YBltmHKb"")",https://cs2tokens.com/iem-cologne-2026/items/sticker-m0nesy-gold-cologne-2026,sticker-m0nesy-gold-cologne-2026,ok,,https://cs2tokens.com/iem-cologne-2026/items/sticker-m0nesy-gold-cologne-2026/q-data.json,Sticker | m0NESY (Gold) | Cologne 2026,https://steamcommunity.com/market/listings/730/Sticker%20%7C%20m0NESY%20%28Gold%29%20%7C%20Cologne%202026,1209,10585,5316,12,iem-cologne-2026,campaign_12,sticker,Autograph,m0NESY,Falcons,rarity_ancient
2026-06-04 00:38:18,20260604_003818,https://cs2tokens.com/browse?sort=price-asc&finish=Gold,Gold,58e03c5152a0,Sticker | dexter (Gold) | Cologne 2026,dexter,Cologne 2026,Player,Gold,,Extraordinary,#eb4b4b,16713,165.46,157,161,0.975,https://community.akamai.steamstatic.com/economy/image/i0CoZ81Ui0m-9KwlBY1L_18myuGuq1wfhWSaZgMttyVfPaERSR0Wqmu7LAocGJai0ki7VeTHjMmuOXSQ61MnpNWipUruRiL1m470-DBk6P2ibOpsI6DFWTPEmLZ14LZoTHjkzB4lsWjXmNqodi-RPQMpDZMhEbZYtxe_jJS5YMOHp68m,"=IMAGE(""https://community.akamai.steamstatic.com/economy/image/i0CoZ81Ui0m-9KwlBY1L_18myuGuq1wfhWSaZgMttyVfPaERSR0Wqmu7LAocGJai0ki7VeTHjMmuOXSQ61MnpNWipUruRiL1m470-DBk6P2ibOpsI6DFWTPEmLZ14LZoTHjkzB4lsWjXmNqodi-RPQMpDZMhEbZYtxe_jJS5YMOHp68m"")",https://cs2tokens.com/iem-cologne-2026/items/sticker-dexter-gold-cologne-2026,sticker-dexter-gold-cologne-2026,ok,,https://cs2tokens.com/iem-cologne-2026/items/sticker-dexter-gold-cologne-2026/q-data.json,Sticker | dexter (Gold) | Cologne 2026,https://steamcommunity.com/market/listings/730/Sticker%20%7C%20dexter%20%28Gold%29%20%7C%20Cologne%202026,1209,11137,5316,12,iem-cologne-2026,campaign_12,sticker,Autograph,dexter,,rarity_ancient
2026-06-04 00:38:18,20260604_003818,https://cs2tokens.com/browse?sort=price-asc&finish=Gold,Gold,a578132bffee,Sticker | JamYoung (Gold) | Cologne 2026,JamYoung,Cologne 2026,Player,Gold,TYLOO,Extraordinary,#eb4b4b,22189,219.67,158,161,0.9812,https://community.akamai.steamstatic.com/economy/image/i0CoZ81Ui0m-9KwlBY1L_18myuGuq1wfhWSaZgMttyVfPaERSR0Wqmu7LAocGJai0ki7VeTHjMmuOXSQ61MnpNWipUruRiL7n5v58jdV6M2pZ6hpbqLLXzKSwu0h5LhvSnvlxBsh4mzcyIr9cH7FbQRxCJpyTOYKsBbtm4H5d7S1sqKJ2qE,"=IMAGE(""https://community.akamai.steamstatic.com/economy/image/i0CoZ81Ui0m-9KwlBY1L_18myuGuq1wfhWSaZgMttyVfPaERSR0Wqmu7LAocGJai0ki7VeTHjMmuOXSQ61MnpNWipUruRiL7n5v58jdV6M2pZ6hpbqLLXzKSwu0h5LhvSnvlxBsh4mzcyIr9cH7FbQRxCJpyTOYKsBbtm4H5d7S1sqKJ2qE"")",https://cs2tokens.com/iem-cologne-2026/items/sticker-jamyoung-gold-cologne-2026,sticker-jamyoung-gold-cologne-2026,ok,,https://cs2tokens.com/iem-cologne-2026/items/sticker-jamyoung-gold-cologne-2026/q-data.json,Sticker | JamYoung (Gold) | Cologne 2026,https://steamcommunity.com/market/listings/730/Sticker%20%7C%20JamYoung%20%28Gold%29%20%7C%20Cologne%202026,1209,11045,5316,12,iem-cologne-2026,campaign_12,sticker,Autograph,JamYoung,TYLOO,rarity_ancient
2026-06-04 00:38:18,20260604_003818,https://cs2tokens.com/browse?sort=price-asc&finish=Gold,Gold,bb6bafd604a1,Sticker | donk (Gold) | Cologne 2026,donk,Cologne 2026,Player,Gold,Team Spirit,Extraordinary,#eb4b4b,24341,240.98,159,161,0.9875,https://community.akamai.steamstatic.com/economy/image/i0CoZ81Ui0m-9KwlBY1L_18myuGuq1wfhWSaZgMttyVfPaERSR0Wqmu7LAocGJai0ki7VeTHjMmuOXSQ61MnpNWipUruRiL1kZjrwiVU4_bgav1pd_bFXD_ExepytLU-HS-wzEpx4G3dmN36c36faQMiDZUmQuZY4Q74zINjuLBbRQ,"=IMAGE(""https://community.akamai.steamstatic.com/economy/image/i0CoZ81Ui0m-9KwlBY1L_18myuGuq1wfhWSaZgMttyVfPaERSR0Wqmu7LAocGJai0ki7VeTHjMmuOXSQ61MnpNWipUruRiL1kZjrwiVU4_bgav1pd_bFXD_ExepytLU-HS-wzEpx4G3dmN36c36faQMiDZUmQuZY4Q74zINjuLBbRQ"")",https://cs2tokens.com/iem-cologne-2026/items/sticker-donk-gold-cologne-2026,sticker-donk-gold-cologne-2026,ok,,https://cs2tokens.com/iem-cologne-2026/items/sticker-donk-gold-cologne-2026/q-data.json,Sticker | donk (Gold) | Cologne 2026,https://steamcommunity.com/market/listings/730/Sticker%20%7C%20donk%20%28Gold%29%20%7C%20Cologne%202026,1209,10721,5316,12,iem-cologne-2026,campaign_12,sticker,Autograph,donk,Team Spirit,rarity_ancient
2026-06-04 00:38:18,20260604_003818,https://cs2tokens.com/browse?sort=price-asc&finish=Gold,Gold,1f2d4160842d,Sticker | Snax (Gold) | Cologne 2026,Snax,Cologne 2026,Player,Gold,GamerLegion,Extraordinary,#eb4b4b,26743,264.76,160,161,0.9938,https://community.akamai.steamstatic.com/economy/image/i0CoZ81Ui0m-9KwlBY1L_18myuGuq1wfhWSaZgMttyVfPaERSR0Wqmu7LAocGJai0ki7VeTHjMmuOXSQ61MnpNWipUruRiLikJf4wiVU4_bgOaZodvHFXTXClu8h6eI4G3Cxlk9xtznUno2pcC-UbgB0W8ZyQeJYsA74zIPldfmnlw,"=IMAGE(""https://community.akamai.steamstatic.com/economy/image/i0CoZ81Ui0m-9KwlBY1L_18myuGuq1wfhWSaZgMttyVfPaERSR0Wqmu7LAocGJai0ki7VeTHjMmuOXSQ61MnpNWipUruRiLikJf4wiVU4_bgOaZodvHFXTXClu8h6eI4G3Cxlk9xtznUno2pcC-UbgB0W8ZyQeJYsA74zIPldfmnlw"")",https://cs2tokens.com/iem-cologne-2026/items/sticker-snax-gold-cologne-2026,sticker-snax-gold-cologne-2026,ok,,https://cs2tokens.com/iem-cologne-2026/items/sticker-snax-gold-cologne-2026/q-data.json,Sticker | Snax (Gold) | Cologne 2026,https://steamcommunity.com/market/listings/730/Sticker%20%7C%20Snax%20%28Gold%29%20%7C%20Cologne%202026,1209,10857,5316,12,iem-cologne-2026,campaign_12,sticker,Autograph,Snax,GamerLegion,rarity_ancient
2026-06-04 00:38:18,20260604_003818,https://cs2tokens.com/browse?sort=price-asc&finish=Gold,Gold,c1fba3883c74,Sticker | Jee (Gold) | Cologne 2026,Jee,Cologne 2026,Player,Gold,TYLOO,Extraordinary,#eb4b4b,31409,310.95,161,161,1.0,https://community.akamai.steamstatic.com/economy/image/i0CoZ81Ui0m-9KwlBY1L_18myuGuq1wfhWSaZgMttyVfPaERSR0Wqmu7LAocGJai0ki7VeTHjMmuOXSQ61MnpNWipUruRiL7m5Pf-i1X67ysafI-daeWXT6Sw-8g5OcxFnjlxRhy6juAy9iocy-VbFVxW5p4FOVcrFDmxdXaqVgX,"=IMAGE(""https://community.akamai.steamstatic.com/economy/image/i0CoZ81Ui0m-9KwlBY1L_18myuGuq1wfhWSaZgMttyVfPaERSR0Wqmu7LAocGJai0ki7VeTHjMmuOXSQ61MnpNWipUruRiL7m5Pf-i1X67ysafI-daeWXT6Sw-8g5OcxFnjlxRhy6juAy9iocy-VbFVxW5p4FOVcrFDmxdXaqVgX"")",https://cs2tokens.com/iem-cologne-2026/items/sticker-jee-gold-cologne-2026,sticker-jee-gold-cologne-2026,ok,,https://cs2tokens.com/iem-cologne-2026/items/sticker-jee-gold-cologne-2026/q-data.json,Sticker | Jee (Gold) | Cologne 2026,https://steamcommunity.com/market/listings/730/Sticker%20%7C%20Jee%20%28Gold%29%20%7C%20Cologne%202026,1209,11041,5316,12,iem-cologne-2026,campaign_12,sticker,Autograph,Jee,TYLOO,rarity_ancient
2026-06-04 00:38:18,20260604_003818,https://cs2tokens.com/browse?sort=price-asc&finish=Holo,Holo,550b4c150435,Sticker | piriajr (Holo) | Cologne 2026,piriajr,Cologne 2026,Player,Holo,paiN Gaming,Exotic,#d32ce6,134,1.33,1,161,0.0,https://community.akamai.steamstatic.com/economy/image/i0CoZ81Ui0m-9KwlBY1L_18myuGuq1wfhWSaZgMttyVfPaERSR0Wqmu7LAocGJai0ki7VeTHjMmuOXSQ61MnpNWipUruRiLhl4Tp_ChJ0PqhZKsjdaGVDWHGw78k4LFqTi_rzR52tWmEn9-veXOVPQdyXJJ1QuAN5BS4lMqnab0lh-auXQ,"=IMAGE(""https://community.akamai.steamstatic.com/economy/image/i0CoZ81Ui0m-9KwlBY1L_18myuGuq1wfhWSaZgMttyVfPaERSR0Wqmu7LAocGJai0ki7VeTHjMmuOXSQ61MnpNWipUruRiLhl4Tp_ChJ0PqhZKsjdaGVDWHGw78k4LFqTi_rzR52tWmEn9-veXOVPQdyXJJ1QuAN5BS4lMqnab0lh-auXQ"")",https://cs2tokens.com/iem-cologne-2026/items/sticker-piriajr-holo-cologne-2026,sticker-piriajr-holo-cologne-2026,ok,,https://cs2tokens.com/iem-cologne-2026/items/sticker-piriajr-holo-cologne-2026/q-data.json,Sticker | piriajr (Holo) | Cologne 2026,https://steamcommunity.com/market/listings/730/Sticker%20%7C%20piriajr%20%28Holo%29%20%7C%20Cologne%202026,1209,10808,5316,12,iem-cologne-2026,campaign_12,sticker,Autograph,piriajr,paiN Gaming,rarity_legendary
2026-06-04 00:38:18,20260604_003818,https://cs2tokens.com/browse?sort=price-asc&finish=Holo,Holo,35b3d81216b4,Sticker | NQZ (Holo) | Cologne 2026,NQZ,Cologne 2026,Player,Holo,paiN Gaming,Exotic,#d32ce6,135,1.34,2,161,0.0063,https://community.akamai.steamstatic.com/economy/image/i0CoZ81Ui0m-9KwlBY1L_18myuGuq1wfhWSaZgMttyVfPaERSR0Wqmu7LAocGJai0ki7VeTHjMmuOXSQ61MnpNWipUruRiL_j4zf9S1X4Lz5PvQ9c_PFCmXIkbgms7lqGC3qlkUm52vUmNegd3qROlQlDZFwFOderFDmxaSDSOAT,"=IMAGE(""https://community.akamai.steamstatic.com/economy/image/i0CoZ81Ui0m-9KwlBY1L_18myuGuq1wfhWSaZgMttyVfPaERSR0Wqmu7LAocGJai0ki7VeTHjMmuOXSQ61MnpNWipUruRiL_j4zf9S1X4Lz5PvQ9c_PFCmXIkbgms7lqGC3qlkUm52vUmNegd3qROlQlDZFwFOderFDmxaSDSOAT"")",https://cs2tokens.com/iem-cologne-2026/items/sticker-nqz-holo-cologne-2026,sticker-nqz-holo-cologne-2026,ok,,https://cs2tokens.com/iem-cologne-2026/items/sticker-nqz-holo-cologne-2026/q-data.json,Sticker | NQZ (Holo) | Cologne 2026,https://steamcommunity.com/market/listings/730/Sticker%20%7C%20NQZ%20%28Holo%29%20%7C%20Cologne%202026,1209,10800,5316,12,iem-cologne-2026,campaign_12,sticker,Autograph,NQZ,paiN Gaming,rarity_legendary
2026-06-04 00:38:18,20260604_003818,https://cs2tokens.com/browse?sort=price-asc&finish=Holo,Holo,5db395ff0e07,Sticker | biguzera (Holo) | Cologne 2026,biguzera,Cologne 2026,Player,Holo,paiN Gaming,Exotic,#d32ce6,138,1.37,3,161,0.0125,https://community.akamai.steamstatic.com/economy/image/i0CoZ81Ui0m-9KwlBY1L_18myuGuq1wfhWSaZgMttyVfPaERSR0Wqmu7LAocGJai0ki7VeTHjMmuOXSQ61MnpNWipUruRiLzl5H15ydJ7s2mZ6hibqnKWDSTlrp35uQ7HCyxwBt3tj7Tztyody6SZlJ0W5ByF-8K50brkdb5d7S1zdn8c-k,"=IMAGE(""https://community.akamai.steamstatic.com/economy/image/i0CoZ81Ui0m-9KwlBY1L_18myuGuq1wfhWSaZgMttyVfPaERSR0Wqmu7LAocGJai0ki7VeTHjMmuOXSQ61MnpNWipUruRiLzl5H15ydJ7s2mZ6hibqnKWDSTlrp35uQ7HCyxwBt3tj7Tztyody6SZlJ0W5ByF-8K50brkdb5d7S1zdn8c-k"")",https://cs2tokens.com/iem-cologne-2026/items/sticker-biguzera-holo-cologne-2026,sticker-biguzera-holo-cologne-2026,ok,,https://cs2tokens.com/iem-cologne-2026/items/sticker-biguzera-holo-cologne-2026/q-data.json,Sticker | biguzera (Holo) | Cologne 2026,https://steamcommunity.com/market/listings/730/Sticker%20%7C%20biguzera%20%28Holo%29%20%7C%20Cologne%202026,1209,10796,5316,12,iem-cologne-2026,campaign_12,sticker,Autograph,biguzera,paiN Gaming,rarity_legendary
2026-06-04 00:38:18,20260604_003818,https://cs2tokens.com/browse?sort=price-asc&finish=Holo,Holo,02fb80662708,Sticker | NEKiZ (Holo) | Cologne 2026,NEKiZ,Cologne 2026,Player,Holo,,Exotic,#d32ce6,142,1.41,4,161,0.0187,https://community.akamai.steamstatic.com/economy/image/i0CoZ81Ui0m-9KwlBY1L_18myuGuq1wfhWSaZgMttyVfPaERSR0Wqmu7LAocGJai0ki7VeTHjMmuOXSQ61MnpNWipUruRiL_m53p5x1T4P6hJvc8d6SXXDLHwLwitOU5THzglE925W7UydqpeHyValN1DMdwE-IC5xmm0oqwrTo7TCM,"=IMAGE(""https://community.akamai.steamstatic.com/economy/image/i0CoZ81Ui0m-9KwlBY1L_18myuGuq1wfhWSaZgMttyVfPaERSR0Wqmu7LAocGJai0ki7VeTHjMmuOXSQ61MnpNWipUruRiL_m53p5x1T4P6hJvc8d6SXXDLHwLwitOU5THzglE925W7UydqpeHyValN1DMdwE-IC5xmm0oqwrTo7TCM"")",https://cs2tokens.com/iem-cologne-2026/items/sticker-nekiz-holo-cologne-2026,sticker-nekiz-holo-cologne-2026,ok,,https://cs2tokens.com/iem-cologne-2026/items/sticker-nekiz-holo-cologne-2026/q-data.json,Sticker | NEKiZ (Holo) | Cologne 2026,https://steamcommunity.com/market/listings/730/Sticker%20%7C%20NEKiZ%20%28Holo%29%20%7C%20Cologne%202026,1209,11084,5316,12,iem-cologne-2026,campaign_12,sticker,Autograph,NEKiZ,,rarity_legendary
2026-06-04 00:38:18,20260604_003818,https://cs2tokens.com/browse?sort=price-asc&finish=Holo,Holo,6693d515667b,Sticker | nilo (Holo) | Cologne 2026,nilo,Cologne 2026,Player,Holo,HEROIC,Exotic,#d32ce6,143,1.42,5,161,0.025,https://community.akamai.steamstatic.com/economy/image/i0CoZ81Ui0m-9KwlBY1L_18myuGuq1wfhWSaZgMttyVfPaERSR0Wqmu7LAocGJai0ki7VeTHjMmuOXSQ61MnpNWipUruRiL_l5rvwipU4_3gbPdrJfXFVj-Rkrgg47Y7Fi_lkEoitWmGz9apJC6SaAQnDsFxQu9ftw74zIMYqfkxKw,"=IMAGE(""https://community.akamai.steamstatic.com/economy/image/i0CoZ81Ui0m-9KwlBY1L_18myuGuq1wfhWSaZgMttyVfPaERSR0Wqmu7LAocGJai0ki7VeTHjMmuOXSQ61MnpNWipUruRiL_l5rvwipU4_3gbPdrJfXFVj-Rkrgg47Y7Fi_lkEoitWmGz9apJC6SaAQnDsFxQu9ftw74zIMYqfkxKw"")",https://cs2tokens.com/iem-cologne-2026/items/sticker-nilo-holo-cologne-2026,sticker-nilo-holo-cologne-2026,ok,,https://cs2tokens.com/iem-cologne-2026/items/sticker-nilo-holo-cologne-2026/q-data.json,Sticker | nilo (Holo) | Cologne 2026,https://steamcommunity.com/market/listings/730/Sticker%20%7C%20nilo%20%28Holo%29%20%7C%20Cologne%202026,1209,10900,5316,12,iem-cologne-2026,campaign_12,sticker,Autograph,nilo,HEROIC,rarity_legendary
2026-06-04 00:38:18,20260604_003818,https://cs2tokens.com/browse?sort=price-asc&finish=Holo,Holo,3755cf67a42e,Sticker | JOTA (Holo) | Cologne 2026,JOTA,Cologne 2026,Player,Holo,,Exotic,#d32ce6,152,1.5,6,161,0.0312,https://community.akamai.steamstatic.com/economy/image/i0CoZ81Ui0m-9KwlBY1L_18myuGuq1wfhWSaZgMttyVfPaERSR0Wqmu7LAocGJai0ki7VeTHjMmuOXSQ61MnpNWipUruRiL7kYLhwipU4_3gbv08dqDDWjfBlLxy47NrTnyxwx5_6zjcnNivIi6WZlQmC5R0QO4Duw74zINEchIjBw,"=IMAGE(""https://community.akamai.steamstatic.com/economy/image/i0CoZ81Ui0m-9KwlBY1L_18myuGuq1wfhWSaZgMttyVfPaERSR0Wqmu7LAocGJai0ki7VeTHjMmuOXSQ61MnpNWipUruRiL7kYLhwipU4_3gbv08dqDDWjfBlLxy47NrTnyxwx5_6zjcnNivIi6WZlQmC5R0QO4Duw74zINEchIjBw"")",https://cs2tokens.com/iem-cologne-2026/items/sticker-jota-holo-cologne-2026,sticker-jota-holo-cologne-2026,ok,,https://cs2tokens.com/iem-cologne-2026/items/sticker-jota-holo-cologne-2026/q-data.json,Sticker | JOTA (Holo) | Cologne 2026,https://steamcommunity.com/market/listings/730/Sticker%20%7C%20JOTA%20%28Holo%29%20%7C%20Cologne%202026,1209,11092,5316,12,iem-cologne-2026,campaign_12,sticker,Autograph,JOTA,,rarity_legendary
2026-06-04 00:38:18,20260604_003818,https://cs2tokens.com/browse?sort=price-asc&finish=Holo,Holo,e72e48e9feae,Sticker | HEN1 (Holo) | Cologne 2026,HEN1,Cologne 2026,Player,Holo,,Exotic,#d32ce6,153,1.51,7,161,0.0375,https://community.akamai.steamstatic.com/economy/image/i0CoZ81Ui0m-9KwlBY1L_18myuGuq1wfhWSaZgMttyVfPaERSR0Wqmu7LAocGJai0ki7VeTHjMmuOXSQ61MnpNWipUruRiL5m5ixwipU4_3gOKBvcafKWjCTwup3tLRrHyvmkUl36znRytqvInOVOgUhXsMjF7YOsQ74zIM1DQPrBA,"=IMAGE(""https://community.akamai.steamstatic.com/economy/image/i0CoZ81Ui0m-9KwlBY1L_18myuGuq1wfhWSaZgMttyVfPaERSR0Wqmu7LAocGJai0ki7VeTHjMmuOXSQ61MnpNWipUruRiL5m5ixwipU4_3gOKBvcafKWjCTwup3tLRrHyvmkUl36znRytqvInOVOgUhXsMjF7YOsQ74zIM1DQPrBA"")",https://cs2tokens.com/iem-cologne-2026/items/sticker-hen1-holo-cologne-2026,sticker-hen1-holo-cologne-2026,ok,,https://cs2tokens.com/iem-cologne-2026/items/sticker-hen1-holo-cologne-2026/q-data.json,Sticker | HEN1 (Holo) | Cologne 2026,https://steamcommunity.com/market/listings/730/Sticker%20%7C%20HEN1%20%28Holo%29%20%7C%20Cologne%202026,1209,11076,5316,12,iem-cologne-2026,campaign_12,sticker,Autograph,HEN1,,rarity_legendary
2026-06-04 00:38:18,20260604_003818,https://cs2tokens.com/browse?sort=price-asc&finish=Holo,Holo,d8eca2f9a89f,Sticker | Chr1zN (Holo) | Cologne 2026,Chr1zN,Cologne 2026,Player,Holo,HEROIC,Exotic,#d32ce6,154,1.52,8,161,0.0437,https://community.akamai.steamstatic.com/economy/image/i0CoZ81Ui0m-9KwlBY1L_18myuGuq1wfhWSaZgMttyVfPaERSR0Wqmu7LAocGJai0ki7VeTHjMmuOXSQ61MnpNWipUruRiLyloSx5yxk5_2iZ-pvc6XECmTDwrZ0sec4H3zjkxgk42-Gzt_9cHrGZ1d0C5p4RuID5ha4jJS5YAn7RBiG,"=IMAGE(""https://community.akamai.steamstatic.com/economy/image/i0CoZ81Ui0m-9KwlBY1L_18myuGuq1wfhWSaZgMttyVfPaERSR0Wqmu7LAocGJai0ki7VeTHjMmuOXSQ61MnpNWipUruRiLyloSx5yxk5_2iZ-pvc6XECmTDwrZ0sec4H3zjkxgk42-Gzt_9cHrGZ1d0C5p4RuID5ha4jJS5YAn7RBiG"")",https://cs2tokens.com/iem-cologne-2026/items/sticker-chr1zn-holo-cologne-2026,sticker-chr1zn-holo-cologne-2026,ok,,https://cs2tokens.com/iem-cologne-2026/items/sticker-chr1zn-holo-cologne-2026/q-data.json,Sticker | Chr1zN (Holo) | Cologne 2026,https://steamcommunity.com/market/listings/730/Sticker%20%7C%20Chr1zN%20%28Holo%29%20%7C%20Cologne%202026,1209,10908,5316,12,iem-cologne-2026,campaign_12,sticker,Autograph,Chr1zN,HEROIC,rarity_legendary
2026-06-04 00:38:18,20260604_003818,https://cs2tokens.com/browse?sort=price-asc&finish=Holo,Holo,f125d4eb0794,Sticker | LNZ (Holo) | Cologne 2026,LNZ,Cologne 2026,Player,Holo,MIBR,Exotic,#d32ce6,159,1.57,9,161,0.05,https://community.akamai.steamstatic.com/economy/image/i0CoZ81Ui0m-9KwlBY1L_18myuGuq1wfhWSaZgMttyVfPaERSR0Wqmu7LAocGJai0ki7VeTHjMmuOXSQ61MnpNWipUruRiL9kIzf9S1X4Lz3a_xoIfWWDD6Wlb4ltLU7HHi2lk1ztz7SzI6tJC6RaQ8kDJMlR-cJrFDmxYfbLuv4,"=IMAGE(""https://community.akamai.steamstatic.com/economy/image/i0CoZ81Ui0m-9KwlBY1L_18myuGuq1wfhWSaZgMttyVfPaERSR0Wqmu7LAocGJai0ki7VeTHjMmuOXSQ61MnpNWipUruRiL9kIzf9S1X4Lz3a_xoIfWWDD6Wlb4ltLU7HHi2lk1ztz7SzI6tJC6RaQ8kDJMlR-cJrFDmxYfbLuv4"")",https://cs2tokens.com/iem-cologne-2026/items/sticker-lnz-holo-cologne-2026,sticker-lnz-holo-cologne-2026,ok,,https://cs2tokens.com/iem-cologne-2026/items/sticker-lnz-holo-cologne-2026/q-data.json,Sticker | LNZ (Holo) | Cologne 2026,https://steamcommunity.com/market/listings/730/Sticker%20%7C%20LNZ%20%28Holo%29%20%7C%20Cologne%202026,1209,10976,5316,12,iem-cologne-2026,campaign_12,sticker,Autograph,LNZ,MIBR,rarity_legendary
2026-06-04 00:38:18,20260604_003818,https://cs2tokens.com/browse?sort=price-asc&finish=Holo,Holo,c2e9aa00d482,Sticker | NertZ (Holo) | Cologne 2026,NertZ,Cologne 2026,Player,Holo,G2 Esports,Exotic,#d32ce6,162,1.6,10,161,0.0563,https://community.akamai.steamstatic.com/economy/image/i0CoZ81Ui0m-9KwlBY1L_18myuGuq1wfhWSaZgMttyVfPaERSR0Wqmu7LAocGJai0ki7VeTHjMmuOXSQ61MnpNWipUruRiL_m4T05x1T4P6hJvQ0JvXCDT-Rk-x05eQ_TX2xlEtw5zvQw9v_cH-TZwApW5okFrYLuxCm0oqwgofm370,"=IMAGE(""https://community.akamai.steamstatic.com/economy/image/i0CoZ81Ui0m-9KwlBY1L_18myuGuq1wfhWSaZgMttyVfPaERSR0Wqmu7LAocGJai0ki7VeTHjMmuOXSQ61MnpNWipUruRiL_m4T05x1T4P6hJvQ0JvXCDT-Rk-x05eQ_TX2xlEtw5zvQw9v_cH-TZwApW5okFrYLuxCm0oqwgofm370"")",https://cs2tokens.com/iem-cologne-2026/items/sticker-nertz-holo-cologne-2026,sticker-nertz-holo-cologne-2026,ok,,https://cs2tokens.com/iem-cologne-2026/items/sticker-nertz-holo-cologne-2026/q-data.json,Sticker | NertZ (Holo) | Cologne 2026,https://steamcommunity.com/market/listings/730/Sticker%20%7C%20NertZ%20%28Holo%29%20%7C%20Cologne%202026,1209,10764,5316,12,iem-cologne-2026,campaign_12,sticker,Autograph,NertZ,G2 Esports,rarity_legendary
2026-06-04 00:38:18,20260604_003818,https://cs2tokens.com/browse?sort=price-asc&finish=Holo,Holo,c7c168af76bb,Sticker | xiELO (Holo) | Cologne 2026,xiELO,Cologne 2026,Player,Holo,PARIVISION,Exotic,#d32ce6,169,1.67,11,161,0.0625,https://community.akamai.steamstatic.com/economy/image/i0CoZ81Ui0m-9KwlBY1L_18myuGuq1wfhWSaZgMttyVfPaERSR0Wqmu7LAocGJai0ki7VeTHjMmuOXSQ61MnpNWipUruRiLpl5Ps8h1T4P6hJvxuJqnKDzLEwLki4eI-Hn7mzEUm4GXXz9mqJ36QaAcpA5QjTbILtRCm0oqwmlQdr7Y,"=IMAGE(""https://community.akamai.steamstatic.com/economy/image/i0CoZ81Ui0m-9KwlBY1L_18myuGuq1wfhWSaZgMttyVfPaERSR0Wqmu7LAocGJai0ki7VeTHjMmuOXSQ61MnpNWipUruRiLpl5Ps8h1T4P6hJvxuJqnKDzLEwLki4eI-Hn7mzEUm4GXXz9mqJ36QaAcpA5QjTbILtRCm0oqwmlQdr7Y"")",https://cs2tokens.com/iem-cologne-2026/items/sticker-xielo-holo-cologne-2026,sticker-xielo-holo-cologne-2026,ok,,https://cs2tokens.com/iem-cologne-2026/items/sticker-xielo-holo-cologne-2026/q-data.json,Sticker | xiELO (Holo) | Cologne 2026,https://steamcommunity.com/market/listings/730/Sticker%20%7C%20xiELO%20%28Holo%29%20%7C%20Cologne%202026,1209,10624,5316,12,iem-cologne-2026,campaign_12,sticker,Autograph,xiELO,PARIVISION,rarity_legendary
2026-06-04 00:38:18,20260604_003818,https://cs2tokens.com/browse?sort=price-asc&finish=Holo,Holo,45e196aeba6d,Sticker | soulfly (Holo) | Cologne 2026,soulfly,Cologne 2026,Player,Holo,Aurora,Exotic,#d32ce6,172,1.7,12,161,0.0688,https://community.akamai.steamstatic.com/economy/image/i0CoZ81Ui0m-9KwlBY1L_18myuGuq1wfhWSaZgMttyVfPaERSR0Wqmu7LAocGJai0ki7VeTHjMmuOXSQ61MnpNWipUruRiLikYPs-y5C0PqhZKsjdKbCXTTEk74h6eVvGyvhzE9x42zcyY6oeHmROFImD8R5F7INtRbuxMqnab23RavMkA,"=IMAGE(""https://community.akamai.steamstatic.com/economy/image/i0CoZ81Ui0m-9KwlBY1L_18myuGuq1wfhWSaZgMttyVfPaERSR0Wqmu7LAocGJai0ki7VeTHjMmuOXSQ61MnpNWipUruRiLikYPs-y5C0PqhZKsjdKbCXTTEk74h6eVvGyvhzE9x42zcyY6oeHmROFImD8R5F7INtRbuxMqnab23RavMkA"")",https://cs2tokens.com/iem-cologne-2026/items/sticker-soulfly-holo-cologne-2026,sticker-soulfly-holo-cologne-2026,ok,,https://cs2tokens.com/iem-cologne-2026/items/sticker-soulfly-holo-cologne-2026/q-data.json,Sticker | soulfly (Holo) | Cologne 2026,https://steamcommunity.com/market/listings/730/Sticker%20%7C%20soulfly%20%28Holo%29%20%7C%20Cologne%202026,1209,10640,5316,12,iem-cologne-2026,campaign_12,sticker,Autograph,soulfly,Aurora,rarity_legendary
2026-06-04 00:38:18,20260604_003818,https://cs2tokens.com/browse?sort=price-asc&finish=Holo,Holo,3bbfd6caa311,Sticker | afro (Holo) | Cologne 2026,afro,Cologne 2026,Player,Holo,Monte,Exotic,#d32ce6,172,1.7,13,161,0.075,https://community.akamai.steamstatic.com/economy/image/i0CoZ81Ui0m-9KwlBY1L_18myuGuq1wfhWSaZgMttyVfPaERSR0Wqmu7LAocGJai0ki7VeTHjMmuOXSQ61MnpNWipUruRiLwmITvwipU4_3gPKY1efTCXTKUkr4i4uI8GX3ikBwht2WBn9-oJH2fbFVzA5AjTOYK4A74zIN0ZMqNlQ,"=IMAGE(""https://community.akamai.steamstatic.com/economy/image/i0CoZ81Ui0m-9KwlBY1L_18myuGuq1wfhWSaZgMttyVfPaERSR0Wqmu7LAocGJai0ki7VeTHjMmuOXSQ61MnpNWipUruRiLwmITvwipU4_3gPKY1efTCXTKUkr4i4uI8GX3ikBwht2WBn9-oJH2fbFVzA5AjTOYK4A74zIN0ZMqNlQ"")",https://cs2tokens.com/iem-cologne-2026/items/sticker-afro-holo-cologne-2026,sticker-afro-holo-cologne-2026,ok,,https://cs2tokens.com/iem-cologne-2026/items/sticker-afro-holo-cologne-2026/q-data.json,Sticker | afro (Holo) | Cologne 2026,https://steamcommunity.com/market/listings/730/Sticker%20%7C%20afro%20%28Holo%29%20%7C%20Cologne%202026,1209,10824,5316,12,iem-cologne-2026,campaign_12,sticker,Autograph,afro,Monte,rarity_legendary
2026-06-04 00:38:18,20260604_003818,https://cs2tokens.com/browse?sort=price-asc&finish=Holo,Holo,496a39934efd,Sticker | xfl0ud (Holo) | Cologne 2026,xfl0ud,Cologne 2026,Player,Holo,HEROIC,Exotic,#d32ce6,172,1.7,14,161,0.0813,https://community.akamai.steamstatic.com/economy/image/i0CoZ81Ui0m-9KwlBY1L_18myuGuq1wfhWSaZgMttyVfPaERSR0Wqmu7LAocGJai0ki7VeTHjMmuOXSQ61MnpNWipUruRiLpmJqw6CZk5_2iZ-o6eajLXzOUw7x05rIxF3iykUklsDnVmY2qeHmSPQMpDMB1FOEMsBG9jJS5YMXhB0q1,"=IMAGE(""https://community.akamai.steamstatic.com/economy/image/i0CoZ81Ui0m-9KwlBY1L_18myuGuq1wfhWSaZgMttyVfPaERSR0Wqmu7LAocGJai0ki7VeTHjMmuOXSQ61MnpNWipUruRiLpmJqw6CZk5_2iZ-o6eajLXzOUw7x05rIxF3iykUklsDnVmY2qeHmSPQMpDMB1FOEMsBG9jJS5YMXhB0q1"")",https://cs2tokens.com/iem-cologne-2026/items/sticker-xfl0ud-holo-cologne-2026,sticker-xfl0ud-holo-cologne-2026,ok,,https://cs2tokens.com/iem-cologne-2026/items/sticker-xfl0ud-holo-cologne-2026/q-data.json,Sticker | xfl0ud (Holo) | Cologne 2026,https://steamcommunity.com/market/listings/730/Sticker%20%7C%20xfl0ud%20%28Holo%29%20%7C%20Cologne%202026,1209,10896,5316,12,iem-cologne-2026,campaign_12,sticker,Autograph,xfl0ud,HEROIC,rarity_legendary
2026-06-04 00:38:18,20260604_003818,https://cs2tokens.com/browse?sort=price-asc&finish=Holo,Holo,b451c6c7bd98,Sticker | siuhy (Holo) | Cologne 2026,siuhy,Cologne 2026,Player,Holo,Team Liquid,Exotic,#d32ce6,172,1.7,15,161,0.0875,https://community.akamai.steamstatic.com/economy/image/i0CoZ81Ui0m-9KwlBY1L_18myuGuq1wfhWSaZgMttyVfPaERSR0Wqmu7LAocGJai0ki7VeTHjMmuOXSQ61MnpNWipUruRiLil4Po5B1T4P6hJvE5cPTFVzWVmbkntOBsSnuywh8l623cwteoJHvFbw5zX5MjTOQNtBmm0oqwRQxrBfU,"=IMAGE(""https://community.akamai.steamstatic.com/economy/image/i0CoZ81Ui0m-9KwlBY1L_18myuGuq1wfhWSaZgMttyVfPaERSR0Wqmu7LAocGJai0ki7VeTHjMmuOXSQ61MnpNWipUruRiLil4Po5B1T4P6hJvE5cPTFVzWVmbkntOBsSnuywh8l623cwteoJHvFbw5zX5MjTOQNtBmm0oqwRQxrBfU"")",https://cs2tokens.com/iem-cologne-2026/items/sticker-siuhy-holo-cologne-2026,sticker-siuhy-holo-cologne-2026,ok,,https://cs2tokens.com/iem-cologne-2026/items/sticker-siuhy-holo-cologne-2026/q-data.json,Sticker | siuhy (Holo) | Cologne 2026,https://steamcommunity.com/market/listings/730/Sticker%20%7C%20siuhy%20%28Holo%29%20%7C%20Cologne%202026,1209,11108,5316,12,iem-cologne-2026,campaign_12,sticker,Autograph,siuhy,Team Liquid,rarity_legendary
2026-06-04 00:38:18,20260604_003818,https://cs2tokens.com/browse?sort=price-asc&finish=Holo,Holo,d2ad79f22e88,Sticker | nettik (Holo) | Cologne 2026,nettik,Cologne 2026,Player,Holo,Flyquest,Exotic,#d32ce6,172,1.7,16,161,0.0938,https://community.akamai.steamstatic.com/economy/image/i0CoZ81Ui0m-9KwlBY1L_18myuGuq1wfhWSaZgMttyVfPaERSR0Wqmu7LAocGJai0ki7VeTHjMmuOXSQ61MnpNWipUruRiL_m4L09Clk5_2iZ-o7c_GWDD6VlOpy5LVtFn7jwBxwsmuDm4yueXmWPQEjD5ByEO5c4xWwjJS5YF1yf4jn,"=IMAGE(""https://community.akamai.steamstatic.com/economy/image/i0CoZ81Ui0m-9KwlBY1L_18myuGuq1wfhWSaZgMttyVfPaERSR0Wqmu7LAocGJai0ki7VeTHjMmuOXSQ61MnpNWipUruRiL_m4L09Clk5_2iZ-o7c_GWDD6VlOpy5LVtFn7jwBxwsmuDm4yueXmWPQEjD5ByEO5c4xWwjJS5YF1yf4jn"")",https://cs2tokens.com/iem-cologne-2026/items/sticker-nettik-holo-cologne-2026,sticker-nettik-holo-cologne-2026,ok,,https://cs2tokens.com/iem-cologne-2026/items/sticker-nettik-holo-cologne-2026/q-data.json,Sticker | nettik (Holo) | Cologne 2026,https://steamcommunity.com/market/listings/730/Sticker%20%7C%20nettik%20%28Holo%29%20%7C%20Cologne%202026,1209,11172,5316,12,iem-cologne-2026,campaign_12,sticker,Autograph,nettik,Flyquest,rarity_legendary
2026-06-04 00:38:18,20260604_003818,https://cs2tokens.com/browse?sort=price-asc&finish=Holo,Holo,51953c88e439,Sticker | faveN (Holo) | Cologne 2026,faveN,Cologne 2026,Player,Holo,BIG,Exotic,#d32ce6,174,1.72,17,161,0.1,https://community.akamai.steamstatic.com/economy/image/i0CoZ81Ui0m-9KwlBY1L_18myuGuq1wfhWSaZgMttyVfPaERSR0Wqmu7LAocGJai0ki7VeTHjMmuOXSQ61MnpNWipUruRiL3n4Dl8x1T4P6hJqVuJKWSWmLHlr515rA5GHngkxl_sWrRnoqrdSqVOFd0A5R2FLMJ5xOm0oqwYWGCiP8,"=IMAGE(""https://community.akamai.steamstatic.com/economy/image/i0CoZ81Ui0m-9KwlBY1L_18myuGuq1wfhWSaZgMttyVfPaERSR0Wqmu7LAocGJai0ki7VeTHjMmuOXSQ61MnpNWipUruRiL3n4Dl8x1T4P6hJqVuJKWSWmLHlr515rA5GHngkxl_sWrRnoqrdSqVOFd0A5R2FLMJ5xOm0oqwYWGCiP8"")",https://cs2tokens.com/iem-cologne-2026/items/sticker-faven-holo-cologne-2026,sticker-faven-holo-cologne-2026,ok,,https://cs2tokens.com/iem-cologne-2026/items/sticker-faven-holo-cologne-2026/q-data.json,Sticker | faveN (Holo) | Cologne 2026,https://steamcommunity.com/market/listings/730/Sticker%20%7C%20faveN%20%28Holo%29%20%7C%20Cologne%202026,1209,10944,5316,12,iem-cologne-2026,campaign_12,sticker,Autograph,faveN,BIG,rarity_legendary
2026-06-04 00:38:18,20260604_003818,https://cs2tokens.com/browse?sort=price-asc&finish=Holo,Holo,a9aaec797076,Sticker | MATYS (Holo) | Cologne 2026,MATYS,Cologne 2026,Player,Holo,G2 Esports,Exotic,#d32ce6,175,1.73,18,161,0.1062,https://community.akamai.steamstatic.com/economy/image/i0CoZ81Ui0m-9KwlBY1L_18myuGuq1wfhWSaZgMttyVfPaERSR0Wqmu7LAocGJai0ki7VeTHjMmuOXSQ61MnpNWipUruRiL8n4L57h1T4P6hJqU9I_bDXGLCxLwi5OdoF37lkxl36juEwtypdnnEZgd1CJdxFu5Zt0Gm0oqwCKU0wYc,"=IMAGE(""https://community.akamai.steamstatic.com/economy/image/i0CoZ81Ui0m-9KwlBY1L_18myuGuq1wfhWSaZgMttyVfPaERSR0Wqmu7LAocGJai0ki7VeTHjMmuOXSQ61MnpNWipUruRiL8n4L57h1T4P6hJqU9I_bDXGLCxLwi5OdoF37lkxl36juEwtypdnnEZgd1CJdxFu5Zt0Gm0oqwCKU0wYc"")",https://cs2tokens.com/iem-cologne-2026/items/sticker-matys-holo-cologne-2026,sticker-matys-holo-cologne-2026,ok,,https://cs2tokens.com/iem-cologne-2026/items/sticker-matys-holo-cologne-2026/q-data.json,Sticker | MATYS (Holo) | Cologne 2026,https://steamcommunity.com/market/listings/730/Sticker%20%7C%20MATYS%20%28Holo%29%20%7C%20Cologne%202026,1209,10772,5316,12,iem-cologne-2026,campaign_12,sticker,Autograph,MATYS,G2 Esports,rarity_legendary
2026-06-04 00:38:18,20260604_003818,https://cs2tokens.com/browse?sort=price-asc&finish=Holo,Holo,61b8fce18dee,Sticker | felps (Holo) | Cologne 2026,felps,Cologne 2026,Player,Holo,,Exotic,#d32ce6,175,1.73,19,161,0.1125,https://community.akamai.steamstatic.com/economy/image/i0CoZ81Ui0m-9KwlBY1L_18myuGuq1wfhWSaZgMttyVfPaERSR0Wqmu7LAocGJai0ki7VeTHjMmuOXSQ61MnpNWipUruRiL3m5rw7h1T4P6hJqU8eKOSWjSSxO1w4-I7GHm1x0gm5G7Uw4yqI3qRPQ8iDMcmFrILsBam0oqw8_7Ymt0,"=IMAGE(""https://community.akamai.steamstatic.com/economy/image/i0CoZ81Ui0m-9KwlBY1L_18myuGuq1wfhWSaZgMttyVfPaERSR0Wqmu7LAocGJai0ki7VeTHjMmuOXSQ61MnpNWipUruRiL3m5rw7h1T4P6hJqU8eKOSWjSSxO1w4-I7GHm1x0gm5G7Uw4yqI3qRPQ8iDMcmFrILsBam0oqw8_7Ymt0"")",https://cs2tokens.com/iem-cologne-2026/items/sticker-felps-holo-cologne-2026,sticker-felps-holo-cologne-2026,ok,,https://cs2tokens.com/iem-cologne-2026/items/sticker-felps-holo-cologne-2026/q-data.json,Sticker | felps (Holo) | Cologne 2026,https://steamcommunity.com/market/listings/730/Sticker%20%7C%20felps%20%28Holo%29%20%7C%20Cologne%202026,1209,11080,5316,12,iem-cologne-2026,campaign_12,sticker,Autograph,felps,,rarity_legendary
2026-06-04 00:38:18,20260604_003818,https://cs2tokens.com/browse?sort=price-asc&finish=Holo,Holo,41426f5df707,Sticker | meyern (Holo) | Cologne 2026,meyern,Cologne 2026,Player,Holo,9z Team,Exotic,#d32ce6,179,1.77,20,161,0.1187,https://community.akamai.steamstatic.com/economy/image/i0CoZ81Ui0m-9KwlBY1L_18myuGuq1wfhWSaZgMttyVfPaERSR0Wqmu7LAocGJai0ki7VeTHjMmuOXSQ61MnpNWipUruRiL8m4_l7yxk5_2iZ-o-dKjFCGWSwu116eVtSnHrkBsh4zjdm9aqJC_GbAB2D5FyTO8ItxS8jJS5YGeNyBdE,"=IMAGE(""https://community.akamai.steamstatic.com/economy/image/i0CoZ81Ui0m-9KwlBY1L_18myuGuq1wfhWSaZgMttyVfPaERSR0Wqmu7LAocGJai0ki7VeTHjMmuOXSQ61MnpNWipUruRiL8m4_l7yxk5_2iZ-o-dKjFCGWSwu116eVtSnHrkBsh4zjdm9aqJC_GbAB2D5FyTO8ItxS8jJS5YGeNyBdE"")",https://cs2tokens.com/iem-cologne-2026/items/sticker-meyern-holo-cologne-2026,sticker-meyern-holo-cologne-2026,ok,,https://cs2tokens.com/iem-cologne-2026/items/sticker-meyern-holo-cologne-2026/q-data.json,Sticker | meyern (Holo) | Cologne 2026,https://steamcommunity.com/market/listings/730/Sticker%20%7C%20meyern%20%28Holo%29%20%7C%20Cologne%202026,1209,10844,5316,12,iem-cologne-2026,campaign_12,sticker,Autograph,meyern,9z Team,rarity_legendary
2026-06-04 00:38:18,20260604_003818,https://cs2tokens.com/browse?sort=price-asc&finish=Holo,Holo,d1dda4ae4bf0,Sticker | rdnzao (Holo) | Cologne 2026,rdnzao,Cologne 2026,Player,Holo,Sharks Esports,Exotic,#d32ce6,179,1.77,21,161,0.125,https://community.akamai.steamstatic.com/economy/image/i0CoZ81Ui0m-9KwlBY1L_18myuGuq1wfhWSaZgMttyVfPaERSR0Wqmu7LAocGJai0ki7VeTHjMmuOXSQ61MnpNWipUruRiLjmpj6_C1k5_2iZ-o9IqTKC2TBxL9w57kwGCyywR4lsjjUyd2odnvDZwUiA8cjFrZZtRS4jJS5YCahNXZE,"=IMAGE(""https://community.akamai.steamstatic.com/economy/image/i0CoZ81Ui0m-9KwlBY1L_18myuGuq1wfhWSaZgMttyVfPaERSR0Wqmu7LAocGJai0ki7VeTHjMmuOXSQ61MnpNWipUruRiLjmpj6_C1k5_2iZ-o9IqTKC2TBxL9w57kwGCyywR4lsjjUyd2odnvDZwUiA8cjFrZZtRS4jJS5YCahNXZE"")",https://cs2tokens.com/iem-cologne-2026/items/sticker-rdnzao-holo-cologne-2026,sticker-rdnzao-holo-cologne-2026,ok,,https://cs2tokens.com/iem-cologne-2026/items/sticker-rdnzao-holo-cologne-2026/q-data.json,Sticker | rdnzao (Holo) | Cologne 2026,https://steamcommunity.com/market/listings/730/Sticker%20%7C%20rdnzao%20%28Holo%29%20%7C%20Cologne%202026,1209,11068,5316,12,iem-cologne-2026,campaign_12,sticker,Autograph,rdnzao,Sharks Esports,rarity_legendary
2026-06-04 00:38:18,20260604_003818,https://cs2tokens.com/browse?sort=price-asc&finish=Holo,Holo,a9b056dde0aa,Sticker | saadzin (Holo) | Cologne 2026,saadzin,Cologne 2026,Player,Holo,Legacy,Exotic,#d32ce6,183,1.81,22,161,0.1313,https://community.akamai.steamstatic.com/economy/image/i0CoZ81Ui0m-9KwlBY1L_18myuGuq1wfhWSaZgMttyVfPaERSR0Wqmu7LAocGJai0ki7VeTHjMmuOXSQ61MnpNWipUruRiLin5fk5ytV0PqhZKsjcKTAXTHDlr9ztbRvHy22xkskt2rQzdiocnvFZw52WZBxTOIDtxK5wMqnab0VREJbAw,"=IMAGE(""https://community.akamai.steamstatic.com/economy/image/i0CoZ81Ui0m-9KwlBY1L_18myuGuq1wfhWSaZgMttyVfPaERSR0Wqmu7LAocGJai0ki7VeTHjMmuOXSQ61MnpNWipUruRiLin5fk5ytV0PqhZKsjcKTAXTHDlr9ztbRvHy22xkskt2rQzdiocnvFZw52WZBxTOIDtxK5wMqnab0VREJbAw"")",https://cs2tokens.com/iem-cologne-2026/items/sticker-saadzin-holo-cologne-2026,sticker-saadzin-holo-cologne-2026,ok,,https://cs2tokens.com/iem-cologne-2026/items/sticker-saadzin-holo-cologne-2026/q-data.json,Sticker | saadzin (Holo) | Cologne 2026,https://steamcommunity.com/market/listings/730/Sticker%20%7C%20saadzin%20%28Holo%29%20%7C%20Cologne%202026,1209,10788,5316,12,iem-cologne-2026,campaign_12,sticker,Autograph,saadzin,Legacy,rarity_legendary
2026-06-04 00:38:18,20260604_003818,https://cs2tokens.com/browse?sort=price-asc&finish=Holo,Holo,cf431cfa3383,Sticker | luken (Holo) | Cologne 2026,luken,Cologne 2026,Player,Holo,,Exotic,#d32ce6,186,1.84,23,161,0.1375,https://community.akamai.steamstatic.com/economy/image/i0CoZ81Ui0m-9KwlBY1L_18myuGuq1wfhWSaZgMttyVfPaERSR0Wqmu7LAocGJai0ki7VeTHjMmuOXSQ61MnpNWipUruRiL9i53l8x1T4P6hJqFoIabBWz6Vku0k4LhsFnzhwxwjsG_Ty97_dnmWblJ1WJF4RuQD5hCm0oqwbJDR0Zs,"=IMAGE(""https://community.akamai.steamstatic.com/economy/image/i0CoZ81Ui0m-9KwlBY1L_18myuGuq1wfhWSaZgMttyVfPaERSR0Wqmu7LAocGJai0ki7VeTHjMmuOXSQ61MnpNWipUruRiL9i53l8x1T4P6hJqFoIabBWz6Vku0k4LhsFnzhwxwjsG_Ty97_dnmWblJ1WJF4RuQD5hCm0oqwbJDR0Zs"")",https://cs2tokens.com/iem-cologne-2026/items/sticker-luken-holo-cologne-2026,sticker-luken-holo-cologne-2026,ok,,https://cs2tokens.com/iem-cologne-2026/items/sticker-luken-holo-cologne-2026/q-data.json,Sticker | luken (Holo) | Cologne 2026,https://steamcommunity.com/market/listings/730/Sticker%20%7C%20luken%20%28Holo%29%20%7C%20Cologne%202026,1209,11088,5316,12,iem-cologne-2026,campaign_12,sticker,Autograph,luken,,rarity_legendary
2026-06-04 00:38:18,20260604_003818,https://cs2tokens.com/browse?sort=price-asc&finish=Holo,Holo,eea8643255d8,Sticker | nota (Holo) | Cologne 2026,nota,Cologne 2026,Player,Holo,PARIVISION,Exotic,#d32ce6,188,1.86,24,161,0.1437,https://community.akamai.steamstatic.com/economy/image/i0CoZ81Ui0m-9KwlBY1L_18myuGuq1wfhWSaZgMttyVfPaERSR0Wqmu7LAocGJai0ki7VeTHjMmuOXSQ61MnpNWipUruRiL_kYLhwipU4_3gbvE7dPXFWWSVxe8u5-c6TSrlxE10sWmHmdqgJXjEZ1QkXpYiQbJYsg74zINjsXbDQw,"=IMAGE(""https://community.akamai.steamstatic.com/economy/image/i0CoZ81Ui0m-9KwlBY1L_18myuGuq1wfhWSaZgMttyVfPaERSR0Wqmu7LAocGJai0ki7VeTHjMmuOXSQ61MnpNWipUruRiL_kYLhwipU4_3gbvE7dPXFWWSVxe8u5-c6TSrlxE10sWmHmdqgJXjEZ1QkXpYiQbJYsg74zINjsXbDQw"")",https://cs2tokens.com/iem-cologne-2026/items/sticker-nota-holo-cologne-2026,sticker-nota-holo-cologne-2026,ok,,https://cs2tokens.com/iem-cologne-2026/items/sticker-nota-holo-cologne-2026/q-data.json,Sticker | nota (Holo) | Cologne 2026,https://steamcommunity.com/market/listings/730/Sticker%20%7C%20nota%20%28Holo%29%20%7C%20Cologne%202026,1209,10620,5316,12,iem-cologne-2026,campaign_12,sticker,Autograph,nota,PARIVISION,rarity_legendary
2026-06-04 00:38:18,20260604_003818,https://cs2tokens.com/browse?sort=price-asc&finish=Holo,Holo,6442ab880b99,Sticker | gafolo (Holo) | Cologne 2026,gafolo,Cologne 2026,Player,Holo,Sharks Esports,Exotic,#d32ce6,188,1.86,25,161,0.15,https://community.akamai.steamstatic.com/economy/image/i0CoZ81Ui0m-9KwlBY1L_18myuGuq1wfhWSaZgMttyVfPaERSR0Wqmu7LAocGJai0ki7VeTHjMmuOXSQ61MnpNWipUruRiL2n5Dv8S1k5_2iZ-o5dqPKDGPCxe0vtbVtFivhxkVwtmSEmdapcnqWP1UkD8YhFLJftRO9jJS5YOrIK_Im,"=IMAGE(""https://community.akamai.steamstatic.com/economy/image/i0CoZ81Ui0m-9KwlBY1L_18myuGuq1wfhWSaZgMttyVfPaERSR0Wqmu7LAocGJai0ki7VeTHjMmuOXSQ61MnpNWipUruRiL2n5Dv8S1k5_2iZ-o5dqPKDGPCxe0vtbVtFivhxkVwtmSEmdapcnqWP1UkD8YhFLJftRO9jJS5YOrIK_Im"")",https://cs2tokens.com/iem-cologne-2026/items/sticker-gafolo-holo-cologne-2026,sticker-gafolo-holo-cologne-2026,ok,,https://cs2tokens.com/iem-cologne-2026/items/sticker-gafolo-holo-cologne-2026/q-data.json,Sticker | gafolo (Holo) | Cologne 2026,https://steamcommunity.com/market/listings/730/Sticker%20%7C%20gafolo%20%28Holo%29%20%7C%20Cologne%202026,1209,11056,5316,12,iem-cologne-2026,campaign_12,sticker,Autograph,gafolo,Sharks Esports,rarity_legendary
2026-06-04 00:38:18,20260604_003818,https://cs2tokens.com/browse?sort=price-asc&finish=Holo,Holo,71164cb04456,Sticker | susp (Holo) | Cologne 2026,susp,Cologne 2026,Player,Holo,HEROIC,Exotic,#d32ce6,191,1.89,26,161,0.1562,https://community.akamai.steamstatic.com/economy/image/i0CoZ81Ui0m-9KwlBY1L_18myuGuq1wfhWSaZgMttyVfPaERSR0Wqmu7LAocGJai0ki7VeTHjMmuOXSQ61MnpNWipUruRiLii4XwwipU4_3gPaA6IqGSX2ORx71047M9H3-3xB5_5ziBmNqqdn2WOFUlXMZyROQC4A74zIP53jN5iQ,"=IMAGE(""https://community.akamai.steamstatic.com/economy/image/i0CoZ81Ui0m-9KwlBY1L_18myuGuq1wfhWSaZgMttyVfPaERSR0Wqmu7LAocGJai0ki7VeTHjMmuOXSQ61MnpNWipUruRiLii4XwwipU4_3gPaA6IqGSX2ORx71047M9H3-3xB5_5ziBmNqqdn2WOFUlXMZyROQC4A74zIP53jN5iQ"")",https://cs2tokens.com/iem-cologne-2026/items/sticker-susp-holo-cologne-2026,sticker-susp-holo-cologne-2026,ok,,https://cs2tokens.com/iem-cologne-2026/items/sticker-susp-holo-cologne-2026/q-data.json,Sticker | susp (Holo) | Cologne 2026,https://steamcommunity.com/market/listings/730/Sticker%20%7C%20susp%20%28Holo%29%20%7C%20Cologne%202026,1209,10904,5316,12,iem-cologne-2026,campaign_12,sticker,Autograph,susp,HEROIC,rarity_legendary
2026-06-04 00:38:18,20260604_003818,https://cs2tokens.com/browse?sort=price-asc&finish=Holo,Holo,136899b68f76,Sticker | venomzera (Holo) | Cologne 2026,venomzera,Cologne 2026,Player,Holo,MIBR,Exotic,#d32ce6,195,1.93,27,161,0.1625,https://community.akamai.steamstatic.com/economy/image/i0CoZ81Ui0m-9KwlBY1L_18myuGuq1wfhWSaZgMttyVfPaERSR0Wqmu7LAocGJai0ki7VeTHjMmuOXSQ61MnpNWipUruRiLnm5jv8Dhe_fORYKthL77DC2TGmLpzsuIxFi_nxxl35DnXmNutdHrBbgBxCMQmR-IJ5Ba8w4bkKaq8sIWs5CFE,"=IMAGE(""https://community.akamai.steamstatic.com/economy/image/i0CoZ81Ui0m-9KwlBY1L_18myuGuq1wfhWSaZgMttyVfPaERSR0Wqmu7LAocGJai0ki7VeTHjMmuOXSQ61MnpNWipUruRiLnm5jv8Dhe_fORYKthL77DC2TGmLpzsuIxFi_nxxl35DnXmNutdHrBbgBxCMQmR-IJ5Ba8w4bkKaq8sIWs5CFE"")",https://cs2tokens.com/iem-cologne-2026/items/sticker-venomzera-holo-cologne-2026,sticker-venomzera-holo-cologne-2026,ok,,https://cs2tokens.com/iem-cologne-2026/items/sticker-venomzera-holo-cologne-2026/q-data.json,Sticker | venomzera (Holo) | Cologne 2026,https://steamcommunity.com/market/listings/730/Sticker%20%7C%20venomzera%20%28Holo%29%20%7C%20Cologne%202026,1209,10988,5316,12,iem-cologne-2026,campaign_12,sticker,Autograph,venomzera,MIBR,rarity_legendary
2026-06-04 00:38:18,20260604_003818,https://cs2tokens.com/browse?sort=price-asc&finish=Holo,Holo,4347e69a4401,Sticker | n1ssim (Holo) | Cologne 2026,n1ssim,Cologne 2026,Player,Holo,Legacy,Exotic,#d32ce6,200,1.98,28,161,0.1688,https://community.akamai.steamstatic.com/economy/image/i0CoZ81Ui0m-9KwlBY1L_18myuGuq1wfhWSaZgMttyVfPaERSR0Wqmu7LAocGJai0ki7VeTHjMmuOXSQ61MnpNWipUruRiL_z4Xz9C9k5_2iZ-o-dqXKWmKTl7gmtbc9Tniylhx14m3Xmdf8cyrFOAcpDJt4QbEIsUa7jJS5YBLQsJSx,"=IMAGE(""https://community.akamai.steamstatic.com/economy/image/i0CoZ81Ui0m-9KwlBY1L_18myuGuq1wfhWSaZgMttyVfPaERSR0Wqmu7LAocGJai0ki7VeTHjMmuOXSQ61MnpNWipUruRiL_z4Xz9C9k5_2iZ-o-dqXKWmKTl7gmtbc9Tniylhx14m3Xmdf8cyrFOAcpDJt4QbEIsUa7jJS5YBLQsJSx"")",https://cs2tokens.com/iem-cologne-2026/items/sticker-n1ssim-holo-cologne-2026,sticker-n1ssim-holo-cologne-2026,ok,,https://cs2tokens.com/iem-cologne-2026/items/sticker-n1ssim-holo-cologne-2026/q-data.json,Sticker | n1ssim (Holo) | Cologne 2026,https://steamcommunity.com/market/listings/730/Sticker%20%7C%20n1ssim%20%28Holo%29%20%7C%20Cologne%202026,1209,10792,5316,12,iem-cologne-2026,campaign_12,sticker,Autograph,n1ssim,Legacy,rarity_legendary
2026-06-04 00:38:18,20260604_003818,https://cs2tokens.com/browse?sort=price-asc&finish=Holo,Holo,a1993e086d7b,Sticker | Wicadia (Holo) | Cologne 2026,Wicadia,Cologne 2026,Player,Holo,Aurora,Exotic,#d32ce6,203,2.01,29,161,0.175,https://community.akamai.steamstatic.com/economy/image/i0CoZ81Ui0m-9KwlBY1L_18myuGuq1wfhWSaZgMttyVfPaERSR0Wqmu7LAocGJai0ki7VeTHjMmuOXSQ61MnpNWipUruRiLml5Xh-Sta0PqhZKsjdqfGWjXCkLZ3trNtSXGwlh5z4mzUntqvJHOQOlJxA5QkE-Je5xi-kcqnab0IYd4K7Q,"=IMAGE(""https://community.akamai.steamstatic.com/economy/image/i0CoZ81Ui0m-9KwlBY1L_18myuGuq1wfhWSaZgMttyVfPaERSR0Wqmu7LAocGJai0ki7VeTHjMmuOXSQ61MnpNWipUruRiLml5Xh-Sta0PqhZKsjdqfGWjXCkLZ3trNtSXGwlh5z4mzUntqvJHOQOlJxA5QkE-Je5xi-kcqnab0IYd4K7Q"")",https://cs2tokens.com/iem-cologne-2026/items/sticker-wicadia-holo-cologne-2026,sticker-wicadia-holo-cologne-2026,ok,,https://cs2tokens.com/iem-cologne-2026/items/sticker-wicadia-holo-cologne-2026/q-data.json,Sticker | Wicadia (Holo) | Cologne 2026,https://steamcommunity.com/market/listings/730/Sticker%20%7C%20Wicadia%20%28Holo%29%20%7C%20Cologne%202026,1209,10644,5316,12,iem-cologne-2026,campaign_12,sticker,Autograph,Wicadia,Aurora,rarity_legendary
2026-06-04 00:38:18,20260604_003818,https://cs2tokens.com/browse?sort=price-asc&finish=Holo,Holo,b35f4ae8ea8a,Sticker | MAJ3R (Holo) | Cologne 2026,MAJ3R,Cologne 2026,Player,Holo,Aurora,Exotic,#d32ce6,203,2.01,30,161,0.1812,https://community.akamai.steamstatic.com/economy/image/i0CoZ81Ui0m-9KwlBY1L_18myuGuq1wfhWSaZgMttyVfPaERSR0Wqmu7LAocGJai0ki7VeTHjMmuOXSQ61MnpNWipUruRiL8n5yz7x1T4P6hJqE7IanBCDfIluhz4LJsTXDmw0R-5D_Sy9aveCiVbg4oX5BxTLFe4EOm0oqwFbdTduA,"=IMAGE(""https://community.akamai.steamstatic.com/economy/image/i0CoZ81Ui0m-9KwlBY1L_18myuGuq1wfhWSaZgMttyVfPaERSR0Wqmu7LAocGJai0ki7VeTHjMmuOXSQ61MnpNWipUruRiL8n5yz7x1T4P6hJqE7IanBCDfIluhz4LJsTXDmw0R-5D_Sy9aveCiVbg4oX5BxTLFe4EOm0oqwFbdTduA"")",https://cs2tokens.com/iem-cologne-2026/items/sticker-maj3r-holo-cologne-2026,sticker-maj3r-holo-cologne-2026,ok,,https://cs2tokens.com/iem-cologne-2026/items/sticker-maj3r-holo-cologne-2026/q-data.json,Sticker | MAJ3R (Holo) | Cologne 2026,https://steamcommunity.com/market/listings/730/Sticker%20%7C%20MAJ3R%20%28Holo%29%20%7C%20Cologne%202026,1209,10648,5316,12,iem-cologne-2026,campaign_12,sticker,Autograph,MAJ3R,Aurora,rarity_legendary
2026-06-04 00:38:18,20260604_003818,https://cs2tokens.com/browse?sort=price-asc&finish=Holo,Holo,e8d4a81ec33d,Sticker | brnz4n (Holo) | Cologne 2026,brnz4n,Cologne 2026,Player,Holo,MIBR,Exotic,#d32ce6,212,2.1,31,161,0.1875,https://community.akamai.steamstatic.com/economy/image/i0CoZ81Ui0m-9KwlBY1L_18myuGuq1wfhWSaZgMttyVfPaERSR0Wqmu7LAocGJai0ki7VeTHjMmuOXSQ61MnpNWipUruRiLzjJj6qSxk5_2iZ-puJaKQWmSUl7h35bA4GX61w0ty4zjcwo39IniQaFdzCZMmFrEDsEG8jJS5YHwwyBvP,"=IMAGE(""https://community.akamai.steamstatic.com/economy/image/i0CoZ81Ui0m-9KwlBY1L_18myuGuq1wfhWSaZgMttyVfPaERSR0Wqmu7LAocGJai0ki7VeTHjMmuOXSQ61MnpNWipUruRiLzjJj6qSxk5_2iZ-puJaKQWmSUl7h35bA4GX61w0ty4zjcwo39IniQaFdzCZMmFrEDsEG8jJS5YHwwyBvP"")",https://cs2tokens.com/iem-cologne-2026/items/sticker-brnz4n-holo-cologne-2026,sticker-brnz4n-holo-cologne-2026,ok,,https://cs2tokens.com/iem-cologne-2026/items/sticker-brnz4n-holo-cologne-2026/q-data.json,Sticker | brnz4n (Holo) | Cologne 2026,https://steamcommunity.com/market/listings/730/Sticker%20%7C%20brnz4n%20%28Holo%29%20%7C%20Cologne%202026,1209,10984,5316,12,iem-cologne-2026,campaign_12,sticker,Autograph,brnz4n,MIBR,rarity_legendary
2026-06-04 00:38:18,20260604_003818,https://cs2tokens.com/browse?sort=price-asc&finish=Holo,Holo,95f2a59aa8cd,Sticker | xertioN (Holo) | Cologne 2026,xertioN,Cologne 2026,Player,Holo,MOUZ,Exotic,#d32ce6,214,2.12,32,161,0.1938,https://community.akamai.steamstatic.com/economy/image/i0CoZ81Ui0m-9KwlBY1L_18myuGuq1wfhWSaZgMttyVfPaERSR0Wqmu7LAocGJai0ki7VeTHjMmuOXSQ61MnpNWipUruRiLpm4T09C1V0PqhZKsjeaLLCmbBk-9w4OUwTXzmwUsismSByouqeH6Qa1ciW8QlQuAN5EG8kcqnab11zy5Low,"=IMAGE(""https://community.akamai.steamstatic.com/economy/image/i0CoZ81Ui0m-9KwlBY1L_18myuGuq1wfhWSaZgMttyVfPaERSR0Wqmu7LAocGJai0ki7VeTHjMmuOXSQ61MnpNWipUruRiLpm4T09C1V0PqhZKsjeaLLCmbBk-9w4OUwTXzmwUsismSByouqeH6Qa1ciW8QlQuAN5EG8kcqnab11zy5Low"")",https://cs2tokens.com/iem-cologne-2026/items/sticker-xertion-holo-cologne-2026,sticker-xertion-holo-cologne-2026,ok,,https://cs2tokens.com/iem-cologne-2026/items/sticker-xertion-holo-cologne-2026/q-data.json,Sticker | xertioN (Holo) | Cologne 2026,https://steamcommunity.com/market/listings/730/Sticker%20%7C%20xertioN%20%28Holo%29%20%7C%20Cologne%202026,1209,10692,5316,12,iem-cologne-2026,campaign_12,sticker,Autograph,xertioN,MOUZ,rarity_legendary
2026-06-04 00:38:18,20260604_003818,https://cs2tokens.com/browse?sort=price-asc&finish=Holo,Holo,219bc61926b3,Sticker | kl1m (Holo) | Cologne 2026,kl1m,Cologne 2026,Player,Holo,MIBR,Exotic,#d32ce6,214,2.12,33,161,0.2,https://community.akamai.steamstatic.com/economy/image/i0CoZ81Ui0m-9KwlBY1L_18myuGuq1wfhWSaZgMttyVfPaERSR0Wqmu7LAocGJai0ki7VeTHjMmuOXSQ61MnpNWipUruRiL6ksftwipU4_3gO6E-c6OVWjDDwOx35bJqHH3gxUV_5TmHyIyvdimfZw4kCMd3EeMD5w74zIM9Yq0VBw,"=IMAGE(""https://community.akamai.steamstatic.com/economy/image/i0CoZ81Ui0m-9KwlBY1L_18myuGuq1wfhWSaZgMttyVfPaERSR0Wqmu7LAocGJai0ki7VeTHjMmuOXSQ61MnpNWipUruRiL6ksftwipU4_3gO6E-c6OVWjDDwOx35bJqHH3gxUV_5TmHyIyvdimfZw4kCMd3EeMD5w74zIM9Yq0VBw"")",https://cs2tokens.com/iem-cologne-2026/items/sticker-kl1m-holo-cologne-2026,sticker-kl1m-holo-cologne-2026,ok,,https://cs2tokens.com/iem-cologne-2026/items/sticker-kl1m-holo-cologne-2026/q-data.json,Sticker | kl1m (Holo) | Cologne 2026,https://steamcommunity.com/market/listings/730/Sticker%20%7C%20kl1m%20%28Holo%29%20%7C%20Cologne%202026,1209,10992,5316,12,iem-cologne-2026,campaign_12,sticker,Autograph,kl1m,MIBR,rarity_legendary
2026-06-04 00:38:18,20260604_003818,https://cs2tokens.com/browse?sort=price-asc&finish=Holo,Holo,7ff540457bc6,Sticker | Krabeni (Holo) | Cologne 2026,Krabeni,Cologne 2026,Player,Holo,,Exotic,#d32ce6,218,2.16,34,161,0.2062,https://community.akamai.steamstatic.com/economy/image/i0CoZ81Ui0m-9KwlBY1L_18myuGuq1wfhWSaZgMttyVfPaERSR0Wqmu7LAocGJai0ki7VeTHjMmuOXSQ61MnpNWipUruRiL6jJfi-CxS0PqhZKsjIafEWzPHl-tw5LVoTHC1wRx0sj-HyY6vdX7EagQiWZR3QbQJtBPumsqnab25UrqvbQ,"=IMAGE(""https://community.akamai.steamstatic.com/economy/image/i0CoZ81Ui0m-9KwlBY1L_18myuGuq1wfhWSaZgMttyVfPaERSR0Wqmu7LAocGJai0ki7VeTHjMmuOXSQ61MnpNWipUruRiL6jJfi-CxS0PqhZKsjIafEWzPHl-tw5LVoTHC1wRx0sj-HyY6vdX7EagQiWZR3QbQJtBPumsqnab25UrqvbQ"")",https://cs2tokens.com/iem-cologne-2026/items/sticker-krabeni-holo-cologne-2026,sticker-krabeni-holo-cologne-2026,ok,,https://cs2tokens.com/iem-cologne-2026/items/sticker-krabeni-holo-cologne-2026/q-data.json,Sticker | Krabeni (Holo) | Cologne 2026,https://steamcommunity.com/market/listings/730/Sticker%20%7C%20Krabeni%20%28Holo%29%20%7C%20Cologne%202026,1209,10704,5316,12,iem-cologne-2026,campaign_12,sticker,Autograph,Krabeni,,rarity_legendary
2026-06-04 00:38:18,20260604_003818,https://cs2tokens.com/browse?sort=price-asc&finish=Holo,Holo,5c77121eb587,Sticker | BELCHONOKK (Holo) | Cologne 2026,BELCHONOKK,Cologne 2026,Player,Holo,PARIVISION,Exotic,#d32ce6,224,2.22,35,161,0.2125,https://community.akamai.steamstatic.com/economy/image/i0CoZ81Ui0m-9KwlBY1L_18myuGuq1wfhWSaZgMttyVfPaERSR0Wqmu7LAocGJai0ki7VeTHjMmuOXSQ61MnpNWipUruRiLzm5rj9S1V4PmlV6xiLP_dCjbJw7cu4-M_TnnrxEpz5zvdzN_8eSjCbAJ0Cpd2EO8CtRS-wIXiYvSiuVJRGS-o_g,"=IMAGE(""https://community.akamai.steamstatic.com/economy/image/i0CoZ81Ui0m-9KwlBY1L_18myuGuq1wfhWSaZgMttyVfPaERSR0Wqmu7LAocGJai0ki7VeTHjMmuOXSQ61MnpNWipUruRiLzm5rj9S1V4PmlV6xiLP_dCjbJw7cu4-M_TnnrxEpz5zvdzN_8eSjCbAJ0Cpd2EO8CtRS-wIXiYvSiuVJRGS-o_g"")",https://cs2tokens.com/iem-cologne-2026/items/sticker-belchonokk-holo-cologne-2026,sticker-belchonokk-holo-cologne-2026,ok,,https://cs2tokens.com/iem-cologne-2026/items/sticker-belchonokk-holo-cologne-2026/q-data.json,Sticker | BELCHONOKK (Holo) | Cologne 2026,https://steamcommunity.com/market/listings/730/Sticker%20%7C%20BELCHONOKK%20%28Holo%29%20%7C%20Cologne%202026,1209,10628,5316,12,iem-cologne-2026,campaign_12,sticker,Autograph,BELCHONOKK,PARIVISION,rarity_legendary
2026-06-04 00:38:18,20260604_003818,https://cs2tokens.com/browse?sort=price-asc&finish=Holo,Holo,1a0dbab1074d,Sticker | snow (Holo) | Cologne 2026,snow,Cologne 2026,Player,Holo,paiN Gaming,Exotic,#d32ce6,225,2.23,36,161,0.2188,https://community.akamai.steamstatic.com/economy/image/i0CoZ81Ui0m-9KwlBY1L_18myuGuq1wfhWSaZgMttyVfPaERSR0Wqmu7LAocGJai0ki7VeTHjMmuOXSQ61MnpNWipUruRiLikJn3wipU4_3gPvQ5cvHLXDCRxb4n4-JrSSzllkgj4Dvcy92reX6XPQZ1CpEjRO5Z5g74zIPETff__w,"=IMAGE(""https://community.akamai.steamstatic.com/economy/image/i0CoZ81Ui0m-9KwlBY1L_18myuGuq1wfhWSaZgMttyVfPaERSR0Wqmu7LAocGJai0ki7VeTHjMmuOXSQ61MnpNWipUruRiLikJn3wipU4_3gPvQ5cvHLXDCRxb4n4-JrSSzllkgj4Dvcy92reX6XPQZ1CpEjRO5Z5g74zIPETff__w"")",https://cs2tokens.com/iem-cologne-2026/items/sticker-snow-holo-cologne-2026,sticker-snow-holo-cologne-2026,ok,,https://cs2tokens.com/iem-cologne-2026/items/sticker-snow-holo-cologne-2026/q-data.json,Sticker | snow (Holo) | Cologne 2026,https://steamcommunity.com/market/listings/730/Sticker%20%7C%20snow%20%28Holo%29%20%7C%20Cologne%202026,1209,10804,5316,12,iem-cologne-2026,campaign_12,sticker,Autograph,snow,paiN Gaming,rarity_legendary
2026-06-04 00:38:18,20260604_003818,https://cs2tokens.com/browse?sort=price-asc&finish=Holo,Holo,166ce2b3b8d6,Sticker | Brollan (Holo) | Cologne 2026,Brollan,Cologne 2026,Player,Holo,MOUZ,Exotic,#d32ce6,226,2.24,37,161,0.225,https://community.akamai.steamstatic.com/economy/image/i0CoZ81Ui0m-9KwlBY1L_18myuGuq1wfhWSaZgMttyVfPaERSR0Wqmu7LAocGJai0ki7VeTHjMmuOXSQ61MnpNWipUruRiLzjJns8SNV0PqhZKsjdfLAVjfJwr4hsuc4G363kE51sGrcw4qoIi6VbAQhXMZ1EOcKu0G-m8qnab2ZHhje6g,"=IMAGE(""https://community.akamai.steamstatic.com/economy/image/i0CoZ81Ui0m-9KwlBY1L_18myuGuq1wfhWSaZgMttyVfPaERSR0Wqmu7LAocGJai0ki7VeTHjMmuOXSQ61MnpNWipUruRiLzjJns8SNV0PqhZKsjdfLAVjfJwr4hsuc4G363kE51sGrcw4qoIi6VbAQhXMZ1EOcKu0G-m8qnab2ZHhje6g"")",https://cs2tokens.com/iem-cologne-2026/items/sticker-brollan-holo-cologne-2026,sticker-brollan-holo-cologne-2026,ok,,https://cs2tokens.com/iem-cologne-2026/items/sticker-brollan-holo-cologne-2026/q-data.json,Sticker | Brollan (Holo) | Cologne 2026,https://steamcommunity.com/market/listings/730/Sticker%20%7C%20Brollan%20%28Holo%29%20%7C%20Cologne%202026,1209,10680,5316,12,iem-cologne-2026,campaign_12,sticker,Autograph,Brollan,MOUZ,rarity_legendary
2026-06-04 00:38:18,20260604_003818,https://cs2tokens.com/browse?sort=price-asc&finish=Holo,Holo,a458e8d171c8,Sticker | Gizmy (Holo) | Cologne 2026,Gizmy,Cologne 2026,Player,Holo,Monte,Exotic,#d32ce6,231,2.29,38,161,0.2313,https://community.akamai.steamstatic.com/economy/image/i0CoZ81Ui0m-9KwlBY1L_18myuGuq1wfhWSaZgMttyVfPaERSR0Wqmu7LAocGJai0ki7VeTHjMmuOXSQ61MnpNWipUruRiL2l4zt5B1T4P6hJvJrJqWQXGLJmLkv5uVvTn_hlEp06jjRy4mtcSjFZwR1CZN4FOIO5xim0oqwdb4fi1k,"=IMAGE(""https://community.akamai.steamstatic.com/economy/image/i0CoZ81Ui0m-9KwlBY1L_18myuGuq1wfhWSaZgMttyVfPaERSR0Wqmu7LAocGJai0ki7VeTHjMmuOXSQ61MnpNWipUruRiL2l4zt5B1T4P6hJvJrJqWQXGLJmLkv5uVvTn_hlEp06jjRy4mtcSjFZwR1CZN4FOIO5xim0oqwdb4fi1k"")",https://cs2tokens.com/iem-cologne-2026/items/sticker-gizmy-holo-cologne-2026,sticker-gizmy-holo-cologne-2026,ok,,https://cs2tokens.com/iem-cologne-2026/items/sticker-gizmy-holo-cologne-2026/q-data.json,Sticker | Gizmy (Holo) | Cologne 2026,https://steamcommunity.com/market/listings/730/Sticker%20%7C%20Gizmy%20%28Holo%29%20%7C%20Cologne%202026,1209,10828,5316,12,iem-cologne-2026,campaign_12,sticker,Autograph,Gizmy,Monte,rarity_legendary
2026-06-04 00:38:18,20260604_003818,https://cs2tokens.com/browse?sort=price-asc&finish=Holo,Holo,f170fcf5a4be,Sticker | yxngstxr (Holo) | Cologne 2026,yxngstxr,Cologne 2026,Player,Holo,HEROIC,Exotic,#d32ce6,231,2.29,39,161,0.2375,https://community.akamai.steamstatic.com/economy/image/i0CoZ81Ui0m-9KwlBY1L_18myuGuq1wfhWSaZgMttyVfPaERSR0Wqmu7LAocGJai0ki7VeTHjMmuOXSQ61MnpNWipUruRiLohpjn7jZD_c2mZ6hibqnKW2LBkOgu5bI6TXqyxksmtW3Wzomtc32TbA8iDMYhE-VcukPpx9f5d7S1DGCa5Co,"=IMAGE(""https://community.akamai.steamstatic.com/economy/image/i0CoZ81Ui0m-9KwlBY1L_18myuGuq1wfhWSaZgMttyVfPaERSR0Wqmu7LAocGJai0ki7VeTHjMmuOXSQ61MnpNWipUruRiLohpjn7jZD_c2mZ6hibqnKW2LBkOgu5bI6TXqyxksmtW3Wzomtc32TbA8iDMYhE-VcukPpx9f5d7S1DGCa5Co"")",https://cs2tokens.com/iem-cologne-2026/items/sticker-yxngstxr-holo-cologne-2026,sticker-yxngstxr-holo-cologne-2026,ok,,https://cs2tokens.com/iem-cologne-2026/items/sticker-yxngstxr-holo-cologne-2026/q-data.json,Sticker | yxngstxr (Holo) | Cologne 2026,https://steamcommunity.com/market/listings/730/Sticker%20%7C%20yxngstxr%20%28Holo%29%20%7C%20Cologne%202026,1209,10912,5316,12,iem-cologne-2026,campaign_12,sticker,Autograph,yxngstxr,HEROIC,rarity_legendary
2026-06-04 00:38:18,20260604_003818,https://cs2tokens.com/browse?sort=price-asc&finish=Holo,Holo,03c03bd87eed,Sticker | bLitz (Holo) | Cologne 2026,bLitz,Cologne 2026,Player,Holo,The MongolZ,Exotic,#d32ce6,241,2.39,40,161,0.2437,https://community.akamai.steamstatic.com/economy/image/i0CoZ81Ui0m-9KwlBY1L_18myuGuq1wfhWSaZgMttyVfPaERSR0Wqmu7LAocGJai0ki7VeTHjMmuOXSQ61MnpNWipUruRiLzkp_05x1T4P6hJvY8IfLCVjCUk7p3sbUwSX_ilkolsjmHyNescS6SP1ckDcd3E-dbsxam0oqwR_Izhrg,"=IMAGE(""https://community.akamai.steamstatic.com/economy/image/i0CoZ81Ui0m-9KwlBY1L_18myuGuq1wfhWSaZgMttyVfPaERSR0Wqmu7LAocGJai0ki7VeTHjMmuOXSQ61MnpNWipUruRiLzkp_05x1T4P6hJvY8IfLCVjCUk7p3sbUwSX_ilkolsjmHyNescS6SP1ckDcd3E-dbsxam0oqwR_Izhrg"")",https://cs2tokens.com/iem-cologne-2026/items/sticker-blitz-holo-cologne-2026,sticker-blitz-holo-cologne-2026,ok,,https://cs2tokens.com/iem-cologne-2026/items/sticker-blitz-holo-cologne-2026/q-data.json,Sticker | bLitz (Holo) | Cologne 2026,https://steamcommunity.com/market/listings/730/Sticker%20%7C%20bLitz%20%28Holo%29%20%7C%20Cologne%202026,1209,10596,5316,12,iem-cologne-2026,campaign_12,sticker,Autograph,bLitz,The MongolZ,rarity_legendary
2026-06-04 00:38:18,20260604_003818,https://cs2tokens.com/browse?sort=price-asc&finish=Holo,Holo,7e131d00335c,Sticker | cmtry (Holo) | Cologne 2026,cmtry,Cologne 2026,Player,Holo,,Exotic,#d32ce6,242,2.4,41,161,0.25,https://community.akamai.steamstatic.com/economy/image/i0CoZ81Ui0m-9KwlBY1L_18myuGuq1wfhWSaZgMttyVfPaERSR0Wqmu7LAocGJai0ki7VeTHjMmuOXSQ61MnpNWipUruRiLyk4Ly5B1T4P6hJvdpeabCXzbIkrku5rJrSirrwRty4WqHy9-oJH-Qag4mW5chEbUK5BGm0oqw6bmJ8gI,"=IMAGE(""https://community.akamai.steamstatic.com/economy/image/i0CoZ81Ui0m-9KwlBY1L_18myuGuq1wfhWSaZgMttyVfPaERSR0Wqmu7LAocGJai0ki7VeTHjMmuOXSQ61MnpNWipUruRiLyk4Ly5B1T4P6hJvdpeabCXzbIkrku5rJrSirrwRty4WqHy9-oJH-Qag4mW5chEbUK5BGm0oqw6bmJ8gI"")",https://cs2tokens.com/iem-cologne-2026/items/sticker-cmtry-holo-cologne-2026,sticker-cmtry-holo-cologne-2026,ok,,https://cs2tokens.com/iem-cologne-2026/items/sticker-cmtry-holo-cologne-2026/q-data.json,Sticker | cmtry (Holo) | Cologne 2026,https://steamcommunity.com/market/listings/730/Sticker%20%7C%20cmtry%20%28Holo%29%20%7C%20Cologne%202026,1209,10708,5316,12,iem-cologne-2026,campaign_12,sticker,Autograph,cmtry,,rarity_legendary
2026-06-04 00:38:18,20260604_003818,https://cs2tokens.com/browse?sort=price-asc&finish=Holo,Holo,12408adf6590,Sticker | SunPayus (Holo) | Cologne 2026,SunPayus,Cologne 2026,Player,Holo,G2 Esports,Exotic,#d32ce6,244,2.42,42,161,0.2562,https://community.akamai.steamstatic.com/economy/image/i0CoZ81Ui0m-9KwlBY1L_18myuGuq1wfhWSaZgMttyVfPaERSR0Wqmu7LAocGJai0ki7VeTHjMmuOXSQ61MnpNWipUruRiLii5jw_DtO_M2mZ6hibqKXWGTHk7wvtec_F3DgzEh3sTnRzY6oeS2UP1MkCsAhQ-ZY4BnrkNz5d7S1ql_HX2A,"=IMAGE(""https://community.akamai.steamstatic.com/economy/image/i0CoZ81Ui0m-9KwlBY1L_18myuGuq1wfhWSaZgMttyVfPaERSR0Wqmu7LAocGJai0ki7VeTHjMmuOXSQ61MnpNWipUruRiLii5jw_DtO_M2mZ6hibqKXWGTHk7wvtec_F3DgzEh3sTnRzY6oeS2UP1MkCsAhQ-ZY4BnrkNz5d7S1ql_HX2A"")",https://cs2tokens.com/iem-cologne-2026/items/sticker-sunpayus-holo-cologne-2026,sticker-sunpayus-holo-cologne-2026,ok,,https://cs2tokens.com/iem-cologne-2026/items/sticker-sunpayus-holo-cologne-2026/q-data.json,Sticker | SunPayus (Holo) | Cologne 2026,https://steamcommunity.com/market/listings/730/Sticker%20%7C%20SunPayus%20%28Holo%29%20%7C%20Cologne%202026,1209,10768,5316,12,iem-cologne-2026,campaign_12,sticker,Autograph,SunPayus,G2 Esports,rarity_legendary
2026-06-04 00:38:18,20260604_003818,https://cs2tokens.com/browse?sort=price-asc&finish=Holo,Holo,5e79c1c2780d,Sticker | yuurih (Holo) | Cologne 2026,yuurih,Cologne 2026,Player,Holo,FURIA,Exotic,#d32ce6,245,2.43,43,161,0.2625,https://community.akamai.steamstatic.com/economy/image/i0CoZ81Ui0m-9KwlBY1L_18myuGuq1wfhWSaZgMttyVfPaERSR0Wqmu7LAocGJai0ki7VeTHjMmuOXSQ61MnpNWipUruRiLoi4Py9Cpk5_2iZ-ppJabLDDfFw-0m5Lg7SXjikUojsjnVmdr_cC7EbAIiW5shRbFZ50XrjJS5YAhZ0x-5,"=IMAGE(""https://community.akamai.steamstatic.com/economy/image/i0CoZ81Ui0m-9KwlBY1L_18myuGuq1wfhWSaZgMttyVfPaERSR0Wqmu7LAocGJai0ki7VeTHjMmuOXSQ61MnpNWipUruRiLoi4Py9Cpk5_2iZ-ppJabLDDfFw-0m5Lg7SXjikUojsjnVmdr_cC7EbAIiW5shRbFZ50XrjJS5YAhZ0x-5"")",https://cs2tokens.com/iem-cologne-2026/items/sticker-yuurih-holo-cologne-2026,sticker-yuurih-holo-cologne-2026,ok,,https://cs2tokens.com/iem-cologne-2026/items/sticker-yuurih-holo-cologne-2026/q-data.json,Sticker | yuurih (Holo) | Cologne 2026,https://steamcommunity.com/market/listings/730/Sticker%20%7C%20yuurih%20%28Holo%29%20%7C%20Cologne%202026,1209,10672,5316,12,iem-cologne-2026,campaign_12,sticker,Autograph,yuurih,FURIA,rarity_legendary
2026-06-04 00:38:18,20260604_003818,https://cs2tokens.com/browse?sort=price-asc&finish=Holo,Holo,ae428a1d0652,Sticker | vexite (Holo) | Cologne 2026,vexite,Cologne 2026,Player,Holo,Flyquest,Exotic,#d32ce6,246,2.44,44,161,0.2687,https://community.akamai.steamstatic.com/economy/image/i0CoZ81Ui0m-9KwlBY1L_18myuGuq1wfhWSaZgMttyVfPaERSR0Wqmu7LAocGJai0ki7VeTHjMmuOXSQ61MnpNWipUruRiLnm47p6Sdk5_2iZ-ppc6WSV2aRx7gi6ORtSXq2zB8k5W2Dzt6rdi7BaAIjD5VwQ-VZshe7jJS5YJtMlEwI,"=IMAGE(""https://community.akamai.steamstatic.com/economy/image/i0CoZ81Ui0m-9KwlBY1L_18myuGuq1wfhWSaZgMttyVfPaERSR0Wqmu7LAocGJai0ki7VeTHjMmuOXSQ61MnpNWipUruRiLnm47p6Sdk5_2iZ-ppc6WSV2aRx7gi6ORtSXq2zB8k5W2Dzt6rdi7BaAIjD5VwQ-VZshe7jJS5YJtMlEwI"")",https://cs2tokens.com/iem-cologne-2026/items/sticker-vexite-holo-cologne-2026,sticker-vexite-holo-cologne-2026,ok,,https://cs2tokens.com/iem-cologne-2026/items/sticker-vexite-holo-cologne-2026/q-data.json,Sticker | vexite (Holo) | Cologne 2026,https://steamcommunity.com/market/listings/730/Sticker%20%7C%20vexite%20%28Holo%29%20%7C%20Cologne%202026,1209,11164,5316,12,iem-cologne-2026,campaign_12,sticker,Autograph,vexite,Flyquest,rarity_legendary
2026-06-04 00:38:18,20260604_003818,https://cs2tokens.com/browse?sort=price-asc&finish=Holo,Holo,405a78af157f,Sticker | Spinx (Holo) | Cologne 2026,Spinx,Cologne 2026,Player,Holo,MOUZ,Exotic,#d32ce6,247,2.45,45,161,0.275,https://community.akamai.steamstatic.com/economy/image/i0CoZ81Ui0m-9KwlBY1L_18myuGuq1wfhWSaZgMttyVfPaERSR0Wqmu7LAocGJai0ki7VeTHjMmuOXSQ61MnpNWipUruRiLijp_u5R1T4P6hJvFpdfHBX2aWkrYus7hrHn-wlkUi4G3Qy46qI3ieOgQjWMMhTLYO4ROm0oqwY0SI-BQ,"=IMAGE(""https://community.akamai.steamstatic.com/economy/image/i0CoZ81Ui0m-9KwlBY1L_18myuGuq1wfhWSaZgMttyVfPaERSR0Wqmu7LAocGJai0ki7VeTHjMmuOXSQ61MnpNWipUruRiLijp_u5R1T4P6hJvFpdfHBX2aWkrYus7hrHn-wlkUi4G3Qy46qI3ieOgQjWMMhTLYO4ROm0oqwY0SI-BQ"")",https://cs2tokens.com/iem-cologne-2026/items/sticker-spinx-holo-cologne-2026,sticker-spinx-holo-cologne-2026,ok,,https://cs2tokens.com/iem-cologne-2026/items/sticker-spinx-holo-cologne-2026/q-data.json,Sticker | Spinx (Holo) | Cologne 2026,https://steamcommunity.com/market/listings/730/Sticker%20%7C%20Spinx%20%28Holo%29%20%7C%20Cologne%202026,1209,10684,5316,12,iem-cologne-2026,campaign_12,sticker,Autograph,Spinx,MOUZ,rarity_legendary
2026-06-04 00:38:18,20260604_003818,https://cs2tokens.com/browse?sort=price-asc&finish=Holo,Holo,bfa02a5b46ee,Sticker | Staehr (Holo) | Cologne 2026,Staehr,Cologne 2026,Player,Holo,Astralis,Exotic,#d32ce6,249,2.47,46,161,0.2812,https://community.akamai.steamstatic.com/economy/image/i0CoZ81Ui0m-9KwlBY1L_18myuGuq1wfhWSaZgMttyVfPaERSR0Wqmu7LAocGJai0ki7VeTHjMmuOXSQ61MnpNWipUruRiLiipfl9TBk5_2iZ-o8daKWDzTCmOh0trY9Tn61wEh25GTXzY6sdXiUZwV1D5IjELZftBjujJS5YJ6QbBYM,"=IMAGE(""https://community.akamai.steamstatic.com/economy/image/i0CoZ81Ui0m-9KwlBY1L_18myuGuq1wfhWSaZgMttyVfPaERSR0Wqmu7LAocGJai0ki7VeTHjMmuOXSQ61MnpNWipUruRiLiipfl9TBk5_2iZ-o8daKWDzTCmOh0trY9Tn61wEh25GTXzY6sdXiUZwV1D5IjELZftBjujJS5YJ6QbBYM"")",https://cs2tokens.com/iem-cologne-2026/items/sticker-staehr-holo-cologne-2026,sticker-staehr-holo-cologne-2026,ok,,https://cs2tokens.com/iem-cologne-2026/items/sticker-staehr-holo-cologne-2026/q-data.json,Sticker | Staehr (Holo) | Cologne 2026,https://steamcommunity.com/market/listings/730/Sticker%20%7C%20Staehr%20%28Holo%29%20%7C%20Cologne%202026,1209,10752,5316,12,iem-cologne-2026,campaign_12,sticker,Autograph,Staehr,Astralis,rarity_legendary
2026-06-04 00:38:18,20260604_003818,https://cs2tokens.com/browse?sort=price-asc&finish=Holo,Holo,aee9395eed4a,Sticker | npl (Holo) | Cologne 2026,npl,Cologne 2026,Player,Holo,B8,Exotic,#d32ce6,251,2.48,47,161,0.2875,https://community.akamai.steamstatic.com/economy/image/i0CoZ81Ui0m-9KwlBY1L_18myuGuq1wfhWSaZgMttyVfPaERSR0Wqmu7LAocGJai0ki7VeTHjMmuOXSQ61MnpNWipUruRiL_jprf9S1X4Lz2bfM7IqWSWGWSk78v6LI-Fy3jzUl2tWvRz97_c3mSP1dyCZojEeVfrFDmxY4nHVsK,"=IMAGE(""https://community.akamai.steamstatic.com/economy/image/i0CoZ81Ui0m-9KwlBY1L_18myuGuq1wfhWSaZgMttyVfPaERSR0Wqmu7LAocGJai0ki7VeTHjMmuOXSQ61MnpNWipUruRiL_jprf9S1X4Lz2bfM7IqWSWGWSk78v6LI-Fy3jzUl2tWvRz97_c3mSP1dyCZojEeVfrFDmxY4nHVsK"")",https://cs2tokens.com/iem-cologne-2026/items/sticker-npl-holo-cologne-2026,sticker-npl-holo-cologne-2026,ok,,https://cs2tokens.com/iem-cologne-2026/items/sticker-npl-holo-cologne-2026/q-data.json,Sticker | npl (Holo) | Cologne 2026,https://steamcommunity.com/market/listings/730/Sticker%20%7C%20npl%20%28Holo%29%20%7C%20Cologne%202026,1209,10880,5316,12,iem-cologne-2026,campaign_12,sticker,Autograph,npl,B8,rarity_legendary
2026-06-04 00:38:18,20260604_003818,https://cs2tokens.com/browse?sort=price-asc&finish=Holo,Holo,0fd07921f22b,Sticker | koala (Holo) | Cologne 2026,koala,Cologne 2026,Player,Holo,Sharks Esports,Exotic,#d32ce6,259,2.56,48,161,0.2938,https://community.akamai.steamstatic.com/economy/image/i0CoZ81Ui0m-9KwlBY1L_18myuGuq1wfhWSaZgMttyVfPaERSR0Wqmu7LAocGJai0ki7VeTHjMmuOXSQ61MnpNWipUruRiL6kZfs_B1T4P6hJvJudajACDTBl7Yj4-NvSXyxlxhz62TWwtr8J33BagF0X5omRuFYukSm0oqwBMJv7DU,"=IMAGE(""https://community.akamai.steamstatic.com/economy/image/i0CoZ81Ui0m-9KwlBY1L_18myuGuq1wfhWSaZgMttyVfPaERSR0Wqmu7LAocGJai0ki7VeTHjMmuOXSQ61MnpNWipUruRiL6kZfs_B1T4P6hJvJudajACDTBl7Yj4-NvSXyxlxhz62TWwtr8J33BagF0X5omRuFYukSm0oqwBMJv7DU"")",https://cs2tokens.com/iem-cologne-2026/items/sticker-koala-holo-cologne-2026,sticker-koala-holo-cologne-2026,ok,,https://cs2tokens.com/iem-cologne-2026/items/sticker-koala-holo-cologne-2026/q-data.json,Sticker | koala (Holo) | Cologne 2026,https://steamcommunity.com/market/listings/730/Sticker%20%7C%20koala%20%28Holo%29%20%7C%20Cologne%202026,1209,11060,5316,12,iem-cologne-2026,campaign_12,sticker,Autograph,koala,Sharks Esports,rarity_legendary
2026-06-04 00:38:18,20260604_003818,https://cs2tokens.com/browse?sort=price-asc&finish=Holo,Holo,f6fbab9c6f78,Sticker | maxxkor (Holo) | Cologne 2026,maxxkor,Cologne 2026,Player,Holo,Sharks Esports,Exotic,#d32ce6,264,2.61,49,161,0.3,https://community.akamai.steamstatic.com/economy/image/i0CoZ81Ui0m-9KwlBY1L_18myuGuq1wfhWSaZgMttyVfPaERSR0Wqmu7LAocGJai0ki7VeTHjMmuOXSQ61MnpNWipUruRiL8n4749i1J0PqhZKsjd6GXD2GRw70gs7NqHn2xkBwi4WWBw46hcX2WO1UkXJNyFrMIshjqk8qnab3Yp_RzfA,"=IMAGE(""https://community.akamai.steamstatic.com/economy/image/i0CoZ81Ui0m-9KwlBY1L_18myuGuq1wfhWSaZgMttyVfPaERSR0Wqmu7LAocGJai0ki7VeTHjMmuOXSQ61MnpNWipUruRiL8n4749i1J0PqhZKsjd6GXD2GRw70gs7NqHn2xkBwi4WWBw46hcX2WO1UkXJNyFrMIshjqk8qnab3Yp_RzfA"")",https://cs2tokens.com/iem-cologne-2026/items/sticker-maxxkor-holo-cologne-2026,sticker-maxxkor-holo-cologne-2026,ok,,https://cs2tokens.com/iem-cologne-2026/items/sticker-maxxkor-holo-cologne-2026/q-data.json,Sticker | maxxkor (Holo) | Cologne 2026,https://steamcommunity.com/market/listings/730/Sticker%20%7C%20maxxkor%20%28Holo%29%20%7C%20Cologne%202026,1209,11064,5316,12,iem-cologne-2026,campaign_12,sticker,Autograph,maxxkor,Sharks Esports,rarity_legendary
2026-06-04 00:38:18,20260604_003818,https://cs2tokens.com/browse?sort=price-asc&finish=Holo,Holo,a7f3f3368d42,Sticker | s1zzi (Holo) | Cologne 2026,s1zzi,Cologne 2026,Player,Holo,B8,Exotic,#d32ce6,279,2.76,50,161,0.3063,https://community.akamai.steamstatic.com/economy/image/i0CoZ81Ui0m-9KwlBY1L_18myuGuq1wfhWSaZgMttyVfPaERSR0Wqmu7LAocGJai0ki7VeTHjMmuOXSQ61MnpNWipUruRiLiz4z69B1T4P6hJvRseabDWDPClOhy4LEwHyrqzE5w62uHzN2hc3yQOgd1DJYmReFY5xam0oqwfEBHRto,"=IMAGE(""https://community.akamai.steamstatic.com/economy/image/i0CoZ81Ui0m-9KwlBY1L_18myuGuq1wfhWSaZgMttyVfPaERSR0Wqmu7LAocGJai0ki7VeTHjMmuOXSQ61MnpNWipUruRiLiz4z69B1T4P6hJvRseabDWDPClOhy4LEwHyrqzE5w62uHzN2hc3yQOgd1DJYmReFY5xam0oqwfEBHRto"")",https://cs2tokens.com/iem-cologne-2026/items/sticker-s1zzi-holo-cologne-2026,sticker-s1zzi-holo-cologne-2026,ok,,https://cs2tokens.com/iem-cologne-2026/items/sticker-s1zzi-holo-cologne-2026/q-data.json,Sticker | s1zzi (Holo) | Cologne 2026,https://steamcommunity.com/market/listings/730/Sticker%20%7C%20s1zzi%20%28Holo%29%20%7C%20Cologne%202026,1209,10876,5316,12,iem-cologne-2026,campaign_12,sticker,Autograph,s1zzi,B8,rarity_legendary
2026-06-04 00:38:18,20260604_003818,https://cs2tokens.com/browse?sort=price-asc&finish=Holo,Holo,979825ffa1b5,Sticker | cobra (Holo) | Cologne 2026,cobra,Cologne 2026,Player,Holo,The MongolZ,Exotic,#d32ce6,280,2.77,51,161,0.3125,https://community.akamai.steamstatic.com/economy/image/i0CoZ81Ui0m-9KwlBY1L_18myuGuq1wfhWSaZgMttyVfPaERSR0Wqmu7LAocGJai0ki7VeTHjMmuOXSQ61MnpNWipUruRiLykZTy_B1T4P6hJqA0I_XKWD6RmOtytrc7HHjhwBgh422Gyt_6JHrGbwMjDZRxEOdc4RCm0oqwkK52hwQ,"=IMAGE(""https://community.akamai.steamstatic.com/economy/image/i0CoZ81Ui0m-9KwlBY1L_18myuGuq1wfhWSaZgMttyVfPaERSR0Wqmu7LAocGJai0ki7VeTHjMmuOXSQ61MnpNWipUruRiLykZTy_B1T4P6hJqA0I_XKWD6RmOtytrc7HHjhwBgh422Gyt_6JHrGbwMjDZRxEOdc4RCm0oqwkK52hwQ"")",https://cs2tokens.com/iem-cologne-2026/items/sticker-cobra-holo-cologne-2026,sticker-cobra-holo-cologne-2026,ok,,https://cs2tokens.com/iem-cologne-2026/items/sticker-cobra-holo-cologne-2026/q-data.json,Sticker | cobra (Holo) | Cologne 2026,https://steamcommunity.com/market/listings/730/Sticker%20%7C%20cobra%20%28Holo%29%20%7C%20Cologne%202026,1209,10604,5316,12,iem-cologne-2026,campaign_12,sticker,Autograph,cobra,The MongolZ,rarity_legendary
2026-06-04 00:38:18,20260604_003818,https://cs2tokens.com/browse?sort=price-asc&finish=Holo,Holo,9fabe26c4a4e,Sticker | luchov (Holo) | Cologne 2026,luchov,Cologne 2026,Player,Holo,9z Team,Exotic,#d32ce6,285,2.82,52,161,0.3187,https://community.akamai.steamstatic.com/economy/image/i0CoZ81Ui0m-9KwlBY1L_18myuGuq1wfhWSaZgMttyVfPaERSR0Wqmu7LAocGJai0ki7VeTHjMmuOXSQ61MnpNWipUruRiL9i5Xo8jRk5_2iZ-poIaPFCj-TmLYk6OA9S3m1xktz4m3Wztv6cCnEZgJyW5MjQuMKtRC8jJS5YEHjLhig,"=IMAGE(""https://community.akamai.steamstatic.com/economy/image/i0CoZ81Ui0m-9KwlBY1L_18myuGuq1wfhWSaZgMttyVfPaERSR0Wqmu7LAocGJai0ki7VeTHjMmuOXSQ61MnpNWipUruRiL9i5Xo8jRk5_2iZ-poIaPFCj-TmLYk6OA9S3m1xktz4m3Wztv6cCnEZgJyW5MjQuMKtRC8jJS5YEHjLhig"")",https://cs2tokens.com/iem-cologne-2026/items/sticker-luchov-holo-cologne-2026,sticker-luchov-holo-cologne-2026,ok,,https://cs2tokens.com/iem-cologne-2026/items/sticker-luchov-holo-cologne-2026/q-data.json,Sticker | luchov (Holo) | Cologne 2026,https://steamcommunity.com/market/listings/730/Sticker%20%7C%20luchov%20%28Holo%29%20%7C%20Cologne%202026,1209,10848,5316,12,iem-cologne-2026,campaign_12,sticker,Autograph,luchov,9z Team,rarity_legendary
2026-06-04 00:38:18,20260604_003818,https://cs2tokens.com/browse?sort=price-asc&finish=Holo,Holo,21f6fca7b030,Sticker | HUASOPEEK (Holo) | Cologne 2026,HUASOPEEK,Cologne 2026,Player,Holo,9z Team,Exotic,#d32ce6,285,2.82,53,161,0.325,https://community.akamai.steamstatic.com/economy/image/i0CoZ81Ui0m-9KwlBY1L_18myuGuq1wfhWSaZgMttyVfPaERSR0Wqmu7LAocGJai0ki7VeTHjMmuOXSQ61MnpNWipUruRiL5i5fz8jJe6vmRYKthL77BDDDEkOwutuQ-SS_kwUxz62vWy934cXyWbw4jDMR2F-IPu0awlYbvKaq8sDFlcxHq,"=IMAGE(""https://community.akamai.steamstatic.com/economy/image/i0CoZ81Ui0m-9KwlBY1L_18myuGuq1wfhWSaZgMttyVfPaERSR0Wqmu7LAocGJai0ki7VeTHjMmuOXSQ61MnpNWipUruRiL5i5fz8jJe6vmRYKthL77BDDDEkOwutuQ-SS_kwUxz62vWy934cXyWbw4jDMR2F-IPu0awlYbvKaq8sDFlcxHq"")",https://cs2tokens.com/iem-cologne-2026/items/sticker-huasopeek-holo-cologne-2026,sticker-huasopeek-holo-cologne-2026,ok,,https://cs2tokens.com/iem-cologne-2026/items/sticker-huasopeek-holo-cologne-2026/q-data.json,Sticker | HUASOPEEK (Holo) | Cologne 2026,https://steamcommunity.com/market/listings/730/Sticker%20%7C%20HUASOPEEK%20%28Holo%29%20%7C%20Cologne%202026,1209,10852,5316,12,iem-cologne-2026,campaign_12,sticker,Autograph,HUASOPEEK,9z Team,rarity_legendary
2026-06-04 00:38:18,20260604_003818,https://cs2tokens.com/browse?sort=price-asc&finish=Holo,Holo,18b7f1599347,Sticker | dgt (Holo) | Cologne 2026,dgt,Cologne 2026,Player,Holo,9z Team,Exotic,#d32ce6,286,2.83,54,161,0.3312,https://community.akamai.steamstatic.com/economy/image/i0CoZ81Ui0m-9KwlBY1L_18myuGuq1wfhWSaZgMttyVfPaERSR0Wqmu7LAocGJai0ki7VeTHjMmuOXSQ61MnpNWipUruRiL1mYLf9S1X4LyqO6E8dKmWW2aRx7gn4rM6Hnnkx0UisT7Tz92tdSmSZwN0C5cmQe8OrFDmxXCYKEwY,"=IMAGE(""https://community.akamai.steamstatic.com/economy/image/i0CoZ81Ui0m-9KwlBY1L_18myuGuq1wfhWSaZgMttyVfPaERSR0Wqmu7LAocGJai0ki7VeTHjMmuOXSQ61MnpNWipUruRiL1mYLf9S1X4LyqO6E8dKmWW2aRx7gn4rM6Hnnkx0UisT7Tz92tdSmSZwN0C5cmQe8OrFDmxXCYKEwY"")",https://cs2tokens.com/iem-cologne-2026/items/sticker-dgt-holo-cologne-2026,sticker-dgt-holo-cologne-2026,ok,,https://cs2tokens.com/iem-cologne-2026/items/sticker-dgt-holo-cologne-2026/q-data.json,Sticker | dgt (Holo) | Cologne 2026,https://steamcommunity.com/market/listings/730/Sticker%20%7C%20dgt%20%28Holo%29%20%7C%20Cologne%202026,1209,10840,5316,12,iem-cologne-2026,campaign_12,sticker,Autograph,dgt,9z Team,rarity_legendary
2026-06-04 00:38:18,20260604_003818,https://cs2tokens.com/browse?sort=price-asc&finish=Holo,Holo,733d5698cf7b,Sticker | kensizor (Holo) | Cologne 2026,kensizor,Cologne 2026,Player,Holo,B8,Exotic,#d32ce6,288,2.85,55,161,0.3375,https://community.akamai.steamstatic.com/economy/image/i0CoZ81Ui0m-9KwlBY1L_18myuGuq1wfhWSaZgMttyVfPaERSR0Wqmu7LAocGJai0ki7VeTHjMmuOXSQ61MnpNWipUruRiL6m5jz9DhU_c2mZ6hibqjKDzLGme13tec8F37gwhkhsT7WmIqoeHqWbFcmCJohE7JcsRe7mtf5d7S1Ynt6j-U,"=IMAGE(""https://community.akamai.steamstatic.com/economy/image/i0CoZ81Ui0m-9KwlBY1L_18myuGuq1wfhWSaZgMttyVfPaERSR0Wqmu7LAocGJai0ki7VeTHjMmuOXSQ61MnpNWipUruRiL6m5jz9DhU_c2mZ6hibqjKDzLGme13tec8F37gwhkhsT7WmIqoeHqWbFcmCJohE7JcsRe7mtf5d7S1Ynt6j-U"")",https://cs2tokens.com/iem-cologne-2026/items/sticker-kensizor-holo-cologne-2026,sticker-kensizor-holo-cologne-2026,ok,,https://cs2tokens.com/iem-cologne-2026/items/sticker-kensizor-holo-cologne-2026/q-data.json,Sticker | kensizor (Holo) | Cologne 2026,https://steamcommunity.com/market/listings/730/Sticker%20%7C%20kensizor%20%28Holo%29%20%7C%20Cologne%202026,1209,10892,5316,12,iem-cologne-2026,campaign_12,sticker,Autograph,kensizor,B8,rarity_legendary
2026-06-04 00:38:18,20260604_003818,https://cs2tokens.com/browse?sort=price-asc&finish=Holo,Holo,69e6746691d9,Sticker | lauNX (Holo) | Cologne 2026,lauNX,Cologne 2026,Player,Holo,,Exotic,#d32ce6,289,2.86,56,161,0.3438,https://community.akamai.steamstatic.com/economy/image/i0CoZ81Ui0m-9KwlBY1L_18myuGuq1wfhWSaZgMttyVfPaERSR0Wqmu7LAocGJai0ki7VeTHjMmuOXSQ61MnpNWipUruRiL9n4Pu5R1T4P6hJvE5c6jBCzbFwOgmtOc-S37hl0p-t2-Awo6vdSqRZwBzDZdzF7VfskKm0oqw1fSGto0,"=IMAGE(""https://community.akamai.steamstatic.com/economy/image/i0CoZ81Ui0m-9KwlBY1L_18myuGuq1wfhWSaZgMttyVfPaERSR0Wqmu7LAocGJai0ki7VeTHjMmuOXSQ61MnpNWipUruRiL9n4Pu5R1T4P6hJvE5c6jBCzbFwOgmtOc-S37hl0p-t2-Awo6vdSqRZwBzDZdzF7VfskKm0oqw1fSGto0"")",https://cs2tokens.com/iem-cologne-2026/items/sticker-launx-holo-cologne-2026,sticker-launx-holo-cologne-2026,ok,,https://cs2tokens.com/iem-cologne-2026/items/sticker-launx-holo-cologne-2026/q-data.json,Sticker | lauNX (Holo) | Cologne 2026,https://steamcommunity.com/market/listings/730/Sticker%20%7C%20lauNX%20%28Holo%29%20%7C%20Cologne%202026,1209,10700,5316,12,iem-cologne-2026,campaign_12,sticker,Autograph,lauNX,,rarity_legendary
2026-06-04 00:38:18,20260604_003818,https://cs2tokens.com/browse?sort=price-asc&finish=Holo,Holo,8bab08a231c3,Sticker | Rainwaker (Holo) | Cologne 2026,Rainwaker,Cologne 2026,Player,Holo,Monte,Exotic,#d32ce6,291,2.88,57,161,0.35,https://community.akamai.steamstatic.com/economy/image/i0CoZ81Ui0m-9KwlBY1L_18myuGuq1wfhWSaZgMttyVfPaERSR0Wqmu7LAocGJai0ki7VeTHjMmuOXSQ61MnpNWipUruRiLjn5_u6iNQ6uCRYKthL77EWTPIxe1ytuQwTS3kx09z4jvSm9updHzFPwV0WJB4R7QLskXrxIHjKaq8sJgWjgmW,"=IMAGE(""https://community.akamai.steamstatic.com/economy/image/i0CoZ81Ui0m-9KwlBY1L_18myuGuq1wfhWSaZgMttyVfPaERSR0Wqmu7LAocGJai0ki7VeTHjMmuOXSQ61MnpNWipUruRiLjn5_u6iNQ6uCRYKthL77EWTPIxe1ytuQwTS3kx09z4jvSm9updHzFPwV0WJB4R7QLskXrxIHjKaq8sJgWjgmW"")",https://cs2tokens.com/iem-cologne-2026/items/sticker-rainwaker-holo-cologne-2026,sticker-rainwaker-holo-cologne-2026,ok,,https://cs2tokens.com/iem-cologne-2026/items/sticker-rainwaker-holo-cologne-2026/q-data.json,Sticker | Rainwaker (Holo) | Cologne 2026,https://steamcommunity.com/market/listings/730/Sticker%20%7C%20Rainwaker%20%28Holo%29%20%7C%20Cologne%202026,1209,10816,5316,12,iem-cologne-2026,campaign_12,sticker,Autograph,Rainwaker,Monte,rarity_legendary
2026-06-04 00:38:18,20260604_003818,https://cs2tokens.com/browse?sort=price-asc&finish=Holo,Holo,c2212709e928,Sticker | gr1ks (Holo) | Cologne 2026,gr1ks,Cologne 2026,Player,Holo,BIG,Exotic,#d32ce6,299,2.96,58,161,0.3563,https://community.akamai.steamstatic.com/economy/image/i0CoZ81Ui0m-9KwlBY1L_18myuGuq1wfhWSaZgMttyVfPaERSR0Wqmu7LAocGJai0ki7VeTHjMmuOXSQ61MnpNWipUruRiL2jMfr7h1T4P6hJqA5I6GRW2XAlL114bI-S37gxh92t2XdyY39di-QaQF0W5sjR-QC50Km0oqww0iIPoE,"=IMAGE(""https://community.akamai.steamstatic.com/economy/image/i0CoZ81Ui0m-9KwlBY1L_18myuGuq1wfhWSaZgMttyVfPaERSR0Wqmu7LAocGJai0ki7VeTHjMmuOXSQ61MnpNWipUruRiL2jMfr7h1T4P6hJqA5I6GRW2XAlL114bI-S37gxh92t2XdyY39di-QaQF0W5sjR-QC50Km0oqww0iIPoE"")",https://cs2tokens.com/iem-cologne-2026/items/sticker-gr1ks-holo-cologne-2026,sticker-gr1ks-holo-cologne-2026,ok,,https://cs2tokens.com/iem-cologne-2026/items/sticker-gr1ks-holo-cologne-2026/q-data.json,Sticker | gr1ks (Holo) | Cologne 2026,https://steamcommunity.com/market/listings/730/Sticker%20%7C%20gr1ks%20%28Holo%29%20%7C%20Cologne%202026,1209,10952,5316,12,iem-cologne-2026,campaign_12,sticker,Autograph,gr1ks,BIG,rarity_legendary
2026-06-04 00:38:18,20260604_003818,https://cs2tokens.com/browse?sort=price-asc&finish=Holo,Holo,17c4fd194704,Sticker | oSee (Holo) | Cologne 2026,oSee,Cologne 2026,Player,Holo,NRG,Exotic,#d32ce6,301,2.98,59,161,0.3625,https://community.akamai.steamstatic.com/economy/image/i0CoZ81Ui0m-9KwlBY1L_18myuGuq1wfhWSaZgMttyVfPaERSR0Wqmu7LAocGJai0ki7VeTHjMmuOXSQ61MnpNWipUruRiL-jZPlwipU4_3gP_0-c6HHXWLJkeoi57ZqHnq1whgl4DzUw9uveHrCbAcmXpB5RrUC4w74zINyz1S1eg,"=IMAGE(""https://community.akamai.steamstatic.com/economy/image/i0CoZ81Ui0m-9KwlBY1L_18myuGuq1wfhWSaZgMttyVfPaERSR0Wqmu7LAocGJai0ki7VeTHjMmuOXSQ61MnpNWipUruRiL-jZPlwipU4_3gP_0-c6HHXWLJkeoi57ZqHnq1whgl4DzUw9uveHrCbAcmXpB5RrUC4w74zINyz1S1eg"")",https://cs2tokens.com/iem-cologne-2026/items/sticker-osee-holo-cologne-2026,sticker-osee-holo-cologne-2026,ok,,https://cs2tokens.com/iem-cologne-2026/items/sticker-osee-holo-cologne-2026/q-data.json,Sticker | oSee (Holo) | Cologne 2026,https://steamcommunity.com/market/listings/730/Sticker%20%7C%20oSee%20%28Holo%29%20%7C%20Cologne%202026,1209,11024,5316,12,iem-cologne-2026,campaign_12,sticker,Autograph,oSee,NRG,rarity_legendary
2026-06-04 00:38:18,20260604_003818,https://cs2tokens.com/browse?sort=price-asc&finish=Holo,Holo,9da702349de3,Sticker | Tauson (Holo) | Cologne 2026,Tauson,Cologne 2026,Player,Holo,GamerLegion,Exotic,#d32ce6,303,3.0,60,161,0.3688,https://community.akamai.steamstatic.com/economy/image/i0CoZ81Ui0m-9KwlBY1L_18myuGuq1wfhWSaZgMttyVfPaERSR0Wqmu7LAocGJai0ki7VeTHjMmuOXSQ61MnpNWipUruRiLln4Pz8ixk5_2iZ-pvc_bCVzHIkrck5bU5TCjlkExxsWXRwo79I3jBZlMmXMF0R-QCthS9jJS5YEcMUgxH,"=IMAGE(""https://community.akamai.steamstatic.com/economy/image/i0CoZ81Ui0m-9KwlBY1L_18myuGuq1wfhWSaZgMttyVfPaERSR0Wqmu7LAocGJai0ki7VeTHjMmuOXSQ61MnpNWipUruRiLln4Pz8ixk5_2iZ-pvc_bCVzHIkrck5bU5TCjlkExxsWXRwo79I3jBZlMmXMF0R-QCthS9jJS5YEcMUgxH"")",https://cs2tokens.com/iem-cologne-2026/items/sticker-tauson-holo-cologne-2026,sticker-tauson-holo-cologne-2026,ok,,https://cs2tokens.com/iem-cologne-2026/items/sticker-tauson-holo-cologne-2026/q-data.json,Sticker | Tauson (Holo) | Cologne 2026,https://steamcommunity.com/market/listings/730/Sticker%20%7C%20Tauson%20%28Holo%29%20%7C%20Cologne%202026,1209,10864,5316,12,iem-cologne-2026,campaign_12,sticker,Autograph,Tauson,GamerLegion,rarity_legendary
2026-06-04 00:38:18,20260604_003818,https://cs2tokens.com/browse?sort=price-asc&finish=Holo,Holo,44ca76730013,Sticker | Jimpphat (Holo) | Cologne 2026,Jimpphat,Cologne 2026,Player,Holo,MOUZ,Exotic,#d32ce6,314,3.11,61,161,0.375,https://community.akamai.steamstatic.com/economy/image/i0CoZ81Ui0m-9KwlBY1L_18myuGuq1wfhWSaZgMttyVfPaERSR0Wqmu7LAocGJai0ki7VeTHjMmuOXSQ61MnpNWipUruRiL7l5vw7Spa-82mZ6hibvXBXWHCx75ysrcwHijhlk5-tjmBw92vInnGbAJyWMB5EeUKtUS6loX5d7S1zp86wso,"=IMAGE(""https://community.akamai.steamstatic.com/economy/image/i0CoZ81Ui0m-9KwlBY1L_18myuGuq1wfhWSaZgMttyVfPaERSR0Wqmu7LAocGJai0ki7VeTHjMmuOXSQ61MnpNWipUruRiL7l5vw7Spa-82mZ6hibvXBXWHCx75ysrcwHijhlk5-tjmBw92vInnGbAJyWMB5EeUKtUS6loX5d7S1zp86wso"")",https://cs2tokens.com/iem-cologne-2026/items/sticker-jimpphat-holo-cologne-2026,sticker-jimpphat-holo-cologne-2026,ok,,https://cs2tokens.com/iem-cologne-2026/items/sticker-jimpphat-holo-cologne-2026/q-data.json,Sticker | Jimpphat (Holo) | Cologne 2026,https://steamcommunity.com/market/listings/730/Sticker%20%7C%20Jimpphat%20%28Holo%29%20%7C%20Cologne%202026,1209,10676,5316,12,iem-cologne-2026,campaign_12,sticker,Autograph,Jimpphat,MOUZ,rarity_legendary
2026-06-04 00:38:18,20260604_003818,https://cs2tokens.com/browse?sort=price-asc&finish=Holo,Holo,da6050cfcdd0,Sticker | esenthial (Holo) | Cologne 2026,esenthial,Cologne 2026,Player,Holo,B8,Exotic,#d32ce6,315,3.12,62,161,0.3812,https://community.akamai.steamstatic.com/economy/image/i0CoZ81Ui0m-9KwlBY1L_18myuGuq1wfhWSaZgMttyVfPaERSR0Wqmu7LAocGJai0ki7VeTHjMmuOXSQ61MnpNWipUruRiL0jZPu6SpS7v6RYKthL77GDD_Bkep05OQ9SnjrzR9-tTnSztz6eXOePQIhDJUlE-UK4xLrm9ayKaq8sLYCJqZm,"=IMAGE(""https://community.akamai.steamstatic.com/economy/image/i0CoZ81Ui0m-9KwlBY1L_18myuGuq1wfhWSaZgMttyVfPaERSR0Wqmu7LAocGJai0ki7VeTHjMmuOXSQ61MnpNWipUruRiL0jZPu6SpS7v6RYKthL77GDD_Bkep05OQ9SnjrzR9-tTnSztz6eXOePQIhDJUlE-UK4xLrm9ayKaq8sLYCJqZm"")",https://cs2tokens.com/iem-cologne-2026/items/sticker-esenthial-holo-cologne-2026,sticker-esenthial-holo-cologne-2026,ok,,https://cs2tokens.com/iem-cologne-2026/items/sticker-esenthial-holo-cologne-2026/q-data.json,Sticker | esenthial (Holo) | Cologne 2026,https://steamcommunity.com/market/listings/730/Sticker%20%7C%20esenthial%20%28Holo%29%20%7C%20Cologne%202026,1209,10884,5316,12,iem-cologne-2026,campaign_12,sticker,Autograph,esenthial,B8,rarity_legendary
2026-06-04 00:38:18,20260604_003818,https://cs2tokens.com/browse?sort=price-asc&finish=Holo,Holo,67e35c573e3c,Sticker | jabbi (Holo) | Cologne 2026,jabbi,Cologne 2026,Player,Holo,Astralis,Exotic,#d32ce6,316,3.13,63,161,0.3875,https://community.akamai.steamstatic.com/economy/image/i0CoZ81Ui0m-9KwlBY1L_18myuGuq1wfhWSaZgMttyVfPaERSR0Wqmu7LAocGJai0ki7VeTHjMmuOXSQ61MnpNWipUruRiL7n5Ti9B1T4P6hJvZvIqWXDWLGw78n4rg4Gii2kEly4W3VnIytcyiSbw9xDZJ5R-YNshOm0oqwIOHlNMk,"=IMAGE(""https://community.akamai.steamstatic.com/economy/image/i0CoZ81Ui0m-9KwlBY1L_18myuGuq1wfhWSaZgMttyVfPaERSR0Wqmu7LAocGJai0ki7VeTHjMmuOXSQ61MnpNWipUruRiL7n5Ti9B1T4P6hJvZvIqWXDWLGw78n4rg4Gii2kEly4W3VnIytcyiSbw9xDZJ5R-YNshOm0oqwIOHlNMk"")",https://cs2tokens.com/iem-cologne-2026/items/sticker-jabbi-holo-cologne-2026,sticker-jabbi-holo-cologne-2026,ok,,https://cs2tokens.com/iem-cologne-2026/items/sticker-jabbi-holo-cologne-2026/q-data.json,Sticker | jabbi (Holo) | Cologne 2026,https://steamcommunity.com/market/listings/730/Sticker%20%7C%20jabbi%20%28Holo%29%20%7C%20Cologne%202026,1209,10748,5316,12,iem-cologne-2026,campaign_12,sticker,Autograph,jabbi,Astralis,rarity_legendary
2026-06-04 00:38:18,20260604_003818,https://cs2tokens.com/browse?sort=price-asc&finish=Holo,Holo,497d22fda716,Sticker | doc (Holo) | Cologne 2026,doc,Cologne 2026,Player,Holo,Sharks Esports,Exotic,#d32ce6,319,3.16,64,161,0.3937,https://community.akamai.steamstatic.com/economy/image/i0CoZ81Ui0m-9KwlBY1L_18myuGuq1wfhWSaZgMttyVfPaERSR0Wqmu7LAocGJai0ki7VeTHjMmuOXSQ61MnpNWipUruRiL1kZXf9S1X4Lz7bKE8cfXAXTHJlu0k6OVoFy3kwBwm6m-Bw4qoIi-UaQUoA8Z4F-YOrFDmxVaNwRLy,"=IMAGE(""https://community.akamai.steamstatic.com/economy/image/i0CoZ81Ui0m-9KwlBY1L_18myuGuq1wfhWSaZgMttyVfPaERSR0Wqmu7LAocGJai0ki7VeTHjMmuOXSQ61MnpNWipUruRiL1kZXf9S1X4Lz7bKE8cfXAXTHJlu0k6OVoFy3kwBwm6m-Bw4qoIi-UaQUoA8Z4F-YOrFDmxVaNwRLy"")",https://cs2tokens.com/iem-cologne-2026/items/sticker-doc-holo-cologne-2026,sticker-doc-holo-cologne-2026,ok,,https://cs2tokens.com/iem-cologne-2026/items/sticker-doc-holo-cologne-2026/q-data.json,Sticker | doc (Holo) | Cologne 2026,https://steamcommunity.com/market/listings/730/Sticker%20%7C%20doc%20%28Holo%29%20%7C%20Cologne%202026,1209,11072,5316,12,iem-cologne-2026,campaign_12,sticker,Autograph,doc,Sharks Esports,rarity_legendary
2026-06-04 00:38:18,20260604_003818,https://cs2tokens.com/browse?sort=price-asc&finish=Holo,Holo,1320996ad66c,Sticker | ultimate (Holo) | Cologne 2026,ultimate,Cologne 2026,Player,Holo,Team Liquid,Exotic,#d32ce6,321,3.18,65,161,0.4,https://community.akamai.steamstatic.com/economy/image/i0CoZ81Ui0m-9KwlBY1L_18myuGuq1wfhWSaZgMttyVfPaERSR0Wqmu7LAocGJai0ki7VeTHjMmuOXSQ61MnpNWipUruRiLkkoLp8CNP6s2mZ6hibqbCXmLJk7Yl4rUwGSviwktztmXSwoyuIH2QbFVzD8clFO4Ntxi-xIb5d7S1ifEMoHI,"=IMAGE(""https://community.akamai.steamstatic.com/economy/image/i0CoZ81Ui0m-9KwlBY1L_18myuGuq1wfhWSaZgMttyVfPaERSR0Wqmu7LAocGJai0ki7VeTHjMmuOXSQ61MnpNWipUruRiLkkoLp8CNP6s2mZ6hibqbCXmLJk7Yl4rUwGSviwktztmXSwoyuIH2QbFVzD8clFO4Ntxi-xIb5d7S1ifEMoHI"")",https://cs2tokens.com/iem-cologne-2026/items/sticker-ultimate-holo-cologne-2026,sticker-ultimate-holo-cologne-2026,ok,,https://cs2tokens.com/iem-cologne-2026/items/sticker-ultimate-holo-cologne-2026/q-data.json,Sticker | ultimate (Holo) | Cologne 2026,https://steamcommunity.com/market/listings/730/Sticker%20%7C%20ultimate%20%28Holo%29%20%7C%20Cologne%202026,1209,11100,5316,12,iem-cologne-2026,campaign_12,sticker,Autograph,ultimate,Team Liquid,rarity_legendary
2026-06-04 00:38:18,20260604_003818,https://cs2tokens.com/browse?sort=price-asc&finish=Holo,Holo,6cd76891da90,Sticker | arT (Holo) | Cologne 2026,arT,Cologne 2026,Player,Holo,Legacy,Exotic,#d32ce6,324,3.21,66,161,0.4062,https://community.akamai.steamstatic.com/economy/image/i0CoZ81Ui0m-9KwlBY1L_18myuGuq1wfhWSaZgMttyVfPaERSR0Wqmu7LAocGJai0ki7VeTHjMmuOXSQ61MnpNWipUruRiLwjILf9S1X4LyoP6I9d6jAXzPHwO1157c6TH3jxUpztmvTy42tICqfP1MoApEiTe9crFDmxQ4VcdsP,"=IMAGE(""https://community.akamai.steamstatic.com/economy/image/i0CoZ81Ui0m-9KwlBY1L_18myuGuq1wfhWSaZgMttyVfPaERSR0Wqmu7LAocGJai0ki7VeTHjMmuOXSQ61MnpNWipUruRiLwjILf9S1X4LyoP6I9d6jAXzPHwO1157c6TH3jxUpztmvTy42tICqfP1MoApEiTe9crFDmxQ4VcdsP"")",https://cs2tokens.com/iem-cologne-2026/items/sticker-art-holo-cologne-2026,sticker-art-holo-cologne-2026,ok,,https://cs2tokens.com/iem-cologne-2026/items/sticker-art-holo-cologne-2026/q-data.json,Sticker | arT (Holo) | Cologne 2026,https://steamcommunity.com/market/listings/730/Sticker%20%7C%20arT%20%28Holo%29%20%7C%20Cologne%202026,1209,10776,5316,12,iem-cologne-2026,campaign_12,sticker,Autograph,arT,Legacy,rarity_legendary
2026-06-04 00:38:18,20260604_003818,https://cs2tokens.com/browse?sort=price-asc&finish=Holo,Holo,221339480a0d,Sticker | Techno4K (Holo) | Cologne 2026,Techno4K,Cologne 2026,Player,Holo,The MongolZ,Exotic,#d32ce6,325,3.22,67,161,0.4125,https://community.akamai.steamstatic.com/economy/image/i0CoZ81Ui0m-9KwlBY1L_18myuGuq1wfhWSaZgMttyVfPaERSR0Wqmu7LAocGJai0ki7VeTHjMmuOXSQ61MnpNWipUruRiLlm5Xo8y0P5M2mZ6hibqGQVmaTmLsh5rg4HXq2kUpx4mXWzI6seHzFZ1cmCZp5F-9YtES-k9f5d7S1sRU1g1I,"=IMAGE(""https://community.akamai.steamstatic.com/economy/image/i0CoZ81Ui0m-9KwlBY1L_18myuGuq1wfhWSaZgMttyVfPaERSR0Wqmu7LAocGJai0ki7VeTHjMmuOXSQ61MnpNWipUruRiLlm5Xo8y0P5M2mZ6hibqGQVmaTmLsh5rg4HXq2kUpx4mXWzI6seHzFZ1cmCZp5F-9YtES-k9f5d7S1sRU1g1I"")",https://cs2tokens.com/iem-cologne-2026/items/sticker-techno4k-holo-cologne-2026,sticker-techno4k-holo-cologne-2026,ok,,https://cs2tokens.com/iem-cologne-2026/items/sticker-techno4k-holo-cologne-2026/q-data.json,Sticker | Techno4K (Holo) | Cologne 2026,https://steamcommunity.com/market/listings/730/Sticker%20%7C%20Techno4K%20%28Holo%29%20%7C%20Cologne%202026,1209,10600,5316,12,iem-cologne-2026,campaign_12,sticker,Autograph,Techno4K,The MongolZ,rarity_legendary
2026-06-04 00:38:18,20260604_003818,https://cs2tokens.com/browse?sort=price-asc&finish=Holo,Holo,f30aa8a5b607,Sticker | zorte (Holo) | Cologne 2026,zorte,Cologne 2026,Player,Holo,BetBoom,Exotic,#d32ce6,325,3.22,68,161,0.4188,https://community.akamai.steamstatic.com/economy/image/i0CoZ81Ui0m-9KwlBY1L_18myuGuq1wfhWSaZgMttyVfPaERSR0Wqmu7LAocGJai0ki7VeTHjMmuOXSQ61MnpNWipUruRiLrkYT0-B1T4P6hJqU4IvLKVzOWk7gn4LQ_G3ixzUl352qAz9yudHyWPVJ1X5QiQeYPsROm0oqwAbXvm4w,"=IMAGE(""https://community.akamai.steamstatic.com/economy/image/i0CoZ81Ui0m-9KwlBY1L_18myuGuq1wfhWSaZgMttyVfPaERSR0Wqmu7LAocGJai0ki7VeTHjMmuOXSQ61MnpNWipUruRiLrkYT0-B1T4P6hJqU4IvLKVzOWk7gn4LQ_G3ixzUl352qAz9yudHyWPVJ1X5QiQeYPsROm0oqwAbXvm4w"")",https://cs2tokens.com/iem-cologne-2026/items/sticker-zorte-holo-cologne-2026,sticker-zorte-holo-cologne-2026,ok,,https://cs2tokens.com/iem-cologne-2026/items/sticker-zorte-holo-cologne-2026/q-data.json,Sticker | zorte (Holo) | Cologne 2026,https://steamcommunity.com/market/listings/730/Sticker%20%7C%20zorte%20%28Holo%29%20%7C%20Cologne%202026,1209,10920,5316,12,iem-cologne-2026,campaign_12,sticker,Autograph,zorte,BetBoom,rarity_legendary
2026-06-04 00:38:18,20260604_003818,https://cs2tokens.com/browse?sort=price-asc&finish=Holo,Holo,df4337c02c0c,Sticker | latto (Holo) | Cologne 2026,latto,Cologne 2026,Player,Holo,Legacy,Exotic,#d32ce6,327,3.24,69,161,0.425,https://community.akamai.steamstatic.com/economy/image/i0CoZ81Ui0m-9KwlBY1L_18myuGuq1wfhWSaZgMttyVfPaERSR0Wqmu7LAocGJai0ki7VeTHjMmuOXSQ61MnpNWipUruRiL9n4L08h1T4P6hJvZvdqDDWmHAkLknsrM4TSznkUsh42mBm4qseCjEbQEiW5skRLMJtEKm0oqw5ZCQHnU,"=IMAGE(""https://community.akamai.steamstatic.com/economy/image/i0CoZ81Ui0m-9KwlBY1L_18myuGuq1wfhWSaZgMttyVfPaERSR0Wqmu7LAocGJai0ki7VeTHjMmuOXSQ61MnpNWipUruRiL9n4L08h1T4P6hJvZvdqDDWmHAkLknsrM4TSznkUsh42mBm4qseCjEbQEiW5skRLMJtEKm0oqw5ZCQHnU"")",https://cs2tokens.com/iem-cologne-2026/items/sticker-latto-holo-cologne-2026,sticker-latto-holo-cologne-2026,ok,,https://cs2tokens.com/iem-cologne-2026/items/sticker-latto-holo-cologne-2026/q-data.json,Sticker | latto (Holo) | Cologne 2026,https://steamcommunity.com/market/listings/730/Sticker%20%7C%20latto%20%28Holo%29%20%7C%20Cologne%202026,1209,10780,5316,12,iem-cologne-2026,campaign_12,sticker,Autograph,latto,Legacy,rarity_legendary
2026-06-04 00:38:18,20260604_003818,https://cs2tokens.com/browse?sort=price-asc&finish=Holo,Holo,b9a9d7eff0ed,Sticker | Grim (Holo) | Cologne 2026,Grim,Cologne 2026,Player,Holo,NRG,Exotic,#d32ce6,328,3.25,70,161,0.4313,https://community.akamai.steamstatic.com/economy/image/i0CoZ81Ui0m-9KwlBY1L_18myuGuq1wfhWSaZgMttyVfPaERSR0Wqmu7LAocGJai0ki7VeTHjMmuOXSQ61MnpNWipUruRiL2jJ_twipU4_3gPaE8dvHBDWORxboh5bBqHH23lE1152_Ryt79JH_CbgBzDpF1QO4Ksg74zIPwefaIaw,"=IMAGE(""https://community.akamai.steamstatic.com/economy/image/i0CoZ81Ui0m-9KwlBY1L_18myuGuq1wfhWSaZgMttyVfPaERSR0Wqmu7LAocGJai0ki7VeTHjMmuOXSQ61MnpNWipUruRiL2jJ_twipU4_3gPaE8dvHBDWORxboh5bBqHH23lE1152_Ryt79JH_CbgBzDpF1QO4Ksg74zIPwefaIaw"")",https://cs2tokens.com/iem-cologne-2026/items/sticker-grim-holo-cologne-2026,sticker-grim-holo-cologne-2026,ok,,https://cs2tokens.com/iem-cologne-2026/items/sticker-grim-holo-cologne-2026/q-data.json,Sticker | Grim (Holo) | Cologne 2026,https://steamcommunity.com/market/listings/730/Sticker%20%7C%20Grim%20%28Holo%29%20%7C%20Cologne%202026,1209,11016,5316,12,iem-cologne-2026,campaign_12,sticker,Autograph,Grim,NRG,rarity_legendary
2026-06-04 00:38:18,20260604_003818,https://cs2tokens.com/browse?sort=price-asc&finish=Holo,Holo,29fd6c914915,Sticker | s1n (Holo) | Cologne 2026,s1n,Cologne 2026,Player,Holo,M80,Exotic,#d32ce6,333,3.3,71,161,0.4375,https://community.akamai.steamstatic.com/economy/image/i0CoZ81Ui0m-9KwlBY1L_18myuGuq1wfhWSaZgMttyVfPaERSR0Wqmu7LAocGJai0ki7VeTHjMmuOXSQ61MnpNWipUruRiLiz5jf9S1X4Lz9PKdscKSQC2bJxe9ztrQ7FyznlER0sDjQzN77IHLGPVcnD5BwQudfrFDmxdWPH0OL,"=IMAGE(""https://community.akamai.steamstatic.com/economy/image/i0CoZ81Ui0m-9KwlBY1L_18myuGuq1wfhWSaZgMttyVfPaERSR0Wqmu7LAocGJai0ki7VeTHjMmuOXSQ61MnpNWipUruRiLiz5jf9S1X4Lz9PKdscKSQC2bJxe9ztrQ7FyznlER0sDjQzN77IHLGPVcnD5BwQudfrFDmxdWPH0OL"")",https://cs2tokens.com/iem-cologne-2026/items/sticker-s1n-holo-cologne-2026,sticker-s1n-holo-cologne-2026,ok,,https://cs2tokens.com/iem-cologne-2026/items/sticker-s1n-holo-cologne-2026/q-data.json,Sticker | s1n (Holo) | Cologne 2026,https://steamcommunity.com/market/listings/730/Sticker%20%7C%20s1n%20%28Holo%29%20%7C%20Cologne%202026,1209,10968,5316,12,iem-cologne-2026,campaign_12,sticker,Autograph,s1n,M80,rarity_legendary
2026-06-04 00:38:18,20260604_003818,https://cs2tokens.com/browse?sort=price-asc&finish=Holo,Holo,7bee3667e303,Sticker | v$m (Holo) | Cologne 2026,v$m,Cologne 2026,Player,Holo,paiN Gaming,Exotic,#d32ce6,340,3.37,72,161,0.4437,https://community.akamai.steamstatic.com/economy/image/i0CoZ81Ui0m-9KwlBY1L_18myuGuq1wfhWSaZgMttyVfPaERSR0Wqmu7LAocGJai0ki7VeTHjMmuOXSQ61MnpNWipUruRiLnjZvf9S1X4LyvOaVucqCWXzXJwLou5bVoTXjlxEkm5m-ByN38J3iXalIgW5smTLMNrFDmxeF92SXn,"=IMAGE(""https://community.akamai.steamstatic.com/economy/image/i0CoZ81Ui0m-9KwlBY1L_18myuGuq1wfhWSaZgMttyVfPaERSR0Wqmu7LAocGJai0ki7VeTHjMmuOXSQ61MnpNWipUruRiLnjZvf9S1X4LyvOaVucqCWXzXJwLou5bVoTXjlxEkm5m-ByN38J3iXalIgW5smTLMNrFDmxeF92SXn"")",https://cs2tokens.com/iem-cologne-2026/items/sticker-v-m-holo-cologne-2026,sticker-v-m-holo-cologne-2026,ok,,https://cs2tokens.com/iem-cologne-2026/items/sticker-v-m-holo-cologne-2026/q-data.json,Sticker | v$m (Holo) | Cologne 2026,https://steamcommunity.com/market/listings/730/Sticker%20%7C%20v%24m%20%28Holo%29%20%7C%20Cologne%202026,1209,10812,5316,12,iem-cologne-2026,campaign_12,sticker,Autograph,v$m,paiN Gaming,rarity_legendary
2026-06-04 00:38:18,20260604_003818,https://cs2tokens.com/browse?sort=price-asc&finish=Holo,Holo,29520b418e6a,Sticker | huNter- (Holo) | Cologne 2026,huNter-,Cologne 2026,Player,Holo,G2 Esports,Exotic,#d32ce6,343,3.4,73,161,0.45,https://community.akamai.steamstatic.com/economy/image/i0CoZ81Ui0m-9KwlBY1L_18myuGuq1wfhWSaZgMttyVfPaERSR0Wqmu7LAocGJai0ki7VeTHjMmuOXSQ61MnpNWipUruRiL5i5j0-DBk5_2iZ-o8IaHBXDOVlegjtbk7TXjrw00hsTjSz42qd3_EblRyA8R0EeFftELqjJS5YJlw3xvZ,"=IMAGE(""https://community.akamai.steamstatic.com/economy/image/i0CoZ81Ui0m-9KwlBY1L_18myuGuq1wfhWSaZgMttyVfPaERSR0Wqmu7LAocGJai0ki7VeTHjMmuOXSQ61MnpNWipUruRiL5i5j0-DBk5_2iZ-o8IaHBXDOVlegjtbk7TXjrw00hsTjSz42qd3_EblRyA8R0EeFftELqjJS5YJlw3xvZ"")",https://cs2tokens.com/iem-cologne-2026/items/sticker-hunter-holo-cologne-2026,sticker-hunter-holo-cologne-2026,ok,,https://cs2tokens.com/iem-cologne-2026/items/sticker-hunter-holo-cologne-2026/q-data.json,Sticker | huNter- (Holo) | Cologne 2026,https://steamcommunity.com/market/listings/730/Sticker%20%7C%20huNter-%20%28Holo%29%20%7C%20Cologne%202026,1209,10756,5316,12,iem-cologne-2026,campaign_12,sticker,Autograph,huNter-,G2 Esports,rarity_legendary
2026-06-04 00:38:18,20260604_003818,https://cs2tokens.com/browse?sort=price-asc&finish=Holo,Holo,7663d56a8dea,Sticker | NAF (Holo) | Cologne 2026,NAF,Cologne 2026,Player,Holo,Team Liquid,Exotic,#d32ce6,343,3.4,74,161,0.4562,https://community.akamai.steamstatic.com/economy/image/i0CoZ81Ui0m-9KwlBY1L_18myuGuq1wfhWSaZgMttyVfPaERSR0Wqmu7LAocGJai0ki7VeTHjMmuOXSQ61MnpNWipUruRiL_n5Df9S1X4LyobPI6daXEXGXDme0jsbY5GXvrwEtw6z7UyYn7IyqXOFJ1D5UiQrYJrFDmxfLa9wlE,"=IMAGE(""https://community.akamai.steamstatic.com/economy/image/i0CoZ81Ui0m-9KwlBY1L_18myuGuq1wfhWSaZgMttyVfPaERSR0Wqmu7LAocGJai0ki7VeTHjMmuOXSQ61MnpNWipUruRiL_n5Df9S1X4LyobPI6daXEXGXDme0jsbY5GXvrwEtw6z7UyYn7IyqXOFJ1D5UiQrYJrFDmxfLa9wlE"")",https://cs2tokens.com/iem-cologne-2026/items/sticker-naf-holo-cologne-2026,sticker-naf-holo-cologne-2026,ok,,https://cs2tokens.com/iem-cologne-2026/items/sticker-naf-holo-cologne-2026/q-data.json,Sticker | NAF (Holo) | Cologne 2026,https://steamcommunity.com/market/listings/730/Sticker%20%7C%20NAF%20%28Holo%29%20%7C%20Cologne%202026,1209,11112,5316,12,iem-cologne-2026,campaign_12,sticker,Autograph,NAF,Team Liquid,rarity_legendary
2026-06-04 00:38:18,20260604_003818,https://cs2tokens.com/browse?sort=price-asc&finish=Holo,Holo,2e6721826ab3,Sticker | slaxz- (Holo) | Cologne 2026,slaxz-,Cologne 2026,Player,Holo,M80,Exotic,#d32ce6,344,3.41,75,161,0.4625,https://community.akamai.steamstatic.com/economy/image/i0CoZ81Ui0m-9KwlBY1L_18myuGuq1wfhWSaZgMttyVfPaERSR0Wqmu7LAocGJai0ki7VeTHjMmuOXSQ61MnpNWipUruRiLikpf45x1T4P6hJqZreKHGWWPBlb4usrhoFyvrk0V142qDm9-hdi6fOwMiD8FwFO4PshGm0oqwa_g0Fjc,"=IMAGE(""https://community.akamai.steamstatic.com/economy/image/i0CoZ81Ui0m-9KwlBY1L_18myuGuq1wfhWSaZgMttyVfPaERSR0Wqmu7LAocGJai0ki7VeTHjMmuOXSQ61MnpNWipUruRiLikpf45x1T4P6hJqZreKHGWWPBlb4usrhoFyvrk0V142qDm9-hdi6fOwMiD8FwFO4PshGm0oqwa_g0Fjc"")",https://cs2tokens.com/iem-cologne-2026/items/sticker-slaxz-holo-cologne-2026,sticker-slaxz-holo-cologne-2026,ok,,https://cs2tokens.com/iem-cologne-2026/items/sticker-slaxz-holo-cologne-2026/q-data.json,Sticker | slaxz- (Holo) | Cologne 2026,https://steamcommunity.com/market/listings/730/Sticker%20%7C%20slaxz-%20%28Holo%29%20%7C%20Cologne%202026,1209,10972,5316,12,iem-cologne-2026,campaign_12,sticker,Autograph,slaxz-,M80,rarity_legendary
2026-06-04 00:38:18,20260604_003818,https://cs2tokens.com/browse?sort=price-asc&finish=Holo,Holo,a629e9d0693b,Sticker | westmelon (Holo) | Cologne 2026,westmelon,Cologne 2026,Player,Holo,Lynn Vision,Exotic,#d32ce6,347,3.44,76,161,0.4688,https://community.akamai.steamstatic.com/economy/image/i0CoZ81Ui0m-9KwlBY1L_18myuGuq1wfhWSaZgMttyVfPaERSR0Wqmu7LAocGJai0ki7VeTHjMmuOXSQ61MnpNWipUruRiLmm4X08CdX4PyRYKthL77GXWbImbsgs-Q_TCjhk0sl42yGm9ihICnDbgAjX8B0QeBY4Ra6mtC0Kaq8sGY91JtQ,"=IMAGE(""https://community.akamai.steamstatic.com/economy/image/i0CoZ81Ui0m-9KwlBY1L_18myuGuq1wfhWSaZgMttyVfPaERSR0Wqmu7LAocGJai0ki7VeTHjMmuOXSQ61MnpNWipUruRiLmm4X08CdX4PyRYKthL77GXWbImbsgs-Q_TCjhk0sl42yGm9ihICnDbgAjX8B0QeBY4Ra6mtC0Kaq8sGY91JtQ"")",https://cs2tokens.com/iem-cologne-2026/items/sticker-westmelon-holo-cologne-2026,sticker-westmelon-holo-cologne-2026,ok,,https://cs2tokens.com/iem-cologne-2026/items/sticker-westmelon-holo-cologne-2026/q-data.json,Sticker | westmelon (Holo) | Cologne 2026,https://steamcommunity.com/market/listings/730/Sticker%20%7C%20westmelon%20%28Holo%29%20%7C%20Cologne%202026,1209,11116,5316,12,iem-cologne-2026,campaign_12,sticker,Autograph,westmelon,Lynn Vision,rarity_legendary
2026-06-04 00:38:18,20260604_003818,https://cs2tokens.com/browse?sort=price-asc&finish=Holo,Holo,a34eeed32d24,Sticker | JBa (Holo) | Cologne 2026,JBa,Cologne 2026,Player,Holo,M80,Exotic,#d32ce6,352,3.48,77,161,0.475,https://community.akamai.steamstatic.com/economy/image/i0CoZ81Ui0m-9KwlBY1L_18myuGuq1wfhWSaZgMttyVfPaERSR0Wqmu7LAocGJai0ki7VeTHjMmuOXSQ61MnpNWipUruRiL7nJff9S1X4LyobqBsJPXHCDeRlbZ0s-NrHCrjxBtw5TjczNetIi7COA50XscjEeYCrFDmxUUCci4U,"=IMAGE(""https://community.akamai.steamstatic.com/economy/image/i0CoZ81Ui0m-9KwlBY1L_18myuGuq1wfhWSaZgMttyVfPaERSR0Wqmu7LAocGJai0ki7VeTHjMmuOXSQ61MnpNWipUruRiL7nJff9S1X4LyobqBsJPXHCDeRlbZ0s-NrHCrjxBtw5TjczNetIi7COA50XscjEeYCrFDmxUUCci4U"")",https://cs2tokens.com/iem-cologne-2026/items/sticker-jba-holo-cologne-2026,sticker-jba-holo-cologne-2026,ok,,https://cs2tokens.com/iem-cologne-2026/items/sticker-jba-holo-cologne-2026/q-data.json,Sticker | JBa (Holo) | Cologne 2026,https://steamcommunity.com/market/listings/730/Sticker%20%7C%20JBa%20%28Holo%29%20%7C%20Cologne%202026,1209,10964,5316,12,iem-cologne-2026,campaign_12,sticker,Autograph,JBa,M80,rarity_legendary
2026-06-04 00:38:18,20260604_003818,https://cs2tokens.com/browse?sort=price-asc&finish=Holo,Holo,37420b328a4c,Sticker | insani (Holo) | Cologne 2026,insani,Cologne 2026,Player,Holo,MIBR,Exotic,#d32ce6,356,3.52,78,161,0.4813,https://community.akamai.steamstatic.com/economy/image/i0CoZ81Ui0m-9KwlBY1L_18myuGuq1wfhWSaZgMttyVfPaERSR0Wqmu7LAocGJai0ki7VeTHjMmuOXSQ61MnpNWipUruRiL4kIXh8ytk5_2iZ-o-JqDLVmTGkLsgteU4Snzmlkl1tW3SzduhdH-RbwQgDMElEbYI5BS5jJS5YHs8oPEU,"=IMAGE(""https://community.akamai.steamstatic.com/economy/image/i0CoZ81Ui0m-9KwlBY1L_18myuGuq1wfhWSaZgMttyVfPaERSR0Wqmu7LAocGJai0ki7VeTHjMmuOXSQ61MnpNWipUruRiL4kIXh8ytk5_2iZ-o-JqDLVmTGkLsgteU4Snzmlkl1tW3SzduhdH-RbwQgDMElEbYI5BS5jJS5YHs8oPEU"")",https://cs2tokens.com/iem-cologne-2026/items/sticker-insani-holo-cologne-2026,sticker-insani-holo-cologne-2026,ok,,https://cs2tokens.com/iem-cologne-2026/items/sticker-insani-holo-cologne-2026/q-data.json,Sticker | insani (Holo) | Cologne 2026,https://steamcommunity.com/market/listings/730/Sticker%20%7C%20insani%20%28Holo%29%20%7C%20Cologne%202026,1209,10980,5316,12,iem-cologne-2026,campaign_12,sticker,Autograph,insani,MIBR,rarity_legendary
2026-06-04 00:38:18,20260604_003818,https://cs2tokens.com/browse?sort=price-asc&finish=Holo,Holo,e3088a331acc,Sticker | alex666 (Holo) | Cologne 2026,alex666,Cologne 2026,Player,Holo,B8,Exotic,#d32ce6,359,3.55,79,161,0.4875,https://community.akamai.steamstatic.com/economy/image/i0CoZ81Ui0m-9KwlBY1L_18myuGuq1wfhWSaZgMttyVfPaERSR0Wqmu7LAocGJai0ki7VeTHjMmuOXSQ61MnpNWipUruRiLwkpP4q3QN0PqhZKsjc6CWWTSSk7gv6bZsGS-xzUklsj7Two6tcSiVb1IlWcN0FrED5hCxkcqnab0rDIncfQ,"=IMAGE(""https://community.akamai.steamstatic.com/economy/image/i0CoZ81Ui0m-9KwlBY1L_18myuGuq1wfhWSaZgMttyVfPaERSR0Wqmu7LAocGJai0ki7VeTHjMmuOXSQ61MnpNWipUruRiLwkpP4q3QN0PqhZKsjc6CWWTSSk7gv6bZsGS-xzUklsj7Two6tcSiVb1IlWcN0FrED5hCxkcqnab0rDIncfQ"")",https://cs2tokens.com/iem-cologne-2026/items/sticker-alex666-holo-cologne-2026,sticker-alex666-holo-cologne-2026,ok,,https://cs2tokens.com/iem-cologne-2026/items/sticker-alex666-holo-cologne-2026/q-data.json,Sticker | alex666 (Holo) | Cologne 2026,https://steamcommunity.com/market/listings/730/Sticker%20%7C%20alex666%20%28Holo%29%20%7C%20Cologne%202026,1209,10888,5316,12,iem-cologne-2026,campaign_12,sticker,Autograph,alex666,B8,rarity_legendary
2026-06-04 00:38:18,20260604_003818,https://cs2tokens.com/browse?sort=price-asc&finish=Holo,Holo,bf53c370d589,Sticker | Lake (Holo) | Cologne 2026,Lake,Cologne 2026,Player,Holo,M80,Exotic,#d32ce6,359,3.55,80,161,0.4938,https://community.akamai.steamstatic.com/economy/image/i0CoZ81Ui0m-9KwlBY1L_18myuGuq1wfhWSaZgMttyVfPaERSR0Wqmu7LAocGJai0ki7VeTHjMmuOXSQ61MnpNWipUruRiL9n53lwipU4_3gafRvcqWWDzPFwLsvtOI_Hiqxl0gmtTnRn9uvdX7BawZyCsdyTLUL4Q74zINNSt7vUg,"=IMAGE(""https://community.akamai.steamstatic.com/economy/image/i0CoZ81Ui0m-9KwlBY1L_18myuGuq1wfhWSaZgMttyVfPaERSR0Wqmu7LAocGJai0ki7VeTHjMmuOXSQ61MnpNWipUruRiL9n53lwipU4_3gafRvcqWWDzPFwLsvtOI_Hiqxl0gmtTnRn9uvdX7BawZyCsdyTLUL4Q74zINNSt7vUg"")",https://cs2tokens.com/iem-cologne-2026/items/sticker-lake-holo-cologne-2026,sticker-lake-holo-cologne-2026,ok,,https://cs2tokens.com/iem-cologne-2026/items/sticker-lake-holo-cologne-2026/q-data.json,Sticker | Lake (Holo) | Cologne 2026,https://steamcommunity.com/market/listings/730/Sticker%20%7C%20Lake%20%28Holo%29%20%7C%20Cologne%202026,1209,10960,5316,12,iem-cologne-2026,campaign_12,sticker,Autograph,Lake,M80,rarity_legendary
2026-06-04 00:38:18,20260604_003818,https://cs2tokens.com/browse?sort=price-asc&finish=Holo,Holo,ea64698caf04,Sticker | zweih (Holo) | Cologne 2026,zweih,Cologne 2026,Player,Holo,PARIVISION,Exotic,#d32ce6,373,3.69,81,161,0.5,https://community.akamai.steamstatic.com/economy/image/i0CoZ81Ui0m-9KwlBY1L_18myuGuq1wfhWSaZgMttyVfPaERSR0Wqmu7LAocGJai0ki7VeTHjMmuOXSQ61MnpNWipUruRiLriZPp9R1T4P6hJvdvcafHWWHBlOwm5OVoHXjjwU12sDnQyIv9IyqUPQAkDJQkQLIL4Rim0oqw37ZKQQE,"=IMAGE(""https://community.akamai.steamstatic.com/economy/image/i0CoZ81Ui0m-9KwlBY1L_18myuGuq1wfhWSaZgMttyVfPaERSR0Wqmu7LAocGJai0ki7VeTHjMmuOXSQ61MnpNWipUruRiLriZPp9R1T4P6hJvdvcafHWWHBlOwm5OVoHXjjwU12sDnQyIv9IyqUPQAkDJQkQLIL4Rim0oqw37ZKQQE"")",https://cs2tokens.com/iem-cologne-2026/items/sticker-zweih-holo-cologne-2026,sticker-zweih-holo-cologne-2026,ok,,https://cs2tokens.com/iem-cologne-2026/items/sticker-zweih-holo-cologne-2026/q-data.json,Sticker | zweih (Holo) | Cologne 2026,https://steamcommunity.com/market/listings/730/Sticker%20%7C%20zweih%20%28Holo%29%20%7C%20Cologne%202026,1209,10632,5316,12,iem-cologne-2026,campaign_12,sticker,Autograph,zweih,PARIVISION,rarity_legendary
2026-06-04 00:38:18,20260604_003818,https://cs2tokens.com/browse?sort=price-asc&finish=Holo,Holo,f6bb65caa27f,Sticker | Moseyuh (Holo) | Cologne 2026,Moseyuh,Cologne 2026,Player,Holo,TYLOO,Exotic,#d32ce6,375,3.71,82,161,0.5062,https://community.akamai.steamstatic.com/economy/image/i0CoZ81Ui0m-9KwlBY1L_18myuGuq1wfhWSaZgMttyVfPaERSR0Wqmu7LAocGJai0ki7VeTHjMmuOXSQ61MnpNWipUruRiL8kYXl5DdT0PqhZKsjIanLDGLIwrol6edvS3zqwRlw5DzQytegIH6TbwAhXpMhRuRfsEXrxsqnab2rskRPqA,"=IMAGE(""https://community.akamai.steamstatic.com/economy/image/i0CoZ81Ui0m-9KwlBY1L_18myuGuq1wfhWSaZgMttyVfPaERSR0Wqmu7LAocGJai0ki7VeTHjMmuOXSQ61MnpNWipUruRiL8kYXl5DdT0PqhZKsjIanLDGLIwrol6edvS3zqwRlw5DzQytegIH6TbwAhXpMhRuRfsEXrxsqnab2rskRPqA"")",https://cs2tokens.com/iem-cologne-2026/items/sticker-moseyuh-holo-cologne-2026,sticker-moseyuh-holo-cologne-2026,ok,,https://cs2tokens.com/iem-cologne-2026/items/sticker-moseyuh-holo-cologne-2026/q-data.json,Sticker | Moseyuh (Holo) | Cologne 2026,https://steamcommunity.com/market/listings/730/Sticker%20%7C%20Moseyuh%20%28Holo%29%20%7C%20Cologne%202026,1209,11048,5316,12,iem-cologne-2026,campaign_12,sticker,Autograph,Moseyuh,TYLOO,rarity_legendary
2026-06-04 00:38:18,20260604_003818,https://cs2tokens.com/browse?sort=price-asc&finish=Holo,Holo,544ae10f8ab7,Sticker | Sonic (Holo) | Cologne 2026,Sonic,Cologne 2026,Player,Holo,NRG,Exotic,#d32ce6,378,3.74,83,161,0.5125,https://community.akamai.steamstatic.com/economy/image/i0CoZ81Ui0m-9KwlBY1L_18myuGuq1wfhWSaZgMttyVfPaERSR0Wqmu7LAocGJai0ki7VeTHjMmuOXSQ61MnpNWipUruRiLikZjp_h1T4P6hJvJscvHLDDfElbsg5eU9Gy-1kEtwsjiEyY6rcH-RaVQgDJpwTOFc4Eam0oqwJS9yAps,"=IMAGE(""https://community.akamai.steamstatic.com/economy/image/i0CoZ81Ui0m-9KwlBY1L_18myuGuq1wfhWSaZgMttyVfPaERSR0Wqmu7LAocGJai0ki7VeTHjMmuOXSQ61MnpNWipUruRiLikZjp_h1T4P6hJvJscvHLDDfElbsg5eU9Gy-1kEtwsjiEyY6rcH-RaVQgDJpwTOFc4Eam0oqwJS9yAps"")",https://cs2tokens.com/iem-cologne-2026/items/sticker-sonic-holo-cologne-2026,sticker-sonic-holo-cologne-2026,ok,,https://cs2tokens.com/iem-cologne-2026/items/sticker-sonic-holo-cologne-2026/q-data.json,Sticker | Sonic (Holo) | Cologne 2026,https://steamcommunity.com/market/listings/730/Sticker%20%7C%20Sonic%20%28Holo%29%20%7C%20Cologne%202026,1209,11028,5316,12,iem-cologne-2026,campaign_12,sticker,Autograph,Sonic,NRG,rarity_legendary
2026-06-04 00:38:18,20260604_003818,https://cs2tokens.com/browse?sort=price-asc&finish=Holo,Holo,2beada2f6369,Sticker | dumau (Holo) | Cologne 2026,dumau,Cologne 2026,Player,Holo,Legacy,Exotic,#d32ce6,388,3.84,84,161,0.5188,https://community.akamai.steamstatic.com/economy/image/i0CoZ81Ui0m-9KwlBY1L_18myuGuq1wfhWSaZgMttyVfPaERSR0Wqmu7LAocGJai0ki7VeTHjMmuOXSQ61MnpNWipUruRiL1i5vh6B1T4P6hJqJoeajDWj_EwLkn6edqH33hkU5x6mmAzNavcSnEblchD8B4E-Ne50Km0oqw8iCllec,"=IMAGE(""https://community.akamai.steamstatic.com/economy/image/i0CoZ81Ui0m-9KwlBY1L_18myuGuq1wfhWSaZgMttyVfPaERSR0Wqmu7LAocGJai0ki7VeTHjMmuOXSQ61MnpNWipUruRiL1i5vh6B1T4P6hJqJoeajDWj_EwLkn6edqH33hkU5x6mmAzNavcSnEblchD8B4E-Ne50Km0oqw8iCllec"")",https://cs2tokens.com/iem-cologne-2026/items/sticker-dumau-holo-cologne-2026,sticker-dumau-holo-cologne-2026,ok,,https://cs2tokens.com/iem-cologne-2026/items/sticker-dumau-holo-cologne-2026/q-data.json,Sticker | dumau (Holo) | Cologne 2026,https://steamcommunity.com/market/listings/730/Sticker%20%7C%20dumau%20%28Holo%29%20%7C%20Cologne%202026,1209,10784,5316,12,iem-cologne-2026,campaign_12,sticker,Autograph,dumau,Legacy,rarity_legendary
2026-06-04 00:38:18,20260604_003818,https://cs2tokens.com/browse?sort=price-asc&finish=Holo,Holo,138ac1260144,Sticker | stressarN (Holo) | Cologne 2026,stressarN,Cologne 2026,Player,Holo,,Exotic,#d32ce6,388,3.84,85,161,0.525,https://community.akamai.steamstatic.com/economy/image/i0CoZ81Ui0m-9KwlBY1L_18myuGuq1wfhWSaZgMttyVfPaERSR0Wqmu7LAocGJai0ki7VeTHjMmuOXSQ61MnpNWipUruRiLiioTl7jFa_fyRYKthL76SDz-Tku905bNsTijmxkR26m-Dm4r4cX7Baw8kX5VxELMC5EG7ldHjKaq8sPK6XcG_,"=IMAGE(""https://community.akamai.steamstatic.com/economy/image/i0CoZ81Ui0m-9KwlBY1L_18myuGuq1wfhWSaZgMttyVfPaERSR0Wqmu7LAocGJai0ki7VeTHjMmuOXSQ61MnpNWipUruRiLiioTl7jFa_fyRYKthL76SDz-Tku905bNsTijmxkR26m-Dm4r4cX7Baw8kX5VxELMC5EG7ldHjKaq8sPK6XcG_"")",https://cs2tokens.com/iem-cologne-2026/items/sticker-stressarn-holo-cologne-2026,sticker-stressarn-holo-cologne-2026,ok,,https://cs2tokens.com/iem-cologne-2026/items/sticker-stressarn-holo-cologne-2026/q-data.json,Sticker | stressarN (Holo) | Cologne 2026,https://steamcommunity.com/market/listings/730/Sticker%20%7C%20stressarN%20%28Holo%29%20%7C%20Cologne%202026,1209,11012,5316,12,iem-cologne-2026,campaign_12,sticker,Autograph,stressarN,,rarity_legendary
2026-06-04 00:38:18,20260604_003818,https://cs2tokens.com/browse?sort=price-asc&finish=Holo,Holo,9f3fa39ccc21,Sticker | malbsMd (Holo) | Cologne 2026,malbsMd,Cologne 2026,Player,Holo,Team Liquid,Exotic,#d32ce6,388,3.84,86,161,0.5312,https://community.akamai.steamstatic.com/economy/image/i0CoZ81Ui0m-9KwlBY1L_18myuGuq1wfhWSaZgMttyVfPaERSR0Wqmu7LAocGJai0ki7VeTHjMmuOXSQ61MnpNWipUruRiL8n5ri7i9f0PqhZKsjcabKVzPHkrd3s-JsGyjgzR514TvdzoqpIHyXaAAiWZRyRuFbukbqxsqnab3ZEcq2hw,"=IMAGE(""https://community.akamai.steamstatic.com/economy/image/i0CoZ81Ui0m-9KwlBY1L_18myuGuq1wfhWSaZgMttyVfPaERSR0Wqmu7LAocGJai0ki7VeTHjMmuOXSQ61MnpNWipUruRiL8n5ri7i9f0PqhZKsjcabKVzPHkrd3s-JsGyjgzR514TvdzoqpIHyXaAAiWZRyRuFbukbqxsqnab3ZEcq2hw"")",https://cs2tokens.com/iem-cologne-2026/items/sticker-malbsmd-holo-cologne-2026,sticker-malbsmd-holo-cologne-2026,ok,,https://cs2tokens.com/iem-cologne-2026/items/sticker-malbsmd-holo-cologne-2026/q-data.json,Sticker | malbsMd (Holo) | Cologne 2026,https://steamcommunity.com/market/listings/730/Sticker%20%7C%20malbsMd%20%28Holo%29%20%7C%20Cologne%202026,1209,11104,5316,12,iem-cologne-2026,campaign_12,sticker,Autograph,malbsMd,Team Liquid,rarity_legendary
2026-06-04 00:38:18,20260604_003818,https://cs2tokens.com/browse?sort=price-asc&finish=Holo,Holo,a880c6c0a5dc,Sticker | dziugss (Holo) | Cologne 2026,dziugss,Cologne 2026,Player,Holo,,Exotic,#d32ce6,391,3.87,87,161,0.5375,https://community.akamai.steamstatic.com/economy/image/i0CoZ81Ui0m-9KwlBY1L_18myuGuq1wfhWSaZgMttyVfPaERSR0Wqmu7LAocGJai0ki7VeTHjMmuOXSQ61MnpNWipUruRiL1hJ_1-jFI0PqhZKsjdqWWCGPDwuty5LlqS3iwwU115WWDy4r7dSjDbA9yWcd2EeJf4RO8kMqnab0LzF1vGQ,"=IMAGE(""https://community.akamai.steamstatic.com/economy/image/i0CoZ81Ui0m-9KwlBY1L_18myuGuq1wfhWSaZgMttyVfPaERSR0Wqmu7LAocGJai0ki7VeTHjMmuOXSQ61MnpNWipUruRiL1hJ_1-jFI0PqhZKsjdqWWCGPDwuty5LlqS3iwwU115WWDy4r7dSjDbA9yWcd2EeJf4RO8kMqnab0LzF1vGQ"")",https://cs2tokens.com/iem-cologne-2026/items/sticker-dziugss-holo-cologne-2026,sticker-dziugss-holo-cologne-2026,ok,,https://cs2tokens.com/iem-cologne-2026/items/sticker-dziugss-holo-cologne-2026/q-data.json,Sticker | dziugss (Holo) | Cologne 2026,https://steamcommunity.com/market/listings/730/Sticker%20%7C%20dziugss%20%28Holo%29%20%7C%20Cologne%202026,1209,10712,5316,12,iem-cologne-2026,campaign_12,sticker,Autograph,dziugss,,rarity_legendary
2026-06-04 00:38:18,20260604_003818,https://cs2tokens.com/browse?sort=price-asc&finish=Holo,Holo,548001363495,Sticker | Mercury (Holo) | Cologne 2026,Mercury,Cologne 2026,Player,Holo,TYLOO,Exotic,#d32ce6,395,3.91,88,161,0.5437,https://community.akamai.steamstatic.com/economy/image/i0CoZ81Ui0m-9KwlBY1L_18myuGuq1wfhWSaZgMttyVfPaERSR0Wqmu7LAocGJai0ki7VeTHjMmuOXSQ61MnpNWipUruRiL8m4Tj6DBC0PqhZKsjd6iRXGKRlusus7g_TH-1xBtx42ndz4moeC-SOFQiC8d1QOUDs0XrxMqnab2363vFJw,"=IMAGE(""https://community.akamai.steamstatic.com/economy/image/i0CoZ81Ui0m-9KwlBY1L_18myuGuq1wfhWSaZgMttyVfPaERSR0Wqmu7LAocGJai0ki7VeTHjMmuOXSQ61MnpNWipUruRiL8m4Tj6DBC0PqhZKsjd6iRXGKRlusus7g_TH-1xBtx42ndz4moeC-SOFQiC8d1QOUDs0XrxMqnab2363vFJw"")",https://cs2tokens.com/iem-cologne-2026/items/sticker-mercury-holo-cologne-2026,sticker-mercury-holo-cologne-2026,ok,,https://cs2tokens.com/iem-cologne-2026/items/sticker-mercury-holo-cologne-2026/q-data.json,Sticker | Mercury (Holo) | Cologne 2026,https://steamcommunity.com/market/listings/730/Sticker%20%7C%20Mercury%20%28Holo%29%20%7C%20Cologne%202026,1209,11036,5316,12,iem-cologne-2026,campaign_12,sticker,Autograph,Mercury,TYLOO,rarity_legendary
2026-06-04 00:38:18,20260604_003818,https://cs2tokens.com/browse?sort=price-asc&finish=Holo,Holo,ba3501298cb9,Sticker | woxic (Holo) | Cologne 2026,woxic,Cologne 2026,Player,Holo,Aurora,Exotic,#d32ce6,397,3.93,89,161,0.55,https://community.akamai.steamstatic.com/economy/image/i0CoZ81Ui0m-9KwlBY1L_18myuGuq1wfhWSaZgMttyVfPaERSR0Wqmu7LAocGJai0ki7VeTHjMmuOXSQ61MnpNWipUruRiLmkY7p_h1T4P6hJqI_JKbLXzDJlb4i5blrGyjqlEUm5Grdmd6reXiXPAQgDcRyEO4IsxSm0oqwW8E1Pzs,"=IMAGE(""https://community.akamai.steamstatic.com/economy/image/i0CoZ81Ui0m-9KwlBY1L_18myuGuq1wfhWSaZgMttyVfPaERSR0Wqmu7LAocGJai0ki7VeTHjMmuOXSQ61MnpNWipUruRiLmkY7p_h1T4P6hJqI_JKbLXzDJlb4i5blrGyjqlEUm5Grdmd6reXiXPAQgDcRyEO4IsxSm0oqwW8E1Pzs"")",https://cs2tokens.com/iem-cologne-2026/items/sticker-woxic-holo-cologne-2026,sticker-woxic-holo-cologne-2026,ok,,https://cs2tokens.com/iem-cologne-2026/items/sticker-woxic-holo-cologne-2026/q-data.json,Sticker | woxic (Holo) | Cologne 2026,https://steamcommunity.com/market/listings/730/Sticker%20%7C%20woxic%20%28Holo%29%20%7C%20Cologne%202026,1209,10652,5316,12,iem-cologne-2026,campaign_12,sticker,Autograph,woxic,Aurora,rarity_legendary
2026-06-04 00:38:18,20260604_003818,https://cs2tokens.com/browse?sort=price-asc&finish=Holo,Holo,5f9d3cc637ec,Sticker | nitr0 (Holo) | Cologne 2026,nitr0,Cologne 2026,Player,Holo,NRG,Exotic,#d32ce6,402,3.98,90,161,0.5563,https://community.akamai.steamstatic.com/economy/image/i0CoZ81Ui0m-9KwlBY1L_18myuGuq1wfhWSaZgMttyVfPaERSR0Wqmu7LAocGJai0ki7VeTHjMmuOXSQ61MnpNWipUruRiL_l4Ly8h1T4P6hJvI6I6bEWzTIl7ogtbBtTXjqkxl25zzXn4yueXuWOwEiW8BzELMK4BCm0oqwiluZLao,"=IMAGE(""https://community.akamai.steamstatic.com/economy/image/i0CoZ81Ui0m-9KwlBY1L_18myuGuq1wfhWSaZgMttyVfPaERSR0Wqmu7LAocGJai0ki7VeTHjMmuOXSQ61MnpNWipUruRiL_l4Ly8h1T4P6hJvI6I6bEWzTIl7ogtbBtTXjqkxl25zzXn4yueXuWOwEiW8BzELMK4BCm0oqwiluZLao"")",https://cs2tokens.com/iem-cologne-2026/items/sticker-nitr0-holo-cologne-2026,sticker-nitr0-holo-cologne-2026,ok,,https://cs2tokens.com/iem-cologne-2026/items/sticker-nitr0-holo-cologne-2026/q-data.json,Sticker | nitr0 (Holo) | Cologne 2026,https://steamcommunity.com/market/listings/730/Sticker%20%7C%20nitr0%20%28Holo%29%20%7C%20Cologne%202026,1209,11032,5316,12,iem-cologne-2026,campaign_12,sticker,Autograph,nitr0,NRG,rarity_legendary
2026-06-04 00:38:18,20260604_003818,https://cs2tokens.com/browse?sort=price-asc&finish=Holo,Holo,5682dc6ec471,Sticker | Heavygod (Holo) | Cologne 2026,Heavygod,Cologne 2026,Player,Holo,G2 Esports,Exotic,#d32ce6,412,4.08,91,161,0.5625,https://community.akamai.steamstatic.com/economy/image/i0CoZ81Ui0m-9KwlBY1L_18myuGuq1wfhWSaZgMttyVfPaERSR0Wqmu7LAocGJai0ki7VeTHjMmuOXSQ61MnpNWipUruRiL5m5f25CVU682mZ6hibvKXWzfBxOgltuI9HnnnwE524G2Hwtf6c3yRZwEgApohFLRftEO8l9X5d7S1x61vUE8,"=IMAGE(""https://community.akamai.steamstatic.com/economy/image/i0CoZ81Ui0m-9KwlBY1L_18myuGuq1wfhWSaZgMttyVfPaERSR0Wqmu7LAocGJai0ki7VeTHjMmuOXSQ61MnpNWipUruRiL5m5f25CVU682mZ6hibvKXWzfBxOgltuI9HnnnwE524G2Hwtf6c3yRZwEgApohFLRftEO8l9X5d7S1x61vUE8"")",https://cs2tokens.com/iem-cologne-2026/items/sticker-heavygod-holo-cologne-2026,sticker-heavygod-holo-cologne-2026,ok,,https://cs2tokens.com/iem-cologne-2026/items/sticker-heavygod-holo-cologne-2026/q-data.json,Sticker | Heavygod (Holo) | Cologne 2026,https://steamcommunity.com/market/listings/730/Sticker%20%7C%20Heavygod%20%28Holo%29%20%7C%20Cologne%202026,1209,10760,5316,12,iem-cologne-2026,campaign_12,sticker,Autograph,Heavygod,G2 Esports,rarity_legendary
2026-06-04 00:38:18,20260604_003818,https://cs2tokens.com/browse?sort=price-asc&finish=Holo,Holo,15d8caaa80ce,Sticker | Bymas (Holo) | Cologne 2026,Bymas,Cologne 2026,Player,Holo,Monte,Exotic,#d32ce6,416,4.12,92,161,0.5687,https://community.akamai.steamstatic.com/economy/image/i0CoZ81Ui0m-9KwlBY1L_18myuGuq1wfhWSaZgMttyVfPaERSR0Wqmu7LAocGJai0ki7VeTHjMmuOXSQ61MnpNWipUruRiLzh5vh7h1T4P6hJvc1d6KQXjfJkeh04OI7SirnkEl26z-EnN2tI3vGPA50D5NyTOFf4RCm0oqwE3a8h2U,"=IMAGE(""https://community.akamai.steamstatic.com/economy/image/i0CoZ81Ui0m-9KwlBY1L_18myuGuq1wfhWSaZgMttyVfPaERSR0Wqmu7LAocGJai0ki7VeTHjMmuOXSQ61MnpNWipUruRiLzh5vh7h1T4P6hJvc1d6KQXjfJkeh04OI7SirnkEl26z-EnN2tI3vGPA50D5NyTOFf4RCm0oqwE3a8h2U"")",https://cs2tokens.com/iem-cologne-2026/items/sticker-bymas-holo-cologne-2026,sticker-bymas-holo-cologne-2026,ok,,https://cs2tokens.com/iem-cologne-2026/items/sticker-bymas-holo-cologne-2026/q-data.json,Sticker | Bymas (Holo) | Cologne 2026,https://steamcommunity.com/market/listings/730/Sticker%20%7C%20Bymas%20%28Holo%29%20%7C%20Cologne%202026,1209,10820,5316,12,iem-cologne-2026,campaign_12,sticker,Autograph,Bymas,Monte,rarity_legendary
2026-06-04 00:38:18,20260604_003818,https://cs2tokens.com/browse?sort=price-asc&finish=Holo,Holo,66809379e100,Sticker | max (Holo) | Cologne 2026,max,Cologne 2026,Player,Holo,9z Team,Exotic,#d32ce6,418,4.14,93,161,0.575,https://community.akamai.steamstatic.com/economy/image/i0CoZ81Ui0m-9KwlBY1L_18myuGuq1wfhWSaZgMttyVfPaERSR0Wqmu7LAocGJai0ki7VeTHjMmuOXSQ61MnpNWipUruRiL8n47f9S1X4Lz5Mfc9cqCXWzbExOsu5-drSirnwh5yt2XTzI6odC6VOwZ0DJBzR7IMrFDmxcBk9fK8,"=IMAGE(""https://community.akamai.steamstatic.com/economy/image/i0CoZ81Ui0m-9KwlBY1L_18myuGuq1wfhWSaZgMttyVfPaERSR0Wqmu7LAocGJai0ki7VeTHjMmuOXSQ61MnpNWipUruRiL8n47f9S1X4Lz5Mfc9cqCXWzbExOsu5-drSirnwh5yt2XTzI6odC6VOwZ0DJBzR7IMrFDmxcBk9fK8"")",https://cs2tokens.com/iem-cologne-2026/items/sticker-max-holo-cologne-2026,sticker-max-holo-cologne-2026,ok,,https://cs2tokens.com/iem-cologne-2026/items/sticker-max-holo-cologne-2026/q-data.json,Sticker | max (Holo) | Cologne 2026,https://steamcommunity.com/market/listings/730/Sticker%20%7C%20max%20%28Holo%29%20%7C%20Cologne%202026,1209,10836,5316,12,iem-cologne-2026,campaign_12,sticker,Autograph,max,9z Team,rarity_legendary
2026-06-04 00:38:18,20260604_003818,https://cs2tokens.com/browse?sort=price-asc&finish=Holo,Holo,d3de56fb6253,Sticker | FL4MUS (Holo) | Cologne 2026,FL4MUS,Cologne 2026,Player,Holo,BetBoom,Exotic,#d32ce6,427,4.23,94,161,0.5813,https://community.akamai.steamstatic.com/economy/image/i0CoZ81Ui0m-9KwlBY1L_18myuGuq1wfhWSaZgMttyVfPaERSR0Wqmu7LAocGJai0ki7VeTHjMmuOXSQ61MnpNWipUruRiL3ksLt6DFk5_2iZ-o_I6LDXTHIlux0tLM_Snzgwkh1t2jWydmreC7EPwMpApB0ReRfsBHsjJS5YJ2NpF_O,"=IMAGE(""https://community.akamai.steamstatic.com/economy/image/i0CoZ81Ui0m-9KwlBY1L_18myuGuq1wfhWSaZgMttyVfPaERSR0Wqmu7LAocGJai0ki7VeTHjMmuOXSQ61MnpNWipUruRiL3ksLt6DFk5_2iZ-o_I6LDXTHIlux0tLM_Snzgwkh1t2jWydmreC7EPwMpApB0ReRfsBHsjJS5YJ2NpF_O"")",https://cs2tokens.com/iem-cologne-2026/items/sticker-fl4mus-holo-cologne-2026,sticker-fl4mus-holo-cologne-2026,ok,,https://cs2tokens.com/iem-cologne-2026/items/sticker-fl4mus-holo-cologne-2026/q-data.json,Sticker | FL4MUS (Holo) | Cologne 2026,https://steamcommunity.com/market/listings/730/Sticker%20%7C%20FL4MUS%20%28Holo%29%20%7C%20Cologne%202026,1209,10928,5316,12,iem-cologne-2026,campaign_12,sticker,Autograph,FL4MUS,BetBoom,rarity_legendary
2026-06-04 00:38:18,20260604_003818,https://cs2tokens.com/browse?sort=price-asc&finish=Holo,Holo,abe272caf8fe,Sticker | ryu (Holo) | Cologne 2026,ryu,Cologne 2026,Player,Holo,Astralis,Exotic,#d32ce6,429,4.25,95,161,0.5875,https://community.akamai.steamstatic.com/economy/image/i0CoZ81Ui0m-9KwlBY1L_18myuGuq1wfhWSaZgMttyVfPaERSR0Wqmu7LAocGJai0ki7VeTHjMmuOXSQ61MnpNWipUruRiLjh4Pf9S1X4LysavFsIqHFC2WWlb51seU4HCzlx0914mTXzY6rcy3CPQIjCcNzQ-YCrFDmxVzJzBfL,"=IMAGE(""https://community.akamai.steamstatic.com/economy/image/i0CoZ81Ui0m-9KwlBY1L_18myuGuq1wfhWSaZgMttyVfPaERSR0Wqmu7LAocGJai0ki7VeTHjMmuOXSQ61MnpNWipUruRiLjh4Pf9S1X4LysavFsIqHFC2WWlb51seU4HCzlx0914mTXzY6rcy3CPQIjCcNzQ-YCrFDmxVzJzBfL"")",https://cs2tokens.com/iem-cologne-2026/items/sticker-ryu-holo-cologne-2026,sticker-ryu-holo-cologne-2026,ok,,https://cs2tokens.com/iem-cologne-2026/items/sticker-ryu-holo-cologne-2026/q-data.json,Sticker | ryu (Holo) | Cologne 2026,https://steamcommunity.com/market/listings/730/Sticker%20%7C%20ryu%20%28Holo%29%20%7C%20Cologne%202026,1209,10744,5316,12,iem-cologne-2026,campaign_12,sticker,Autograph,ryu,Astralis,rarity_legendary
2026-06-04 00:38:18,20260604_003818,https://cs2tokens.com/browse?sort=price-asc&finish=Holo,Holo,23f5b51544da,Sticker | dem0n (Holo) | Cologne 2026,dem0n,Cologne 2026,Player,Holo,,Exotic,#d32ce6,431,4.27,96,161,0.5938,https://community.akamai.steamstatic.com/economy/image/i0CoZ81Ui0m-9KwlBY1L_18myuGuq1wfhWSaZgMttyVfPaERSR0Wqmu7LAocGJai0ki7VeTHjMmuOXSQ61MnpNWipUruRiL1m5uw8x1T4P6hJqU8cKLLVjPJkeh1s7FtFi2xkRxzsGTWz9egdnmXZlQpD8QiQOVZ4xWm0oqwoDZ-vxw,"=IMAGE(""https://community.akamai.steamstatic.com/economy/image/i0CoZ81Ui0m-9KwlBY1L_18myuGuq1wfhWSaZgMttyVfPaERSR0Wqmu7LAocGJai0ki7VeTHjMmuOXSQ61MnpNWipUruRiL1m5uw8x1T4P6hJqU8cKLLVjPJkeh1s7FtFi2xkRxzsGTWz9egdnmXZlQpD8QiQOVZ4xWm0oqwoDZ-vxw"")",https://cs2tokens.com/iem-cologne-2026/items/sticker-dem0n-holo-cologne-2026,sticker-dem0n-holo-cologne-2026,ok,,https://cs2tokens.com/iem-cologne-2026/items/sticker-dem0n-holo-cologne-2026/q-data.json,Sticker | dem0n (Holo) | Cologne 2026,https://steamcommunity.com/market/listings/730/Sticker%20%7C%20dem0n%20%28Holo%29%20%7C%20Cologne%202026,1209,10696,5316,12,iem-cologne-2026,campaign_12,sticker,Autograph,dem0n,,rarity_legendary
2026-06-04 00:38:18,20260604_003818,https://cs2tokens.com/browse?sort=price-asc&finish=Holo,Holo,b5c6cecb62ff,Sticker | story (Holo) | Cologne 2026,story,Cologne 2026,Player,Holo,Flyquest,Exotic,#d32ce6,432,4.28,97,161,0.6,https://community.akamai.steamstatic.com/economy/image/i0CoZ81Ui0m-9KwlBY1L_18myuGuq1wfhWSaZgMttyVfPaERSR0Wqmu7LAocGJai0ki7VeTHjMmuOXSQ61MnpNWipUruRiLiipny5B1T4P6hJvxudqnHCj7ElLdz5OJtTX23wUR3t2nVzI6qcC3FbAVzXMclROID5BGm0oqw3lSzgNc,"=IMAGE(""https://community.akamai.steamstatic.com/economy/image/i0CoZ81Ui0m-9KwlBY1L_18myuGuq1wfhWSaZgMttyVfPaERSR0Wqmu7LAocGJai0ki7VeTHjMmuOXSQ61MnpNWipUruRiLiipny5B1T4P6hJvxudqnHCj7ElLdz5OJtTX23wUR3t2nVzI6qcC3FbAVzXMclROID5BGm0oqw3lSzgNc"")",https://cs2tokens.com/iem-cologne-2026/items/sticker-story-holo-cologne-2026,sticker-story-holo-cologne-2026,ok,,https://cs2tokens.com/iem-cologne-2026/items/sticker-story-holo-cologne-2026/q-data.json,Sticker | story (Holo) | Cologne 2026,https://steamcommunity.com/market/listings/730/Sticker%20%7C%20story%20%28Holo%29%20%7C%20Cologne%202026,1209,11168,5316,12,iem-cologne-2026,campaign_12,sticker,Autograph,story,Flyquest,rarity_legendary
2026-06-04 00:38:18,20260604_003818,https://cs2tokens.com/browse?sort=price-asc&finish=Holo,Holo,1bb7a99bbead,Sticker | blameF (Holo) | Cologne 2026,blameF,Cologne 2026,Player,Holo,BIG,Exotic,#d32ce6,438,4.34,98,161,0.6062,https://community.akamai.steamstatic.com/economy/image/i0CoZ81Ui0m-9KwlBY1L_18myuGuq1wfhWSaZgMttyVfPaERSR0Wqmu7LAocGJai0ki7VeTHjMmuOXSQ61MnpNWipUruRiLzkpft-CRk5_2iZ-poIaHDVzWSwrwvteMxGnzjxk9-4GiEzd6tcS7DPAcgDsElF7Zb50bujJS5YKsMkLLc,"=IMAGE(""https://community.akamai.steamstatic.com/economy/image/i0CoZ81Ui0m-9KwlBY1L_18myuGuq1wfhWSaZgMttyVfPaERSR0Wqmu7LAocGJai0ki7VeTHjMmuOXSQ61MnpNWipUruRiLzkpft-CRk5_2iZ-poIaHDVzWSwrwvteMxGnzjxk9-4GiEzd6tcS7DPAcgDsElF7Zb50bujJS5YKsMkLLc"")",https://cs2tokens.com/iem-cologne-2026/items/sticker-blamef-holo-cologne-2026,sticker-blamef-holo-cologne-2026,ok,,https://cs2tokens.com/iem-cologne-2026/items/sticker-blamef-holo-cologne-2026/q-data.json,Sticker | blameF (Holo) | Cologne 2026,https://steamcommunity.com/market/listings/730/Sticker%20%7C%20blameF%20%28Holo%29%20%7C%20Cologne%202026,1209,10948,5316,12,iem-cologne-2026,campaign_12,sticker,Autograph,blameF,BIG,rarity_legendary
2026-06-04 00:38:18,20260604_003818,https://cs2tokens.com/browse?sort=price-asc&finish=Holo,Holo,fd4f18d93e68,Sticker | INS (Holo) | Cologne 2026,INS,Cologne 2026,Player,Holo,Flyquest,Exotic,#d32ce6,443,4.39,99,161,0.6125,https://community.akamai.steamstatic.com/economy/image/i0CoZ81Ui0m-9KwlBY1L_18myuGuq1wfhWSaZgMttyVfPaERSR0Wqmu7LAocGJai0ki7VeTHjMmuOXSQ61MnpNWipUruRiL4kIXf9S1X4LytbPNvIqLCVzCTmOhy6eRsSn22wER24mWAmN39eH2RaQ8jCcEiR7EMrFDmxewGbLYy,"=IMAGE(""https://community.akamai.steamstatic.com/economy/image/i0CoZ81Ui0m-9KwlBY1L_18myuGuq1wfhWSaZgMttyVfPaERSR0Wqmu7LAocGJai0ki7VeTHjMmuOXSQ61MnpNWipUruRiL4kIXf9S1X4LytbPNvIqLCVzCTmOhy6eRsSn22wER24mWAmN39eH2RaQ8jCcEiR7EMrFDmxewGbLYy"")",https://cs2tokens.com/iem-cologne-2026/items/sticker-ins-holo-cologne-2026,sticker-ins-holo-cologne-2026,ok,,https://cs2tokens.com/iem-cologne-2026/items/sticker-ins-holo-cologne-2026/q-data.json,Sticker | INS (Holo) | Cologne 2026,https://steamcommunity.com/market/listings/730/Sticker%20%7C%20INS%20%28Holo%29%20%7C%20Cologne%202026,1209,11156,5316,12,iem-cologne-2026,campaign_12,sticker,Autograph,INS,Flyquest,rarity_legendary
2026-06-04 00:38:18,20260604_003818,https://cs2tokens.com/browse?sort=price-asc&finish=Holo,Holo,be37e2825846,Sticker | kisserek (Holo) | Cologne 2026,kisserek,Cologne 2026,Player,Holo,,Exotic,#d32ce6,445,4.41,100,161,0.6188,https://community.akamai.steamstatic.com/economy/image/i0CoZ81Ui0m-9KwlBY1L_18myuGuq1wfhWSaZgMttyVfPaERSR0Wqmu7LAocGJai0ki7VeTHjMmuOXSQ61MnpNWipUruRiL6l4Xz-DBe5M2mZ6hibvWXCGSUxLwns-U4SX3qkUkjsTuAnor4dXqfPwQmWZJzE-UIsRiwlYf5d7S1AgoB-7o,"=IMAGE(""https://community.akamai.steamstatic.com/economy/image/i0CoZ81Ui0m-9KwlBY1L_18myuGuq1wfhWSaZgMttyVfPaERSR0Wqmu7LAocGJai0ki7VeTHjMmuOXSQ61MnpNWipUruRiL6l4Xz-DBe5M2mZ6hibvWXCGSUxLwns-U4SX3qkUkjsTuAnor4dXqfPwQmWZJzE-UIsRiwlYf5d7S1AgoB-7o"")",https://cs2tokens.com/iem-cologne-2026/items/sticker-kisserek-holo-cologne-2026,sticker-kisserek-holo-cologne-2026,ok,,https://cs2tokens.com/iem-cologne-2026/items/sticker-kisserek-holo-cologne-2026/q-data.json,Sticker | kisserek (Holo) | Cologne 2026,https://steamcommunity.com/market/listings/730/Sticker%20%7C%20kisserek%20%28Holo%29%20%7C%20Cologne%202026,1209,11008,5316,12,iem-cologne-2026,campaign_12,sticker,Autograph,kisserek,,rarity_legendary
2026-06-04 00:38:18,20260604_003818,https://cs2tokens.com/browse?sort=price-asc&finish=Holo,Holo,f81be8cece16,Sticker | S1ren (Holo) | Cologne 2026,S1ren,Cologne 2026,Player,Holo,BetBoom,Exotic,#d32ce6,451,4.46,101,161,0.625,https://community.akamai.steamstatic.com/economy/image/i0CoZ81Ui0m-9KwlBY1L_18myuGuq1wfhWSaZgMttyVfPaERSR0Wqmu7LAocGJai0ki7VeTHjMmuOXSQ61MnpNWipUruRiLiz4Tl8x1T4P6hJqdseKLCDDPIkuxz6LFsF3G1xk9_4WyHnoz8J3yVPAEgD8chFLYCtUOm0oqwYhOe6X4,"=IMAGE(""https://community.akamai.steamstatic.com/economy/image/i0CoZ81Ui0m-9KwlBY1L_18myuGuq1wfhWSaZgMttyVfPaERSR0Wqmu7LAocGJai0ki7VeTHjMmuOXSQ61MnpNWipUruRiLiz4Tl8x1T4P6hJqdseKLCDDPIkuxz6LFsF3G1xk9_4WyHnoz8J3yVPAEgD8chFLYCtUOm0oqwYhOe6X4"")",https://cs2tokens.com/iem-cologne-2026/items/sticker-s1ren-holo-cologne-2026,sticker-s1ren-holo-cologne-2026,ok,,https://cs2tokens.com/iem-cologne-2026/items/sticker-s1ren-holo-cologne-2026/q-data.json,Sticker | S1ren (Holo) | Cologne 2026,https://steamcommunity.com/market/listings/730/Sticker%20%7C%20S1ren%20%28Holo%29%20%7C%20Cologne%202026,1209,10924,5316,12,iem-cologne-2026,campaign_12,sticker,Autograph,S1ren,BetBoom,rarity_legendary
2026-06-04 00:38:18,20260604_003818,https://cs2tokens.com/browse?sort=price-asc&finish=Holo,Holo,b88168513e1c,Sticker | HooXi (Holo) | Cologne 2026,HooXi,Cologne 2026,Player,Holo,Astralis,Exotic,#d32ce6,453,4.48,102,161,0.6312,https://community.akamai.steamstatic.com/economy/image/i0CoZ81Ui0m-9KwlBY1L_18myuGuq1wfhWSaZgMttyVfPaERSR0Wqmu7LAocGJai0ki7VeTHjMmuOXSQ61MnpNWipUruRiL5kZn49B1T4P6hJvQ-c6HACmSSlut05uUwTS3kxRt-62-DzImuc3-UOw4oCZRwELJethim0oqwzQXm2Wk,"=IMAGE(""https://community.akamai.steamstatic.com/economy/image/i0CoZ81Ui0m-9KwlBY1L_18myuGuq1wfhWSaZgMttyVfPaERSR0Wqmu7LAocGJai0ki7VeTHjMmuOXSQ61MnpNWipUruRiL5kZn49B1T4P6hJvQ-c6HACmSSlut05uUwTS3kxRt-62-DzImuc3-UOw4oCZRwELJethim0oqwzQXm2Wk"")",https://cs2tokens.com/iem-cologne-2026/items/sticker-hooxi-holo-cologne-2026,sticker-hooxi-holo-cologne-2026,ok,,https://cs2tokens.com/iem-cologne-2026/items/sticker-hooxi-holo-cologne-2026/q-data.json,Sticker | HooXi (Holo) | Cologne 2026,https://steamcommunity.com/market/listings/730/Sticker%20%7C%20HooXi%20%28Holo%29%20%7C%20Cologne%202026,1209,10736,5316,12,iem-cologne-2026,campaign_12,sticker,Autograph,HooXi,Astralis,rarity_legendary
2026-06-04 00:38:18,20260604_003818,https://cs2tokens.com/browse?sort=price-asc&finish=Holo,Holo,57d3174cfb58,Sticker | PR (Holo) | Cologne 2026,PR,Cologne 2026,Player,Holo,GamerLegion,Exotic,#d32ce6,453,4.48,103,161,0.6375,https://community.akamai.steamstatic.com/economy/image/i0CoZ81Ui0m-9KwlBY1L_18myuGuq1wfhWSaZgMttyVfPaERSR0Wqmu7LAocGJai0ki7VeTHjMmuOXSQ61MnpNWipUruRiLhjKno8i5Uofb5OPc4c_WSCGXJwL0m5rE_Siu1wRsj42jdw4ugeX7EOAB0ApB3Q-YU8k7v2Ds_Was,"=IMAGE(""https://community.akamai.steamstatic.com/economy/image/i0CoZ81Ui0m-9KwlBY1L_18myuGuq1wfhWSaZgMttyVfPaERSR0Wqmu7LAocGJai0ki7VeTHjMmuOXSQ61MnpNWipUruRiLhjKno8i5Uofb5OPc4c_WSCGXJwL0m5rE_Siu1wRsj42jdw4ugeX7EOAB0ApB3Q-YU8k7v2Ds_Was"")",https://cs2tokens.com/iem-cologne-2026/items/sticker-pr-holo-cologne-2026,sticker-pr-holo-cologne-2026,ok,,https://cs2tokens.com/iem-cologne-2026/items/sticker-pr-holo-cologne-2026/q-data.json,Sticker | PR (Holo) | Cologne 2026,https://steamcommunity.com/market/listings/730/Sticker%20%7C%20PR%20%28Holo%29%20%7C%20Cologne%202026,1209,10868,5316,12,iem-cologne-2026,campaign_12,sticker,Autograph,PR,GamerLegion,rarity_legendary
2026-06-04 00:38:18,20260604_003818,https://cs2tokens.com/browse?sort=price-asc&finish=Holo,Holo,31ca721a58ac,Sticker | MoDo (Holo) | Cologne 2026,MoDo,Cologne 2026,Player,Holo,,Exotic,#d32ce6,454,4.49,104,161,0.6438,https://community.akamai.steamstatic.com/economy/image/i0CoZ81Ui0m-9KwlBY1L_18myuGuq1wfhWSaZgMttyVfPaERSR0Wqmu7LAocGJai0ki7VeTHjMmuOXSQ61MnpNWipUruRiL8kZLvwipU4_3gPqFpdKjFX2SRwr9y5OI8F37rxBhw62jTyt2pcnnBaw5xC8d5Ru4OtA74zIOAsRs_5g,"=IMAGE(""https://community.akamai.steamstatic.com/economy/image/i0CoZ81Ui0m-9KwlBY1L_18myuGuq1wfhWSaZgMttyVfPaERSR0Wqmu7LAocGJai0ki7VeTHjMmuOXSQ61MnpNWipUruRiL8kZLvwipU4_3gPqFpdKjFX2SRwr9y5OI8F37rxBhw62jTyt2pcnnBaw5xC8d5Ru4OtA74zIOAsRs_5g"")",https://cs2tokens.com/iem-cologne-2026/items/sticker-modo-holo-cologne-2026,sticker-modo-holo-cologne-2026,ok,,https://cs2tokens.com/iem-cologne-2026/items/sticker-modo-holo-cologne-2026/q-data.json,Sticker | MoDo (Holo) | Cologne 2026,https://steamcommunity.com/market/listings/730/Sticker%20%7C%20MoDo%20%28Holo%29%20%7C%20Cologne%202026,1209,11004,5316,12,iem-cologne-2026,campaign_12,sticker,Autograph,MoDo,,rarity_legendary
2026-06-04 00:38:18,20260604_003818,https://cs2tokens.com/browse?sort=price-asc&finish=Holo,Holo,1ed34275b90e,Sticker | kyxsan (Holo) | Cologne 2026,kyxsan,Cologne 2026,Player,Holo,Falcons,Exotic,#d32ce6,456,4.51,105,161,0.65,https://community.akamai.steamstatic.com/economy/image/i0CoZ81Ui0m-9KwlBY1L_18myuGuq1wfhWSaZgMttyVfPaERSR0Wqmu7LAocGJai0ki7VeTHjMmuOXSQ61MnpNWipUruRiL6h47z_Cxk5_2iZ-prIfHAXmXGkOovtOU9GXG3xRh_sW7VyNz7cH-TagImCpQiFOFZsRPtjJS5YLMGrWXm,"=IMAGE(""https://community.akamai.steamstatic.com/economy/image/i0CoZ81Ui0m-9KwlBY1L_18myuGuq1wfhWSaZgMttyVfPaERSR0Wqmu7LAocGJai0ki7VeTHjMmuOXSQ61MnpNWipUruRiL6h47z_Cxk5_2iZ-prIfHAXmXGkOovtOU9GXG3xRh_sW7VyNz7cH-TagImCpQiFOFZsRPtjJS5YLMGrWXm"")",https://cs2tokens.com/iem-cologne-2026/items/sticker-kyxsan-holo-cologne-2026,sticker-kyxsan-holo-cologne-2026,ok,,https://cs2tokens.com/iem-cologne-2026/items/sticker-kyxsan-holo-cologne-2026/q-data.json,Sticker | kyxsan (Holo) | Cologne 2026,https://steamcommunity.com/market/listings/730/Sticker%20%7C%20kyxsan%20%28Holo%29%20%7C%20Cologne%202026,1209,10580,5316,12,iem-cologne-2026,campaign_12,sticker,Autograph,kyxsan,Falcons,rarity_legendary
2026-06-04 00:38:18,20260604_003818,https://cs2tokens.com/browse?sort=price-asc&finish=Holo,Holo,af6606bbdb1d,Sticker | YEKINDAR (Holo) | Cologne 2026,YEKINDAR,Cologne 2026,Player,Holo,FURIA,Exotic,#d32ce6,456,4.51,106,161,0.6562,https://community.akamai.steamstatic.com/economy/image/i0CoZ81Ui0m-9KwlBY1L_18myuGuq1wfhWSaZgMttyVfPaERSR0Wqmu7LAocGJai0ki7VeTHjMmuOXSQ61MnpNWipUruRiLom53p8yZa_c2mZ6hibvKQDGTBw78m5-BvHCrrxUhw4WqEw42rcniWalckCZR4EbEIshCwldz5d7S1bjes5Gc,"=IMAGE(""https://community.akamai.steamstatic.com/economy/image/i0CoZ81Ui0m-9KwlBY1L_18myuGuq1wfhWSaZgMttyVfPaERSR0Wqmu7LAocGJai0ki7VeTHjMmuOXSQ61MnpNWipUruRiLom53p8yZa_c2mZ6hibvKQDGTBw78m5-BvHCrrxUhw4WqEw42rcniWalckCZR4EbEIshCwldz5d7S1bjes5Gc"")",https://cs2tokens.com/iem-cologne-2026/items/sticker-yekindar-holo-cologne-2026,sticker-yekindar-holo-cologne-2026,ok,,https://cs2tokens.com/iem-cologne-2026/items/sticker-yekindar-holo-cologne-2026/q-data.json,Sticker | YEKINDAR (Holo) | Cologne 2026,https://steamcommunity.com/market/listings/730/Sticker%20%7C%20YEKINDAR%20%28Holo%29%20%7C%20Cologne%202026,1209,10656,5316,12,iem-cologne-2026,campaign_12,sticker,Autograph,YEKINDAR,FURIA,rarity_legendary
2026-06-04 00:38:18,20260604_003818,https://cs2tokens.com/browse?sort=price-asc&finish=Holo,Holo,5f780340315c,Sticker | Magnojez (Holo) | Cologne 2026,Magnojez,Cologne 2026,Player,Holo,BetBoom,Exotic,#d32ce6,468,4.63,107,161,0.6625,https://community.akamai.steamstatic.com/economy/image/i0CoZ81Ui0m-9KwlBY1L_18myuGuq1wfhWSaZgMttyVfPaERSR0Wqmu7LAocGJai0ki7VeTHjMmuOXSQ61MnpNWipUruRiL8n5Hu8ihe9c2mZ6hibqHCWGaTmewm4-A9Fyywlk1x4GrQmNuqInPEPQUgWZMhTLZe4BO4lIL5d7S1r6ZiyLc,"=IMAGE(""https://community.akamai.steamstatic.com/economy/image/i0CoZ81Ui0m-9KwlBY1L_18myuGuq1wfhWSaZgMttyVfPaERSR0Wqmu7LAocGJai0ki7VeTHjMmuOXSQ61MnpNWipUruRiL8n5Hu8ihe9c2mZ6hibqHCWGaTmewm4-A9Fyywlk1x4GrQmNuqInPEPQUgWZMhTLZe4BO4lIL5d7S1r6ZiyLc"")",https://cs2tokens.com/iem-cologne-2026/items/sticker-magnojez-holo-cologne-2026,sticker-magnojez-holo-cologne-2026,ok,,https://cs2tokens.com/iem-cologne-2026/items/sticker-magnojez-holo-cologne-2026/q-data.json,Sticker | Magnojez (Holo) | Cologne 2026,https://steamcommunity.com/market/listings/730/Sticker%20%7C%20Magnojez%20%28Holo%29%20%7C%20Cologne%202026,1209,10932,5316,12,iem-cologne-2026,campaign_12,sticker,Autograph,Magnojez,BetBoom,rarity_legendary
2026-06-04 00:38:18,20260604_003818,https://cs2tokens.com/browse?sort=price-asc&finish=Holo,Holo,94dac2e78311,Sticker | AZUWU (Holo) | Cologne 2026,AZUWU,Cologne 2026,Player,Holo,Monte,Exotic,#d32ce6,484,4.79,108,161,0.6687,https://community.akamai.steamstatic.com/economy/image/i0CoZ81Ui0m-9KwlBY1L_18myuGuq1wfhWSaZgMttyVfPaERSR0Wqmu7LAocGJai0ki7VeTHjMmuOXSQ61MnpNWipUruRiLwhIP36B1T4P6hJqFrJqbAVzSWkusitrhtHH23xk9x522Dwo6odi6QaFNyXpVzRLZbtxOm0oqwtfFAYs8,"=IMAGE(""https://community.akamai.steamstatic.com/economy/image/i0CoZ81Ui0m-9KwlBY1L_18myuGuq1wfhWSaZgMttyVfPaERSR0Wqmu7LAocGJai0ki7VeTHjMmuOXSQ61MnpNWipUruRiLwhIP36B1T4P6hJqFrJqbAVzSWkusitrhtHH23xk9x522Dwo6odi6QaFNyXpVzRLZbtxOm0oqwtfFAYs8"")",https://cs2tokens.com/iem-cologne-2026/items/sticker-azuwu-holo-cologne-2026,sticker-azuwu-holo-cologne-2026,ok,,https://cs2tokens.com/iem-cologne-2026/items/sticker-azuwu-holo-cologne-2026/q-data.json,Sticker | AZUWU (Holo) | Cologne 2026,https://steamcommunity.com/market/listings/730/Sticker%20%7C%20AZUWU%20%28Holo%29%20%7C%20Cologne%202026,1209,10832,5316,12,iem-cologne-2026,campaign_12,sticker,Autograph,AZUWU,Monte,rarity_legendary
2026-06-04 00:38:18,20260604_003818,https://cs2tokens.com/browse?sort=price-asc&finish=Holo,Holo,9a006c9cb356,Sticker | Starry (Holo) | Cologne 2026,Starry,Cologne 2026,Player,Holo,Lynn Vision,Exotic,#d32ce6,503,4.98,109,161,0.675,https://community.akamai.steamstatic.com/economy/image/i0CoZ81Ui0m-9KwlBY1L_18myuGuq1wfhWSaZgMttyVfPaERSR0Wqmu7LAocGJai0ki7VeTHjMmuOXSQ61MnpNWipUruRiLiipfy7ztk5_2iZ-o8d6bBCzLJkOpzsrk_THGwzE904TyDz4v8IC6Uag4oXsMjFuUIuhK-jJS5YB7QyJFv,"=IMAGE(""https://community.akamai.steamstatic.com/economy/image/i0CoZ81Ui0m-9KwlBY1L_18myuGuq1wfhWSaZgMttyVfPaERSR0Wqmu7LAocGJai0ki7VeTHjMmuOXSQ61MnpNWipUruRiLiipfy7ztk5_2iZ-o8d6bBCzLJkOpzsrk_THGwzE904TyDz4v8IC6Uag4oXsMjFuUIuhK-jJS5YB7QyJFv"")",https://cs2tokens.com/iem-cologne-2026/items/sticker-starry-holo-cologne-2026,sticker-starry-holo-cologne-2026,ok,,https://cs2tokens.com/iem-cologne-2026/items/sticker-starry-holo-cologne-2026/q-data.json,Sticker | Starry (Holo) | Cologne 2026,https://steamcommunity.com/market/listings/730/Sticker%20%7C%20Starry%20%28Holo%29%20%7C%20Cologne%202026,1209,11124,5316,12,iem-cologne-2026,campaign_12,sticker,Autograph,Starry,Lynn Vision,rarity_legendary
2026-06-04 00:38:18,20260604_003818,https://cs2tokens.com/browse?sort=price-asc&finish=Holo,Holo,3b77bff2c945,Sticker | br0 (Holo) | Cologne 2026,br0,Cologne 2026,Player,Holo,NRG,Exotic,#d32ce6,505,5.0,110,161,0.6813,https://community.akamai.steamstatic.com/economy/image/i0CoZ81Ui0m-9KwlBY1L_18myuGuq1wfhWSaZgMttyVfPaERSR0Wqmu7LAocGJai0ki7VeTHjMmuOXSQ61MnpNWipUruRiLzjMbf9S1X4Lz_P6c8cPKSXT6Wxeoh4LJrFi3kwEgh4TmGmdardnPEbgIgA5BzQrZZrFDmxTLQ4CQq,"=IMAGE(""https://community.akamai.steamstatic.com/economy/image/i0CoZ81Ui0m-9KwlBY1L_18myuGuq1wfhWSaZgMttyVfPaERSR0Wqmu7LAocGJai0ki7VeTHjMmuOXSQ61MnpNWipUruRiLzjMbf9S1X4Lz_P6c8cPKSXT6Wxeoh4LJrFi3kwEgh4TmGmdardnPEbgIgA5BzQrZZrFDmxTLQ4CQq"")",https://cs2tokens.com/iem-cologne-2026/items/sticker-br0-holo-cologne-2026,sticker-br0-holo-cologne-2026,ok,,https://cs2tokens.com/iem-cologne-2026/items/sticker-br0-holo-cologne-2026/q-data.json,Sticker | br0 (Holo) | Cologne 2026,https://steamcommunity.com/market/listings/730/Sticker%20%7C%20br0%20%28Holo%29%20%7C%20Cologne%202026,1209,11020,5316,12,iem-cologne-2026,campaign_12,sticker,Autograph,br0,NRG,rarity_legendary
2026-06-04 00:38:18,20260604_003818,https://cs2tokens.com/browse?sort=price-asc&finish=Holo,Holo,7bdf0081d3af,Sticker | Swisher (Holo) | Cologne 2026,Swisher,Cologne 2026,Player,Holo,M80,Exotic,#d32ce6,524,5.19,111,161,0.6875,https://community.akamai.steamstatic.com/economy/image/i0CoZ81Ui0m-9KwlBY1L_18myuGuq1wfhWSaZgMttyVfPaERSR0Wqmu7LAocGJai0ki7VeTHjMmuOXSQ61MnpNWipUruRiLiiZ_z9SdJ0PqhZKsjdvLKWzLDkrh3seAxHSzlk0QmsGWEyNavJXLDawEnD5clQ-9bukHrwcqnab3fYe209A,"=IMAGE(""https://community.akamai.steamstatic.com/economy/image/i0CoZ81Ui0m-9KwlBY1L_18myuGuq1wfhWSaZgMttyVfPaERSR0Wqmu7LAocGJai0ki7VeTHjMmuOXSQ61MnpNWipUruRiLiiZ_z9SdJ0PqhZKsjdvLKWzLDkrh3seAxHSzlk0QmsGWEyNavJXLDawEnD5clQ-9bukHrwcqnab3fYe209A"")",https://cs2tokens.com/iem-cologne-2026/items/sticker-swisher-holo-cologne-2026,sticker-swisher-holo-cologne-2026,ok,,https://cs2tokens.com/iem-cologne-2026/items/sticker-swisher-holo-cologne-2026/q-data.json,Sticker | Swisher (Holo) | Cologne 2026,https://steamcommunity.com/market/listings/730/Sticker%20%7C%20Swisher%20%28Holo%29%20%7C%20Cologne%202026,1209,10956,5316,12,iem-cologne-2026,campaign_12,sticker,Autograph,Swisher,M80,rarity_legendary
2026-06-04 00:38:18,20260604_003818,https://cs2tokens.com/browse?sort=price-asc&finish=Holo,Holo,03a461d6d761,Sticker | TeSeS (Holo) | Cologne 2026,TeSeS,Cologne 2026,Player,Holo,Falcons,Exotic,#d32ce6,531,5.26,112,161,0.6937,https://community.akamai.steamstatic.com/economy/image/i0CoZ81Ui0m-9KwlBY1L_18myuGuq1wfhWSaZgMttyVfPaERSR0Wqmu7LAocGJai0ki7VeTHjMmuOXSQ61MnpNWipUruRiLlm4Xl7h1T4P6hJvVpdvTKWT_Cw7p3tLY4Tn23lkVz4W3Tm4ypIy6RbgN1X8YhQbID4xGm0oqwn4kTwvY,"=IMAGE(""https://community.akamai.steamstatic.com/economy/image/i0CoZ81Ui0m-9KwlBY1L_18myuGuq1wfhWSaZgMttyVfPaERSR0Wqmu7LAocGJai0ki7VeTHjMmuOXSQ61MnpNWipUruRiLlm4Xl7h1T4P6hJvVpdvTKWT_Cw7p3tLY4Tn23lkVz4W3Tm4ypIy6RbgN1X8YhQbID4xGm0oqwn4kTwvY"")",https://cs2tokens.com/iem-cologne-2026/items/sticker-teses-holo-cologne-2026,sticker-teses-holo-cologne-2026,ok,,https://cs2tokens.com/iem-cologne-2026/items/sticker-teses-holo-cologne-2026/q-data.json,Sticker | TeSeS (Holo) | Cologne 2026,https://steamcommunity.com/market/listings/730/Sticker%20%7C%20TeSeS%20%28Holo%29%20%7C%20Cologne%202026,1209,10588,5316,12,iem-cologne-2026,campaign_12,sticker,Autograph,TeSeS,Falcons,rarity_legendary
2026-06-04 00:38:18,20260604_003818,https://cs2tokens.com/browse?sort=price-asc&finish=Holo,Holo,4447477e3233,Sticker | mzinho (Holo) | Cologne 2026,mzinho,Cologne 2026,Player,Holo,The MongolZ,Exotic,#d32ce6,531,5.26,113,161,0.7,https://community.akamai.steamstatic.com/economy/image/i0CoZ81Ui0m-9KwlBY1L_18myuGuq1wfhWSaZgMttyVfPaERSR0Wqmu7LAocGJai0ki7VeTHjMmuOXSQ61MnpNWipUruRiL8hJ_u9S1k5_2iZ-poJKmSCGXIw74jteA4GXHhzEl_tm2HzY78c3zDZwZ2C5p2E-cKsEK7jJS5YKF8EPy2,"=IMAGE(""https://community.akamai.steamstatic.com/economy/image/i0CoZ81Ui0m-9KwlBY1L_18myuGuq1wfhWSaZgMttyVfPaERSR0Wqmu7LAocGJai0ki7VeTHjMmuOXSQ61MnpNWipUruRiL8hJ_u9S1k5_2iZ-poJKmSCGXIw74jteA4GXHhzEl_tm2HzY78c3zDZwZ2C5p2E-cKsEK7jJS5YKF8EPy2"")",https://cs2tokens.com/iem-cologne-2026/items/sticker-mzinho-holo-cologne-2026,sticker-mzinho-holo-cologne-2026,ok,,https://cs2tokens.com/iem-cologne-2026/items/sticker-mzinho-holo-cologne-2026/q-data.json,Sticker | mzinho (Holo) | Cologne 2026,https://steamcommunity.com/market/listings/730/Sticker%20%7C%20mzinho%20%28Holo%29%20%7C%20Cologne%202026,1209,10608,5316,12,iem-cologne-2026,campaign_12,sticker,Autograph,mzinho,The MongolZ,rarity_legendary
2026-06-04 00:38:18,20260604_003818,https://cs2tokens.com/browse?sort=price-asc&finish=Holo,Holo,e8cb256de763,Sticker | phzy (Holo) | Cologne 2026,phzy,Cologne 2026,Player,Holo,Astralis,Exotic,#d32ce6,535,5.3,114,161,0.7063,https://community.akamai.steamstatic.com/economy/image/i0CoZ81Ui0m-9KwlBY1L_18myuGuq1wfhWSaZgMttyVfPaERSR0Wqmu7LAocGJai0ki7VeTHjMmuOXSQ61MnpNWipUruRiLhloz5wipU4_3gbvRrJfKWXWLFw7citOJqS3_jwE534WnXzo6pcX3FPQQmW5t4F-MC4A74zIPvY7OByg,"=IMAGE(""https://community.akamai.steamstatic.com/economy/image/i0CoZ81Ui0m-9KwlBY1L_18myuGuq1wfhWSaZgMttyVfPaERSR0Wqmu7LAocGJai0ki7VeTHjMmuOXSQ61MnpNWipUruRiLhloz5wipU4_3gbvRrJfKWXWLFw7citOJqS3_jwE534WnXzo6pcX3FPQQmW5t4F-MC4A74zIPvY7OByg"")",https://cs2tokens.com/iem-cologne-2026/items/sticker-phzy-holo-cologne-2026,sticker-phzy-holo-cologne-2026,ok,,https://cs2tokens.com/iem-cologne-2026/items/sticker-phzy-holo-cologne-2026/q-data.json,Sticker | phzy (Holo) | Cologne 2026,https://steamcommunity.com/market/listings/730/Sticker%20%7C%20phzy%20%28Holo%29%20%7C%20Cologne%202026,1209,10740,5316,12,iem-cologne-2026,campaign_12,sticker,Autograph,phzy,Astralis,rarity_legendary
2026-06-04 00:38:18,20260604_003818,https://cs2tokens.com/browse?sort=price-asc&finish=Holo,Holo,51d1af996c24,Sticker | torzsi (Holo) | Cologne 2026,torzsi,Cologne 2026,Player,Holo,MOUZ,Exotic,#d32ce6,541,5.36,115,161,0.7125,https://community.akamai.steamstatic.com/economy/image/i0CoZ81Ui0m-9KwlBY1L_18myuGuq1wfhWSaZgMttyVfPaERSR0Wqmu7LAocGJai0ki7VeTHjMmuOXSQ61MnpNWipUruRiLlkYT67itk5_2iZ-o9JKTLXWbGkroltOU6SX_rw08hsWjQyon7dSnCZwUpDMAkE7Nbuxm5jJS5YI1Sx_SN,"=IMAGE(""https://community.akamai.steamstatic.com/economy/image/i0CoZ81Ui0m-9KwlBY1L_18myuGuq1wfhWSaZgMttyVfPaERSR0Wqmu7LAocGJai0ki7VeTHjMmuOXSQ61MnpNWipUruRiLlkYT67itk5_2iZ-o9JKTLXWbGkroltOU6SX_rw08hsWjQyon7dSnCZwUpDMAkE7Nbuxm5jJS5YI1Sx_SN"")",https://cs2tokens.com/iem-cologne-2026/items/sticker-torzsi-holo-cologne-2026,sticker-torzsi-holo-cologne-2026,ok,,https://cs2tokens.com/iem-cologne-2026/items/sticker-torzsi-holo-cologne-2026/q-data.json,Sticker | torzsi (Holo) | Cologne 2026,https://steamcommunity.com/market/listings/730/Sticker%20%7C%20torzsi%20%28Holo%29%20%7C%20Cologne%202026,1209,10688,5316,12,iem-cologne-2026,campaign_12,sticker,Autograph,torzsi,MOUZ,rarity_legendary
2026-06-04 00:38:18,20260604_003818,https://cs2tokens.com/browse?sort=price-asc&finish=Holo,Holo,ebfa782fd78c,Sticker | jks (Holo) | Cologne 2026,jks,Cologne 2026,Player,Holo,Flyquest,Exotic,#d32ce6,550,5.45,116,161,0.7188,https://community.akamai.steamstatic.com/economy/image/i0CoZ81Ui0m-9KwlBY1L_18myuGuq1wfhWSaZgMttyVfPaERSR0Wqmu7LAocGJai0ki7VeTHjMmuOXSQ61MnpNWipUruRiL7lYXf9S1X4LyobPNsI6aQV2LIw-gu4eA7HSywwEp-4jncy96gIH_CbgIjWZsmE-YPrFDmxT7BuBTn,"=IMAGE(""https://community.akamai.steamstatic.com/economy/image/i0CoZ81Ui0m-9KwlBY1L_18myuGuq1wfhWSaZgMttyVfPaERSR0Wqmu7LAocGJai0ki7VeTHjMmuOXSQ61MnpNWipUruRiL7lYXf9S1X4LyobPNsI6aQV2LIw-gu4eA7HSywwEp-4jncy96gIH_CbgIjWZsmE-YPrFDmxT7BuBTn"")",https://cs2tokens.com/iem-cologne-2026/items/sticker-jks-holo-cologne-2026,sticker-jks-holo-cologne-2026,ok,,https://cs2tokens.com/iem-cologne-2026/items/sticker-jks-holo-cologne-2026/q-data.json,Sticker | jks (Holo) | Cologne 2026,https://steamcommunity.com/market/listings/730/Sticker%20%7C%20jks%20%28Holo%29%20%7C%20Cologne%202026,1209,11160,5316,12,iem-cologne-2026,campaign_12,sticker,Autograph,jks,Flyquest,rarity_legendary
2026-06-04 00:38:18,20260604_003818,https://cs2tokens.com/browse?sort=price-asc&finish=Holo,Holo,702a0cf78ccb,Sticker | mezii (Holo) | Cologne 2026,mezii,Cologne 2026,Player,Holo,Vitality,Exotic,#d32ce6,564,5.58,117,161,0.725,https://community.akamai.steamstatic.com/economy/image/i0CoZ81Ui0m-9KwlBY1L_18myuGuq1wfhWSaZgMttyVfPaERSR0Wqmu7LAocGJai0ki7VeTHjMmuOXSQ61MnpNWipUruRiL8m4zp9B1T4P6hJqI4I_TLD2bHwOgl4-RsTS_qkEhw5G7Xztv_cC-eb1BxDZRxQrQKsxmm0oqwgz6LBnc,"=IMAGE(""https://community.akamai.steamstatic.com/economy/image/i0CoZ81Ui0m-9KwlBY1L_18myuGuq1wfhWSaZgMttyVfPaERSR0Wqmu7LAocGJai0ki7VeTHjMmuOXSQ61MnpNWipUruRiL8m4zp9B1T4P6hJqI4I_TLD2bHwOgl4-RsTS_qkEhw5G7Xztv_cC-eb1BxDZRxQrQKsxmm0oqwgz6LBnc"")",https://cs2tokens.com/iem-cologne-2026/items/sticker-mezii-holo-cologne-2026,sticker-mezii-holo-cologne-2026,ok,,https://cs2tokens.com/iem-cologne-2026/items/sticker-mezii-holo-cologne-2026/q-data.json,Sticker | mezii (Holo) | Cologne 2026,https://steamcommunity.com/market/listings/730/Sticker%20%7C%20mezii%20%28Holo%29%20%7C%20Cologne%202026,1209,10544,5316,12,iem-cologne-2026,campaign_12,sticker,Autograph,mezii,Vitality,rarity_legendary
2026-06-04 00:38:18,20260604_003818,https://cs2tokens.com/browse?sort=price-asc&finish=Holo,Holo,203a65c3dc80,Sticker | beastik (Holo) | Cologne 2026,beastik,Cologne 2026,Player,Holo,,Exotic,#d32ce6,585,5.79,118,161,0.7312,https://community.akamai.steamstatic.com/economy/image/i0CoZ81Ui0m-9KwlBY1L_18myuGuq1wfhWSaZgMttyVfPaERSR0Wqmu7LAocGJai0ki7VeTHjMmuOXSQ61MnpNWipUruRiLzm5fz6StQ0PqhZKsjdKSWXDTFxLl15uA8HnDnkRh0sTmBm9z_JSjBbwQiWJQiFOID4Ubrlsqnab1ejx5s_w,"=IMAGE(""https://community.akamai.steamstatic.com/economy/image/i0CoZ81Ui0m-9KwlBY1L_18myuGuq1wfhWSaZgMttyVfPaERSR0Wqmu7LAocGJai0ki7VeTHjMmuOXSQ61MnpNWipUruRiLzm5fz6StQ0PqhZKsjdKSWXDTFxLl15uA8HnDnkRh0sTmBm9z_JSjBbwQiWJQiFOID4Ubrlsqnab1ejx5s_w"")",https://cs2tokens.com/iem-cologne-2026/items/sticker-beastik-holo-cologne-2026,sticker-beastik-holo-cologne-2026,ok,,https://cs2tokens.com/iem-cologne-2026/items/sticker-beastik-holo-cologne-2026/q-data.json,Sticker | beastik (Holo) | Cologne 2026,https://steamcommunity.com/market/listings/730/Sticker%20%7C%20beastik%20%28Holo%29%20%7C%20Cologne%202026,1209,10996,5316,12,iem-cologne-2026,campaign_12,sticker,Autograph,beastik,,rarity_legendary
2026-06-04 00:38:18,20260604_003818,https://cs2tokens.com/browse?sort=price-asc&finish=Holo,Holo,075a909343de,Sticker | SHOCK (Holo) | Cologne 2026,SHOCK,Cologne 2026,Player,Holo,,Exotic,#d32ce6,601,5.95,119,161,0.7375,https://community.akamai.steamstatic.com/economy/image/i0CoZ81Ui0m-9KwlBY1L_18myuGuq1wfhWSaZgMttyVfPaERSR0Wqmu7LAocGJai0ki7VeTHjMmuOXSQ61MnpNWipUruRiLilpnj9h1T4P6hJqY_cKXCXjHEw7515bM4G3i1xEt34GiAmIyodnuePAApDMN4RLVb50Gm0oqwaZiaYzY,"=IMAGE(""https://community.akamai.steamstatic.com/economy/image/i0CoZ81Ui0m-9KwlBY1L_18myuGuq1wfhWSaZgMttyVfPaERSR0Wqmu7LAocGJai0ki7VeTHjMmuOXSQ61MnpNWipUruRiLilpnj9h1T4P6hJqY_cKXCXjHEw7515bM4G3i1xEt34GiAmIyodnuePAApDMN4RLVb50Gm0oqwaZiaYzY"")",https://cs2tokens.com/iem-cologne-2026/items/sticker-shock-holo-cologne-2026,sticker-shock-holo-cologne-2026,ok,,https://cs2tokens.com/iem-cologne-2026/items/sticker-shock-holo-cologne-2026/q-data.json,Sticker | SHOCK (Holo) | Cologne 2026,https://steamcommunity.com/market/listings/730/Sticker%20%7C%20SHOCK%20%28Holo%29%20%7C%20Cologne%202026,1209,11000,5316,12,iem-cologne-2026,campaign_12,sticker,Autograph,SHOCK,,rarity_legendary
2026-06-04 00:38:18,20260604_003818,https://cs2tokens.com/browse?sort=price-asc&finish=Holo,Holo,4090be90c061,Sticker | REZ (Holo) | Cologne 2026,REZ,Cologne 2026,Player,Holo,GamerLegion,Exotic,#d32ce6,604,5.98,120,161,0.7438,https://community.akamai.steamstatic.com/economy/image/i0CoZ81Ui0m-9KwlBY1L_18myuGuq1wfhWSaZgMttyVfPaERSR0Wqmu7LAocGJai0ki7VeTHjMmuOXSQ61MnpNWipUruRiLjm4zf9S1X4LyrMf1oeKLLWzOVwLp0sucwTH_mxk105WSHz9j4JC7FbFB0DZZ3QbUPrFDmxUIINnTR,"=IMAGE(""https://community.akamai.steamstatic.com/economy/image/i0CoZ81Ui0m-9KwlBY1L_18myuGuq1wfhWSaZgMttyVfPaERSR0Wqmu7LAocGJai0ki7VeTHjMmuOXSQ61MnpNWipUruRiLjm4zf9S1X4LyrMf1oeKLLWzOVwLp0sucwTH_mxk105WSHz9j4JC7FbFB0DZZ3QbUPrFDmxUIINnTR"")",https://cs2tokens.com/iem-cologne-2026/items/sticker-rez-holo-cologne-2026,sticker-rez-holo-cologne-2026,ok,,https://cs2tokens.com/iem-cologne-2026/items/sticker-rez-holo-cologne-2026/q-data.json,Sticker | REZ (Holo) | Cologne 2026,https://steamcommunity.com/market/listings/730/Sticker%20%7C%20REZ%20%28Holo%29%20%7C%20Cologne%202026,1209,10860,5316,12,iem-cologne-2026,campaign_12,sticker,Autograph,REZ,GamerLegion,rarity_legendary
2026-06-04 00:38:18,20260604_003818,https://cs2tokens.com/browse?sort=price-asc&finish=Holo,Holo,d2c8126cec6f,Sticker | Liazz (Holo) | Cologne 2026,Liazz,Cologne 2026,Player,Holo,,Exotic,#d32ce6,630,6.24,121,161,0.75,https://community.akamai.steamstatic.com/economy/image/i0CoZ81Ui0m-9KwlBY1L_18myuGuq1wfhWSaZgMttyVfPaERSR0Wqmu7LAocGJai0ki7VeTHjMmuOXSQ61MnpNWipUruRiL9l5f65x1T4P6hJvI1daCRWTeTwrki5bY7Tn_izE4j4mWHn9iuc3yfOgRzXsdzQbQDt0Wm0oqwPD_jBHI,"=IMAGE(""https://community.akamai.steamstatic.com/economy/image/i0CoZ81Ui0m-9KwlBY1L_18myuGuq1wfhWSaZgMttyVfPaERSR0Wqmu7LAocGJai0ki7VeTHjMmuOXSQ61MnpNWipUruRiL9l5f65x1T4P6hJvI1daCRWTeTwrki5bY7Tn_izE4j4mWHn9iuc3yfOgRzXsdzQbQDt0Wm0oqwPD_jBHI"")",https://cs2tokens.com/iem-cologne-2026/items/sticker-liazz-holo-cologne-2026,sticker-liazz-holo-cologne-2026,ok,,https://cs2tokens.com/iem-cologne-2026/items/sticker-liazz-holo-cologne-2026/q-data.json,Sticker | Liazz (Holo) | Cologne 2026,https://steamcommunity.com/market/listings/730/Sticker%20%7C%20Liazz%20%28Holo%29%20%7C%20Cologne%202026,1209,11140,5316,12,iem-cologne-2026,campaign_12,sticker,Autograph,Liazz,,rarity_legendary
2026-06-04 00:38:18,20260604_003818,https://cs2tokens.com/browse?sort=price-asc&finish=Holo,Holo,fcb303a6898e,Sticker | JDC (Holo) | Cologne 2026,JDC,Cologne 2026,Player,Holo,BIG,Exotic,#d32ce6,646,6.4,122,161,0.7562,https://community.akamai.steamstatic.com/economy/image/i0CoZ81Ui0m-9KwlBY1L_18myuGuq1wfhWSaZgMttyVfPaERSR0Wqmu7LAocGJai0ki7VeTHjMmuOXSQ61MnpNWipUruRiL7mpXf9S1X4Lz5O_c0dqGWVjTFx-8gtrA_HSjrkEVx4jjRnI77JHufZ1V1W5cmRLIDrFDmxSWBQ28V,"=IMAGE(""https://community.akamai.steamstatic.com/economy/image/i0CoZ81Ui0m-9KwlBY1L_18myuGuq1wfhWSaZgMttyVfPaERSR0Wqmu7LAocGJai0ki7VeTHjMmuOXSQ61MnpNWipUruRiL7mpXf9S1X4Lz5O_c0dqGWVjTFx-8gtrA_HSjrkEVx4jjRnI77JHufZ1V1W5cmRLIDrFDmxSWBQ28V"")",https://cs2tokens.com/iem-cologne-2026/items/sticker-jdc-holo-cologne-2026,sticker-jdc-holo-cologne-2026,ok,,https://cs2tokens.com/iem-cologne-2026/items/sticker-jdc-holo-cologne-2026/q-data.json,Sticker | JDC (Holo) | Cologne 2026,https://steamcommunity.com/market/listings/730/Sticker%20%7C%20JDC%20%28Holo%29%20%7C%20Cologne%202026,1209,10940,5316,12,iem-cologne-2026,campaign_12,sticker,Autograph,JDC,BIG,rarity_legendary
2026-06-04 00:38:18,20260604_003818,https://cs2tokens.com/browse?sort=price-asc&finish=Holo,Holo,8c9210f50ee7,Sticker | tN1R (Holo) | Cologne 2026,tN1R,Cologne 2026,Player,Holo,Team Spirit,Exotic,#d32ce6,692,6.85,123,161,0.7625,https://community.akamai.steamstatic.com/economy/image/i0CoZ81Ui0m-9KwlBY1L_18myuGuq1wfhWSaZgMttyVfPaERSR0Wqmu7LAocGJai0ki7VeTHjMmuOXSQ61MnpNWipUruRiLlkMfywipU4_3gbfVpd6aRCGXFmegj5uc_GCjrxE9xsG3dm9b4JXKXZgFyWZMiQeZZsQ74zINkzeE2CQ,"=IMAGE(""https://community.akamai.steamstatic.com/economy/image/i0CoZ81Ui0m-9KwlBY1L_18myuGuq1wfhWSaZgMttyVfPaERSR0Wqmu7LAocGJai0ki7VeTHjMmuOXSQ61MnpNWipUruRiLlkMfywipU4_3gbfVpd6aRCGXFmegj5uc_GCjrxE9xsG3dm9b4JXKXZgFyWZMiQeZZsQ74zINkzeE2CQ"")",https://cs2tokens.com/iem-cologne-2026/items/sticker-tn1r-holo-cologne-2026,sticker-tn1r-holo-cologne-2026,ok,,https://cs2tokens.com/iem-cologne-2026/items/sticker-tn1r-holo-cologne-2026/q-data.json,Sticker | tN1R (Holo) | Cologne 2026,https://steamcommunity.com/market/listings/730/Sticker%20%7C%20tN1R%20%28Holo%29%20%7C%20Cologne%202026,1209,10716,5316,12,iem-cologne-2026,campaign_12,sticker,Autograph,tN1R,Team Spirit,rarity_legendary
2026-06-04 00:38:18,20260604_003818,https://cs2tokens.com/browse?sort=price-asc&finish=Holo,Holo,50b92fa89ce5,Sticker | tabseN (Holo) | Cologne 2026,tabseN,Cologne 2026,Player,Holo,BIG,Exotic,#d32ce6,693,6.86,124,161,0.7688,https://community.akamai.steamstatic.com/economy/image/i0CoZ81Ui0m-9KwlBY1L_18myuGuq1wfhWSaZgMttyVfPaERSR0Wqmu7LAocGJai0ki7VeTHjMmuOXSQ61MnpNWipUruRiLln5Tz-Cxk5_2iZ-o_I_HBVzfIkepy4OU7TnGywkR14T7Rmdn4d36SPAAnCMF5QrUNsEOwjJS5YMJcjj0P,"=IMAGE(""https://community.akamai.steamstatic.com/economy/image/i0CoZ81Ui0m-9KwlBY1L_18myuGuq1wfhWSaZgMttyVfPaERSR0Wqmu7LAocGJai0ki7VeTHjMmuOXSQ61MnpNWipUruRiLln5Tz-Cxk5_2iZ-o_I_HBVzfIkepy4OU7TnGywkR14T7Rmdn4d36SPAAnCMF5QrUNsEOwjJS5YMJcjj0P"")",https://cs2tokens.com/iem-cologne-2026/items/sticker-tabsen-holo-cologne-2026,sticker-tabsen-holo-cologne-2026,ok,,https://cs2tokens.com/iem-cologne-2026/items/sticker-tabsen-holo-cologne-2026/q-data.json,Sticker | tabseN (Holo) | Cologne 2026,https://steamcommunity.com/market/listings/730/Sticker%20%7C%20tabseN%20%28Holo%29%20%7C%20Cologne%202026,1209,10936,5316,12,iem-cologne-2026,campaign_12,sticker,Autograph,tabseN,BIG,rarity_legendary
2026-06-04 00:38:18,20260604_003818,https://cs2tokens.com/browse?sort=price-asc&finish=Holo,Holo,6558a22d0289,Sticker | KSCERATO (Holo) | Cologne 2026,KSCERATO,Cologne 2026,Player,Holo,FURIA,Exotic,#d32ce6,698,6.91,125,161,0.775,https://community.akamai.steamstatic.com/economy/image/i0CoZ81Ui0m-9KwlBY1L_18myuGuq1wfhWSaZgMttyVfPaERSR0Wqmu7LAocGJai0ki7VeTHjMmuOXSQ61MnpNWipUruRiL6jZXl7yNP4M2mZ6hibqPKC2GUlOxzsec5GSzglEsi6j7Vw9mgdn3GOwV0W8AjEOUNsEGxx4f5d7S1smZnBRE,"=IMAGE(""https://community.akamai.steamstatic.com/economy/image/i0CoZ81Ui0m-9KwlBY1L_18myuGuq1wfhWSaZgMttyVfPaERSR0Wqmu7LAocGJai0ki7VeTHjMmuOXSQ61MnpNWipUruRiL6jZXl7yNP4M2mZ6hibqPKC2GUlOxzsec5GSzglEsi6j7Vw9mgdn3GOwV0W8AjEOUNsEGxx4f5d7S1smZnBRE"")",https://cs2tokens.com/iem-cologne-2026/items/sticker-kscerato-holo-cologne-2026,sticker-kscerato-holo-cologne-2026,ok,,https://cs2tokens.com/iem-cologne-2026/items/sticker-kscerato-holo-cologne-2026/q-data.json,Sticker | KSCERATO (Holo) | Cologne 2026,https://steamcommunity.com/market/listings/730/Sticker%20%7C%20KSCERATO%20%28Holo%29%20%7C%20Cologne%202026,1209,10660,5316,12,iem-cologne-2026,campaign_12,sticker,Autograph,KSCERATO,FURIA,rarity_legendary
2026-06-04 00:38:18,20260604_003818,https://cs2tokens.com/browse?sort=price-asc&finish=Holo,Holo,6bf3b5527d95,Sticker | iM (Holo) | Cologne 2026,iM,Cologne 2026,Player,Holo,Natus Vincere,Exotic,#d32ce6,743,7.36,126,161,0.7812,https://community.akamai.steamstatic.com/economy/image/i0CoZ81Ui0m-9KwlBY1L_18myuGuq1wfhWSaZgMttyVfPaERSR0Wqmu7LAocGJai0ki7VeTHjMmuOXSQ61MnpNWipUruRiL4k6no8i5UoaX9PKU9dqaSDTHJw7km5bJoSnvjlx5y6zuHydypc3uTa1MmXpIiTO4U8k7viObgfFE,"=IMAGE(""https://community.akamai.steamstatic.com/economy/image/i0CoZ81Ui0m-9KwlBY1L_18myuGuq1wfhWSaZgMttyVfPaERSR0Wqmu7LAocGJai0ki7VeTHjMmuOXSQ61MnpNWipUruRiL4k6no8i5UoaX9PKU9dqaSDTHJw7km5bJoSnvjlx5y6zuHydypc3uTa1MmXpIiTO4U8k7viObgfFE"")",https://cs2tokens.com/iem-cologne-2026/items/sticker-im-holo-cologne-2026,sticker-im-holo-cologne-2026,ok,,https://cs2tokens.com/iem-cologne-2026/items/sticker-im-holo-cologne-2026/q-data.json,Sticker | iM (Holo) | Cologne 2026,https://steamcommunity.com/market/listings/730/Sticker%20%7C%20iM%20%28Holo%29%20%7C%20Cologne%202026,1209,10568,5316,12,iem-cologne-2026,campaign_12,sticker,Autograph,iM,Natus Vincere,rarity_legendary
2026-06-04 00:38:18,20260604_003818,https://cs2tokens.com/browse?sort=price-asc&finish=Holo,Holo,64e54357c17d,Sticker | zont1x (Holo) | Cologne 2026,zont1x,Cologne 2026,Player,Holo,Team Spirit,Exotic,#d32ce6,772,7.64,127,161,0.7875,https://community.akamai.steamstatic.com/economy/image/i0CoZ81Ui0m-9KwlBY1L_18myuGuq1wfhWSaZgMttyVfPaERSR0Wqmu7LAocGJai0ki7VeTHjMmuOXSQ61MnpNWipUruRiLrkZj0rDpk5_2iZ-prdKDBXzWVkrpytbE8TnrhlkoitWSHyov7InqQalJxC8YmQ-4D4BLujJS5YA45KiaU,"=IMAGE(""https://community.akamai.steamstatic.com/economy/image/i0CoZ81Ui0m-9KwlBY1L_18myuGuq1wfhWSaZgMttyVfPaERSR0Wqmu7LAocGJai0ki7VeTHjMmuOXSQ61MnpNWipUruRiLrkZj0rDpk5_2iZ-prdKDBXzWVkrpytbE8TnrhlkoitWSHyov7InqQalJxC8YmQ-4D4BLujJS5YA45KiaU"")",https://cs2tokens.com/iem-cologne-2026/items/sticker-zont1x-holo-cologne-2026,sticker-zont1x-holo-cologne-2026,ok,,https://cs2tokens.com/iem-cologne-2026/items/sticker-zont1x-holo-cologne-2026/q-data.json,Sticker | zont1x (Holo) | Cologne 2026,https://steamcommunity.com/market/listings/730/Sticker%20%7C%20zont1x%20%28Holo%29%20%7C%20Cologne%202026,1209,10732,5316,12,iem-cologne-2026,campaign_12,sticker,Autograph,zont1x,Team Spirit,rarity_legendary
2026-06-04 00:38:18,20260604_003818,https://cs2tokens.com/browse?sort=price-asc&finish=Holo,Holo,fd87e12b4306,Sticker | EliGE (Holo) | Cologne 2026,EliGE,Cologne 2026,Player,Holo,Team Liquid,Exotic,#d32ce6,812,8.04,128,161,0.7937,https://community.akamai.steamstatic.com/economy/image/i0CoZ81Ui0m-9KwlBY1L_18myuGuq1wfhWSaZgMttyVfPaERSR0Wqmu7LAocGJai0ki7VeTHjMmuOXSQ61MnpNWipUruRiL0kp_n-B1T4P6hJvBoJaeWWmaWkOtysbU9GS3lxUQl6j-BmYv6IHORbVR0DJd5TeAK4xSm0oqwUxLmcms,"=IMAGE(""https://community.akamai.steamstatic.com/economy/image/i0CoZ81Ui0m-9KwlBY1L_18myuGuq1wfhWSaZgMttyVfPaERSR0Wqmu7LAocGJai0ki7VeTHjMmuOXSQ61MnpNWipUruRiL0kp_n-B1T4P6hJvBoJaeWWmaWkOtysbU9GS3lxUQl6j-BmYv6IHORbVR0DJd5TeAK4xSm0oqwUxLmcms"")",https://cs2tokens.com/iem-cologne-2026/items/sticker-elige-holo-cologne-2026,sticker-elige-holo-cologne-2026,ok,,https://cs2tokens.com/iem-cologne-2026/items/sticker-elige-holo-cologne-2026/q-data.json,Sticker | EliGE (Holo) | Cologne 2026,https://steamcommunity.com/market/listings/730/Sticker%20%7C%20EliGE%20%28Holo%29%20%7C%20Cologne%202026,1209,11096,5316,12,iem-cologne-2026,campaign_12,sticker,Autograph,EliGE,Team Liquid,rarity_legendary
2026-06-04 00:38:18,20260604_003818,https://cs2tokens.com/browse?sort=price-asc&finish=Holo,Holo,1290d50e45f8,Sticker | Jee (Holo) | Cologne 2026,Jee,Cologne 2026,Player,Holo,TYLOO,Exotic,#d32ce6,815,8.07,129,161,0.8,https://community.akamai.steamstatic.com/economy/image/i0CoZ81Ui0m-9KwlBY1L_18myuGuq1wfhWSaZgMttyVfPaERSR0Wqmu7LAocGJai0ki7VeTHjMmuOXSQ61MnpNWipUruRiL7m5Pf9S1X4Lz4Mfc6JabHDzbEwO0j57I8Gn7nzExzt2_dmNqqI3LDOgUgWJF2F7QMrFDmxa8EpGvw,"=IMAGE(""https://community.akamai.steamstatic.com/economy/image/i0CoZ81Ui0m-9KwlBY1L_18myuGuq1wfhWSaZgMttyVfPaERSR0Wqmu7LAocGJai0ki7VeTHjMmuOXSQ61MnpNWipUruRiL7m5Pf9S1X4Lz4Mfc6JabHDzbEwO0j57I8Gn7nzExzt2_dmNqqI3LDOgUgWJF2F7QMrFDmxa8EpGvw"")",https://cs2tokens.com/iem-cologne-2026/items/sticker-jee-holo-cologne-2026,sticker-jee-holo-cologne-2026,ok,,https://cs2tokens.com/iem-cologne-2026/items/sticker-jee-holo-cologne-2026/q-data.json,Sticker | Jee (Holo) | Cologne 2026,https://steamcommunity.com/market/listings/730/Sticker%20%7C%20Jee%20%28Holo%29%20%7C%20Cologne%202026,1209,11040,5316,12,iem-cologne-2026,campaign_12,sticker,Autograph,Jee,TYLOO,rarity_legendary
2026-06-04 00:38:18,20260604_003818,https://cs2tokens.com/browse?sort=price-asc&finish=Holo,Holo,d094547efbc4,Sticker | magixx (Holo) | Cologne 2026,magixx,Cologne 2026,Player,Holo,Team Spirit,Exotic,#d32ce6,858,8.49,130,161,0.8063,https://community.akamai.steamstatic.com/economy/image/i0CoZ81Ui0m-9KwlBY1L_18myuGuq1wfhWSaZgMttyVfPaERSR0Wqmu7LAocGJai0ki7VeTHjMmuOXSQ61MnpNWipUruRiL8n5Hp5Tpk5_2iZ-ppIfOWXDXGwux0seVsSyvnzUgj4znXn9ipcC7FOwEpDsQlRude50G5jJS5YE_q4zdJ,"=IMAGE(""https://community.akamai.steamstatic.com/economy/image/i0CoZ81Ui0m-9KwlBY1L_18myuGuq1wfhWSaZgMttyVfPaERSR0Wqmu7LAocGJai0ki7VeTHjMmuOXSQ61MnpNWipUruRiL8n5Hp5Tpk5_2iZ-ppIfOWXDXGwux0seVsSyvnzUgj4znXn9ipcC7FOwEpDsQlRude50G5jJS5YE_q4zdJ"")",https://cs2tokens.com/iem-cologne-2026/items/sticker-magixx-holo-cologne-2026,sticker-magixx-holo-cologne-2026,ok,,https://cs2tokens.com/iem-cologne-2026/items/sticker-magixx-holo-cologne-2026/q-data.json,Sticker | magixx (Holo) | Cologne 2026,https://steamcommunity.com/market/listings/730/Sticker%20%7C%20magixx%20%28Holo%29%20%7C%20Cologne%202026,1209,10724,5316,12,iem-cologne-2026,campaign_12,sticker,Autograph,magixx,Team Spirit,rarity_legendary
2026-06-04 00:38:18,20260604_003818,https://cs2tokens.com/browse?sort=price-asc&finish=Holo,Holo,ef893d39098d,Sticker | aliStair (Holo) | Cologne 2026,aliStair,Cologne 2026,Player,Holo,,Exotic,#d32ce6,858,8.49,131,161,0.8125,https://community.akamai.steamstatic.com/economy/image/i0CoZ81Ui0m-9KwlBY1L_18myuGuq1wfhWSaZgMttyVfPaERSR0Wqmu7LAocGJai0ki7VeTHjMmuOXSQ61MnpNWipUruRiLwkp_z6SNS_c2mZ6hibqHECGLAwrx1s7VtSn3gzUskt2-Hz9irJyqeOwB2DMRyQ7IKs0W_ktP5d7S1vHTz7-Q,"=IMAGE(""https://community.akamai.steamstatic.com/economy/image/i0CoZ81Ui0m-9KwlBY1L_18myuGuq1wfhWSaZgMttyVfPaERSR0Wqmu7LAocGJai0ki7VeTHjMmuOXSQ61MnpNWipUruRiLwkp_z6SNS_c2mZ6hibqHECGLAwrx1s7VtSn3gzUskt2-Hz9irJyqeOwB2DMRyQ7IKs0W_ktP5d7S1vHTz7-Q"")",https://cs2tokens.com/iem-cologne-2026/items/sticker-alistair-holo-cologne-2026,sticker-alistair-holo-cologne-2026,ok,,https://cs2tokens.com/iem-cologne-2026/items/sticker-alistair-holo-cologne-2026/q-data.json,Sticker | aliStair (Holo) | Cologne 2026,https://steamcommunity.com/market/listings/730/Sticker%20%7C%20aliStair%20%28Holo%29%20%7C%20Cologne%202026,1209,11144,5316,12,iem-cologne-2026,campaign_12,sticker,Autograph,aliStair,,rarity_legendary
2026-06-04 00:38:18,20260604_003818,https://cs2tokens.com/browse?sort=price-asc&finish=Holo,Holo,092bb16ad86f,Sticker | TjP (Holo) | Cologne 2026,TjP,Cologne 2026,Player,Holo,,Exotic,#d32ce6,893,8.84,132,161,0.8187,https://community.akamai.steamstatic.com/economy/image/i0CoZ81Ui0m-9KwlBY1L_18myuGuq1wfhWSaZgMttyVfPaERSR0Wqmu7LAocGJai0ki7VeTHjMmuOXSQ61MnpNWipUruRiLllIbf9S1X4Lz4afc0IaeXXT-UmOsm57g_HSrhwk5ytTjcmNeoeS2TPAYiCZIlQrELrFDmxTK6M1Q9,"=IMAGE(""https://community.akamai.steamstatic.com/economy/image/i0CoZ81Ui0m-9KwlBY1L_18myuGuq1wfhWSaZgMttyVfPaERSR0Wqmu7LAocGJai0ki7VeTHjMmuOXSQ61MnpNWipUruRiLllIbf9S1X4Lz4afc0IaeXXT-UmOsm57g_HSrhwk5ytTjcmNeoeS2TPAYiCZIlQrELrFDmxTK6M1Q9"")",https://cs2tokens.com/iem-cologne-2026/items/sticker-tjp-holo-cologne-2026,sticker-tjp-holo-cologne-2026,ok,,https://cs2tokens.com/iem-cologne-2026/items/sticker-tjp-holo-cologne-2026/q-data.json,Sticker | TjP (Holo) | Cologne 2026,https://steamcommunity.com/market/listings/730/Sticker%20%7C%20TjP%20%28Holo%29%20%7C%20Cologne%202026,1209,11152,5316,12,iem-cologne-2026,campaign_12,sticker,Autograph,TjP,,rarity_legendary
2026-06-04 00:38:18,20260604_003818,https://cs2tokens.com/browse?sort=price-asc&finish=Holo,Holo,211ef42add7d,Sticker | EmiliaQAQ (Holo) | Cologne 2026,EmiliaQAQ,Cologne 2026,Player,Holo,Lynn Vision,Exotic,#d32ce6,895,8.86,133,161,0.825,https://community.akamai.steamstatic.com/economy/image/i0CoZ81Ui0m-9KwlBY1L_18myuGuq1wfhWSaZgMttyVfPaERSR0Wqmu7LAocGJai0ki7VeTHjMmuOXSQ61MnpNWipUruRiL0k5_s9CNK7uORYKthL77FVjXHmL0vsblvHCuxxBh2tj_Vzt38cC_GaVMmDpYjFuUD5xe9wNHvKaq8sC-QvIYV,"=IMAGE(""https://community.akamai.steamstatic.com/economy/image/i0CoZ81Ui0m-9KwlBY1L_18myuGuq1wfhWSaZgMttyVfPaERSR0Wqmu7LAocGJai0ki7VeTHjMmuOXSQ61MnpNWipUruRiL0k5_s9CNK7uORYKthL77FVjXHmL0vsblvHCuxxBh2tj_Vzt38cC_GaVMmDpYjFuUD5xe9wNHvKaq8sC-QvIYV"")",https://cs2tokens.com/iem-cologne-2026/items/sticker-emiliaqaq-holo-cologne-2026,sticker-emiliaqaq-holo-cologne-2026,ok,,https://cs2tokens.com/iem-cologne-2026/items/sticker-emiliaqaq-holo-cologne-2026/q-data.json,Sticker | EmiliaQAQ (Holo) | Cologne 2026,https://steamcommunity.com/market/listings/730/Sticker%20%7C%20EmiliaQAQ%20%28Holo%29%20%7C%20Cologne%202026,1209,11128,5316,12,iem-cologne-2026,campaign_12,sticker,Autograph,EmiliaQAQ,Lynn Vision,rarity_legendary
2026-06-04 00:38:18,20260604_003818,https://cs2tokens.com/browse?sort=price-asc&finish=Holo,Holo,4231d7fb5568,Sticker | FlameZ (Holo) | Cologne 2026,FlameZ,Cologne 2026,Player,Holo,Vitality,Exotic,#d32ce6,933,9.24,134,161,0.8313,https://community.akamai.steamstatic.com/economy/image/i0CoZ81Ui0m-9KwlBY1L_18myuGuq1wfhWSaZgMttyVfPaERSR0Wqmu7LAocGJai0ki7VeTHjMmuOXSQ61MnpNWipUruRiL3kpft-Dhk5_2iZ-o4eKHCWTWSk7om5bY-Sn_nkURz62yBzNn7InvGbQd2CMZwRbZY4xWwjJS5YA0n6gU_,"=IMAGE(""https://community.akamai.steamstatic.com/economy/image/i0CoZ81Ui0m-9KwlBY1L_18myuGuq1wfhWSaZgMttyVfPaERSR0Wqmu7LAocGJai0ki7VeTHjMmuOXSQ61MnpNWipUruRiL3kpft-Dhk5_2iZ-o4eKHCWTWSk7om5bY-Sn_nkURz62yBzNn7InvGbQd2CMZwRbZY4xWwjJS5YA0n6gU_"")",https://cs2tokens.com/iem-cologne-2026/items/sticker-flamez-holo-cologne-2026,sticker-flamez-holo-cologne-2026,ok,,https://cs2tokens.com/iem-cologne-2026/items/sticker-flamez-holo-cologne-2026/q-data.json,Sticker | FlameZ (Holo) | Cologne 2026,https://steamcommunity.com/market/listings/730/Sticker%20%7C%20FlameZ%20%28Holo%29%20%7C%20Cologne%202026,1209,10548,5316,12,iem-cologne-2026,campaign_12,sticker,Autograph,FlameZ,Vitality,rarity_legendary
2026-06-04 00:38:18,20260604_003818,https://cs2tokens.com/browse?sort=price-asc&finish=Holo,Holo,ce776976702f,Sticker | Aleksib (Holo) | Cologne 2026,Aleksib,Cologne 2026,Player,Holo,Natus Vincere,Exotic,#d32ce6,935,9.26,135,161,0.8375,https://community.akamai.steamstatic.com/economy/image/i0CoZ81Ui0m-9KwlBY1L_18myuGuq1wfhWSaZgMttyVfPaERSR0Wqmu7LAocGJai0ki7VeTHjMmuOXSQ61MnpNWipUruRiLwkpPr7itZ0PqhZKsjdfbHDzDFx7wjtrAxSnHqxk8j4D7TmNyrdS-RaAUkCcFwEeYI4UaxxMqnab2EtVnx9Q,"=IMAGE(""https://community.akamai.steamstatic.com/economy/image/i0CoZ81Ui0m-9KwlBY1L_18myuGuq1wfhWSaZgMttyVfPaERSR0Wqmu7LAocGJai0ki7VeTHjMmuOXSQ61MnpNWipUruRiLwkpPr7itZ0PqhZKsjdfbHDzDFx7wjtrAxSnHqxk8j4D7TmNyrdS-RaAUkCcFwEeYI4UaxxMqnab2EtVnx9Q"")",https://cs2tokens.com/iem-cologne-2026/items/sticker-aleksib-holo-cologne-2026,sticker-aleksib-holo-cologne-2026,ok,,https://cs2tokens.com/iem-cologne-2026/items/sticker-aleksib-holo-cologne-2026/q-data.json,Sticker | Aleksib (Holo) | Cologne 2026,https://steamcommunity.com/market/listings/730/Sticker%20%7C%20Aleksib%20%28Holo%29%20%7C%20Cologne%202026,1209,10560,5316,12,iem-cologne-2026,campaign_12,sticker,Autograph,Aleksib,Natus Vincere,rarity_legendary
2026-06-04 00:38:18,20260604_003818,https://cs2tokens.com/browse?sort=price-asc&finish=Holo,Holo,47073ff8e45d,Sticker | sh1ro (Holo) | Cologne 2026,sh1ro,Cologne 2026,Player,Holo,Team Spirit,Exotic,#d32ce6,941,9.32,136,161,0.8438,https://community.akamai.steamstatic.com/economy/image/i0CoZ81Ui0m-9KwlBY1L_18myuGuq1wfhWSaZgMttyVfPaERSR0Wqmu7LAocGJai0ki7VeTHjMmuOXSQ61MnpNWipUruRiLilsfy8h1T4P6hJqc9c6aQWmWTmLhw5-RoGXHjxkt_4W7Rnor8c3vGblchXsd0RrEMskGm0oqwS4xNpM8,"=IMAGE(""https://community.akamai.steamstatic.com/economy/image/i0CoZ81Ui0m-9KwlBY1L_18myuGuq1wfhWSaZgMttyVfPaERSR0Wqmu7LAocGJai0ki7VeTHjMmuOXSQ61MnpNWipUruRiLilsfy8h1T4P6hJqc9c6aQWmWTmLhw5-RoGXHjxkt_4W7Rnor8c3vGblchXsd0RrEMskGm0oqwS4xNpM8"")",https://cs2tokens.com/iem-cologne-2026/items/sticker-sh1ro-holo-cologne-2026,sticker-sh1ro-holo-cologne-2026,ok,,https://cs2tokens.com/iem-cologne-2026/items/sticker-sh1ro-holo-cologne-2026/q-data.json,Sticker | sh1ro (Holo) | Cologne 2026,https://steamcommunity.com/market/listings/730/Sticker%20%7C%20sh1ro%20%28Holo%29%20%7C%20Cologne%202026,1209,10728,5316,12,iem-cologne-2026,campaign_12,sticker,Autograph,sh1ro,Team Spirit,rarity_legendary
2026-06-04 00:38:18,20260604_003818,https://cs2tokens.com/browse?sort=price-asc&finish=Holo,Holo,bec2fa69e575,Sticker | 910 (Holo) | Cologne 2026,910,Cologne 2026,Player,Holo,The MongolZ,Exotic,#d32ce6,942,9.33,137,161,0.85,https://community.akamai.steamstatic.com/economy/image/i0CoZ81Ui0m-9KwlBY1L_18myuGuq1wfhWSaZgMttyVfPaERSR0Wqmu7LAocGJai0ki7VeTHjMmuOXSQ61MnpNWipUruRiKoz8bf9S1X4Lz-afM-IajFCDfGmbtw5LFtTi_iwkkltmyAytavcnuea1QmCpdwEecCrFDmxUEzArv1,"=IMAGE(""https://community.akamai.steamstatic.com/economy/image/i0CoZ81Ui0m-9KwlBY1L_18myuGuq1wfhWSaZgMttyVfPaERSR0Wqmu7LAocGJai0ki7VeTHjMmuOXSQ61MnpNWipUruRiKoz8bf9S1X4Lz-afM-IajFCDfGmbtw5LFtTi_iwkkltmyAytavcnuea1QmCpdwEecCrFDmxUEzArv1"")",https://cs2tokens.com/iem-cologne-2026/items/sticker-910-holo-cologne-2026,sticker-910-holo-cologne-2026,ok,,https://cs2tokens.com/iem-cologne-2026/items/sticker-910-holo-cologne-2026/q-data.json,Sticker | 910 (Holo) | Cologne 2026,https://steamcommunity.com/market/listings/730/Sticker%20%7C%20910%20%28Holo%29%20%7C%20Cologne%202026,1209,10612,5316,12,iem-cologne-2026,campaign_12,sticker,Autograph,910,The MongolZ,rarity_legendary
2026-06-04 00:38:18,20260604_003818,https://cs2tokens.com/browse?sort=price-asc&finish=Holo,Holo,6ea183add0ef,Sticker | Jame (Holo) | Cologne 2026,Jame,Cologne 2026,Player,Holo,PARIVISION,Exotic,#d32ce6,945,9.36,138,161,0.8562,https://community.akamai.steamstatic.com/economy/image/i0CoZ81Ui0m-9KwlBY1L_18myuGuq1wfhWSaZgMttyVfPaERSR0Wqmu7LAocGJai0ki7VeTHjMmuOXSQ61MnpNWipUruRiL7n5vlwipU4_3gPPY8I6XGVmPHxbcg4eJqTirkxklytTzQmdapI3vGaVcmX8FxQO9esg74zINvwc_qXw,"=IMAGE(""https://community.akamai.steamstatic.com/economy/image/i0CoZ81Ui0m-9KwlBY1L_18myuGuq1wfhWSaZgMttyVfPaERSR0Wqmu7LAocGJai0ki7VeTHjMmuOXSQ61MnpNWipUruRiL7n5vlwipU4_3gPPY8I6XGVmPHxbcg4eJqTirkxklytTzQmdapI3vGaVcmX8FxQO9esg74zINvwc_qXw"")",https://cs2tokens.com/iem-cologne-2026/items/sticker-jame-holo-cologne-2026,sticker-jame-holo-cologne-2026,ok,,https://cs2tokens.com/iem-cologne-2026/items/sticker-jame-holo-cologne-2026/q-data.json,Sticker | Jame (Holo) | Cologne 2026,https://steamcommunity.com/market/listings/730/Sticker%20%7C%20Jame%20%28Holo%29%20%7C%20Cologne%202026,1209,10616,5316,12,iem-cologne-2026,campaign_12,sticker,Autograph,Jame,PARIVISION,rarity_legendary
2026-06-04 00:38:18,20260604_003818,https://cs2tokens.com/browse?sort=price-asc&finish=Holo,Holo,c83b7664ed4a,Sticker | XANTARES (Holo) | Cologne 2026,XANTARES,Cologne 2026,Player,Holo,Aurora,Exotic,#d32ce6,953,9.43,139,161,0.8625,https://community.akamai.steamstatic.com/economy/image/i0CoZ81Ui0m-9KwlBY1L_18myuGuq1wfhWSaZgMttyVfPaERSR0Wqmu7LAocGJai0ki7VeTHjMmuOXSQ61MnpNWipUruRiLpn5j0_DBe_M2mZ6hibvPAC2SUkLpz57Q8F3G1lh8lt23Vydz9dn6fblQmA5VyQ-ML5BSxk4D5d7S1oe2y3as,"=IMAGE(""https://community.akamai.steamstatic.com/economy/image/i0CoZ81Ui0m-9KwlBY1L_18myuGuq1wfhWSaZgMttyVfPaERSR0Wqmu7LAocGJai0ki7VeTHjMmuOXSQ61MnpNWipUruRiLpn5j0_DBe_M2mZ6hibvPAC2SUkLpz57Q8F3G1lh8lt23Vydz9dn6fblQmA5VyQ-ML5BSxk4D5d7S1oe2y3as"")",https://cs2tokens.com/iem-cologne-2026/items/sticker-xantares-holo-cologne-2026,sticker-xantares-holo-cologne-2026,ok,,https://cs2tokens.com/iem-cologne-2026/items/sticker-xantares-holo-cologne-2026/q-data.json,Sticker | XANTARES (Holo) | Cologne 2026,https://steamcommunity.com/market/listings/730/Sticker%20%7C%20XANTARES%20%28Holo%29%20%7C%20Cologne%202026,1209,10636,5316,12,iem-cologne-2026,campaign_12,sticker,Autograph,XANTARES,Aurora,rarity_legendary
2026-06-04 00:38:18,20260604_003818,https://cs2tokens.com/browse?sort=price-asc&finish=Holo,Holo,b8e2b15537e7,Sticker | makazze (Holo) | Cologne 2026,makazze,Cologne 2026,Player,Holo,Natus Vincere,Exotic,#d32ce6,1000,9.9,140,161,0.8688,https://community.akamai.steamstatic.com/economy/image/i0CoZ81Ui0m-9KwlBY1L_18myuGuq1wfhWSaZgMttyVfPaERSR0Wqmu7LAocGJai0ki7VeTHjMmuOXSQ61MnpNWipUruRiL8n53h5zhe0PqhZKsjcvaWWGWSwLwg5LI5F3nqwRl_tm7cmdipd33BPVUlDMF5TeYJuhWwm8qnab0yz9P06Q,"=IMAGE(""https://community.akamai.steamstatic.com/economy/image/i0CoZ81Ui0m-9KwlBY1L_18myuGuq1wfhWSaZgMttyVfPaERSR0Wqmu7LAocGJai0ki7VeTHjMmuOXSQ61MnpNWipUruRiL8n53h5zhe0PqhZKsjcvaWWGWSwLwg5LI5F3nqwRl_tm7cmdipd33BPVUlDMF5TeYJuhWwm8qnab0yz9P06Q"")",https://cs2tokens.com/iem-cologne-2026/items/sticker-makazze-holo-cologne-2026,sticker-makazze-holo-cologne-2026,ok,,https://cs2tokens.com/iem-cologne-2026/items/sticker-makazze-holo-cologne-2026/q-data.json,Sticker | makazze (Holo) | Cologne 2026,https://steamcommunity.com/market/listings/730/Sticker%20%7C%20makazze%20%28Holo%29%20%7C%20Cologne%202026,1209,10572,5316,12,iem-cologne-2026,campaign_12,sticker,Autograph,makazze,Natus Vincere,rarity_legendary
2026-06-04 00:38:18,20260604_003818,https://cs2tokens.com/browse?sort=price-asc&finish=Holo,Holo,12b57635d456,Sticker | hypex (Holo) | Cologne 2026,hypex,Cologne 2026,Player,Holo,GamerLegion,Exotic,#d32ce6,1051,10.4,141,161,0.875,https://community.akamai.steamstatic.com/economy/image/i0CoZ81Ui0m-9KwlBY1L_18myuGuq1wfhWSaZgMttyVfPaERSR0Wqmu7LAocGJai0ki7VeTHjMmuOXSQ61MnpNWipUruRiL5h4bl5R1T4P6hJvA1IqfHXTPAmOpwtuI5HXHkzRgm5TjdwtauJ3vBagQiCZVzQuECuham0oqwXn0dgL4,"=IMAGE(""https://community.akamai.steamstatic.com/economy/image/i0CoZ81Ui0m-9KwlBY1L_18myuGuq1wfhWSaZgMttyVfPaERSR0Wqmu7LAocGJai0ki7VeTHjMmuOXSQ61MnpNWipUruRiL5h4bl5R1T4P6hJvA1IqfHXTPAmOpwtuI5HXHkzRgm5TjdwtauJ3vBagQiCZVzQuECuham0oqwXn0dgL4"")",https://cs2tokens.com/iem-cologne-2026/items/sticker-hypex-holo-cologne-2026,sticker-hypex-holo-cologne-2026,ok,,https://cs2tokens.com/iem-cologne-2026/items/sticker-hypex-holo-cologne-2026/q-data.json,Sticker | hypex (Holo) | Cologne 2026,https://steamcommunity.com/market/listings/730/Sticker%20%7C%20hypex%20%28Holo%29%20%7C%20Cologne%202026,1209,10872,5316,12,iem-cologne-2026,campaign_12,sticker,Autograph,hypex,GamerLegion,rarity_legendary
2026-06-04 00:38:18,20260604_003818,https://cs2tokens.com/browse?sort=price-asc&finish=Holo,Holo,aacac2361330,Sticker | JamYoung (Holo) | Cologne 2026,JamYoung,Cologne 2026,Player,Holo,TYLOO,Exotic,#d32ce6,1103,10.92,142,161,0.8812,https://community.akamai.steamstatic.com/economy/image/i0CoZ81Ui0m-9KwlBY1L_18myuGuq1wfhWSaZgMttyVfPaERSR0Wqmu7LAocGJai0ki7VeTHjMmuOXSQ61MnpNWipUruRiL7n5v58jdV6M2mZ6hibqmRCDaUx-0gsrNrHH7jxEhz5WnQyI6vI3iUOgVzDZUmEbJfsUS5ldb5d7S11I0N95E,"=IMAGE(""https://community.akamai.steamstatic.com/economy/image/i0CoZ81Ui0m-9KwlBY1L_18myuGuq1wfhWSaZgMttyVfPaERSR0Wqmu7LAocGJai0ki7VeTHjMmuOXSQ61MnpNWipUruRiL7n5v58jdV6M2mZ6hibqmRCDaUx-0gsrNrHH7jxEhz5WnQyI6vI3iUOgVzDZUmEbJfsUS5ldb5d7S11I0N95E"")",https://cs2tokens.com/iem-cologne-2026/items/sticker-jamyoung-holo-cologne-2026,sticker-jamyoung-holo-cologne-2026,ok,,https://cs2tokens.com/iem-cologne-2026/items/sticker-jamyoung-holo-cologne-2026/q-data.json,Sticker | JamYoung (Holo) | Cologne 2026,https://steamcommunity.com/market/listings/730/Sticker%20%7C%20JamYoung%20%28Holo%29%20%7C%20Cologne%202026,1209,11044,5316,12,iem-cologne-2026,campaign_12,sticker,Autograph,JamYoung,TYLOO,rarity_legendary
2026-06-04 00:38:18,20260604_003818,https://cs2tokens.com/browse?sort=price-asc&finish=Holo,Holo,14bcd12b76fa,Sticker | apEX (Holo) | Cologne 2026,apEX,Cologne 2026,Player,Holo,Vitality,Exotic,#d32ce6,1134,11.23,143,161,0.8875,https://community.akamai.steamstatic.com/economy/image/i0CoZ81Ui0m-9KwlBY1L_18myuGuq1wfhWSaZgMttyVfPaERSR0Wqmu7LAocGJai0ki7VeTHjMmuOXSQ61MnpNWipUruRiLwjpP4wipU4_3gOfc9eaiVDz_Hwrxytrk9TH7nlxl05jzTw4qseHrEbQRyA5Z0F-QCsg74zIM6lTx2MQ,"=IMAGE(""https://community.akamai.steamstatic.com/economy/image/i0CoZ81Ui0m-9KwlBY1L_18myuGuq1wfhWSaZgMttyVfPaERSR0Wqmu7LAocGJai0ki7VeTHjMmuOXSQ61MnpNWipUruRiLwjpP4wipU4_3gOfc9eaiVDz_Hwrxytrk9TH7nlxl05jzTw4qseHrEbQRyA5Z0F-QCsg74zIM6lTx2MQ"")",https://cs2tokens.com/iem-cologne-2026/items/sticker-apex-holo-cologne-2026,sticker-apex-holo-cologne-2026,ok,,https://cs2tokens.com/iem-cologne-2026/items/sticker-apex-holo-cologne-2026/q-data.json,Sticker | apEX (Holo) | Cologne 2026,https://steamcommunity.com/market/listings/730/Sticker%20%7C%20apEX%20%28Holo%29%20%7C%20Cologne%202026,1209,10540,5316,12,iem-cologne-2026,campaign_12,sticker,Autograph,apEX,Vitality,rarity_legendary
2026-06-04 00:38:18,20260604_003818,https://cs2tokens.com/browse?sort=price-asc&finish=Holo,Holo,3334feb2b451,Sticker | molodoy (Holo) | Cologne 2026,molodoy,Cologne 2026,Player,Holo,FURIA,Exotic,#d32ce6,1152,11.4,144,161,0.8938,https://community.akamai.steamstatic.com/economy/image/i0CoZ81Ui0m-9KwlBY1L_18myuGuq1wfhWSaZgMttyVfPaERSR0Wqmu7LAocGJai0ki7VeTHjMmuOXSQ61MnpNWipUruRiL8kZrv-S1C0PqhZKsjcabAVmOSl-ty5bNvTi3ilEp36mrSzo2oJXKQPQUnW5pwQrNe5kW7msqnab2uTKpsiA,"=IMAGE(""https://community.akamai.steamstatic.com/economy/image/i0CoZ81Ui0m-9KwlBY1L_18myuGuq1wfhWSaZgMttyVfPaERSR0Wqmu7LAocGJai0ki7VeTHjMmuOXSQ61MnpNWipUruRiL8kZrv-S1C0PqhZKsjcabAVmOSl-ty5bNvTi3ilEp36mrSzo2oJXKQPQUnW5pwQrNe5kW7msqnab2uTKpsiA"")",https://cs2tokens.com/iem-cologne-2026/items/sticker-molodoy-holo-cologne-2026,sticker-molodoy-holo-cologne-2026,ok,,https://cs2tokens.com/iem-cologne-2026/items/sticker-molodoy-holo-cologne-2026/q-data.json,Sticker | molodoy (Holo) | Cologne 2026,https://steamcommunity.com/market/listings/730/Sticker%20%7C%20molodoy%20%28Holo%29%20%7C%20Cologne%202026,1209,10668,5316,12,iem-cologne-2026,campaign_12,sticker,Autograph,molodoy,FURIA,rarity_legendary
2026-06-04 00:38:18,20260604_003818,https://cs2tokens.com/browse?sort=price-asc&finish=Holo,Holo,8b9bc79bb35e,Sticker | w0nderful (Holo) | Cologne 2026,w0nderful,Cologne 2026,Player,Holo,Natus Vincere,Exotic,#d32ce6,1157,11.45,145,161,0.9,https://community.akamai.steamstatic.com/economy/image/i0CoZ81Ui0m-9KwlBY1L_18myuGuq1wfhWSaZgMttyVfPaERSR0Wqmu7LAocGJai0ki7VeTHjMmuOXSQ61MnpNWipUruRiLmzpjk-DBd-v6RYKthL77EV2TIwr4k6bE9HXjmzE5w6mTSyYurI3yXOAApXMd3FrFc5ha6xtCzKaq8sPGQ8Uf7,"=IMAGE(""https://community.akamai.steamstatic.com/economy/image/i0CoZ81Ui0m-9KwlBY1L_18myuGuq1wfhWSaZgMttyVfPaERSR0Wqmu7LAocGJai0ki7VeTHjMmuOXSQ61MnpNWipUruRiLmzpjk-DBd-v6RYKthL77EV2TIwr4k6bE9HXjmzE5w6mTSyYurI3yXOAApXMd3FrFc5ha6xtCzKaq8sPGQ8Uf7"")",https://cs2tokens.com/iem-cologne-2026/items/sticker-w0nderful-holo-cologne-2026,sticker-w0nderful-holo-cologne-2026,ok,,https://cs2tokens.com/iem-cologne-2026/items/sticker-w0nderful-holo-cologne-2026/q-data.json,Sticker | w0nderful (Holo) | Cologne 2026,https://steamcommunity.com/market/listings/730/Sticker%20%7C%20w0nderful%20%28Holo%29%20%7C%20Cologne%202026,1209,10556,5316,12,iem-cologne-2026,campaign_12,sticker,Autograph,w0nderful,Natus Vincere,rarity_legendary
2026-06-04 00:38:18,20260604_003818,https://cs2tokens.com/browse?sort=price-asc&finish=Holo,Holo,c5891da26931,Sticker | C4LLM3SU3 (Holo) | Cologne 2026,C4LLM3SU3,Cologne 2026,Player,Holo,Lynn Vision,Exotic,#d32ce6,1207,11.95,146,161,0.9062,https://community.akamai.steamstatic.com/economy/image/i0CoZ81Ui0m-9KwlBY1L_18myuGuq1wfhWSaZgMttyVfPaERSR0Wqmu7LAocGJai0ki7VeTHjMmuOXSQ61MnpNWipUruRiLyyprs8HFI-qGRYKthL76XDz-SwrYhsuM5Firglhgm4myDzYz9dX2WbwIlDJsiF-8O5BGwwdTuKaq8sMp95PYZ,"=IMAGE(""https://community.akamai.steamstatic.com/economy/image/i0CoZ81Ui0m-9KwlBY1L_18myuGuq1wfhWSaZgMttyVfPaERSR0Wqmu7LAocGJai0ki7VeTHjMmuOXSQ61MnpNWipUruRiLyyprs8HFI-qGRYKthL76XDz-SwrYhsuM5Firglhgm4myDzYz9dX2WbwIlDJsiF-8O5BGwwdTuKaq8sMp95PYZ"")",https://cs2tokens.com/iem-cologne-2026/items/sticker-c4llm3su3-holo-cologne-2026,sticker-c4llm3su3-holo-cologne-2026,ok,,https://cs2tokens.com/iem-cologne-2026/items/sticker-c4llm3su3-holo-cologne-2026/q-data.json,Sticker | C4LLM3SU3 (Holo) | Cologne 2026,https://steamcommunity.com/market/listings/730/Sticker%20%7C%20C4LLM3SU3%20%28Holo%29%20%7C%20Cologne%202026,1209,11132,5316,12,iem-cologne-2026,campaign_12,sticker,Autograph,C4LLM3SU3,Lynn Vision,rarity_legendary
2026-06-04 00:38:18,20260604_003818,https://cs2tokens.com/browse?sort=price-asc&finish=Holo,Holo,85bebf40159a,Sticker | Boombl4 (Holo) | Cologne 2026,Boombl4,Cologne 2026,Player,Holo,BetBoom,Exotic,#d32ce6,1219,12.07,147,161,0.9125,https://community.akamai.steamstatic.com/economy/image/i0CoZ81Ui0m-9KwlBY1L_18myuGuq1wfhWSaZgMttyVfPaERSR0Wqmu7LAocGJai0ki7VeTHjMmuOXSQ61MnpNWipUruRiLzkZnt_y4P0PqhZKsjeKnCXzXAkrx0suAxHnnixEl-sTvSzI6vJHjDbgN0CpAjEOILsEKxxsqnab2Ftb6ywQ,"=IMAGE(""https://community.akamai.steamstatic.com/economy/image/i0CoZ81Ui0m-9KwlBY1L_18myuGuq1wfhWSaZgMttyVfPaERSR0Wqmu7LAocGJai0ki7VeTHjMmuOXSQ61MnpNWipUruRiLzkZnt_y4P0PqhZKsjeKnCXzXAkrx0suAxHnnixEl-sTvSzI6vJHjDbgN0CpAjEOILsEKxxsqnab2Ftb6ywQ"")",https://cs2tokens.com/iem-cologne-2026/items/sticker-boombl4-holo-cologne-2026,sticker-boombl4-holo-cologne-2026,ok,,https://cs2tokens.com/iem-cologne-2026/items/sticker-boombl4-holo-cologne-2026/q-data.json,Sticker | Boombl4 (Holo) | Cologne 2026,https://steamcommunity.com/market/listings/730/Sticker%20%7C%20Boombl4%20%28Holo%29%20%7C%20Cologne%202026,1209,10916,5316,12,iem-cologne-2026,campaign_12,sticker,Autograph,Boombl4,BetBoom,rarity_legendary
2026-06-04 00:38:18,20260604_003818,https://cs2tokens.com/browse?sort=price-asc&finish=Holo,Holo,1bb09c3e0d46,Sticker | Snax (Holo) | Cologne 2026,Snax,Cologne 2026,Player,Holo,GamerLegion,Exotic,#d32ce6,1255,12.42,148,161,0.9187,https://community.akamai.steamstatic.com/economy/image/i0CoZ81Ui0m-9KwlBY1L_18myuGuq1wfhWSaZgMttyVfPaERSR0Wqmu7LAocGJai0ki7VeTHjMmuOXSQ61MnpNWipUruRiLikJf4wipU4_3gPPBoJPTCX2PBlbwh4uc_H37llkUj5mrUm4v9eHvFPFAjCpV2E7Fbug74zIPMUWn6Rw,"=IMAGE(""https://community.akamai.steamstatic.com/economy/image/i0CoZ81Ui0m-9KwlBY1L_18myuGuq1wfhWSaZgMttyVfPaERSR0Wqmu7LAocGJai0ki7VeTHjMmuOXSQ61MnpNWipUruRiLikJf4wipU4_3gPPBoJPTCX2PBlbwh4uc_H37llkUj5mrUm4v9eHvFPFAjCpV2E7Fbug74zIPMUWn6Rw"")",https://cs2tokens.com/iem-cologne-2026/items/sticker-snax-holo-cologne-2026,sticker-snax-holo-cologne-2026,ok,,https://cs2tokens.com/iem-cologne-2026/items/sticker-snax-holo-cologne-2026/q-data.json,Sticker | Snax (Holo) | Cologne 2026,https://steamcommunity.com/market/listings/730/Sticker%20%7C%20Snax%20%28Holo%29%20%7C%20Cologne%202026,1209,10856,5316,12,iem-cologne-2026,campaign_12,sticker,Autograph,Snax,GamerLegion,rarity_legendary
2026-06-04 00:38:18,20260604_003818,https://cs2tokens.com/browse?sort=price-asc&finish=Holo,Holo,9a5eb57807b3,Sticker | b1t (Holo) | Cologne 2026,b1t,Cologne 2026,Player,Holo,Natus Vincere,Exotic,#d32ce6,1266,12.53,149,161,0.925,https://community.akamai.steamstatic.com/economy/image/i0CoZ81Ui0m-9KwlBY1L_18myuGuq1wfhWSaZgMttyVfPaERSR0Wqmu7LAocGJai0ki7VeTHjMmuOXSQ61MnpNWipUruRiLzz4Lf9S1X4LytP_M7eKaQWTKRmeog5rM8SirlkUtw5m2EmIuoJyrEblMpC5p1Te4JrFDmxWDSbx_4,"=IMAGE(""https://community.akamai.steamstatic.com/economy/image/i0CoZ81Ui0m-9KwlBY1L_18myuGuq1wfhWSaZgMttyVfPaERSR0Wqmu7LAocGJai0ki7VeTHjMmuOXSQ61MnpNWipUruRiLzz4Lf9S1X4LytP_M7eKaQWTKRmeog5rM8SirlkUtw5m2EmIuoJyrEblMpC5p1Te4JrFDmxWDSbx_4"")",https://cs2tokens.com/iem-cologne-2026/items/sticker-b1t-holo-cologne-2026,sticker-b1t-holo-cologne-2026,ok,,https://cs2tokens.com/iem-cologne-2026/items/sticker-b1t-holo-cologne-2026/q-data.json,Sticker | b1t (Holo) | Cologne 2026,https://steamcommunity.com/market/listings/730/Sticker%20%7C%20b1t%20%28Holo%29%20%7C%20Cologne%202026,1209,10564,5316,12,iem-cologne-2026,campaign_12,sticker,Autograph,b1t,Natus Vincere,rarity_legendary
2026-06-04 00:38:18,20260604_003818,https://cs2tokens.com/browse?sort=price-asc&finish=Holo,Holo,277c2f345667,Sticker | asap (Holo) | Cologne 2026,asap,Cologne 2026,Player,Holo,,Exotic,#d32ce6,1366,13.52,150,161,0.9313,https://community.akamai.steamstatic.com/economy/image/i0CoZ81Ui0m-9KwlBY1L_18myuGuq1wfhWSaZgMttyVfPaERSR0Wqmu7LAocGJai0ki7VeTHjMmuOXSQ61MnpNWipUruRiLwjZfwwipU4_3gP6U_d_KSDWORlewltrQ4GXjqzBh-5Wvczdaud32faQAhDsB3R-YCsw74zIO7-DdFAQ,"=IMAGE(""https://community.akamai.steamstatic.com/economy/image/i0CoZ81Ui0m-9KwlBY1L_18myuGuq1wfhWSaZgMttyVfPaERSR0Wqmu7LAocGJai0ki7VeTHjMmuOXSQ61MnpNWipUruRiLwjZfwwipU4_3gP6U_d_KSDWORlewltrQ4GXjqzBh-5Wvczdaud32faQAhDsB3R-YCsw74zIO7-DdFAQ"")",https://cs2tokens.com/iem-cologne-2026/items/sticker-asap-holo-cologne-2026,sticker-asap-holo-cologne-2026,ok,,https://cs2tokens.com/iem-cologne-2026/items/sticker-asap-holo-cologne-2026/q-data.json,Sticker | asap (Holo) | Cologne 2026,https://steamcommunity.com/market/listings/730/Sticker%20%7C%20asap%20%28Holo%29%20%7C%20Cologne%202026,1209,11148,5316,12,iem-cologne-2026,campaign_12,sticker,Autograph,asap,,rarity_legendary
2026-06-04 00:38:18,20260604_003818,https://cs2tokens.com/browse?sort=price-asc&finish=Holo,Holo,662a4956f2a0,Sticker | Zero (Holo) | Cologne 2026,Zero,Cologne 2026,Player,Holo,TYLOO,Exotic,#d32ce6,1448,14.34,151,161,0.9375,https://community.akamai.steamstatic.com/economy/image/i0CoZ81Ui0m-9KwlBY1L_18myuGuq1wfhWSaZgMttyVfPaERSR0Wqmu7LAocGJai0ki7VeTHjMmuOXSQ61MnpNWipUruRiLrm4Tv_ixk5_2iZ-pscqGWXmKWlLt3s-M4SyzhlER2623dw4z6dS7EP1AkC8dwRuUJ5EHtjJS5YMuZV1_J,"=IMAGE(""https://community.akamai.steamstatic.com/economy/image/i0CoZ81Ui0m-9KwlBY1L_18myuGuq1wfhWSaZgMttyVfPaERSR0Wqmu7LAocGJai0ki7VeTHjMmuOXSQ61MnpNWipUruRiLrm4Tv_ixk5_2iZ-pscqGWXmKWlLt3s-M4SyzhlER2623dw4z6dS7EP1AkC8dwRuUJ5EHtjJS5YMuZV1_J"")",https://cs2tokens.com/iem-cologne-2026/items/sticker-zero-holo-cologne-2026,sticker-zero-holo-cologne-2026,ok,,https://cs2tokens.com/iem-cologne-2026/items/sticker-zero-holo-cologne-2026/q-data.json,Sticker | Zero (Holo) | Cologne 2026,https://steamcommunity.com/market/listings/730/Sticker%20%7C%20Zero%20%28Holo%29%20%7C%20Cologne%202026,1209,11052,5316,12,iem-cologne-2026,campaign_12,sticker,Autograph,Zero,TYLOO,rarity_legendary
2026-06-04 00:38:18,20260604_003818,https://cs2tokens.com/browse?sort=price-asc&finish=Holo,Holo,03fffdf9d165,Sticker | dexter (Holo) | Cologne 2026,dexter,Cologne 2026,Player,Holo,,Exotic,#d32ce6,1862,18.43,152,161,0.9437,https://community.akamai.steamstatic.com/economy/image/i0CoZ81Ui0m-9KwlBY1L_18myuGuq1wfhWSaZgMttyVfPaERSR0Wqmu7LAocGJai0ki7VeTHjMmuOXSQ61MnpNWipUruRiL1m470-DBk5_2iZ-pvcqjLCGbAlb53tuQ8S3rrzEUm6m7Qzo2oIHKXagV1DMMiTLYMtBCxjJS5YGd92TUq,"=IMAGE(""https://community.akamai.steamstatic.com/economy/image/i0CoZ81Ui0m-9KwlBY1L_18myuGuq1wfhWSaZgMttyVfPaERSR0Wqmu7LAocGJai0ki7VeTHjMmuOXSQ61MnpNWipUruRiL1m470-DBk5_2iZ-pvcqjLCGbAlb53tuQ8S3rrzEUm6m7Qzo2oIHKXagV1DMMiTLYMtBCxjJS5YGd92TUq"")",https://cs2tokens.com/iem-cologne-2026/items/sticker-dexter-holo-cologne-2026,sticker-dexter-holo-cologne-2026,ok,,https://cs2tokens.com/iem-cologne-2026/items/sticker-dexter-holo-cologne-2026/q-data.json,Sticker | dexter (Holo) | Cologne 2026,https://steamcommunity.com/market/listings/730/Sticker%20%7C%20dexter%20%28Holo%29%20%7C%20Cologne%202026,1209,11136,5316,12,iem-cologne-2026,campaign_12,sticker,Autograph,dexter,,rarity_legendary
2026-06-04 00:38:18,20260604_003818,https://cs2tokens.com/browse?sort=price-asc&finish=Holo,Holo,23c660a4589d,Sticker | z4KR (Holo) | Cologne 2026,z4KR,Cologne 2026,Player,Holo,Lynn Vision,Exotic,#d32ce6,1872,18.53,153,161,0.95,https://community.akamai.steamstatic.com/economy/image/i0CoZ81Ui0m-9KwlBY1L_18myuGuq1wfhWSaZgMttyVfPaERSR0Wqmu7LAocGJai0ki7VeTHjMmuOXSQ61MnpNWipUruRiLryp3ywipU4_3gOPNvI6GWXjKRwL8i57E9HivgwEkk5j_SyI2tcH-ePVd2WcBzReMPsw74zINa9NZisA,"=IMAGE(""https://community.akamai.steamstatic.com/economy/image/i0CoZ81Ui0m-9KwlBY1L_18myuGuq1wfhWSaZgMttyVfPaERSR0Wqmu7LAocGJai0ki7VeTHjMmuOXSQ61MnpNWipUruRiLryp3ywipU4_3gOPNvI6GWXjKRwL8i57E9HivgwEkk5j_SyI2tcH-ePVd2WcBzReMPsw74zINa9NZisA"")",https://cs2tokens.com/iem-cologne-2026/items/sticker-z4kr-holo-cologne-2026,sticker-z4kr-holo-cologne-2026,ok,,https://cs2tokens.com/iem-cologne-2026/items/sticker-z4kr-holo-cologne-2026/q-data.json,Sticker | z4KR (Holo) | Cologne 2026,https://steamcommunity.com/market/listings/730/Sticker%20%7C%20z4KR%20%28Holo%29%20%7C%20Cologne%202026,1209,11120,5316,12,iem-cologne-2026,campaign_12,sticker,Autograph,z4KR,Lynn Vision,rarity_legendary
2026-06-04 00:38:18,20260604_003818,https://cs2tokens.com/browse?sort=price-asc&finish=Holo,Holo,14697964ea54,Sticker | NiKo (Holo) | Cologne 2026,NiKo,Cologne 2026,Player,Holo,Falcons,Exotic,#d32ce6,1901,18.82,154,161,0.9563,https://community.akamai.steamstatic.com/economy/image/i0CoZ81Ui0m-9KwlBY1L_18myuGuq1wfhWSaZgMttyVfPaERSR0Wqmu7LAocGJai0ki7VeTHjMmuOXSQ61MnpNWipUruRiL_l53vwipU4_3gO6A7eajFDGTHw7Z3tbNoF3DmkUR342WAmd2tI36RblNxW8NwQ7Rf4Q74zIO1P6GSdQ,"=IMAGE(""https://community.akamai.steamstatic.com/economy/image/i0CoZ81Ui0m-9KwlBY1L_18myuGuq1wfhWSaZgMttyVfPaERSR0Wqmu7LAocGJai0ki7VeTHjMmuOXSQ61MnpNWipUruRiL_l53vwipU4_3gO6A7eajFDGTHw7Z3tbNoF3DmkUR342WAmd2tI36RblNxW8NwQ7Rf4Q74zIO1P6GSdQ"")",https://cs2tokens.com/iem-cologne-2026/items/sticker-niko-holo-cologne-2026,sticker-niko-holo-cologne-2026,ok,,https://cs2tokens.com/iem-cologne-2026/items/sticker-niko-holo-cologne-2026/q-data.json,Sticker | NiKo (Holo) | Cologne 2026,https://steamcommunity.com/market/listings/730/Sticker%20%7C%20NiKo%20%28Holo%29%20%7C%20Cologne%202026,1209,10576,5316,12,iem-cologne-2026,campaign_12,sticker,Autograph,NiKo,Falcons,rarity_legendary
2026-06-04 00:38:18,20260604_003818,https://cs2tokens.com/browse?sort=price-asc&finish=Holo,Holo,bb7763f5a8e6,Sticker | kyousuke (Holo) | Cologne 2026,kyousuke,Cologne 2026,Player,Holo,Falcons,Exotic,#d32ce6,2028,20.08,155,161,0.9625,https://community.akamai.steamstatic.com/economy/image/i0CoZ81Ui0m-9KwlBY1L_18myuGuq1wfhWSaZgMttyVfPaERSR0Wqmu7LAocGJai0ki7VeTHjMmuOXSQ61MnpNWipUruRiL6h5n17jdQ6s2mZ6hibqnCDWbJwO0u5uU_SyrrxB91sDvVw9-ocHLCbgB2CMd0R-APsUS-l4f5d7S1oNVZ5IA,"=IMAGE(""https://community.akamai.steamstatic.com/economy/image/i0CoZ81Ui0m-9KwlBY1L_18myuGuq1wfhWSaZgMttyVfPaERSR0Wqmu7LAocGJai0ki7VeTHjMmuOXSQ61MnpNWipUruRiL6h5n17jdQ6s2mZ6hibqnCDWbJwO0u5uU_SyrrxB91sDvVw9-ocHLCbgB2CMd0R-APsUS-l4f5d7S1oNVZ5IA"")",https://cs2tokens.com/iem-cologne-2026/items/sticker-kyousuke-holo-cologne-2026,sticker-kyousuke-holo-cologne-2026,ok,,https://cs2tokens.com/iem-cologne-2026/items/sticker-kyousuke-holo-cologne-2026/q-data.json,Sticker | kyousuke (Holo) | Cologne 2026,https://steamcommunity.com/market/listings/730/Sticker%20%7C%20kyousuke%20%28Holo%29%20%7C%20Cologne%202026,1209,10592,5316,12,iem-cologne-2026,campaign_12,sticker,Autograph,kyousuke,Falcons,rarity_legendary
2026-06-04 00:38:18,20260604_003818,https://cs2tokens.com/browse?sort=price-asc&finish=Holo,Holo,3c1b213ef1dd,Sticker | FalleN (Holo) | Cologne 2026,FalleN,Cologne 2026,Player,Holo,FURIA,Exotic,#d32ce6,2299,22.76,156,161,0.9688,https://community.akamai.steamstatic.com/economy/image/i0CoZ81Ui0m-9KwlBY1L_18myuGuq1wfhWSaZgMttyVfPaERSR0Wqmu7LAocGJai0ki7VeTHjMmuOXSQ61MnpNWipUruRiL3n5rs-Cxk5_2iZ-pudvXACGXFwrlzsbg8GnDil0t_5G3cmY6scS7GZw4hDsB0TeYMu0TpjJS5YDS-PNyp,"=IMAGE(""https://community.akamai.steamstatic.com/economy/image/i0CoZ81Ui0m-9KwlBY1L_18myuGuq1wfhWSaZgMttyVfPaERSR0Wqmu7LAocGJai0ki7VeTHjMmuOXSQ61MnpNWipUruRiL3n5rs-Cxk5_2iZ-pudvXACGXFwrlzsbg8GnDil0t_5G3cmY6scS7GZw4hDsB0TeYMu0TpjJS5YDS-PNyp"")",https://cs2tokens.com/iem-cologne-2026/items/sticker-fallen-holo-cologne-2026,sticker-fallen-holo-cologne-2026,ok,,https://cs2tokens.com/iem-cologne-2026/items/sticker-fallen-holo-cologne-2026/q-data.json,Sticker | FalleN (Holo) | Cologne 2026,https://steamcommunity.com/market/listings/730/Sticker%20%7C%20FalleN%20%28Holo%29%20%7C%20Cologne%202026,1209,10664,5316,12,iem-cologne-2026,campaign_12,sticker,Autograph,FalleN,FURIA,rarity_legendary
2026-06-04 00:38:18,20260604_003818,https://cs2tokens.com/browse?sort=price-asc&finish=Holo,Holo,55ae981c50cf,Sticker | IEM (Holo) | Cologne 2026,IEM,Cologne 2026,Player,Holo,,Exotic,#d32ce6,2724,26.97,157,161,0.975,https://community.akamai.steamstatic.com/economy/image/i0CoZ81Ui0m-9KwlBY1L_18myuGuq1wfhWSaZgMttyVfPaERSR0Wqmu7LAocGJai0ki7VeTHjMmuOXSQ61MnpNWipVDiTCL5kZrvs3QIvqOoOP1rc6LLVz_FwO0g4Lc7HC2wxRhzsj_QyNqhIH6eb1AhX8NuBbldjH_N18U,"=IMAGE(""https://community.akamai.steamstatic.com/economy/image/i0CoZ81Ui0m-9KwlBY1L_18myuGuq1wfhWSaZgMttyVfPaERSR0Wqmu7LAocGJai0ki7VeTHjMmuOXSQ61MnpNWipVDiTCL5kZrvs3QIvqOoOP1rc6LLVz_FwO0g4Lc7HC2wxRhzsj_QyNqhIH6eb1AhX8NuBbldjH_N18U"")",https://cs2tokens.com/iem-cologne-2026/items/sticker-iem-holo-cologne-2026,sticker-iem-holo-cologne-2026,ok,,https://cs2tokens.com/iem-cologne-2026/items/sticker-iem-holo-cologne-2026/q-data.json,Sticker | IEM (Holo) | Cologne 2026,https://steamcommunity.com/market/listings/730/Sticker%20%7C%20IEM%20%28Holo%29%20%7C%20Cologne%202026,1209,10499,5316,12,iem-cologne-2026,campaign_12,sticker,Event,,,rarity_legendary
2026-06-04 00:38:18,20260604_003818,https://cs2tokens.com/browse?sort=price-asc&finish=Holo,Holo,dd37bc13bea6,Sticker | ropz (Holo) | Cologne 2026,ropz,Cologne 2026,Player,Holo,Vitality,Exotic,#d32ce6,2734,27.07,158,161,0.9812,https://community.akamai.steamstatic.com/economy/image/i0CoZ81Ui0m-9KwlBY1L_18myuGuq1wfhWSaZgMttyVfPaERSR0Wqmu7LAocGJai0ki7VeTHjMmuOXSQ61MnpNWipUruRiLjkYb6wipU4_3gOPc4dKeVXGPDkuwms-BvTCq2kEkk6j_WnNqpcHPBbgFxX5ZzRe4KtA74zIPUFzOQ4w,"=IMAGE(""https://community.akamai.steamstatic.com/economy/image/i0CoZ81Ui0m-9KwlBY1L_18myuGuq1wfhWSaZgMttyVfPaERSR0Wqmu7LAocGJai0ki7VeTHjMmuOXSQ61MnpNWipUruRiLjkYb6wipU4_3gOPc4dKeVXGPDkuwms-BvTCq2kEkk6j_WnNqpcHPBbgFxX5ZzRe4KtA74zIPUFzOQ4w"")",https://cs2tokens.com/iem-cologne-2026/items/sticker-ropz-holo-cologne-2026,sticker-ropz-holo-cologne-2026,ok,,https://cs2tokens.com/iem-cologne-2026/items/sticker-ropz-holo-cologne-2026/q-data.json,Sticker | ropz (Holo) | Cologne 2026,https://steamcommunity.com/market/listings/730/Sticker%20%7C%20ropz%20%28Holo%29%20%7C%20Cologne%202026,1209,10552,5316,12,iem-cologne-2026,campaign_12,sticker,Autograph,ropz,Vitality,rarity_legendary
2026-06-04 00:38:18,20260604_003818,https://cs2tokens.com/browse?sort=price-asc&finish=Holo,Holo,3023673eb5a8,Sticker | m0NESY (Holo) | Cologne 2026,m0NESY,Cologne 2026,Player,Holo,Falcons,Exotic,#d32ce6,3145,31.14,159,161,0.9875,https://community.akamai.steamstatic.com/economy/image/i0CoZ81Ui0m-9KwlBY1L_18myuGuq1wfhWSaZgMttyVfPaERSR0Wqmu7LAocGJai0ki7VeTHjMmuOXSQ61MnpNWipUruRiL8zpjl7jtk5_2iZ-o1IqnGWmSVkbwm4LVoHyqyxU105z6Dn9ypd3nEPQ9yXMd2EecM4RG4jJS5YGspavW7,"=IMAGE(""https://community.akamai.steamstatic.com/economy/image/i0CoZ81Ui0m-9KwlBY1L_18myuGuq1wfhWSaZgMttyVfPaERSR0Wqmu7LAocGJai0ki7VeTHjMmuOXSQ61MnpNWipUruRiL8zpjl7jtk5_2iZ-o1IqnGWmSVkbwm4LVoHyqyxU105z6Dn9ypd3nEPQ9yXMd2EecM4RG4jJS5YGspavW7"")",https://cs2tokens.com/iem-cologne-2026/items/sticker-m0nesy-holo-cologne-2026,sticker-m0nesy-holo-cologne-2026,ok,,https://cs2tokens.com/iem-cologne-2026/items/sticker-m0nesy-holo-cologne-2026/q-data.json,Sticker | m0NESY (Holo) | Cologne 2026,https://steamcommunity.com/market/listings/730/Sticker%20%7C%20m0NESY%20%28Holo%29%20%7C%20Cologne%202026,1209,10584,5316,12,iem-cologne-2026,campaign_12,sticker,Autograph,m0NESY,Falcons,rarity_legendary
2026-06-04 00:38:18,20260604_003818,https://cs2tokens.com/browse?sort=price-asc&finish=Holo,Holo,5a2393e5fa57,Sticker | ZywOo (Holo) | Cologne 2026,ZywOo,Cologne 2026,Player,Holo,Vitality,Exotic,#d32ce6,3533,34.98,160,161,0.9938,https://community.akamai.steamstatic.com/economy/image/i0CoZ81Ui0m-9KwlBY1L_18myuGuq1wfhWSaZgMttyVfPaERSR0Wqmu7LAocGJai0ki7VeTHjMmuOXSQ61MnpNWipUruRiLrh4Hv8h1T4P6hJvE1eKLEWmHAmLhz47M9Sy_qxUgj5T7cy4n4InqTO1InWZN2Q-9Z50Sm0oqw2BNfKHQ,"=IMAGE(""https://community.akamai.steamstatic.com/economy/image/i0CoZ81Ui0m-9KwlBY1L_18myuGuq1wfhWSaZgMttyVfPaERSR0Wqmu7LAocGJai0ki7VeTHjMmuOXSQ61MnpNWipUruRiLrh4Hv8h1T4P6hJvE1eKLEWmHAmLhz47M9Sy_qxUgj5T7cy4n4InqTO1InWZN2Q-9Z50Sm0oqw2BNfKHQ"")",https://cs2tokens.com/iem-cologne-2026/items/sticker-zywoo-holo-cologne-2026,sticker-zywoo-holo-cologne-2026,ok,,https://cs2tokens.com/iem-cologne-2026/items/sticker-zywoo-holo-cologne-2026/q-data.json,Sticker | ZywOo (Holo) | Cologne 2026,https://steamcommunity.com/market/listings/730/Sticker%20%7C%20ZywOo%20%28Holo%29%20%7C%20Cologne%202026,1209,10536,5316,12,iem-cologne-2026,campaign_12,sticker,Autograph,ZywOo,Vitality,rarity_legendary
2026-06-04 00:38:18,20260604_003818,https://cs2tokens.com/browse?sort=price-asc&finish=Holo,Holo,bc609878776e,Sticker | donk (Holo) | Cologne 2026,donk,Cologne 2026,Player,Holo,Team Spirit,Exotic,#d32ce6,6841,67.73,161,161,1.0,https://community.akamai.steamstatic.com/economy/image/i0CoZ81Ui0m-9KwlBY1L_18myuGuq1wfhWSaZgMttyVfPaERSR0Wqmu7LAocGJai0ki7VeTHjMmuOXSQ61MnpNWipUruRiL1kZjrwipU4_3gPfFuJKiXWGaUwLon5bZsHSywwBxxsm2GyN2sc3uQOg4oA5olR-BYtQ74zIPoQc4Ldg,"=IMAGE(""https://community.akamai.steamstatic.com/economy/image/i0CoZ81Ui0m-9KwlBY1L_18myuGuq1wfhWSaZgMttyVfPaERSR0Wqmu7LAocGJai0ki7VeTHjMmuOXSQ61MnpNWipUruRiL1kZjrwipU4_3gPfFuJKiXWGaUwLon5bZsHSywwBxxsm2GyN2sc3uQOg4oA5olR-BYtQ74zIPoQc4Ldg"")",https://cs2tokens.com/iem-cologne-2026/items/sticker-donk-holo-cologne-2026,sticker-donk-holo-cologne-2026,ok,,https://cs2tokens.com/iem-cologne-2026/items/sticker-donk-holo-cologne-2026/q-data.json,Sticker | donk (Holo) | Cologne 2026,https://steamcommunity.com/market/listings/730/Sticker%20%7C%20donk%20%28Holo%29%20%7C%20Cologne%202026,1209,10720,5316,12,iem-cologne-2026,campaign_12,sticker,Autograph,donk,Team Spirit,rarity_legendary
2026-06-04 00:38:18,20260604_003818,https://cs2tokens.com/browse?sort=price-asc,Paper,cef7f46c1783,Sticker | dgt | Cologne 2026,dgt,Cologne 2026,Player,Paper,9z Team,High Grade,#4b69ff,2,0.02,1,161,0.0,https://community.akamai.steamstatic.com/economy/image/i0CoZ81Ui0m-9KwlBY1L_18myuGuq1wfhWSaZgMttyVfPaERSR0Wqmu7LAocGJai0ki7VeTHjMmuOXSQ61MnpNWipUruRiL1mYKu-yELt_P7OvI4eaKVDD-SlbkmtuQ7S3zqx0om5znSwtmocXifalJzCIwwG7BeKWkq8Q,"=IMAGE(""https://community.akamai.steamstatic.com/economy/image/i0CoZ81Ui0m-9KwlBY1L_18myuGuq1wfhWSaZgMttyVfPaERSR0Wqmu7LAocGJai0ki7VeTHjMmuOXSQ61MnpNWipUruRiL1mYKu-yELt_P7OvI4eaKVDD-SlbkmtuQ7S3zqx0om5znSwtmocXifalJzCIwwG7BeKWkq8Q"")",https://cs2tokens.com/iem-cologne-2026/items/sticker-dgt-cologne-2026,sticker-dgt-cologne-2026,ok,,https://cs2tokens.com/iem-cologne-2026/items/sticker-dgt-cologne-2026/q-data.json,Sticker | dgt | Cologne 2026,https://steamcommunity.com/market/listings/730/Sticker%20%7C%20dgt%20%7C%20Cologne%202026,1209,10838,5316,12,iem-cologne-2026,campaign_12,sticker,Autograph,dgt,9z Team,rarity_rare
2026-06-04 00:38:18,20260604_003818,https://cs2tokens.com/browse?sort=price-asc,Paper,ddcf38da129f,Sticker | HEN1 | Cologne 2026,HEN1,Cologne 2026,Player,Paper,,High Grade,#4b69ff,2,0.02,2,161,0.0063,https://community.akamai.steamstatic.com/economy/image/i0CoZ81Ui0m-9KwlBY1L_18myuGuq1wfhWSaZgMttyVfPaERSR0Wqmu7LAocGJai0ki7VeTHjMmuOXSQ61MnpNWipUruRiL5m5ixs3ZYtvf3MP05JfTLX2bAmex1s7c9TSjrzE0j5mSHn9yvdXrCOFRxX8ZuBbldW9ZLCNo,"=IMAGE(""https://community.akamai.steamstatic.com/economy/image/i0CoZ81Ui0m-9KwlBY1L_18myuGuq1wfhWSaZgMttyVfPaERSR0Wqmu7LAocGJai0ki7VeTHjMmuOXSQ61MnpNWipUruRiL5m5ixs3ZYtvf3MP05JfTLX2bAmex1s7c9TSjrzE0j5mSHn9yvdXrCOFRxX8ZuBbldW9ZLCNo"")",https://cs2tokens.com/iem-cologne-2026/items/sticker-hen1-cologne-2026,sticker-hen1-cologne-2026,ok,,https://cs2tokens.com/iem-cologne-2026/items/sticker-hen1-cologne-2026/q-data.json,Sticker | HEN1 | Cologne 2026,https://steamcommunity.com/market/listings/730/Sticker%20%7C%20HEN1%20%7C%20Cologne%202026,1209,11074,5316,12,iem-cologne-2026,campaign_12,sticker,Autograph,HEN1,,rarity_rare
2026-06-04 00:38:18,20260604_003818,https://cs2tokens.com/browse?sort=price-asc,Paper,dec268d90a86,Sticker | bLitz | Cologne 2026,bLitz,Cologne 2026,Player,Paper,The MongolZ,High Grade,#4b69ff,3,0.03,3,161,0.0125,https://community.akamai.steamstatic.com/economy/image/i0CoZ81Ui0m-9KwlBY1L_18myuGuq1wfhWSaZgMttyVfPaERSR0Wqmu7LAocGJai0ki7VeTHjMmuOXSQ61MnpNWipUruRiLzkp_052wKvvT3Mac8daeRXzbJw7p0sbRvFnzmxR4ksj_Uyt6oI3_CaAMmWJIlW6dU5azEdve4,"=IMAGE(""https://community.akamai.steamstatic.com/economy/image/i0CoZ81Ui0m-9KwlBY1L_18myuGuq1wfhWSaZgMttyVfPaERSR0Wqmu7LAocGJai0ki7VeTHjMmuOXSQ61MnpNWipUruRiLzkp_052wKvvT3Mac8daeRXzbJw7p0sbRvFnzmxR4ksj_Uyt6oI3_CaAMmWJIlW6dU5azEdve4"")",https://cs2tokens.com/iem-cologne-2026/items/sticker-blitz-cologne-2026,sticker-blitz-cologne-2026,ok,,https://cs2tokens.com/iem-cologne-2026/items/sticker-blitz-cologne-2026/q-data.json,Sticker | bLitz | Cologne 2026,https://steamcommunity.com/market/listings/730/Sticker%20%7C%20bLitz%20%7C%20Cologne%202026,1209,10594,5316,12,iem-cologne-2026,campaign_12,sticker,Autograph,bLitz,The MongolZ,rarity_rare
2026-06-04 00:38:18,20260604_003818,https://cs2tokens.com/browse?sort=price-asc,Paper,4d35d848dd26,Sticker | cobra | Cologne 2026,cobra,Cologne 2026,Player,Paper,The MongolZ,High Grade,#4b69ff,3,0.03,4,161,0.0187,https://community.akamai.steamstatic.com/economy/image/i0CoZ81Ui0m-9KwlBY1L_18myuGuq1wfhWSaZgMttyVfPaERSR0Wqmu7LAocGJai0ki7VeTHjMmuOXSQ61MnpNWipUruRiLykZTy_GwDvar4P6I1cqjGV2aWwrgm57JrG3i3zRkh6z-Hnt-sdHvFbFInX5MiW6dU5VwWHmZQ,"=IMAGE(""https://community.akamai.steamstatic.com/economy/image/i0CoZ81Ui0m-9KwlBY1L_18myuGuq1wfhWSaZgMttyVfPaERSR0Wqmu7LAocGJai0ki7VeTHjMmuOXSQ61MnpNWipUruRiLykZTy_GwDvar4P6I1cqjGV2aWwrgm57JrG3i3zRkh6z-Hnt-sdHvFbFInX5MiW6dU5VwWHmZQ"")",https://cs2tokens.com/iem-cologne-2026/items/sticker-cobra-cologne-2026,sticker-cobra-cologne-2026,ok,,https://cs2tokens.com/iem-cologne-2026/items/sticker-cobra-cologne-2026/q-data.json,Sticker | cobra | Cologne 2026,https://steamcommunity.com/market/listings/730/Sticker%20%7C%20cobra%20%7C%20Cologne%202026,1209,10602,5316,12,iem-cologne-2026,campaign_12,sticker,Autograph,cobra,The MongolZ,rarity_rare
2026-06-04 00:38:18,20260604_003818,https://cs2tokens.com/browse?sort=price-asc,Paper,b0d1d368cabc,Sticker | xiELO | Cologne 2026,xiELO,Cologne 2026,Player,Paper,PARIVISION,High Grade,#4b69ff,3,0.03,5,161,0.025,https://community.akamai.steamstatic.com/economy/image/i0CoZ81Ui0m-9KwlBY1L_18myuGuq1wfhWSaZgMttyVfPaERSR0Wqmu7LAocGJai0ki7VeTHjMmuOXSQ61MnpNWipUruRiLpl5Ps8mwKvPb9bKY_IqeWCmGWl-xztLNtHHrkwE8it2iDnImvc3qUPw4lC5J4W6dU5Ut7mLCg,"=IMAGE(""https://community.akamai.steamstatic.com/economy/image/i0CoZ81Ui0m-9KwlBY1L_18myuGuq1wfhWSaZgMttyVfPaERSR0Wqmu7LAocGJai0ki7VeTHjMmuOXSQ61MnpNWipUruRiLpl5Ps8mwKvPb9bKY_IqeWCmGWl-xztLNtHHrkwE8it2iDnImvc3qUPw4lC5J4W6dU5Ut7mLCg"")",https://cs2tokens.com/iem-cologne-2026/items/sticker-xielo-cologne-2026,sticker-xielo-cologne-2026,ok,,https://cs2tokens.com/iem-cologne-2026/items/sticker-xielo-cologne-2026/q-data.json,Sticker | xiELO | Cologne 2026,https://steamcommunity.com/market/listings/730/Sticker%20%7C%20xiELO%20%7C%20Cologne%202026,1209,10622,5316,12,iem-cologne-2026,campaign_12,sticker,Autograph,xiELO,PARIVISION,rarity_rare
2026-06-04 00:38:18,20260604_003818,https://cs2tokens.com/browse?sort=price-asc,Paper,9f8bf0fc2634,Sticker | BELCHONOKK | Cologne 2026,BELCHONOKK,Cologne 2026,Player,Paper,PARIVISION,High Grade,#4b69ff,3,0.03,6,161,0.0312,https://community.akamai.steamstatic.com/economy/image/i0CoZ81Ui0m-9KwlBY1L_18myuGuq1wfhWSaZgMttyVfPaERSR0Wqmu7LAocGJai0ki7VeTHjMmuOXSQ61MnpNWipUruRiLzm5rj9S1V4PmlJv01JfTCDz_JxOsg5-I6FnvgkR9-sGXSzdaqcniTPA8mWZZyTbZY4EWm0oqwmoqMPJc,"=IMAGE(""https://community.akamai.steamstatic.com/economy/image/i0CoZ81Ui0m-9KwlBY1L_18myuGuq1wfhWSaZgMttyVfPaERSR0Wqmu7LAocGJai0ki7VeTHjMmuOXSQ61MnpNWipUruRiLzm5rj9S1V4PmlJv01JfTCDz_JxOsg5-I6FnvgkR9-sGXSzdaqcniTPA8mWZZyTbZY4EWm0oqwmoqMPJc"")",https://cs2tokens.com/iem-cologne-2026/items/sticker-belchonokk-cologne-2026,sticker-belchonokk-cologne-2026,ok,,https://cs2tokens.com/iem-cologne-2026/items/sticker-belchonokk-cologne-2026/q-data.json,Sticker | BELCHONOKK | Cologne 2026,https://steamcommunity.com/market/listings/730/Sticker%20%7C%20BELCHONOKK%20%7C%20Cologne%202026,1209,10626,5316,12,iem-cologne-2026,campaign_12,sticker,Autograph,BELCHONOKK,PARIVISION,rarity_rare
2026-06-04 00:38:18,20260604_003818,https://cs2tokens.com/browse?sort=price-asc,Paper,6f1b62fee62f,Sticker | soulfly | Cologne 2026,soulfly,Cologne 2026,Player,Paper,Aurora,High Grade,#4b69ff,3,0.03,7,161,0.0375,https://community.akamai.steamstatic.com/economy/image/i0CoZ81Ui0m-9KwlBY1L_18myuGuq1wfhWSaZgMttyVfPaERSR0Wqmu7LAocGJai0ki7VeTHjMmuOXSQ61MnpNWipUruRiLikYPs-y5CoaWtP6VrcfTFXTTJlL5wtrlrTizqwhly4WqGyI6peC7BPA92DpdzQeMU8k7vWLNBeGA,"=IMAGE(""https://community.akamai.steamstatic.com/economy/image/i0CoZ81Ui0m-9KwlBY1L_18myuGuq1wfhWSaZgMttyVfPaERSR0Wqmu7LAocGJai0ki7VeTHjMmuOXSQ61MnpNWipUruRiLikYPs-y5CoaWtP6VrcfTFXTTJlL5wtrlrTizqwhly4WqGyI6peC7BPA92DpdzQeMU8k7vWLNBeGA"")",https://cs2tokens.com/iem-cologne-2026/items/sticker-soulfly-cologne-2026,sticker-soulfly-cologne-2026,ok,,https://cs2tokens.com/iem-cologne-2026/items/sticker-soulfly-cologne-2026/q-data.json,Sticker | soulfly | Cologne 2026,https://steamcommunity.com/market/listings/730/Sticker%20%7C%20soulfly%20%7C%20Cologne%202026,1209,10638,5316,12,iem-cologne-2026,campaign_12,sticker,Autograph,soulfly,Aurora,rarity_rare
2026-06-04 00:38:18,20260604_003818,https://cs2tokens.com/browse?sort=price-asc,Paper,cdfdda974b5c,Sticker | Wicadia | Cologne 2026,Wicadia,Cologne 2026,Player,Paper,Aurora,High Grade,#4b69ff,3,0.03,8,161,0.0437,https://community.akamai.steamstatic.com/economy/image/i0CoZ81Ui0m-9KwlBY1L_18myuGuq1wfhWSaZgMttyVfPaERSR0Wqmu7LAocGJai0ki7VeTHjMmuOXSQ61MnpNWipUruRiLml5Xh-StaoaX8avQ9cqCSXD-Rlb50sbk5Sy3kwR51423Sw9mgcS7CalB0WJpwEOAU8k7vAXeTMIE,"=IMAGE(""https://community.akamai.steamstatic.com/economy/image/i0CoZ81Ui0m-9KwlBY1L_18myuGuq1wfhWSaZgMttyVfPaERSR0Wqmu7LAocGJai0ki7VeTHjMmuOXSQ61MnpNWipUruRiLml5Xh-StaoaX8avQ9cqCSXD-Rlb50sbk5Sy3kwR51423Sw9mgcS7CalB0WJpwEOAU8k7vAXeTMIE"")",https://cs2tokens.com/iem-cologne-2026/items/sticker-wicadia-cologne-2026,sticker-wicadia-cologne-2026,ok,,https://cs2tokens.com/iem-cologne-2026/items/sticker-wicadia-cologne-2026/q-data.json,Sticker | Wicadia | Cologne 2026,https://steamcommunity.com/market/listings/730/Sticker%20%7C%20Wicadia%20%7C%20Cologne%202026,1209,10642,5316,12,iem-cologne-2026,campaign_12,sticker,Autograph,Wicadia,Aurora,rarity_rare
2026-06-04 00:38:18,20260604_003818,https://cs2tokens.com/browse?sort=price-asc,Paper,93307723259f,Sticker | MAJ3R | Cologne 2026,MAJ3R,Cologne 2026,Player,Paper,Aurora,High Grade,#4b69ff,3,0.03,9,161,0.05,https://community.akamai.steamstatic.com/economy/image/i0CoZ81Ui0m-9KwlBY1L_18myuGuq1wfhWSaZgMttyVfPaERSR0Wqmu7LAocGJai0ki7VeTHjMmuOXSQ61MnpNWipUruRiL8n5yz72wJuab9O_1vd_KRXmTHwL5w5rZoGi3hx08j4WWHzYv8cnOSagV0ApV4W6dU5Ugqo1iU,"=IMAGE(""https://community.akamai.steamstatic.com/economy/image/i0CoZ81Ui0m-9KwlBY1L_18myuGuq1wfhWSaZgMttyVfPaERSR0Wqmu7LAocGJai0ki7VeTHjMmuOXSQ61MnpNWipUruRiL8n5yz72wJuab9O_1vd_KRXmTHwL5w5rZoGi3hx08j4WWHzYv8cnOSagV0ApV4W6dU5Ugqo1iU"")",https://cs2tokens.com/iem-cologne-2026/items/sticker-maj3r-cologne-2026,sticker-maj3r-cologne-2026,ok,,https://cs2tokens.com/iem-cologne-2026/items/sticker-maj3r-cologne-2026/q-data.json,Sticker | MAJ3R | Cologne 2026,https://steamcommunity.com/market/listings/730/Sticker%20%7C%20MAJ3R%20%7C%20Cologne%202026,1209,10646,5316,12,iem-cologne-2026,campaign_12,sticker,Autograph,MAJ3R,Aurora,rarity_rare
2026-06-04 00:38:18,20260604_003818,https://cs2tokens.com/browse?sort=price-asc,Paper,7cb6ac892039,Sticker | woxic | Cologne 2026,woxic,Cologne 2026,Player,Paper,Aurora,High Grade,#4b69ff,3,0.03,10,161,0.0563,https://community.akamai.steamstatic.com/economy/image/i0CoZ81Ui0m-9KwlBY1L_18myuGuq1wfhWSaZgMttyVfPaERSR0Wqmu7LAocGJai0ki7VeTHjMmuOXSQ61MnpNWipUruRiLmkY7p_mxZv_D7Mf1oIanBW2XFlup06bQ-GSrkkEsi4WuDmNz8IC7EbQQgDZFwW6dU5YjHbnsm,"=IMAGE(""https://community.akamai.steamstatic.com/economy/image/i0CoZ81Ui0m-9KwlBY1L_18myuGuq1wfhWSaZgMttyVfPaERSR0Wqmu7LAocGJai0ki7VeTHjMmuOXSQ61MnpNWipUruRiLmkY7p_mxZv_D7Mf1oIanBW2XFlup06bQ-GSrkkEsi4WuDmNz8IC7EbQQgDZFwW6dU5YjHbnsm"")",https://cs2tokens.com/iem-cologne-2026/items/sticker-woxic-cologne-2026,sticker-woxic-cologne-2026,ok,,https://cs2tokens.com/iem-cologne-2026/items/sticker-woxic-cologne-2026/q-data.json,Sticker | woxic | Cologne 2026,https://steamcommunity.com/market/listings/730/Sticker%20%7C%20woxic%20%7C%20Cologne%202026,1209,10650,5316,12,iem-cologne-2026,campaign_12,sticker,Autograph,woxic,Aurora,rarity_rare
2026-06-04 00:38:18,20260604_003818,https://cs2tokens.com/browse?sort=price-asc,Paper,da17a3d622d5,Sticker | yuurih | Cologne 2026,yuurih,Cologne 2026,Player,Paper,FURIA,High Grade,#4b69ff,3,0.03,11,161,0.0625,https://community.akamai.steamstatic.com/economy/image/i0CoZ81Ui0m-9KwlBY1L_18myuGuq1wfhWSaZgMttyVfPaERSR0Wqmu7LAocGJai0ki7VeTHjMmuOXSQ61MnpNWipUruRiLoi4Py9CoV6aP-P_VrJaiRWDKSlrt157BsSijgzBgm423dmYz6dXzBag8nWMN0RPlK7Ee2l597iA,"=IMAGE(""https://community.akamai.steamstatic.com/economy/image/i0CoZ81Ui0m-9KwlBY1L_18myuGuq1wfhWSaZgMttyVfPaERSR0Wqmu7LAocGJai0ki7VeTHjMmuOXSQ61MnpNWipUruRiLoi4Py9CoV6aP-P_VrJaiRWDKSlrt157BsSijgzBgm423dmYz6dXzBag8nWMN0RPlK7Ee2l597iA"")",https://cs2tokens.com/iem-cologne-2026/items/sticker-yuurih-cologne-2026,sticker-yuurih-cologne-2026,ok,,https://cs2tokens.com/iem-cologne-2026/items/sticker-yuurih-cologne-2026/q-data.json,Sticker | yuurih | Cologne 2026,https://steamcommunity.com/market/listings/730/Sticker%20%7C%20yuurih%20%7C%20Cologne%202026,1209,10670,5316,12,iem-cologne-2026,campaign_12,sticker,Autograph,yuurih,FURIA,rarity_rare
2026-06-04 00:38:18,20260604_003818,https://cs2tokens.com/browse?sort=price-asc,Paper,923b2d1209f6,Sticker | Jimpphat | Cologne 2026,Jimpphat,Cologne 2026,Player,Paper,MOUZ,High Grade,#4b69ff,3,0.03,12,161,0.0688,https://community.akamai.steamstatic.com/economy/image/i0CoZ81Ui0m-9KwlBY1L_18myuGuq1wfhWSaZgMttyVfPaERSR0Wqmu7LAocGJai0ki7VeTHjMmuOXSQ61MnpNWipUruRiL7l5vw7Spa-7yoPqI7dqKSWzTGlrYg5rgxFyznwxwl6mzXn936Iy3BaldyCpZyTLMOrFDmxf4zP65s,"=IMAGE(""https://community.akamai.steamstatic.com/economy/image/i0CoZ81Ui0m-9KwlBY1L_18myuGuq1wfhWSaZgMttyVfPaERSR0Wqmu7LAocGJai0ki7VeTHjMmuOXSQ61MnpNWipUruRiL7l5vw7Spa-7yoPqI7dqKSWzTGlrYg5rgxFyznwxwl6mzXn936Iy3BaldyCpZyTLMOrFDmxf4zP65s"")",https://cs2tokens.com/iem-cologne-2026/items/sticker-jimpphat-cologne-2026,sticker-jimpphat-cologne-2026,ok,,https://cs2tokens.com/iem-cologne-2026/items/sticker-jimpphat-cologne-2026/q-data.json,Sticker | Jimpphat | Cologne 2026,https://steamcommunity.com/market/listings/730/Sticker%20%7C%20Jimpphat%20%7C%20Cologne%202026,1209,10674,5316,12,iem-cologne-2026,campaign_12,sticker,Autograph,Jimpphat,MOUZ,rarity_rare
2026-06-04 00:38:18,20260604_003818,https://cs2tokens.com/browse?sort=price-asc,Paper,d2bd167c1a0f,Sticker | Brollan | Cologne 2026,Brollan,Cologne 2026,Player,Paper,MOUZ,High Grade,#4b69ff,3,0.03,13,161,0.075,https://community.akamai.steamstatic.com/economy/image/i0CoZ81Ui0m-9KwlBY1L_18myuGuq1wfhWSaZgMttyVfPaERSR0Wqmu7LAocGJai0ki7VeTHjMmuOXSQ61MnpNWipUruRiLzjJns8SNVofSvOPw8cKTBXmaTmOghsrI6Si3jxUUmsm7Vyd2rdS2XPwYnDJBzF7IU8k7vS0Wx_5I,"=IMAGE(""https://community.akamai.steamstatic.com/economy/image/i0CoZ81Ui0m-9KwlBY1L_18myuGuq1wfhWSaZgMttyVfPaERSR0Wqmu7LAocGJai0ki7VeTHjMmuOXSQ61MnpNWipUruRiLzjJns8SNVofSvOPw8cKTBXmaTmOghsrI6Si3jxUUmsm7Vyd2rdS2XPwYnDJBzF7IU8k7vS0Wx_5I"")",https://cs2tokens.com/iem-cologne-2026/items/sticker-brollan-cologne-2026,sticker-brollan-cologne-2026,ok,,https://cs2tokens.com/iem-cologne-2026/items/sticker-brollan-cologne-2026/q-data.json,Sticker | Brollan | Cologne 2026,https://steamcommunity.com/market/listings/730/Sticker%20%7C%20Brollan%20%7C%20Cologne%202026,1209,10678,5316,12,iem-cologne-2026,campaign_12,sticker,Autograph,Brollan,MOUZ,rarity_rare
2026-06-04 00:38:18,20260604_003818,https://cs2tokens.com/browse?sort=price-asc,Paper,573561d7f5e2,Sticker | torzsi | Cologne 2026,torzsi,Cologne 2026,Player,Paper,MOUZ,High Grade,#4b69ff,3,0.03,14,161,0.0813,https://community.akamai.steamstatic.com/economy/image/i0CoZ81Ui0m-9KwlBY1L_18myuGuq1wfhWSaZgMttyVfPaERSR0Wqmu7LAocGJai0ki7VeTHjMmuOXSQ61MnpNWipUruRiLlkYT67isV6vD3bPM1eKmVW2TIke0jtbFtHXrhxB9y62XXy4n_cS6QZgcpWcEkR_lK7Eee8Hg4IQ,"=IMAGE(""https://community.akamai.steamstatic.com/economy/image/i0CoZ81Ui0m-9KwlBY1L_18myuGuq1wfhWSaZgMttyVfPaERSR0Wqmu7LAocGJai0ki7VeTHjMmuOXSQ61MnpNWipUruRiLlkYT67isV6vD3bPM1eKmVW2TIke0jtbFtHXrhxB9y62XXy4n_cS6QZgcpWcEkR_lK7Eee8Hg4IQ"")",https://cs2tokens.com/iem-cologne-2026/items/sticker-torzsi-cologne-2026,sticker-torzsi-cologne-2026,ok,,https://cs2tokens.com/iem-cologne-2026/items/sticker-torzsi-cologne-2026/q-data.json,Sticker | torzsi | Cologne 2026,https://steamcommunity.com/market/listings/730/Sticker%20%7C%20torzsi%20%7C%20Cologne%202026,1209,10686,5316,12,iem-cologne-2026,campaign_12,sticker,Autograph,torzsi,MOUZ,rarity_rare
2026-06-04 00:38:18,20260604_003818,https://cs2tokens.com/browse?sort=price-asc,Paper,5e5590d9648f,Sticker | lauNX | Cologne 2026,lauNX,Cologne 2026,Player,Paper,,High Grade,#4b69ff,3,0.03,15,161,0.0875,https://community.akamai.steamstatic.com/economy/image/i0CoZ81Ui0m-9KwlBY1L_18myuGuq1wfhWSaZgMttyVfPaERSR0Wqmu7LAocGJai0ki7VeTHjMmuOXSQ61MnpNWipUruRiL9n4Pu5WwKuqOsMKVpdvPKXDLAkusu4Lk5HXvnlE4k4TjVzYn4JyqRa1QjDZIlW6dU5TEpKbyx,"=IMAGE(""https://community.akamai.steamstatic.com/economy/image/i0CoZ81Ui0m-9KwlBY1L_18myuGuq1wfhWSaZgMttyVfPaERSR0Wqmu7LAocGJai0ki7VeTHjMmuOXSQ61MnpNWipUruRiL9n4Pu5WwKuqOsMKVpdvPKXDLAkusu4Lk5HXvnlE4k4TjVzYn4JyqRa1QjDZIlW6dU5TEpKbyx"")",https://cs2tokens.com/iem-cologne-2026/items/sticker-launx-cologne-2026,sticker-launx-cologne-2026,ok,,https://cs2tokens.com/iem-cologne-2026/items/sticker-launx-cologne-2026/q-data.json,Sticker | lauNX | Cologne 2026,https://steamcommunity.com/market/listings/730/Sticker%20%7C%20lauNX%20%7C%20Cologne%202026,1209,10698,5316,12,iem-cologne-2026,campaign_12,sticker,Autograph,lauNX,,rarity_rare
2026-06-04 00:38:18,20260604_003818,https://cs2tokens.com/browse?sort=price-asc,Paper,ca0df0983c1d,Sticker | cmtry | Cologne 2026,cmtry,Cologne 2026,Player,Paper,,High Grade,#4b69ff,3,0.03,16,161,0.0938,https://community.akamai.steamstatic.com/economy/image/i0CoZ81Ui0m-9KwlBY1L_18myuGuq1wfhWSaZgMttyVfPaERSR0Wqmu7LAocGJai0ki7VeTHjMmuOXSQ61MnpNWipUruRiLyk4Ly5GwMt_P6OvQ-JvXDW2PAmOp36ORsS3zqxEQlsTnRmdf4cinEPQ8hDsZ5W6dU5cT3NEUT,"=IMAGE(""https://community.akamai.steamstatic.com/economy/image/i0CoZ81Ui0m-9KwlBY1L_18myuGuq1wfhWSaZgMttyVfPaERSR0Wqmu7LAocGJai0ki7VeTHjMmuOXSQ61MnpNWipUruRiLyk4Ly5GwMt_P6OvQ-JvXDW2PAmOp36ORsS3zqxEQlsTnRmdf4cinEPQ8hDsZ5W6dU5cT3NEUT"")",https://cs2tokens.com/iem-cologne-2026/items/sticker-cmtry-cologne-2026,sticker-cmtry-cologne-2026,ok,,https://cs2tokens.com/iem-cologne-2026/items/sticker-cmtry-cologne-2026/q-data.json,Sticker | cmtry | Cologne 2026,https://steamcommunity.com/market/listings/730/Sticker%20%7C%20cmtry%20%7C%20Cologne%202026,1209,10706,5316,12,iem-cologne-2026,campaign_12,sticker,Autograph,cmtry,,rarity_rare
2026-06-04 00:38:18,20260604_003818,https://cs2tokens.com/browse?sort=price-asc,Paper,d6cb49678715,Sticker | HooXi | Cologne 2026,HooXi,Cologne 2026,Player,Paper,Astralis,High Grade,#4b69ff,3,0.03,17,161,0.1,https://community.akamai.steamstatic.com/economy/image/i0CoZ81Ui0m-9KwlBY1L_18myuGuq1wfhWSaZgMttyVfPaERSR0Wqmu7LAocGJai0ki7VeTHjMmuOXSQ61MnpNWipUruRiL5kZn49GxYuKT-avY6I6jLCmLFx-pztbFsGi_nw05z5WzdzY34dHLBbwRxDZckW6dU5dsZ_sim,"=IMAGE(""https://community.akamai.steamstatic.com/economy/image/i0CoZ81Ui0m-9KwlBY1L_18myuGuq1wfhWSaZgMttyVfPaERSR0Wqmu7LAocGJai0ki7VeTHjMmuOXSQ61MnpNWipUruRiL5kZn49GxYuKT-avY6I6jLCmLFx-pztbFsGi_nw05z5WzdzY34dHLBbwRxDZckW6dU5dsZ_sim"")",https://cs2tokens.com/iem-cologne-2026/items/sticker-hooxi-cologne-2026,sticker-hooxi-cologne-2026,ok,,https://cs2tokens.com/iem-cologne-2026/items/sticker-hooxi-cologne-2026/q-data.json,Sticker | HooXi | Cologne 2026,https://steamcommunity.com/market/listings/730/Sticker%20%7C%20HooXi%20%7C%20Cologne%202026,1209,10734,5316,12,iem-cologne-2026,campaign_12,sticker,Autograph,HooXi,Astralis,rarity_rare
2026-06-04 00:38:18,20260604_003818,https://cs2tokens.com/browse?sort=price-asc,Paper,a07c512810c0,Sticker | ryu | Cologne 2026,ryu,Cologne 2026,Player,Paper,Astralis,High Grade,#4b69ff,3,0.03,18,161,0.1062,https://community.akamai.steamstatic.com/economy/image/i0CoZ81Ui0m-9KwlBY1L_18myuGuq1wfhWSaZgMttyVfPaERSR0Wqmu7LAocGJai0ki7VeTHjMmuOXSQ61MnpNWipUruRiLjh4OurHpZvaWvbfY1JKfEXDOUmb4k5rc7S361lEQm42nSw9qpIH6UaAFzXowwG7BK-fLbbQ,"=IMAGE(""https://community.akamai.steamstatic.com/economy/image/i0CoZ81Ui0m-9KwlBY1L_18myuGuq1wfhWSaZgMttyVfPaERSR0Wqmu7LAocGJai0ki7VeTHjMmuOXSQ61MnpNWipUruRiLjh4OurHpZvaWvbfY1JKfEXDOUmb4k5rc7S361lEQm42nSw9qpIH6UaAFzXowwG7BK-fLbbQ"")",https://cs2tokens.com/iem-cologne-2026/items/sticker-ryu-cologne-2026,sticker-ryu-cologne-2026,ok,,https://cs2tokens.com/iem-cologne-2026/items/sticker-ryu-cologne-2026/q-data.json,Sticker | ryu | Cologne 2026,https://steamcommunity.com/market/listings/730/Sticker%20%7C%20ryu%20%7C%20Cologne%202026,1209,10742,5316,12,iem-cologne-2026,campaign_12,sticker,Autograph,ryu,Astralis,rarity_rare
2026-06-04 00:38:18,20260604_003818,https://cs2tokens.com/browse?sort=price-asc,Paper,8685ad1f7757,Sticker | huNter- | Cologne 2026,huNter-,Cologne 2026,Player,Paper,G2 Esports,High Grade,#4b69ff,3,0.03,19,161,0.1125,https://community.akamai.steamstatic.com/economy/image/i0CoZ81Ui0m-9KwlBY1L_18myuGuq1wfhWSaZgMttyVfPaERSR0Wqmu7LAocGJai0ki7VeTHjMmuOXSQ61MnpNWipUruRiL5i5j0-DAVuqqraqZpcKPLWGXHl-wjtONsHi_ilkVysmuEydepJymWaQMkDZR0TflK7Ec48L2iYQ,"=IMAGE(""https://community.akamai.steamstatic.com/economy/image/i0CoZ81Ui0m-9KwlBY1L_18myuGuq1wfhWSaZgMttyVfPaERSR0Wqmu7LAocGJai0ki7VeTHjMmuOXSQ61MnpNWipUruRiL5i5j0-DAVuqqraqZpcKPLWGXHl-wjtONsHi_ilkVysmuEydepJymWaQMkDZR0TflK7Ec48L2iYQ"")",https://cs2tokens.com/iem-cologne-2026/items/sticker-hunter-cologne-2026,sticker-hunter-cologne-2026,ok,,https://cs2tokens.com/iem-cologne-2026/items/sticker-hunter-cologne-2026/q-data.json,Sticker | huNter- | Cologne 2026,https://steamcommunity.com/market/listings/730/Sticker%20%7C%20huNter-%20%7C%20Cologne%202026,1209,10754,5316,12,iem-cologne-2026,campaign_12,sticker,Autograph,huNter-,G2 Esports,rarity_rare
2026-06-04 00:38:18,20260604_003818,https://cs2tokens.com/browse?sort=price-asc,Paper,a90e52620313,Sticker | Heavygod | Cologne 2026,Heavygod,Cologne 2026,Player,Paper,G2 Esports,High Grade,#4b69ff,3,0.03,20,161,0.1187,https://community.akamai.steamstatic.com/economy/image/i0CoZ81Ui0m-9KwlBY1L_18myuGuq1wfhWSaZgMttyVfPaERSR0Wqmu7LAocGJai0ki7VeTHjMmuOXSQ61MnpNWipUruRiL5m5f25CVU67yrO6drJKDHWGHBx7kgsbJoSXrllEx-6jndytj9eHnDbFd2DZYmF-dYrFDmxXGSXf2X,"=IMAGE(""https://community.akamai.steamstatic.com/economy/image/i0CoZ81Ui0m-9KwlBY1L_18myuGuq1wfhWSaZgMttyVfPaERSR0Wqmu7LAocGJai0ki7VeTHjMmuOXSQ61MnpNWipUruRiL5m5f25CVU67yrO6drJKDHWGHBx7kgsbJoSXrllEx-6jndytj9eHnDbFd2DZYmF-dYrFDmxXGSXf2X"")",https://cs2tokens.com/iem-cologne-2026/items/sticker-heavygod-cologne-2026,sticker-heavygod-cologne-2026,ok,,https://cs2tokens.com/iem-cologne-2026/items/sticker-heavygod-cologne-2026/q-data.json,Sticker | Heavygod | Cologne 2026,https://steamcommunity.com/market/listings/730/Sticker%20%7C%20Heavygod%20%7C%20Cologne%202026,1209,10758,5316,12,iem-cologne-2026,campaign_12,sticker,Autograph,Heavygod,G2 Esports,rarity_rare
2026-06-04 00:38:18,20260604_003818,https://cs2tokens.com/browse?sort=price-asc,Paper,c5c9bd76b14b,Sticker | NertZ | Cologne 2026,NertZ,Cologne 2026,Player,Paper,G2 Esports,High Grade,#4b69ff,3,0.03,21,161,0.125,https://community.akamai.steamstatic.com/economy/image/i0CoZ81Ui0m-9KwlBY1L_18myuGuq1wfhWSaZgMttyVfPaERSR0Wqmu7LAocGJai0ki7VeTHjMmuOXSQ61MnpNWipUruRiL_m4T052wNu_f8MaU5JaHADT_Fkrdw4-M4GyzhzB915m3XztahIn-QbQVzDcAhW6dU5bUh2iv6,"=IMAGE(""https://community.akamai.steamstatic.com/economy/image/i0CoZ81Ui0m-9KwlBY1L_18myuGuq1wfhWSaZgMttyVfPaERSR0Wqmu7LAocGJai0ki7VeTHjMmuOXSQ61MnpNWipUruRiL_m4T052wNu_f8MaU5JaHADT_Fkrdw4-M4GyzhzB915m3XztahIn-QbQVzDcAhW6dU5bUh2iv6"")",https://cs2tokens.com/iem-cologne-2026/items/sticker-nertz-cologne-2026,sticker-nertz-cologne-2026,ok,,https://cs2tokens.com/iem-cologne-2026/items/sticker-nertz-cologne-2026/q-data.json,Sticker | NertZ | Cologne 2026,https://steamcommunity.com/market/listings/730/Sticker%20%7C%20NertZ%20%7C%20Cologne%202026,1209,10762,5316,12,iem-cologne-2026,campaign_12,sticker,Autograph,NertZ,G2 Esports,rarity_rare
2026-06-04 00:38:18,20260604_003818,https://cs2tokens.com/browse?sort=price-asc,Paper,00462697bb2c,Sticker | SunPayus | Cologne 2026,SunPayus,Cologne 2026,Player,Paper,G2 Esports,High Grade,#4b69ff,3,0.03,22,161,0.1313,https://community.akamai.steamstatic.com/economy/image/i0CoZ81Ui0m-9KwlBY1L_18myuGuq1wfhWSaZgMttyVfPaERSR0Wqmu7LAocGJai0ki7VeTHjMmuOXSQ61MnpNWipUruRiLii5jw_DtO_LyrMPc7JfLDXmTAkrZ35OJsFi_qzBl16j7dzI6gdH-Tbgd1DpZ5E-9crFDmxYeOq7dl,"=IMAGE(""https://community.akamai.steamstatic.com/economy/image/i0CoZ81Ui0m-9KwlBY1L_18myuGuq1wfhWSaZgMttyVfPaERSR0Wqmu7LAocGJai0ki7VeTHjMmuOXSQ61MnpNWipUruRiLii5jw_DtO_LyrMPc7JfLDXmTAkrZ35OJsFi_qzBl16j7dzI6gdH-Tbgd1DpZ5E-9crFDmxYeOq7dl"")",https://cs2tokens.com/iem-cologne-2026/items/sticker-sunpayus-cologne-2026,sticker-sunpayus-cologne-2026,ok,,https://cs2tokens.com/iem-cologne-2026/items/sticker-sunpayus-cologne-2026/q-data.json,Sticker | SunPayus | Cologne 2026,https://steamcommunity.com/market/listings/730/Sticker%20%7C%20SunPayus%20%7C%20Cologne%202026,1209,10766,5316,12,iem-cologne-2026,campaign_12,sticker,Autograph,SunPayus,G2 Esports,rarity_rare
2026-06-04 00:38:18,20260604_003818,https://cs2tokens.com/browse?sort=price-asc,Paper,a98fa5f3959a,Sticker | MATYS | Cologne 2026,MATYS,Cologne 2026,Player,Paper,G2 Esports,High Grade,#4b69ff,3,0.03,23,161,0.1375,https://community.akamai.steamstatic.com/economy/image/i0CoZ81Ui0m-9KwlBY1L_18myuGuq1wfhWSaZgMttyVfPaERSR0Wqmu7LAocGJai0ki7VeTHjMmuOXSQ61MnpNWipUruRiL8n4L57mxevaD7OvRsJaTFDTSRlLou6eVtTnvmwEl-5WXSz9iseX2fbg8iCZB3W6dU5cSULNET,"=IMAGE(""https://community.akamai.steamstatic.com/economy/image/i0CoZ81Ui0m-9KwlBY1L_18myuGuq1wfhWSaZgMttyVfPaERSR0Wqmu7LAocGJai0ki7VeTHjMmuOXSQ61MnpNWipUruRiL8n4L57mxevaD7OvRsJaTFDTSRlLou6eVtTnvmwEl-5WXSz9iseX2fbg8iCZB3W6dU5cSULNET"")",https://cs2tokens.com/iem-cologne-2026/items/sticker-matys-cologne-2026,sticker-matys-cologne-2026,ok,,https://cs2tokens.com/iem-cologne-2026/items/sticker-matys-cologne-2026/q-data.json,Sticker | MATYS | Cologne 2026,https://steamcommunity.com/market/listings/730/Sticker%20%7C%20MATYS%20%7C%20Cologne%202026,1209,10770,5316,12,iem-cologne-2026,campaign_12,sticker,Autograph,MATYS,G2 Esports,rarity_rare
2026-06-04 00:38:18,20260604_003818,https://cs2tokens.com/browse?sort=price-asc,Paper,aa65c961dd92,Sticker | arT | Cologne 2026,arT,Cologne 2026,Player,Paper,Legacy,High Grade,#4b69ff,3,0.03,24,161,0.1437,https://community.akamai.steamstatic.com/economy/image/i0CoZ81Ui0m-9KwlBY1L_18myuGuq1wfhWSaZgMttyVfPaERSR0Wqmu7LAocGJai0ki7VeTHjMmuOXSQ61MnpNWipUruRiLwjIKurnoOvqH2a_M4dKLKXzSUk7t36bNsFnvkzEV15Wrcw9j7IHOQbAMhXowwG7DBpfz0Gg,"=IMAGE(""https://community.akamai.steamstatic.com/economy/image/i0CoZ81Ui0m-9KwlBY1L_18myuGuq1wfhWSaZgMttyVfPaERSR0Wqmu7LAocGJai0ki7VeTHjMmuOXSQ61MnpNWipUruRiLwjIKurnoOvqH2a_M4dKLKXzSUk7t36bNsFnvkzEV15Wrcw9j7IHOQbAMhXowwG7DBpfz0Gg"")",https://cs2tokens.com/iem-cologne-2026/items/sticker-art-cologne-2026,sticker-art-cologne-2026,ok,,https://cs2tokens.com/iem-cologne-2026/items/sticker-art-cologne-2026/q-data.json,Sticker | arT | Cologne 2026,https://steamcommunity.com/market/listings/730/Sticker%20%7C%20arT%20%7C%20Cologne%202026,1209,10774,5316,12,iem-cologne-2026,campaign_12,sticker,Autograph,arT,Legacy,rarity_rare
2026-06-04 00:38:18,20260604_003818,https://cs2tokens.com/browse?sort=price-asc,Paper,2bcfc85e0a54,Sticker | saadzin | Cologne 2026,saadzin,Cologne 2026,Player,Paper,Legacy,High Grade,#4b69ff,3,0.03,25,161,0.15,https://community.akamai.steamstatic.com/economy/image/i0CoZ81Ui0m-9KwlBY1L_18myuGuq1wfhWSaZgMttyVfPaERSR0Wqmu7LAocGJai0ki7VeTHjMmuOXSQ61MnpNWipUruRiLin5fk5ytVofCqOfw7JvbGD2TJmbpy4-RtGHzlwEkj6jnVmdz8IHvBaVMlDsF2QuMU8k7vT2Ikslw,"=IMAGE(""https://community.akamai.steamstatic.com/economy/image/i0CoZ81Ui0m-9KwlBY1L_18myuGuq1wfhWSaZgMttyVfPaERSR0Wqmu7LAocGJai0ki7VeTHjMmuOXSQ61MnpNWipUruRiLin5fk5ytVofCqOfw7JvbGD2TJmbpy4-RtGHzlwEkj6jnVmdz8IHvBaVMlDsF2QuMU8k7vT2Ikslw"")",https://cs2tokens.com/iem-cologne-2026/items/sticker-saadzin-cologne-2026,sticker-saadzin-cologne-2026,ok,,https://cs2tokens.com/iem-cologne-2026/items/sticker-saadzin-cologne-2026/q-data.json,Sticker | saadzin | Cologne 2026,https://steamcommunity.com/market/listings/730/Sticker%20%7C%20saadzin%20%7C%20Cologne%202026,1209,10786,5316,12,iem-cologne-2026,campaign_12,sticker,Autograph,saadzin,Legacy,rarity_rare
2026-06-04 00:38:18,20260604_003818,https://cs2tokens.com/browse?sort=price-asc,Paper,855463143a08,Sticker | n1ssim | Cologne 2026,n1ssim,Cologne 2026,Player,Paper,Legacy,High Grade,#4b69ff,3,0.03,26,161,0.1562,https://community.akamai.steamstatic.com/economy/image/i0CoZ81Ui0m-9KwlBY1L_18myuGuq1wfhWSaZgMttyVfPaERSR0Wqmu7LAocGJai0ki7VeTHjMmuOXSQ61MnpNWipUruRiL_z4Xz9C8V7aT-MPI0dvHLDDHDlLx0srY-TX3jlBh-42yBmIqueS-fZwMnDMR0EPlK7Ef8SzMOUg,"=IMAGE(""https://community.akamai.steamstatic.com/economy/image/i0CoZ81Ui0m-9KwlBY1L_18myuGuq1wfhWSaZgMttyVfPaERSR0Wqmu7LAocGJai0ki7VeTHjMmuOXSQ61MnpNWipUruRiL_z4Xz9C8V7aT-MPI0dvHLDDHDlLx0srY-TX3jlBh-42yBmIqueS-fZwMnDMR0EPlK7Ef8SzMOUg"")",https://cs2tokens.com/iem-cologne-2026/items/sticker-n1ssim-cologne-2026,sticker-n1ssim-cologne-2026,ok,,https://cs2tokens.com/iem-cologne-2026/items/sticker-n1ssim-cologne-2026/q-data.json,Sticker | n1ssim | Cologne 2026,https://steamcommunity.com/market/listings/730/Sticker%20%7C%20n1ssim%20%7C%20Cologne%202026,1209,10790,5316,12,iem-cologne-2026,campaign_12,sticker,Autograph,n1ssim,Legacy,rarity_rare
2026-06-04 00:38:18,20260604_003818,https://cs2tokens.com/browse?sort=price-asc,Paper,842c2365ccf6,Sticker | biguzera | Cologne 2026,biguzera,Cologne 2026,Player,Paper,paiN Gaming,High Grade,#4b69ff,3,0.03,27,161,0.1625,https://community.akamai.steamstatic.com/economy/image/i0CoZ81Ui0m-9KwlBY1L_18myuGuq1wfhWSaZgMttyVfPaERSR0Wqmu7LAocGJai0ki7VeTHjMmuOXSQ61MnpNWipUruRiLzl5H15ydJ7rz8PaI_dqDEVz7Jlb0i4bg_GHvjwUp2sjzXz9f_JSjDZg51DpJ5F-ECrFDmxa7lQRoZ,"=IMAGE(""https://community.akamai.steamstatic.com/economy/image/i0CoZ81Ui0m-9KwlBY1L_18myuGuq1wfhWSaZgMttyVfPaERSR0Wqmu7LAocGJai0ki7VeTHjMmuOXSQ61MnpNWipUruRiLzl5H15ydJ7rz8PaI_dqDEVz7Jlb0i4bg_GHvjwUp2sjzXz9f_JSjDZg51DpJ5F-ECrFDmxa7lQRoZ"")",https://cs2tokens.com/iem-cologne-2026/items/sticker-biguzera-cologne-2026,sticker-biguzera-cologne-2026,ok,,https://cs2tokens.com/iem-cologne-2026/items/sticker-biguzera-cologne-2026/q-data.json,Sticker | biguzera | Cologne 2026,https://steamcommunity.com/market/listings/730/Sticker%20%7C%20biguzera%20%7C%20Cologne%202026,1209,10794,5316,12,iem-cologne-2026,campaign_12,sticker,Autograph,biguzera,paiN Gaming,rarity_rare
2026-06-04 00:38:18,20260604_003818,https://cs2tokens.com/browse?sort=price-asc,Paper,beb4d04c92b4,Sticker | snow | Cologne 2026,snow,Cologne 2026,Player,Paper,paiN Gaming,High Grade,#4b69ff,3,0.03,28,161,0.1688,https://community.akamai.steamstatic.com/economy/image/i0CoZ81Ui0m-9KwlBY1L_18myuGuq1wfhWSaZgMttyVfPaERSR0Wqmu7LAocGJai0ki7VeTHjMmuOXSQ61MnpNWipUruRiLikJn3s3AKvKP6OqI9JfTKWDSUxLZz4bQ8Syrjx0t15j-Emd6seHPFPwEoXpBuBbldTWhzMZU,"=IMAGE(""https://community.akamai.steamstatic.com/economy/image/i0CoZ81Ui0m-9KwlBY1L_18myuGuq1wfhWSaZgMttyVfPaERSR0Wqmu7LAocGJai0ki7VeTHjMmuOXSQ61MnpNWipUruRiLikJn3s3AKvKP6OqI9JfTKWDSUxLZz4bQ8Syrjx0t15j-Emd6seHPFPwEoXpBuBbldTWhzMZU"")",https://cs2tokens.com/iem-cologne-2026/items/sticker-snow-cologne-2026,sticker-snow-cologne-2026,ok,,https://cs2tokens.com/iem-cologne-2026/items/sticker-snow-cologne-2026/q-data.json,Sticker | snow | Cologne 2026,https://steamcommunity.com/market/listings/730/Sticker%20%7C%20snow%20%7C%20Cologne%202026,1209,10802,5316,12,iem-cologne-2026,campaign_12,sticker,Autograph,snow,paiN Gaming,rarity_rare
2026-06-04 00:38:18,20260604_003818,https://cs2tokens.com/browse?sort=price-asc,Paper,25acd5b6718b,Sticker | piriajr | Cologne 2026,piriajr,Cologne 2026,Player,Paper,paiN Gaming,High Grade,#4b69ff,3,0.03,29,161,0.175,https://community.akamai.steamstatic.com/economy/image/i0CoZ81Ui0m-9KwlBY1L_18myuGuq1wfhWSaZgMttyVfPaERSR0Wqmu7LAocGJai0ki7VeTHjMmuOXSQ61MnpNWipUruRiLhl4Tp_ChJoaGoPvE8I6PFXGSWxO8l4bI6Gn-1kEV04z7WwtiuIy7BbgcpWMRwQ7MU8k7vAy6RlRU,"=IMAGE(""https://community.akamai.steamstatic.com/economy/image/i0CoZ81Ui0m-9KwlBY1L_18myuGuq1wfhWSaZgMttyVfPaERSR0Wqmu7LAocGJai0ki7VeTHjMmuOXSQ61MnpNWipUruRiLhl4Tp_ChJoaGoPvE8I6PFXGSWxO8l4bI6Gn-1kEV04z7WwtiuIy7BbgcpWMRwQ7MU8k7vAy6RlRU"")",https://cs2tokens.com/iem-cologne-2026/items/sticker-piriajr-cologne-2026,sticker-piriajr-cologne-2026,ok,,https://cs2tokens.com/iem-cologne-2026/items/sticker-piriajr-cologne-2026/q-data.json,Sticker | piriajr | Cologne 2026,https://steamcommunity.com/market/listings/730/Sticker%20%7C%20piriajr%20%7C%20Cologne%202026,1209,10806,5316,12,iem-cologne-2026,campaign_12,sticker,Autograph,piriajr,paiN Gaming,rarity_rare
2026-06-04 00:38:18,20260604_003818,https://cs2tokens.com/browse?sort=price-asc,Paper,19c7f1398599,Sticker | Bymas | Cologne 2026,Bymas,Cologne 2026,Player,Paper,Monte,High Grade,#4b69ff,3,0.03,30,161,0.1812,https://community.akamai.steamstatic.com/economy/image/i0CoZ81Ui0m-9KwlBY1L_18myuGuq1wfhWSaZgMttyVfPaERSR0Wqmu7LAocGJai0ki7VeTHjMmuOXSQ61MnpNWipUruRiLzh5vh7mxZvPf7bvY-JqWQCmTBxbwhtLI4GXC2xE9z5WzXmY2odX7COAZzX5RyW6dU5a_o9OOL,"=IMAGE(""https://community.akamai.steamstatic.com/economy/image/i0CoZ81Ui0m-9KwlBY1L_18myuGuq1wfhWSaZgMttyVfPaERSR0Wqmu7LAocGJai0ki7VeTHjMmuOXSQ61MnpNWipUruRiLzh5vh7mxZvPf7bvY-JqWQCmTBxbwhtLI4GXC2xE9z5WzXmY2odX7COAZzX5RyW6dU5a_o9OOL"")",https://cs2tokens.com/iem-cologne-2026/items/sticker-bymas-cologne-2026,sticker-bymas-cologne-2026,ok,,https://cs2tokens.com/iem-cologne-2026/items/sticker-bymas-cologne-2026/q-data.json,Sticker | Bymas | Cologne 2026,https://steamcommunity.com/market/listings/730/Sticker%20%7C%20Bymas%20%7C%20Cologne%202026,1209,10818,5316,12,iem-cologne-2026,campaign_12,sticker,Autograph,Bymas,Monte,rarity_rare
2026-06-04 00:38:18,20260604_003818,https://cs2tokens.com/browse?sort=price-asc,Paper,747cf11c5c42,Sticker | afro | Cologne 2026,afro,Cologne 2026,Player,Paper,Monte,High Grade,#4b69ff,3,0.03,31,161,0.1875,https://community.akamai.steamstatic.com/economy/image/i0CoZ81Ui0m-9KwlBY1L_18myuGuq1wfhWSaZgMttyVfPaERSR0Wqmu7LAocGJai0ki7VeTHjMmuOXSQ61MnpNWipUruRiLwmITvs3QPu_P2P6FsdvKSXzGSmb4m47Y6Si-1wUVz4W3XwtugdymSagMmDZpuBbldUrzVssY,"=IMAGE(""https://community.akamai.steamstatic.com/economy/image/i0CoZ81Ui0m-9KwlBY1L_18myuGuq1wfhWSaZgMttyVfPaERSR0Wqmu7LAocGJai0ki7VeTHjMmuOXSQ61MnpNWipUruRiLwmITvs3QPu_P2P6FsdvKSXzGSmb4m47Y6Si-1wUVz4W3XwtugdymSagMmDZpuBbldUrzVssY"")",https://cs2tokens.com/iem-cologne-2026/items/sticker-afro-cologne-2026,sticker-afro-cologne-2026,ok,,https://cs2tokens.com/iem-cologne-2026/items/sticker-afro-cologne-2026/q-data.json,Sticker | afro | Cologne 2026,https://steamcommunity.com/market/listings/730/Sticker%20%7C%20afro%20%7C%20Cologne%202026,1209,10822,5316,12,iem-cologne-2026,campaign_12,sticker,Autograph,afro,Monte,rarity_rare
2026-06-04 00:38:18,20260604_003818,https://cs2tokens.com/browse?sort=price-asc,Paper,0ccd6df664f6,Sticker | Gizmy | Cologne 2026,Gizmy,Cologne 2026,Player,Paper,Monte,High Grade,#4b69ff,3,0.03,32,161,0.1938,https://community.akamai.steamstatic.com/economy/image/i0CoZ81Ui0m-9KwlBY1L_18myuGuq1wfhWSaZgMttyVfPaERSR0Wqmu7LAocGJai0ki7VeTHjMmuOXSQ61MnpNWipUruRiL2l4zt5GwO7fH7OPw8c6HFCzGUl7ki4LE8HnDmxUok4z7Qm9uuJ3rGa1MjCJVxW6dU5cVdB6B7,"=IMAGE(""https://community.akamai.steamstatic.com/economy/image/i0CoZ81Ui0m-9KwlBY1L_18myuGuq1wfhWSaZgMttyVfPaERSR0Wqmu7LAocGJai0ki7VeTHjMmuOXSQ61MnpNWipUruRiL2l4zt5GwO7fH7OPw8c6HFCzGUl7ki4LE8HnDmxUok4z7Qm9uuJ3rGa1MjCJVxW6dU5cVdB6B7"")",https://cs2tokens.com/iem-cologne-2026/items/sticker-gizmy-cologne-2026,sticker-gizmy-cologne-2026,ok,,https://cs2tokens.com/iem-cologne-2026/items/sticker-gizmy-cologne-2026/q-data.json,Sticker | Gizmy | Cologne 2026,https://steamcommunity.com/market/listings/730/Sticker%20%7C%20Gizmy%20%7C%20Cologne%202026,1209,10826,5316,12,iem-cologne-2026,campaign_12,sticker,Autograph,Gizmy,Monte,rarity_rare
2026-06-04 00:38:18,20260604_003818,https://cs2tokens.com/browse?sort=price-asc,Paper,ad6c0dd954ff,Sticker | max | Cologne 2026,max,Cologne 2026,Player,Paper,9z Team,High Grade,#4b69ff,3,0.03,33,161,0.2,https://community.akamai.steamstatic.com/economy/image/i0CoZ81Ui0m-9KwlBY1L_18myuGuq1wfhWSaZgMttyVfPaERSR0Wqmu7LAocGJai0ki7VeTHjMmuOXSQ61MnpNWipUruRiL8n46u-XYDvKX3OvI0I6DGXWXBme915bg4GHmywB9352vWzd76dXLEaAV0WYwwG7BrUT36dA,"=IMAGE(""https://community.akamai.steamstatic.com/economy/image/i0CoZ81Ui0m-9KwlBY1L_18myuGuq1wfhWSaZgMttyVfPaERSR0Wqmu7LAocGJai0ki7VeTHjMmuOXSQ61MnpNWipUruRiL8n46u-XYDvKX3OvI0I6DGXWXBme915bg4GHmywB9352vWzd76dXLEaAV0WYwwG7BrUT36dA"")",https://cs2tokens.com/iem-cologne-2026/items/sticker-max-cologne-2026,sticker-max-cologne-2026,ok,,https://cs2tokens.com/iem-cologne-2026/items/sticker-max-cologne-2026/q-data.json,Sticker | max | Cologne 2026,https://steamcommunity.com/market/listings/730/Sticker%20%7C%20max%20%7C%20Cologne%202026,1209,10834,5316,12,iem-cologne-2026,campaign_12,sticker,Autograph,max,9z Team,rarity_rare
2026-06-04 00:38:18,20260604_003818,https://cs2tokens.com/browse?sort=price-asc,Paper,269e1dfc3edd,Sticker | meyern | Cologne 2026,meyern,Cologne 2026,Player,Paper,9z Team,High Grade,#4b69ff,3,0.03,34,161,0.2062,https://community.akamai.steamstatic.com/economy/image/i0CoZ81Ui0m-9KwlBY1L_18myuGuq1wfhWSaZgMttyVfPaERSR0Wqmu7LAocGJai0ki7VeTHjMmuOXSQ61MnpNWipUruRiL8m4_l7ywV6ff5a_07cajLXzTElbp34OI-HyrnwU114WnSmd-gIHufbg51W8d1RPlK7EdJXPlZgg,"=IMAGE(""https://community.akamai.steamstatic.com/economy/image/i0CoZ81Ui0m-9KwlBY1L_18myuGuq1wfhWSaZgMttyVfPaERSR0Wqmu7LAocGJai0ki7VeTHjMmuOXSQ61MnpNWipUruRiL8m4_l7ywV6ff5a_07cajLXzTElbp34OI-HyrnwU114WnSmd-gIHufbg51W8d1RPlK7EdJXPlZgg"")",https://cs2tokens.com/iem-cologne-2026/items/sticker-meyern-cologne-2026,sticker-meyern-cologne-2026,ok,,https://cs2tokens.com/iem-cologne-2026/items/sticker-meyern-cologne-2026/q-data.json,Sticker | meyern | Cologne 2026,https://steamcommunity.com/market/listings/730/Sticker%20%7C%20meyern%20%7C%20Cologne%202026,1209,10842,5316,12,iem-cologne-2026,campaign_12,sticker,Autograph,meyern,9z Team,rarity_rare
2026-06-04 00:38:18,20260604_003818,https://cs2tokens.com/browse?sort=price-asc,Paper,d32ebb85287f,Sticker | luchov | Cologne 2026,luchov,Cologne 2026,Player,Paper,9z Team,High Grade,#4b69ff,3,0.03,35,161,0.2125,https://community.akamai.steamstatic.com/economy/image/i0CoZ81Ui0m-9KwlBY1L_18myuGuq1wfhWSaZgMttyVfPaERSR0Wqmu7LAocGJai0ki7VeTHjMmuOXSQ61MnpNWipUruRiL9i5Xo8jQV6qf-bPc6d_bCWWPBmLsj5uc9F3jjw01-4TzQzNz6dn6VZlQiXJFwRPlK7EeZc_3inQ,"=IMAGE(""https://community.akamai.steamstatic.com/economy/image/i0CoZ81Ui0m-9KwlBY1L_18myuGuq1wfhWSaZgMttyVfPaERSR0Wqmu7LAocGJai0ki7VeTHjMmuOXSQ61MnpNWipUruRiL9i5Xo8jQV6qf-bPc6d_bCWWPBmLsj5uc9F3jjw01-4TzQzNz6dn6VZlQiXJFwRPlK7EeZc_3inQ"")",https://cs2tokens.com/iem-cologne-2026/items/sticker-luchov-cologne-2026,sticker-luchov-cologne-2026,ok,,https://cs2tokens.com/iem-cologne-2026/items/sticker-luchov-cologne-2026/q-data.json,Sticker | luchov | Cologne 2026,https://steamcommunity.com/market/listings/730/Sticker%20%7C%20luchov%20%7C%20Cologne%202026,1209,10846,5316,12,iem-cologne-2026,campaign_12,sticker,Autograph,luchov,9z Team,rarity_rare
2026-06-04 00:38:18,20260604_003818,https://cs2tokens.com/browse?sort=price-asc,Paper,c3c37c2f3e7d,Sticker | HUASOPEEK | Cologne 2026,HUASOPEEK,Cologne 2026,Player,Paper,9z Team,High Grade,#4b69ff,3,0.03,36,161,0.2188,https://community.akamai.steamstatic.com/economy/image/i0CoZ81Ui0m-9KwlBY1L_18myuGuq1wfhWSaZgMttyVfPaERSR0Wqmu7LAocGJai0ki7VeTHjMmuOXSQ61MnpNWipUruRiL5i5fz8jJe6vngafw9IvLLV2XClugu5LlsHCvmxEx-4GyDydigdymQO1QoW5cmR-YIsg74zIMvrWY1Qw,"=IMAGE(""https://community.akamai.steamstatic.com/economy/image/i0CoZ81Ui0m-9KwlBY1L_18myuGuq1wfhWSaZgMttyVfPaERSR0Wqmu7LAocGJai0ki7VeTHjMmuOXSQ61MnpNWipUruRiL5i5fz8jJe6vngafw9IvLLV2XClugu5LlsHCvmxEx-4GyDydigdymQO1QoW5cmR-YIsg74zIMvrWY1Qw"")",https://cs2tokens.com/iem-cologne-2026/items/sticker-huasopeek-cologne-2026,sticker-huasopeek-cologne-2026,ok,,https://cs2tokens.com/iem-cologne-2026/items/sticker-huasopeek-cologne-2026/q-data.json,Sticker | HUASOPEEK | Cologne 2026,https://steamcommunity.com/market/listings/730/Sticker%20%7C%20HUASOPEEK%20%7C%20Cologne%202026,1209,10850,5316,12,iem-cologne-2026,campaign_12,sticker,Autograph,HUASOPEEK,9z Team,rarity_rare
2026-06-04 00:38:18,20260604_003818,https://cs2tokens.com/browse?sort=price-asc,Paper,3a6f926123a0,Sticker | Tauson | Cologne 2026,Tauson,Cologne 2026,Player,Paper,GamerLegion,High Grade,#4b69ff,3,0.03,37,161,0.225,https://community.akamai.steamstatic.com/economy/image/i0CoZ81Ui0m-9KwlBY1L_18myuGuq1wfhWSaZgMttyVfPaERSR0Wqmu7LAocGJai0ki7VeTHjMmuOXSQ61MnpNWipUruRiLln4Pz8iwV7aarMaE4IaWXCj7FlOoksbM-F3u3xkQl4DmDy96hJHmQOwR0WJV5FvlK7EdYLqmrFQ,"=IMAGE(""https://community.akamai.steamstatic.com/economy/image/i0CoZ81Ui0m-9KwlBY1L_18myuGuq1wfhWSaZgMttyVfPaERSR0Wqmu7LAocGJai0ki7VeTHjMmuOXSQ61MnpNWipUruRiLln4Pz8iwV7aarMaE4IaWXCj7FlOoksbM-F3u3xkQl4DmDy96hJHmQOwR0WJV5FvlK7EdYLqmrFQ"")",https://cs2tokens.com/iem-cologne-2026/items/sticker-tauson-cologne-2026,sticker-tauson-cologne-2026,ok,,https://cs2tokens.com/iem-cologne-2026/items/sticker-tauson-cologne-2026/q-data.json,Sticker | Tauson | Cologne 2026,https://steamcommunity.com/market/listings/730/Sticker%20%7C%20Tauson%20%7C%20Cologne%202026,1209,10862,5316,12,iem-cologne-2026,campaign_12,sticker,Autograph,Tauson,GamerLegion,rarity_rare
2026-06-04 00:38:18,20260604_003818,https://cs2tokens.com/browse?sort=price-asc,Paper,308227f5506a,Sticker | PR | Cologne 2026,PR,Cologne 2026,Player,Paper,GamerLegion,High Grade,#4b69ff,3,0.03,38,161,0.2313,https://community.akamai.steamstatic.com/economy/image/i0CoZ81Ui0m-9KwlBY1L_18myuGuq1wfhWSaZgMttyVfPaERSR0Wqmu7LAocGJai0ki7VeTHjMmuOXSQ61MnpNWipUruRiLhjNi3_iYCu_P2PvBrdfbLXz-WmL8vtLM6Gy3hkUQlsmSDzdyreCiSZgAhFNIuEsLhyHds,"=IMAGE(""https://community.akamai.steamstatic.com/economy/image/i0CoZ81Ui0m-9KwlBY1L_18myuGuq1wfhWSaZgMttyVfPaERSR0Wqmu7LAocGJai0ki7VeTHjMmuOXSQ61MnpNWipUruRiLhjNi3_iYCu_P2PvBrdfbLXz-WmL8vtLM6Gy3hkUQlsmSDzdyreCiSZgAhFNIuEsLhyHds"")",https://cs2tokens.com/iem-cologne-2026/items/sticker-pr-cologne-2026,sticker-pr-cologne-2026,ok,,https://cs2tokens.com/iem-cologne-2026/items/sticker-pr-cologne-2026/q-data.json,Sticker | PR | Cologne 2026,https://steamcommunity.com/market/listings/730/Sticker%20%7C%20PR%20%7C%20Cologne%202026,1209,10866,5316,12,iem-cologne-2026,campaign_12,sticker,Autograph,PR,GamerLegion,rarity_rare
2026-06-04 00:38:18,20260604_003818,https://cs2tokens.com/browse?sort=price-asc,Paper,769b4e608aa6,Sticker | s1zzi | Cologne 2026,s1zzi,Cologne 2026,Player,Paper,B8,High Grade,#4b69ff,3,0.03,39,161,0.2375,https://community.akamai.steamstatic.com/economy/image/i0CoZ81Ui0m-9KwlBY1L_18myuGuq1wfhWSaZgMttyVfPaERSR0Wqmu7LAocGJai0ki7VeTHjMmuOXSQ61MnpNWipUruRiLiz4z69GwCt6b9PaI-cKLGDGXBlOtysuQ5HHvqzE8lsDvUm42pcC_Faw50Xsd5W6dU5bF6wTRY,"=IMAGE(""https://community.akamai.steamstatic.com/economy/image/i0CoZ81Ui0m-9KwlBY1L_18myuGuq1wfhWSaZgMttyVfPaERSR0Wqmu7LAocGJai0ki7VeTHjMmuOXSQ61MnpNWipUruRiLiz4z69GwCt6b9PaI-cKLGDGXBlOtysuQ5HHvqzE8lsDvUm42pcC_Faw50Xsd5W6dU5bF6wTRY"")",https://cs2tokens.com/iem-cologne-2026/items/sticker-s1zzi-cologne-2026,sticker-s1zzi-cologne-2026,ok,,https://cs2tokens.com/iem-cologne-2026/items/sticker-s1zzi-cologne-2026/q-data.json,Sticker | s1zzi | Cologne 2026,https://steamcommunity.com/market/listings/730/Sticker%20%7C%20s1zzi%20%7C%20Cologne%202026,1209,10874,5316,12,iem-cologne-2026,campaign_12,sticker,Autograph,s1zzi,B8,rarity_rare
2026-06-04 00:38:18,20260604_003818,https://cs2tokens.com/browse?sort=price-asc,Paper,08ef1eea6932,Sticker | npl | Cologne 2026,npl,Cologne 2026,Player,Paper,B8,High Grade,#4b69ff,3,0.03,40,161,0.2437,https://community.akamai.steamstatic.com/economy/image/i0CoZ81Ui0m-9KwlBY1L_18myuGuq1wfhWSaZgMttyVfPaERSR0Wqmu7LAocGJai0ki7VeTHjMmuOXSQ61MnpNWipUruRiL_jpqu-XJavaD4a_NodPKRX2PIkOsks-c8Fi_qxRty5D-EnN6tcCrBbFQpWIwwG7AAIHL7NA,"=IMAGE(""https://community.akamai.steamstatic.com/economy/image/i0CoZ81Ui0m-9KwlBY1L_18myuGuq1wfhWSaZgMttyVfPaERSR0Wqmu7LAocGJai0ki7VeTHjMmuOXSQ61MnpNWipUruRiL_jpqu-XJavaD4a_NodPKRX2PIkOsks-c8Fi_qxRty5D-EnN6tcCrBbFQpWIwwG7AAIHL7NA"")",https://cs2tokens.com/iem-cologne-2026/items/sticker-npl-cologne-2026,sticker-npl-cologne-2026,ok,,https://cs2tokens.com/iem-cologne-2026/items/sticker-npl-cologne-2026/q-data.json,Sticker | npl | Cologne 2026,https://steamcommunity.com/market/listings/730/Sticker%20%7C%20npl%20%7C%20Cologne%202026,1209,10878,5316,12,iem-cologne-2026,campaign_12,sticker,Autograph,npl,B8,rarity_rare
2026-06-04 00:38:18,20260604_003818,https://cs2tokens.com/browse?sort=price-asc,Paper,3ef136d5302c,Sticker | esenthial | Cologne 2026,esenthial,Cologne 2026,Player,Paper,B8,High Grade,#4b69ff,3,0.03,41,161,0.25,https://community.akamai.steamstatic.com/economy/image/i0CoZ81Ui0m-9KwlBY1L_18myuGuq1wfhWSaZgMttyVfPaERSR0Wqmu7LAocGJai0ki7VeTHjMmuOXSQ61MnpNWipUruRiL0jZPu6SpS7v7gPaI6JfWXDWbJlO9w4LYxGyu2l0Rwsj_dyNatci_Ca1cjWcAiRrQJ5g74zIOxPIem8Q,"=IMAGE(""https://community.akamai.steamstatic.com/economy/image/i0CoZ81Ui0m-9KwlBY1L_18myuGuq1wfhWSaZgMttyVfPaERSR0Wqmu7LAocGJai0ki7VeTHjMmuOXSQ61MnpNWipUruRiL0jZPu6SpS7v7gPaI6JfWXDWbJlO9w4LYxGyu2l0Rwsj_dyNatci_Ca1cjWcAiRrQJ5g74zIOxPIem8Q"")",https://cs2tokens.com/iem-cologne-2026/items/sticker-esenthial-cologne-2026,sticker-esenthial-cologne-2026,ok,,https://cs2tokens.com/iem-cologne-2026/items/sticker-esenthial-cologne-2026/q-data.json,Sticker | esenthial | Cologne 2026,https://steamcommunity.com/market/listings/730/Sticker%20%7C%20esenthial%20%7C%20Cologne%202026,1209,10882,5316,12,iem-cologne-2026,campaign_12,sticker,Autograph,esenthial,B8,rarity_rare
2026-06-04 00:38:18,20260604_003818,https://cs2tokens.com/browse?sort=price-asc,Paper,529b5c108881,Sticker | kensizor | Cologne 2026,kensizor,Cologne 2026,Player,Paper,B8,High Grade,#4b69ff,3,0.03,42,161,0.2562,https://community.akamai.steamstatic.com/economy/image/i0CoZ81Ui0m-9KwlBY1L_18myuGuq1wfhWSaZgMttyVfPaERSR0Wqmu7LAocGJai0ki7VeTHjMmuOXSQ61MnpNWipUruRiL6m5jz9DhU_bytPPBsIvLDX2WVxbl3suM9Gi2yl0lztWvQnor9I32WaQMiWZckQLVerFDmxXa6d4SV,"=IMAGE(""https://community.akamai.steamstatic.com/economy/image/i0CoZ81Ui0m-9KwlBY1L_18myuGuq1wfhWSaZgMttyVfPaERSR0Wqmu7LAocGJai0ki7VeTHjMmuOXSQ61MnpNWipUruRiL6m5jz9DhU_bytPPBsIvLDX2WVxbl3suM9Gi2yl0lztWvQnor9I32WaQMiWZckQLVerFDmxXa6d4SV"")",https://cs2tokens.com/iem-cologne-2026/items/sticker-kensizor-cologne-2026,sticker-kensizor-cologne-2026,ok,,https://cs2tokens.com/iem-cologne-2026/items/sticker-kensizor-cologne-2026/q-data.json,Sticker | kensizor | Cologne 2026,https://steamcommunity.com/market/listings/730/Sticker%20%7C%20kensizor%20%7C%20Cologne%202026,1209,10890,5316,12,iem-cologne-2026,campaign_12,sticker,Autograph,kensizor,B8,rarity_rare
2026-06-04 00:38:18,20260604_003818,https://cs2tokens.com/browse?sort=price-asc,Paper,c3db7f804237,Sticker | xfl0ud | Cologne 2026,xfl0ud,Cologne 2026,Player,Paper,HEROIC,High Grade,#4b69ff,3,0.03,43,161,0.2625,https://community.akamai.steamstatic.com/economy/image/i0CoZ81Ui0m-9KwlBY1L_18myuGuq1wfhWSaZgMttyVfPaERSR0Wqmu7LAocGJai0ki7VeTHjMmuOXSQ61MnpNWipUruRiLpmJqw6CYVuvb_PvNvcqmXDTDIlbsutrE7Gyuwl0x35jzUw92qdHPGbg91XJNwF_lK7EdJh_4BMQ,"=IMAGE(""https://community.akamai.steamstatic.com/economy/image/i0CoZ81Ui0m-9KwlBY1L_18myuGuq1wfhWSaZgMttyVfPaERSR0Wqmu7LAocGJai0ki7VeTHjMmuOXSQ61MnpNWipUruRiLpmJqw6CYVuvb_PvNvcqmXDTDIlbsutrE7Gyuwl0x35jzUw92qdHPGbg91XJNwF_lK7EdJh_4BMQ"")",https://cs2tokens.com/iem-cologne-2026/items/sticker-xfl0ud-cologne-2026,sticker-xfl0ud-cologne-2026,ok,,https://cs2tokens.com/iem-cologne-2026/items/sticker-xfl0ud-cologne-2026/q-data.json,Sticker | xfl0ud | Cologne 2026,https://steamcommunity.com/market/listings/730/Sticker%20%7C%20xfl0ud%20%7C%20Cologne%202026,1209,10894,5316,12,iem-cologne-2026,campaign_12,sticker,Autograph,xfl0ud,HEROIC,rarity_rare
2026-06-04 00:38:18,20260604_003818,https://cs2tokens.com/browse?sort=price-asc,Paper,28b7bfa85acd,Sticker | susp | Cologne 2026,susp,Cologne 2026,Player,Paper,HEROIC,High Grade,#4b69ff,3,0.03,44,161,0.2687,https://community.akamai.steamstatic.com/economy/image/i0CoZ81Ui0m-9KwlBY1L_18myuGuq1wfhWSaZgMttyVfPaERSR0Wqmu7LAocGJai0ki7VeTHjMmuOXSQ61MnpNWipUruRiLii4Xws3AKvvf4bvA0d_XKXzLHkr114rdvF33rwEx1sDmHmd_6J3qTa1AhX5ZuBbldXICh9wI,"=IMAGE(""https://community.akamai.steamstatic.com/economy/image/i0CoZ81Ui0m-9KwlBY1L_18myuGuq1wfhWSaZgMttyVfPaERSR0Wqmu7LAocGJai0ki7VeTHjMmuOXSQ61MnpNWipUruRiLii4Xws3AKvvf4bvA0d_XKXzLHkr114rdvF33rwEx1sDmHmd_6J3qTa1AhX5ZuBbldXICh9wI"")",https://cs2tokens.com/iem-cologne-2026/items/sticker-susp-cologne-2026,sticker-susp-cologne-2026,ok,,https://cs2tokens.com/iem-cologne-2026/items/sticker-susp-cologne-2026/q-data.json,Sticker | susp | Cologne 2026,https://steamcommunity.com/market/listings/730/Sticker%20%7C%20susp%20%7C%20Cologne%202026,1209,10902,5316,12,iem-cologne-2026,campaign_12,sticker,Autograph,susp,HEROIC,rarity_rare
2026-06-04 00:38:18,20260604_003818,https://cs2tokens.com/browse?sort=price-asc,Paper,a87afad6ca47,Sticker | yxngstxr | Cologne 2026,yxngstxr,Cologne 2026,Player,Paper,HEROIC,High Grade,#4b69ff,3,0.03,45,161,0.275,https://community.akamai.steamstatic.com/economy/image/i0CoZ81Ui0m-9KwlBY1L_18myuGuq1wfhWSaZgMttyVfPaERSR0Wqmu7LAocGJai0ki7VeTHjMmuOXSQ61MnpNWipUruRiLohpjn7jZD_bz8OvJpIafBV2KRkrZ1suBvSyziw0ki4jyDytv6J3nCZwMiDZZ2TbMJrFDmxTfWLfS3,"=IMAGE(""https://community.akamai.steamstatic.com/economy/image/i0CoZ81Ui0m-9KwlBY1L_18myuGuq1wfhWSaZgMttyVfPaERSR0Wqmu7LAocGJai0ki7VeTHjMmuOXSQ61MnpNWipUruRiLohpjn7jZD_bz8OvJpIafBV2KRkrZ1suBvSyziw0ki4jyDytv6J3nCZwMiDZZ2TbMJrFDmxTfWLfS3"")",https://cs2tokens.com/iem-cologne-2026/items/sticker-yxngstxr-cologne-2026,sticker-yxngstxr-cologne-2026,ok,,https://cs2tokens.com/iem-cologne-2026/items/sticker-yxngstxr-cologne-2026/q-data.json,Sticker | yxngstxr | Cologne 2026,https://steamcommunity.com/market/listings/730/Sticker%20%7C%20yxngstxr%20%7C%20Cologne%202026,1209,10910,5316,12,iem-cologne-2026,campaign_12,sticker,Autograph,yxngstxr,HEROIC,rarity_rare
2026-06-04 00:38:18,20260604_003818,https://cs2tokens.com/browse?sort=price-asc,Paper,818e22b85118,Sticker | Magnojez | Cologne 2026,Magnojez,Cologne 2026,Player,Paper,BetBoom,High Grade,#4b69ff,3,0.03,46,161,0.2812,https://community.akamai.steamstatic.com/economy/image/i0CoZ81Ui0m-9KwlBY1L_18myuGuq1wfhWSaZgMttyVfPaERSR0Wqmu7LAocGJai0ki7VeTHjMmuOXSQ61MnpNWipUruRiL8n5Hu8ihe9bz3P6Y8IqOVWzbBlb93tLQ_Fyjhxxx_sDuEw96sIiiSZgEoCMF5QOQMrFDmxWrw58dt,"=IMAGE(""https://community.akamai.steamstatic.com/economy/image/i0CoZ81Ui0m-9KwlBY1L_18myuGuq1wfhWSaZgMttyVfPaERSR0Wqmu7LAocGJai0ki7VeTHjMmuOXSQ61MnpNWipUruRiL8n5Hu8ihe9bz3P6Y8IqOVWzbBlb93tLQ_Fyjhxxx_sDuEw96sIiiSZgEoCMF5QOQMrFDmxWrw58dt"")",https://cs2tokens.com/iem-cologne-2026/items/sticker-magnojez-cologne-2026,sticker-magnojez-cologne-2026,ok,,https://cs2tokens.com/iem-cologne-2026/items/sticker-magnojez-cologne-2026/q-data.json,Sticker | Magnojez | Cologne 2026,https://steamcommunity.com/market/listings/730/Sticker%20%7C%20Magnojez%20%7C%20Cologne%202026,1209,10930,5316,12,iem-cologne-2026,campaign_12,sticker,Autograph,Magnojez,BetBoom,rarity_rare
2026-06-04 00:38:18,20260604_003818,https://cs2tokens.com/browse?sort=price-asc,Paper,7db933adfbeb,Sticker | faveN | Cologne 2026,faveN,Cologne 2026,Player,Paper,BIG,High Grade,#4b69ff,3,0.03,47,161,0.2875,https://community.akamai.steamstatic.com/economy/image/i0CoZ81Ui0m-9KwlBY1L_18myuGuq1wfhWSaZgMttyVfPaERSR0Wqmu7LAocGJai0ki7VeTHjMmuOXSQ61MnpNWipUruRiL3n4Dl82xet6Wtavc_I6fBXGHGkugnsbdqTnjrwRxx5Tzcw4yhdH3GbAV0XsZ3W6dU5adRXNWG,"=IMAGE(""https://community.akamai.steamstatic.com/economy/image/i0CoZ81Ui0m-9KwlBY1L_18myuGuq1wfhWSaZgMttyVfPaERSR0Wqmu7LAocGJai0ki7VeTHjMmuOXSQ61MnpNWipUruRiL3n4Dl82xet6Wtavc_I6fBXGHGkugnsbdqTnjrwRxx5Tzcw4yhdH3GbAV0XsZ3W6dU5adRXNWG"")",https://cs2tokens.com/iem-cologne-2026/items/sticker-faven-cologne-2026,sticker-faven-cologne-2026,ok,,https://cs2tokens.com/iem-cologne-2026/items/sticker-faven-cologne-2026/q-data.json,Sticker | faveN | Cologne 2026,https://steamcommunity.com/market/listings/730/Sticker%20%7C%20faveN%20%7C%20Cologne%202026,1209,10942,5316,12,iem-cologne-2026,campaign_12,sticker,Autograph,faveN,BIG,rarity_rare
2026-06-04 00:38:18,20260604_003818,https://cs2tokens.com/browse?sort=price-asc,Paper,750f633fb164,Sticker | blameF | Cologne 2026,blameF,Cologne 2026,Player,Paper,BIG,High Grade,#4b69ff,3,0.03,48,161,0.2938,https://community.akamai.steamstatic.com/economy/image/i0CoZ81Ui0m-9KwlBY1L_18myuGuq1wfhWSaZgMttyVfPaERSR0Wqmu7LAocGJai0ki7VeTHjMmuOXSQ61MnpNWipUruRiLzkpft-CQVu6f4bqY9JaeRCmXEl-tz5bFvHirqxx5y623Rw9ipdHKVOAUgCZcjQflK7EdBT-iXxg,"=IMAGE(""https://community.akamai.steamstatic.com/economy/image/i0CoZ81Ui0m-9KwlBY1L_18myuGuq1wfhWSaZgMttyVfPaERSR0Wqmu7LAocGJai0ki7VeTHjMmuOXSQ61MnpNWipUruRiLzkpft-CQVu6f4bqY9JaeRCmXEl-tz5bFvHirqxx5y623Rw9ipdHKVOAUgCZcjQflK7EdBT-iXxg"")",https://cs2tokens.com/iem-cologne-2026/items/sticker-blamef-cologne-2026,sticker-blamef-cologne-2026,ok,,https://cs2tokens.com/iem-cologne-2026/items/sticker-blamef-cologne-2026/q-data.json,Sticker | blameF | Cologne 2026,https://steamcommunity.com/market/listings/730/Sticker%20%7C%20blameF%20%7C%20Cologne%202026,1209,10946,5316,12,iem-cologne-2026,campaign_12,sticker,Autograph,blameF,BIG,rarity_rare
2026-06-04 00:38:18,20260604_003818,https://cs2tokens.com/browse?sort=price-asc,Paper,3af53a69446c,Sticker | Lake | Cologne 2026,Lake,Cologne 2026,Player,Paper,M80,High Grade,#4b69ff,3,0.03,49,161,0.3,https://community.akamai.steamstatic.com/economy/image/i0CoZ81Ui0m-9KwlBY1L_18myuGuq1wfhWSaZgMttyVfPaERSR0Wqmu7LAocGJai0ki7VeTHjMmuOXSQ61MnpNWipUruRiL9n53lsyYDuKutPadoIfKRDT_FmL4j6bgwTXDhkE904TnQn9b6cHiSbVMnDcNuBbldlWl9XIM,"=IMAGE(""https://community.akamai.steamstatic.com/economy/image/i0CoZ81Ui0m-9KwlBY1L_18myuGuq1wfhWSaZgMttyVfPaERSR0Wqmu7LAocGJai0ki7VeTHjMmuOXSQ61MnpNWipUruRiL9n53lsyYDuKutPadoIfKRDT_FmL4j6bgwTXDhkE904TnQn9b6cHiSbVMnDcNuBbldlWl9XIM"")",https://cs2tokens.com/iem-cologne-2026/items/sticker-lake-cologne-2026,sticker-lake-cologne-2026,ok,,https://cs2tokens.com/iem-cologne-2026/items/sticker-lake-cologne-2026/q-data.json,Sticker | Lake | Cologne 2026,https://steamcommunity.com/market/listings/730/Sticker%20%7C%20Lake%20%7C%20Cologne%202026,1209,10958,5316,12,iem-cologne-2026,campaign_12,sticker,Autograph,Lake,M80,rarity_rare
2026-06-04 00:38:18,20260604_003818,https://cs2tokens.com/browse?sort=price-asc,Paper,87dad88cc097,Sticker | insani | Cologne 2026,insani,Cologne 2026,Player,Paper,MIBR,High Grade,#4b69ff,3,0.03,50,161,0.3063,https://community.akamai.steamstatic.com/economy/image/i0CoZ81Ui0m-9KwlBY1L_18myuGuq1wfhWSaZgMttyVfPaERSR0Wqmu7LAocGJai0ki7VeTHjMmuOXSQ61MnpNWipUruRiL4kIXh8ysVvfCvPfQ1JKTGCzKWlLd3trBqH3nnk0wl5miBz4z7eC3GbwYpDpYmEPlK7EellCHR6w,"=IMAGE(""https://community.akamai.steamstatic.com/economy/image/i0CoZ81Ui0m-9KwlBY1L_18myuGuq1wfhWSaZgMttyVfPaERSR0Wqmu7LAocGJai0ki7VeTHjMmuOXSQ61MnpNWipUruRiL4kIXh8ysVvfCvPfQ1JKTGCzKWlLd3trBqH3nnk0wl5miBz4z7eC3GbwYpDpYmEPlK7EellCHR6w"")",https://cs2tokens.com/iem-cologne-2026/items/sticker-insani-cologne-2026,sticker-insani-cologne-2026,ok,,https://cs2tokens.com/iem-cologne-2026/items/sticker-insani-cologne-2026/q-data.json,Sticker | insani | Cologne 2026,https://steamcommunity.com/market/listings/730/Sticker%20%7C%20insani%20%7C%20Cologne%202026,1209,10978,5316,12,iem-cologne-2026,campaign_12,sticker,Autograph,insani,MIBR,rarity_rare
2026-06-04 00:38:18,20260604_003818,https://cs2tokens.com/browse?sort=price-asc,Paper,7b92f912fb66,Sticker | venomzera | Cologne 2026,venomzera,Cologne 2026,Player,Paper,MIBR,High Grade,#4b69ff,3,0.03,51,161,0.3125,https://community.akamai.steamstatic.com/economy/image/i0CoZ81Ui0m-9KwlBY1L_18myuGuq1wfhWSaZgMttyVfPaERSR0Wqmu7LAocGJai0ki7VeTHjMmuOXSQ61MnpNWipUruRiLnm5jv8Dhe_fPgbPFsIqSQDz6Tkrkk5-I8H3G3xU5x5m_Tydz6c3KTOFQlXJtzROBeuw74zINfqW0img,"=IMAGE(""https://community.akamai.steamstatic.com/economy/image/i0CoZ81Ui0m-9KwlBY1L_18myuGuq1wfhWSaZgMttyVfPaERSR0Wqmu7LAocGJai0ki7VeTHjMmuOXSQ61MnpNWipUruRiLnm5jv8Dhe_fPgbPFsIqSQDz6Tkrkk5-I8H3G3xU5x5m_Tydz6c3KTOFQlXJtzROBeuw74zINfqW0img"")",https://cs2tokens.com/iem-cologne-2026/items/sticker-venomzera-cologne-2026,sticker-venomzera-cologne-2026,ok,,https://cs2tokens.com/iem-cologne-2026/items/sticker-venomzera-cologne-2026/q-data.json,Sticker | venomzera | Cologne 2026,https://steamcommunity.com/market/listings/730/Sticker%20%7C%20venomzera%20%7C%20Cologne%202026,1209,10986,5316,12,iem-cologne-2026,campaign_12,sticker,Autograph,venomzera,MIBR,rarity_rare
2026-06-04 00:38:18,20260604_003818,https://cs2tokens.com/browse?sort=price-asc,Paper,5b680aad9fe8,Sticker | kl1m | Cologne 2026,kl1m,Cologne 2026,Player,Paper,MIBR,High Grade,#4b69ff,3,0.03,52,161,0.3187,https://community.akamai.steamstatic.com/economy/image/i0CoZ81Ui0m-9KwlBY1L_18myuGuq1wfhWSaZgMttyVfPaERSR0Wqmu7LAocGJai0ki7VeTHjMmuOXSQ61MnpNWipUruRiL6ksfts3cL6quvMfE1eaSRWj6VwLoutuBrHX3lkEV-t2TWw9mhJCqVP1AoWJpuBbldVEnW5hs,"=IMAGE(""https://community.akamai.steamstatic.com/economy/image/i0CoZ81Ui0m-9KwlBY1L_18myuGuq1wfhWSaZgMttyVfPaERSR0Wqmu7LAocGJai0ki7VeTHjMmuOXSQ61MnpNWipUruRiL6ksfts3cL6quvMfE1eaSRWj6VwLoutuBrHX3lkEV-t2TWw9mhJCqVP1AoWJpuBbldVEnW5hs"")",https://cs2tokens.com/iem-cologne-2026/items/sticker-kl1m-cologne-2026,sticker-kl1m-cologne-2026,ok,,https://cs2tokens.com/iem-cologne-2026/items/sticker-kl1m-cologne-2026/q-data.json,Sticker | kl1m | Cologne 2026,https://steamcommunity.com/market/listings/730/Sticker%20%7C%20kl1m%20%7C%20Cologne%202026,1209,10990,5316,12,iem-cologne-2026,campaign_12,sticker,Autograph,kl1m,MIBR,rarity_rare
2026-06-04 00:38:18,20260604_003818,https://cs2tokens.com/browse?sort=price-asc,Paper,c4d015f54c11,Sticker | beastik | Cologne 2026,beastik,Cologne 2026,Player,Paper,,High Grade,#4b69ff,3,0.03,53,161,0.325,https://community.akamai.steamstatic.com/economy/image/i0CoZ81Ui0m-9KwlBY1L_18myuGuq1wfhWSaZgMttyVfPaERSR0Wqmu7LAocGJai0ki7VeTHjMmuOXSQ61MnpNWipUruRiLzm5fz6StQoaKtP_M9I6nED2SWkbxw5uA6GHDlx0si4DyAmd2oJX6TbVAoApdyF-AU8k7vVjFInmo,"=IMAGE(""https://community.akamai.steamstatic.com/economy/image/i0CoZ81Ui0m-9KwlBY1L_18myuGuq1wfhWSaZgMttyVfPaERSR0Wqmu7LAocGJai0ki7VeTHjMmuOXSQ61MnpNWipUruRiLzm5fz6StQoaKtP_M9I6nED2SWkbxw5uA6GHDlx0si4DyAmd2oJX6TbVAoApdyF-AU8k7vVjFInmo"")",https://cs2tokens.com/iem-cologne-2026/items/sticker-beastik-cologne-2026,sticker-beastik-cologne-2026,ok,,https://cs2tokens.com/iem-cologne-2026/items/sticker-beastik-cologne-2026/q-data.json,Sticker | beastik | Cologne 2026,https://steamcommunity.com/market/listings/730/Sticker%20%7C%20beastik%20%7C%20Cologne%202026,1209,10994,5316,12,iem-cologne-2026,campaign_12,sticker,Autograph,beastik,,rarity_rare
2026-06-04 00:38:18,20260604_003818,https://cs2tokens.com/browse?sort=price-asc,Paper,ce3e4bcc3e01,Sticker | SHOCK | Cologne 2026,SHOCK,Cologne 2026,Player,Paper,,High Grade,#4b69ff,3,0.03,54,161,0.3312,https://community.akamai.steamstatic.com/economy/image/i0CoZ81Ui0m-9KwlBY1L_18myuGuq1wfhWSaZgMttyVfPaERSR0Wqmu7LAocGJai0ki7VeTHjMmuOXSQ61MnpNWipUruRiLilpnj9mwN7KCvOfU8IfKQDDDJmbck5LNqHn_qwk5_sD6Emd-geCmebg4pCMMiW6dU5WG2Xjh6,"=IMAGE(""https://community.akamai.steamstatic.com/economy/image/i0CoZ81Ui0m-9KwlBY1L_18myuGuq1wfhWSaZgMttyVfPaERSR0Wqmu7LAocGJai0ki7VeTHjMmuOXSQ61MnpNWipUruRiLilpnj9mwN7KCvOfU8IfKQDDDJmbck5LNqHn_qwk5_sD6Emd-geCmebg4pCMMiW6dU5WG2Xjh6"")",https://cs2tokens.com/iem-cologne-2026/items/sticker-shock-cologne-2026,sticker-shock-cologne-2026,ok,,https://cs2tokens.com/iem-cologne-2026/items/sticker-shock-cologne-2026/q-data.json,Sticker | SHOCK | Cologne 2026,https://steamcommunity.com/market/listings/730/Sticker%20%7C%20SHOCK%20%7C%20Cologne%202026,1209,10998,5316,12,iem-cologne-2026,campaign_12,sticker,Autograph,SHOCK,,rarity_rare
2026-06-04 00:38:18,20260604_003818,https://cs2tokens.com/browse?sort=price-asc,Paper,af6632e2e9b1,Sticker | MoDo | Cologne 2026,MoDo,Cologne 2026,Player,Paper,,High Grade,#4b69ff,3,0.03,55,161,0.3375,https://community.akamai.steamstatic.com/economy/image/i0CoZ81Ui0m-9KwlBY1L_18myuGuq1wfhWSaZgMttyVfPaERSR0Wqmu7LAocGJai0ki7VeTHjMmuOXSQ61MnpNWipUruRiL8kZLvs3peuqT5OaI6JfXLCzPFxO1y5rc4HHrrlx90tm-DzoutcXORalckCcFuBbld9hFszyY,"=IMAGE(""https://community.akamai.steamstatic.com/economy/image/i0CoZ81Ui0m-9KwlBY1L_18myuGuq1wfhWSaZgMttyVfPaERSR0Wqmu7LAocGJai0ki7VeTHjMmuOXSQ61MnpNWipUruRiL8kZLvs3peuqT5OaI6JfXLCzPFxO1y5rc4HHrrlx90tm-DzoutcXORalckCcFuBbld9hFszyY"")",https://cs2tokens.com/iem-cologne-2026/items/sticker-modo-cologne-2026,sticker-modo-cologne-2026,ok,,https://cs2tokens.com/iem-cologne-2026/items/sticker-modo-cologne-2026/q-data.json,Sticker | MoDo | Cologne 2026,https://steamcommunity.com/market/listings/730/Sticker%20%7C%20MoDo%20%7C%20Cologne%202026,1209,11002,5316,12,iem-cologne-2026,campaign_12,sticker,Autograph,MoDo,,rarity_rare
2026-06-04 00:38:18,20260604_003818,https://cs2tokens.com/browse?sort=price-asc,Paper,79cd43bd2e40,Sticker | kisserek | Cologne 2026,kisserek,Cologne 2026,Player,Paper,,High Grade,#4b69ff,3,0.03,56,161,0.3438,https://community.akamai.steamstatic.com/economy/image/i0CoZ81Ui0m-9KwlBY1L_18myuGuq1wfhWSaZgMttyVfPaERSR0Wqmu7LAocGJai0ki7VeTHjMmuOXSQ61MnpNWipUruRiL6l4Xz-DBe5Lz6OKE4I6WSDWSWmLYhtuJsSn_nk09x4zmAyI79J3PDOwF2WZd0FOIKrFDmxZkmx4Cr,"=IMAGE(""https://community.akamai.steamstatic.com/economy/image/i0CoZ81Ui0m-9KwlBY1L_18myuGuq1wfhWSaZgMttyVfPaERSR0Wqmu7LAocGJai0ki7VeTHjMmuOXSQ61MnpNWipUruRiL6l4Xz-DBe5Lz6OKE4I6WSDWSWmLYhtuJsSn_nk09x4zmAyI79J3PDOwF2WZd0FOIKrFDmxZkmx4Cr"")",https://cs2tokens.com/iem-cologne-2026/items/sticker-kisserek-cologne-2026,sticker-kisserek-cologne-2026,ok,,https://cs2tokens.com/iem-cologne-2026/items/sticker-kisserek-cologne-2026/q-data.json,Sticker | kisserek | Cologne 2026,https://steamcommunity.com/market/listings/730/Sticker%20%7C%20kisserek%20%7C%20Cologne%202026,1209,11006,5316,12,iem-cologne-2026,campaign_12,sticker,Autograph,kisserek,,rarity_rare
2026-06-04 00:38:18,20260604_003818,https://cs2tokens.com/browse?sort=price-asc,Paper,bdbefe088fab,Sticker | stressarN | Cologne 2026,stressarN,Cologne 2026,Player,Paper,,High Grade,#4b69ff,3,0.03,57,161,0.35,https://community.akamai.steamstatic.com/economy/image/i0CoZ81Ui0m-9KwlBY1L_18myuGuq1wfhWSaZgMttyVfPaERSR0Wqmu7LAocGJai0ki7VeTHjMmuOXSQ61MnpNWipUruRiLiioTl7jFa_fzgOaI4eKPBWWbJwr4i5OM_Sirnxxt0sWrSz9v8JyiVbwUlXMFzELNZ5A74zIMtObu6Pg,"=IMAGE(""https://community.akamai.steamstatic.com/economy/image/i0CoZ81Ui0m-9KwlBY1L_18myuGuq1wfhWSaZgMttyVfPaERSR0Wqmu7LAocGJai0ki7VeTHjMmuOXSQ61MnpNWipUruRiLiioTl7jFa_fzgOaI4eKPBWWbJwr4i5OM_Sirnxxt0sWrSz9v8JyiVbwUlXMFzELNZ5A74zIMtObu6Pg"")",https://cs2tokens.com/iem-cologne-2026/items/sticker-stressarn-cologne-2026,sticker-stressarn-cologne-2026,ok,,https://cs2tokens.com/iem-cologne-2026/items/sticker-stressarn-cologne-2026/q-data.json,Sticker | stressarN | Cologne 2026,https://steamcommunity.com/market/listings/730/Sticker%20%7C%20stressarN%20%7C%20Cologne%202026,1209,11010,5316,12,iem-cologne-2026,campaign_12,sticker,Autograph,stressarN,,rarity_rare
2026-06-04 00:38:18,20260604_003818,https://cs2tokens.com/browse?sort=price-asc,Paper,b45499c6e31a,Sticker | Grim | Cologne 2026,Grim,Cologne 2026,Player,Paper,NRG,High Grade,#4b69ff,3,0.03,58,161,0.3563,https://community.akamai.steamstatic.com/economy/image/i0CoZ81Ui0m-9KwlBY1L_18myuGuq1wfhWSaZgMttyVfPaERSR0Wqmu7LAocGJai0ki7VeTHjMmuOXSQ61MnpNWipUruRiL2jJ_ts3oD6qb5bPY4JaTBD2KRlu9y5LY_Firmwhgj62uGnNivcnrBZgEpWMduBbldi2bWAJQ,"=IMAGE(""https://community.akamai.steamstatic.com/economy/image/i0CoZ81Ui0m-9KwlBY1L_18myuGuq1wfhWSaZgMttyVfPaERSR0Wqmu7LAocGJai0ki7VeTHjMmuOXSQ61MnpNWipUruRiL2jJ_ts3oD6qb5bPY4JaTBD2KRlu9y5LY_Firmwhgj62uGnNivcnrBZgEpWMduBbldi2bWAJQ"")",https://cs2tokens.com/iem-cologne-2026/items/sticker-grim-cologne-2026,sticker-grim-cologne-2026,ok,,https://cs2tokens.com/iem-cologne-2026/items/sticker-grim-cologne-2026/q-data.json,Sticker | Grim | Cologne 2026,https://steamcommunity.com/market/listings/730/Sticker%20%7C%20Grim%20%7C%20Cologne%202026,1209,11014,5316,12,iem-cologne-2026,campaign_12,sticker,Autograph,Grim,NRG,rarity_rare
2026-06-04 00:38:18,20260604_003818,https://cs2tokens.com/browse?sort=price-asc,Paper,8a7ad1d772a0,Sticker | br0 | Cologne 2026,br0,Cologne 2026,Player,Paper,NRG,High Grade,#4b69ff,3,0.03,59,161,0.3625,https://community.akamai.steamstatic.com/economy/image/i0CoZ81Ui0m-9KwlBY1L_18myuGuq1wfhWSaZgMttyVfPaERSR0Wqmu7LAocGJai0ki7VeTHjMmuOXSQ61MnpNWipUruRiLzjMau_CZZ7aH2a6A0IanDXjGTw7kk5eU_TSiwlx50sWzVztyqIiqTOg4kXowwG7Cde2oCVw,"=IMAGE(""https://community.akamai.steamstatic.com/economy/image/i0CoZ81Ui0m-9KwlBY1L_18myuGuq1wfhWSaZgMttyVfPaERSR0Wqmu7LAocGJai0ki7VeTHjMmuOXSQ61MnpNWipUruRiLzjMau_CZZ7aH2a6A0IanDXjGTw7kk5eU_TSiwlx50sWzVztyqIiqTOg4kXowwG7Cde2oCVw"")",https://cs2tokens.com/iem-cologne-2026/items/sticker-br0-cologne-2026,sticker-br0-cologne-2026,ok,,https://cs2tokens.com/iem-cologne-2026/items/sticker-br0-cologne-2026/q-data.json,Sticker | br0 | Cologne 2026,https://steamcommunity.com/market/listings/730/Sticker%20%7C%20br0%20%7C%20Cologne%202026,1209,11018,5316,12,iem-cologne-2026,campaign_12,sticker,Autograph,br0,NRG,rarity_rare
2026-06-04 00:38:18,20260604_003818,https://cs2tokens.com/browse?sort=price-asc,Paper,c1197015a3f4,Sticker | oSee | Cologne 2026,oSee,Cologne 2026,Player,Paper,NRG,High Grade,#4b69ff,3,0.03,60,161,0.3688,https://community.akamai.steamstatic.com/economy/image/i0CoZ81Ui0m-9KwlBY1L_18myuGuq1wfhWSaZgMttyVfPaERSR0Wqmu7LAocGJai0ki7VeTHjMmuOXSQ61MnpNWipUruRiL-jZPlsydYuPSvP6U0I6WVDzbAlO9z5eM8F3HgzEok5WiGz4yrciifbFQiXJFuBbld9w_NRgM,"=IMAGE(""https://community.akamai.steamstatic.com/economy/image/i0CoZ81Ui0m-9KwlBY1L_18myuGuq1wfhWSaZgMttyVfPaERSR0Wqmu7LAocGJai0ki7VeTHjMmuOXSQ61MnpNWipUruRiL-jZPlsydYuPSvP6U0I6WVDzbAlO9z5eM8F3HgzEok5WiGz4yrciifbFQiXJFuBbld9w_NRgM"")",https://cs2tokens.com/iem-cologne-2026/items/sticker-osee-cologne-2026,sticker-osee-cologne-2026,ok,,https://cs2tokens.com/iem-cologne-2026/items/sticker-osee-cologne-2026/q-data.json,Sticker | oSee | Cologne 2026,https://steamcommunity.com/market/listings/730/Sticker%20%7C%20oSee%20%7C%20Cologne%202026,1209,11022,5316,12,iem-cologne-2026,campaign_12,sticker,Autograph,oSee,NRG,rarity_rare
2026-06-04 00:38:18,20260604_003818,https://cs2tokens.com/browse?sort=price-asc,Paper,718f8b178507,Sticker | nitr0 | Cologne 2026,nitr0,Cologne 2026,Player,Paper,NRG,High Grade,#4b69ff,3,0.03,61,161,0.375,https://community.akamai.steamstatic.com/economy/image/i0CoZ81Ui0m-9KwlBY1L_18myuGuq1wfhWSaZgMttyVfPaERSR0Wqmu7LAocGJai0ki7VeTHjMmuOXSQ61MnpNWipUruRiL_l4Ly8mxYu_T7OPFsI6WSXDDCke8u6LRsGnrllEpz6mzdyNmsdirDawUkXsBxW6dU5ZxOKk2R,"=IMAGE(""https://community.akamai.steamstatic.com/economy/image/i0CoZ81Ui0m-9KwlBY1L_18myuGuq1wfhWSaZgMttyVfPaERSR0Wqmu7LAocGJai0ki7VeTHjMmuOXSQ61MnpNWipUruRiL_l4Ly8mxYu_T7OPFsI6WSXDDCke8u6LRsGnrllEpz6mzdyNmsdirDawUkXsBxW6dU5ZxOKk2R"")",https://cs2tokens.com/iem-cologne-2026/items/sticker-nitr0-cologne-2026,sticker-nitr0-cologne-2026,ok,,https://cs2tokens.com/iem-cologne-2026/items/sticker-nitr0-cologne-2026/q-data.json,Sticker | nitr0 | Cologne 2026,https://steamcommunity.com/market/listings/730/Sticker%20%7C%20nitr0%20%7C%20Cologne%202026,1209,11030,5316,12,iem-cologne-2026,campaign_12,sticker,Autograph,nitr0,NRG,rarity_rare
2026-06-04 00:38:18,20260604_003818,https://cs2tokens.com/browse?sort=price-asc,Paper,74bbd0ff0c75,Sticker | gafolo | Cologne 2026,gafolo,Cologne 2026,Player,Paper,Sharks Esports,High Grade,#4b69ff,3,0.03,62,161,0.3812,https://community.akamai.steamstatic.com/economy/image/i0CoZ81Ui0m-9KwlBY1L_18myuGuq1wfhWSaZgMttyVfPaERSR0Wqmu7LAocGJai0ki7VeTHjMmuOXSQ61MnpNWipUruRiL2n5Dv8S0VuaKoOqFrdfLACzDCkrwksrQ9Gn_lwkR_5WrSntyseXyXalcnDJpzE_lK7EedCc65vQ,"=IMAGE(""https://community.akamai.steamstatic.com/economy/image/i0CoZ81Ui0m-9KwlBY1L_18myuGuq1wfhWSaZgMttyVfPaERSR0Wqmu7LAocGJai0ki7VeTHjMmuOXSQ61MnpNWipUruRiL2n5Dv8S0VuaKoOqFrdfLACzDCkrwksrQ9Gn_lwkR_5WrSntyseXyXalcnDJpzE_lK7EedCc65vQ"")",https://cs2tokens.com/iem-cologne-2026/items/sticker-gafolo-cologne-2026,sticker-gafolo-cologne-2026,ok,,https://cs2tokens.com/iem-cologne-2026/items/sticker-gafolo-cologne-2026/q-data.json,Sticker | gafolo | Cologne 2026,https://steamcommunity.com/market/listings/730/Sticker%20%7C%20gafolo%20%7C%20Cologne%202026,1209,11054,5316,12,iem-cologne-2026,campaign_12,sticker,Autograph,gafolo,Sharks Esports,rarity_rare
2026-06-04 00:38:18,20260604_003818,https://cs2tokens.com/browse?sort=price-asc,Paper,ad5be51dea50,Sticker | maxxkor | Cologne 2026,maxxkor,Cologne 2026,Player,Paper,Sharks Esports,High Grade,#4b69ff,3,0.03,63,161,0.3875,https://community.akamai.steamstatic.com/economy/image/i0CoZ81Ui0m-9KwlBY1L_18myuGuq1wfhWSaZgMttyVfPaERSR0Wqmu7LAocGJai0ki7VeTHjMmuOXSQ61MnpNWipUruRiL8n4749i1Joav9bvA4JaWSCD7JxLki47RvGHy1x0l2t26GmYyqeCiTO1AlX8ZwR-MU8k7vm8Gt1lc,"=IMAGE(""https://community.akamai.steamstatic.com/economy/image/i0CoZ81Ui0m-9KwlBY1L_18myuGuq1wfhWSaZgMttyVfPaERSR0Wqmu7LAocGJai0ki7VeTHjMmuOXSQ61MnpNWipUruRiL8n4749i1Joav9bvA4JaWSCD7JxLki47RvGHy1x0l2t26GmYyqeCiTO1AlX8ZwR-MU8k7vm8Gt1lc"")",https://cs2tokens.com/iem-cologne-2026/items/sticker-maxxkor-cologne-2026,sticker-maxxkor-cologne-2026,ok,,https://cs2tokens.com/iem-cologne-2026/items/sticker-maxxkor-cologne-2026/q-data.json,Sticker | maxxkor | Cologne 2026,https://steamcommunity.com/market/listings/730/Sticker%20%7C%20maxxkor%20%7C%20Cologne%202026,1209,11062,5316,12,iem-cologne-2026,campaign_12,sticker,Autograph,maxxkor,Sharks Esports,rarity_rare
2026-06-04 00:38:18,20260604_003818,https://cs2tokens.com/browse?sort=price-asc,Paper,53c5df4745b0,Sticker | doc | Cologne 2026,doc,Cologne 2026,Player,Paper,Sharks Esports,High Grade,#4b69ff,3,0.03,64,161,0.3937,https://community.akamai.steamstatic.com/economy/image/i0CoZ81Ui0m-9KwlBY1L_18myuGuq1wfhWSaZgMttyVfPaERSR0Wqmu7LAocGJai0ki7VeTHjMmuOXSQ61MnpNWipUruRiL1kZWupSZe7ar9MPdpdKTCVjSVxetz4bNoFnnnxkR-4D_cm9esJX7Ea1UnA4wwG7A9vO4QLg,"=IMAGE(""https://community.akamai.steamstatic.com/economy/image/i0CoZ81Ui0m-9KwlBY1L_18myuGuq1wfhWSaZgMttyVfPaERSR0Wqmu7LAocGJai0ki7VeTHjMmuOXSQ61MnpNWipUruRiL1kZWupSZe7ar9MPdpdKTCVjSVxetz4bNoFnnnxkR-4D_cm9esJX7Ea1UnA4wwG7A9vO4QLg"")",https://cs2tokens.com/iem-cologne-2026/items/sticker-doc-cologne-2026,sticker-doc-cologne-2026,ok,,https://cs2tokens.com/iem-cologne-2026/items/sticker-doc-cologne-2026/q-data.json,Sticker | doc | Cologne 2026,https://steamcommunity.com/market/listings/730/Sticker%20%7C%20doc%20%7C%20Cologne%202026,1209,11070,5316,12,iem-cologne-2026,campaign_12,sticker,Autograph,doc,Sharks Esports,rarity_rare
2026-06-04 00:38:18,20260604_003818,https://cs2tokens.com/browse?sort=price-asc,Paper,63c1d41f5841,Sticker | felps | Cologne 2026,felps,Cologne 2026,Player,Paper,,High Grade,#4b69ff,3,0.03,65,161,0.4,https://community.akamai.steamstatic.com/economy/image/i0CoZ81Ui0m-9KwlBY1L_18myuGuq1wfhWSaZgMttyVfPaERSR0Wqmu7LAocGJai0ki7VeTHjMmuOXSQ61MnpNWipUruRiL3m5rw7mwM7PD4MPQ9IqCVXT-Sx7gm4bA8HC-wkUVwtmuAnNahJ3_DPVIlCZR1W6dU5Y2B54TT,"=IMAGE(""https://community.akamai.steamstatic.com/economy/image/i0CoZ81Ui0m-9KwlBY1L_18myuGuq1wfhWSaZgMttyVfPaERSR0Wqmu7LAocGJai0ki7VeTHjMmuOXSQ61MnpNWipUruRiL3m5rw7mwM7PD4MPQ9IqCVXT-Sx7gm4bA8HC-wkUVwtmuAnNahJ3_DPVIlCZR1W6dU5Y2B54TT"")",https://cs2tokens.com/iem-cologne-2026/items/sticker-felps-cologne-2026,sticker-felps-cologne-2026,ok,,https://cs2tokens.com/iem-cologne-2026/items/sticker-felps-cologne-2026/q-data.json,Sticker | felps | Cologne 2026,https://steamcommunity.com/market/listings/730/Sticker%20%7C%20felps%20%7C%20Cologne%202026,1209,11078,5316,12,iem-cologne-2026,campaign_12,sticker,Autograph,felps,,rarity_rare
2026-06-04 00:38:18,20260604_003818,https://cs2tokens.com/browse?sort=price-asc,Paper,0db9aa2d8109,Sticker | NEKiZ | Cologne 2026,NEKiZ,Cologne 2026,Player,Paper,,High Grade,#4b69ff,3,0.03,66,161,0.4062,https://community.akamai.steamstatic.com/economy/image/i0CoZ81Ui0m-9KwlBY1L_18myuGuq1wfhWSaZgMttyVfPaERSR0Wqmu7LAocGJai0ki7VeTHjMmuOXSQ61MnpNWipUruRiL_m53p52wK7PT5bqdpc6KQCz6Swrh06LhvGSuwwEQl4DzUz96gInmUaw5yApAjW6dU5ex4V52W,"=IMAGE(""https://community.akamai.steamstatic.com/economy/image/i0CoZ81Ui0m-9KwlBY1L_18myuGuq1wfhWSaZgMttyVfPaERSR0Wqmu7LAocGJai0ki7VeTHjMmuOXSQ61MnpNWipUruRiL_m53p52wK7PT5bqdpc6KQCz6Swrh06LhvGSuwwEQl4DzUz96gInmUaw5yApAjW6dU5ex4V52W"")",https://cs2tokens.com/iem-cologne-2026/items/sticker-nekiz-cologne-2026,sticker-nekiz-cologne-2026,ok,,https://cs2tokens.com/iem-cologne-2026/items/sticker-nekiz-cologne-2026/q-data.json,Sticker | NEKiZ | Cologne 2026,https://steamcommunity.com/market/listings/730/Sticker%20%7C%20NEKiZ%20%7C%20Cologne%202026,1209,11082,5316,12,iem-cologne-2026,campaign_12,sticker,Autograph,NEKiZ,,rarity_rare
2026-06-04 00:38:18,20260604_003818,https://cs2tokens.com/browse?sort=price-asc,Paper,27b287511e95,Sticker | luken | Cologne 2026,luken,Cologne 2026,Player,Paper,,High Grade,#4b69ff,3,0.03,67,161,0.4125,https://community.akamai.steamstatic.com/economy/image/i0CoZ81Ui0m-9KwlBY1L_18myuGuq1wfhWSaZgMttyVfPaERSR0Wqmu7LAocGJai0ki7VeTHjMmuOXSQ61MnpNWipUruRiL9i53l82wLvav6OfI-IaXEWjGWlbwu6bg5TSi1wE0mt2-Ey46pd3yUPQ52XsF4W6dU5bEVN4IG,"=IMAGE(""https://community.akamai.steamstatic.com/economy/image/i0CoZ81Ui0m-9KwlBY1L_18myuGuq1wfhWSaZgMttyVfPaERSR0Wqmu7LAocGJai0ki7VeTHjMmuOXSQ61MnpNWipUruRiL9i53l82wLvav6OfI-IaXEWjGWlbwu6bg5TSi1wE0mt2-Ey46pd3yUPQ52XsF4W6dU5bEVN4IG"")",https://cs2tokens.com/iem-cologne-2026/items/sticker-luken-cologne-2026,sticker-luken-cologne-2026,ok,,https://cs2tokens.com/iem-cologne-2026/items/sticker-luken-cologne-2026/q-data.json,Sticker | luken | Cologne 2026,https://steamcommunity.com/market/listings/730/Sticker%20%7C%20luken%20%7C%20Cologne%202026,1209,11086,5316,12,iem-cologne-2026,campaign_12,sticker,Autograph,luken,,rarity_rare
2026-06-04 00:38:18,20260604_003818,https://cs2tokens.com/browse?sort=price-asc,Paper,94805d4d1d45,Sticker | JOTA | Cologne 2026,JOTA,Cologne 2026,Player,Paper,,High Grade,#4b69ff,3,0.03,68,161,0.4188,https://community.akamai.steamstatic.com/economy/image/i0CoZ81Ui0m-9KwlBY1L_18myuGuq1wfhWSaZgMttyVfPaERSR0Wqmu7LAocGJai0ki7VeTHjMmuOXSQ61MnpNWipUruRiL7kYLhs3RYufOrMfI6eKjKDTDAl-pzs7M5F3DqlEsh5DjQy9qvdC2fPwZzCcBuBbldB75gcCc,"=IMAGE(""https://community.akamai.steamstatic.com/economy/image/i0CoZ81Ui0m-9KwlBY1L_18myuGuq1wfhWSaZgMttyVfPaERSR0Wqmu7LAocGJai0ki7VeTHjMmuOXSQ61MnpNWipUruRiL7kYLhs3RYufOrMfI6eKjKDTDAl-pzs7M5F3DqlEsh5DjQy9qvdC2fPwZzCcBuBbldB75gcCc"")",https://cs2tokens.com/iem-cologne-2026/items/sticker-jota-cologne-2026,sticker-jota-cologne-2026,ok,,https://cs2tokens.com/iem-cologne-2026/items/sticker-jota-cologne-2026/q-data.json,Sticker | JOTA | Cologne 2026,https://steamcommunity.com/market/listings/730/Sticker%20%7C%20JOTA%20%7C%20Cologne%202026,1209,11090,5316,12,iem-cologne-2026,campaign_12,sticker,Autograph,JOTA,,rarity_rare
2026-06-04 00:38:18,20260604_003818,https://cs2tokens.com/browse?sort=price-asc,Paper,53c57eba42d8,Sticker | ultimate | Cologne 2026,ultimate,Cologne 2026,Player,Paper,Team Liquid,High Grade,#4b69ff,3,0.03,69,161,0.425,https://community.akamai.steamstatic.com/economy/image/i0CoZ81Ui0m-9KwlBY1L_18myuGuq1wfhWSaZgMttyVfPaERSR0Wqmu7LAocGJai0ki7VeTHjMmuOXSQ61MnpNWipUruRiLkkoLp8CNP6rz2Oac8caXHDDXAxbxz4rcxGHjmzUx_sjvTwoqtcC6SaVQpCpUmF7RfrFDmxXdYYDGu,"=IMAGE(""https://community.akamai.steamstatic.com/economy/image/i0CoZ81Ui0m-9KwlBY1L_18myuGuq1wfhWSaZgMttyVfPaERSR0Wqmu7LAocGJai0ki7VeTHjMmuOXSQ61MnpNWipUruRiLkkoLp8CNP6rz2Oac8caXHDDXAxbxz4rcxGHjmzUx_sjvTwoqtcC6SaVQpCpUmF7RfrFDmxXdYYDGu"")",https://cs2tokens.com/iem-cologne-2026/items/sticker-ultimate-cologne-2026,sticker-ultimate-cologne-2026,ok,,https://cs2tokens.com/iem-cologne-2026/items/sticker-ultimate-cologne-2026/q-data.json,Sticker | ultimate | Cologne 2026,https://steamcommunity.com/market/listings/730/Sticker%20%7C%20ultimate%20%7C%20Cologne%202026,1209,11098,5316,12,iem-cologne-2026,campaign_12,sticker,Autograph,ultimate,Team Liquid,rarity_rare
2026-06-04 00:38:18,20260604_003818,https://cs2tokens.com/browse?sort=price-asc,Paper,ccc90b74f86c,Sticker | malbsMd | Cologne 2026,malbsMd,Cologne 2026,Player,Paper,Team Liquid,High Grade,#4b69ff,3,0.03,70,161,0.4313,https://community.akamai.steamstatic.com/economy/image/i0CoZ81Ui0m-9KwlBY1L_18myuGuq1wfhWSaZgMttyVfPaERSR0Wqmu7LAocGJai0ki7VeTHjMmuOXSQ61MnpNWipUruRiL8n5ri7i9foautPfQ_d_GWVzaVw70h6eA7Hyrkxhh_sT7cmd6rdnqfPFckC5J4E7QU8k7vphMT-pk,"=IMAGE(""https://community.akamai.steamstatic.com/economy/image/i0CoZ81Ui0m-9KwlBY1L_18myuGuq1wfhWSaZgMttyVfPaERSR0Wqmu7LAocGJai0ki7VeTHjMmuOXSQ61MnpNWipUruRiL8n5ri7i9foautPfQ_d_GWVzaVw70h6eA7Hyrkxhh_sT7cmd6rdnqfPFckC5J4E7QU8k7vphMT-pk"")",https://cs2tokens.com/iem-cologne-2026/items/sticker-malbsmd-cologne-2026,sticker-malbsmd-cologne-2026,ok,,https://cs2tokens.com/iem-cologne-2026/items/sticker-malbsmd-cologne-2026/q-data.json,Sticker | malbsMd | Cologne 2026,https://steamcommunity.com/market/listings/730/Sticker%20%7C%20malbsMd%20%7C%20Cologne%202026,1209,11102,5316,12,iem-cologne-2026,campaign_12,sticker,Autograph,malbsMd,Team Liquid,rarity_rare
2026-06-04 00:38:18,20260604_003818,https://cs2tokens.com/browse?sort=price-asc,Paper,a4c2c97a06f4,Sticker | siuhy | Cologne 2026,siuhy,Cologne 2026,Player,Paper,Team Liquid,High Grade,#4b69ff,3,0.03,71,161,0.4375,https://community.akamai.steamstatic.com/economy/image/i0CoZ81Ui0m-9KwlBY1L_18myuGuq1wfhWSaZgMttyVfPaERSR0Wqmu7LAocGJai0ki7VeTHjMmuOXSQ61MnpNWipUruRiLil4Po5GxYuaKsMPM_IqTADTDEwugu5OA4SiqwzEt2tzjQz4r8cS7DPQAhWJIkW6dU5QUOV2Wj,"=IMAGE(""https://community.akamai.steamstatic.com/economy/image/i0CoZ81Ui0m-9KwlBY1L_18myuGuq1wfhWSaZgMttyVfPaERSR0Wqmu7LAocGJai0ki7VeTHjMmuOXSQ61MnpNWipUruRiLil4Po5GxYuaKsMPM_IqTADTDEwugu5OA4SiqwzEt2tzjQz4r8cS7DPQAhWJIkW6dU5QUOV2Wj"")",https://cs2tokens.com/iem-cologne-2026/items/sticker-siuhy-cologne-2026,sticker-siuhy-cologne-2026,ok,,https://cs2tokens.com/iem-cologne-2026/items/sticker-siuhy-cologne-2026/q-data.json,Sticker | siuhy | Cologne 2026,https://steamcommunity.com/market/listings/730/Sticker%20%7C%20siuhy%20%7C%20Cologne%202026,1209,11106,5316,12,iem-cologne-2026,campaign_12,sticker,Autograph,siuhy,Team Liquid,rarity_rare
2026-06-04 00:38:18,20260604_003818,https://cs2tokens.com/browse?sort=price-asc,Paper,51424efda5cb,Sticker | INS | Cologne 2026,INS,Cologne 2026,Player,Paper,Flyquest,High Grade,#4b69ff,3,0.03,72,161,0.4437,https://community.akamai.steamstatic.com/economy/image/i0CoZ81Ui0m-9KwlBY1L_18myuGuq1wfhWSaZgMttyVfPaERSR0Wqmu7LAocGJai0ki7VeTHjMmuOXSQ61MnpNWipUruRiL4kIWuqyMK6vetOPQ9I_HFDDbFkr0l5bkwHS-wxkxz4jiBy4v4dijDbg4kA4wwG7Bvf3HwyQ,"=IMAGE(""https://community.akamai.steamstatic.com/economy/image/i0CoZ81Ui0m-9KwlBY1L_18myuGuq1wfhWSaZgMttyVfPaERSR0Wqmu7LAocGJai0ki7VeTHjMmuOXSQ61MnpNWipUruRiL4kIWuqyMK6vetOPQ9I_HFDDbFkr0l5bkwHS-wxkxz4jiBy4v4dijDbg4kA4wwG7Bvf3HwyQ"")",https://cs2tokens.com/iem-cologne-2026/items/sticker-ins-cologne-2026,sticker-ins-cologne-2026,ok,,https://cs2tokens.com/iem-cologne-2026/items/sticker-ins-cologne-2026/q-data.json,Sticker | INS | Cologne 2026,https://steamcommunity.com/market/listings/730/Sticker%20%7C%20INS%20%7C%20Cologne%202026,1209,11154,5316,12,iem-cologne-2026,campaign_12,sticker,Autograph,INS,Flyquest,rarity_rare
2026-06-04 00:38:18,20260604_003818,https://cs2tokens.com/browse?sort=price-asc,Paper,143ffebf9927,Sticker | story | Cologne 2026,story,Cologne 2026,Player,Paper,Flyquest,High Grade,#4b69ff,3,0.03,73,161,0.45,https://community.akamai.steamstatic.com/economy/image/i0CoZ81Ui0m-9KwlBY1L_18myuGuq1wfhWSaZgMttyVfPaERSR0Wqmu7LAocGJai0ki7VeTHjMmuOXSQ61MnpNWipUruRiLiipny5GwIuaKoOPBodqOSXTDGwLgu6eI5Tn3lwR8h5D-DyY38cXKRPwAjCJQjW6dU5ZddPK-7,"=IMAGE(""https://community.akamai.steamstatic.com/economy/image/i0CoZ81Ui0m-9KwlBY1L_18myuGuq1wfhWSaZgMttyVfPaERSR0Wqmu7LAocGJai0ki7VeTHjMmuOXSQ61MnpNWipUruRiLiipny5GwIuaKoOPBodqOSXTDGwLgu6eI5Tn3lwR8h5D-DyY38cXKRPwAjCJQjW6dU5ZddPK-7"")",https://cs2tokens.com/iem-cologne-2026/items/sticker-story-cologne-2026,sticker-story-cologne-2026,ok,,https://cs2tokens.com/iem-cologne-2026/items/sticker-story-cologne-2026/q-data.json,Sticker | story | Cologne 2026,https://steamcommunity.com/market/listings/730/Sticker%20%7C%20story%20%7C%20Cologne%202026,1209,11166,5316,12,iem-cologne-2026,campaign_12,sticker,Autograph,story,Flyquest,rarity_rare
2026-06-04 00:38:18,20260604_003818,https://cs2tokens.com/browse?sort=price-asc,Paper,a8053263a8b4,Sticker | nettik | Cologne 2026,nettik,Cologne 2026,Player,Paper,Flyquest,High Grade,#4b69ff,3,0.03,74,161,0.4562,https://community.akamai.steamstatic.com/economy/image/i0CoZ81Ui0m-9KwlBY1L_18myuGuq1wfhWSaZgMttyVfPaERSR0Wqmu7LAocGJai0ki7VeTHjMmuOXSQ61MnpNWipUruRiL_m4L09CkV66qobP05d6SSWGXAluohsrdoTnrix0px5GXdzYn_ICqTbQ4nD5skR_lK7Ed0qZjq_Q,"=IMAGE(""https://community.akamai.steamstatic.com/economy/image/i0CoZ81Ui0m-9KwlBY1L_18myuGuq1wfhWSaZgMttyVfPaERSR0Wqmu7LAocGJai0ki7VeTHjMmuOXSQ61MnpNWipUruRiL_m4L09CkV66qobP05d6SSWGXAluohsrdoTnrix0px5GXdzYn_ICqTbQ4nD5skR_lK7Ed0qZjq_Q"")",https://cs2tokens.com/iem-cologne-2026/items/sticker-nettik-cologne-2026,sticker-nettik-cologne-2026,ok,,https://cs2tokens.com/iem-cologne-2026/items/sticker-nettik-cologne-2026/q-data.json,Sticker | nettik | Cologne 2026,https://steamcommunity.com/market/listings/730/Sticker%20%7C%20nettik%20%7C%20Cologne%202026,1209,11170,5316,12,iem-cologne-2026,campaign_12,sticker,Autograph,nettik,Flyquest,rarity_rare
2026-06-04 00:38:18,20260604_003818,https://cs2tokens.com/browse?sort=price-asc,Paper,b43c8ec6dba8,Sticker | nota | Cologne 2026,nota,Cologne 2026,Player,Paper,PARIVISION,High Grade,#4b69ff,4,0.04,75,161,0.4625,https://community.akamai.steamstatic.com/economy/image/i0CoZ81Ui0m-9KwlBY1L_18myuGuq1wfhWSaZgMttyVfPaERSR0Wqmu7LAocGJai0ki7VeTHjMmuOXSQ61MnpNWipUruRiL_kYLhs3Bfu_CoPqE4eKnCCmKSl7oi57A7HXC1lh936mXcmdatd3vGZwAiAsBuBbldpFR6mow,"=IMAGE(""https://community.akamai.steamstatic.com/economy/image/i0CoZ81Ui0m-9KwlBY1L_18myuGuq1wfhWSaZgMttyVfPaERSR0Wqmu7LAocGJai0ki7VeTHjMmuOXSQ61MnpNWipUruRiL_kYLhs3Bfu_CoPqE4eKnCCmKSl7oi57A7HXC1lh936mXcmdatd3vGZwAiAsBuBbldpFR6mow"")",https://cs2tokens.com/iem-cologne-2026/items/sticker-nota-cologne-2026,sticker-nota-cologne-2026,ok,,https://cs2tokens.com/iem-cologne-2026/items/sticker-nota-cologne-2026/q-data.json,Sticker | nota | Cologne 2026,https://steamcommunity.com/market/listings/730/Sticker%20%7C%20nota%20%7C%20Cologne%202026,1209,10618,5316,12,iem-cologne-2026,campaign_12,sticker,Autograph,nota,PARIVISION,rarity_rare
2026-06-04 00:38:18,20260604_003818,https://cs2tokens.com/browse?sort=price-asc,Paper,1470604af2ed,Sticker | Spinx | Cologne 2026,Spinx,Cologne 2026,Player,Paper,MOUZ,High Grade,#4b69ff,4,0.04,76,161,0.4688,https://community.akamai.steamstatic.com/economy/image/i0CoZ81Ui0m-9KwlBY1L_18myuGuq1wfhWSaZgMttyVfPaERSR0Wqmu7LAocGJai0ki7VeTHjMmuOXSQ61MnpNWipUruRiLijp_u5WwDvaP2OfI_cfGQXWPJx-t06LI-G3rgkxlz5zjXmI6ucnPFP1IpWJRwW6dU5SkEsvTm,"=IMAGE(""https://community.akamai.steamstatic.com/economy/image/i0CoZ81Ui0m-9KwlBY1L_18myuGuq1wfhWSaZgMttyVfPaERSR0Wqmu7LAocGJai0ki7VeTHjMmuOXSQ61MnpNWipUruRiLijp_u5WwDvaP2OfI_cfGQXWPJx-t06LI-G3rgkxlz5zjXmI6ucnPFP1IpWJRwW6dU5SkEsvTm"")",https://cs2tokens.com/iem-cologne-2026/items/sticker-spinx-cologne-2026,sticker-spinx-cologne-2026,ok,,https://cs2tokens.com/iem-cologne-2026/items/sticker-spinx-cologne-2026/q-data.json,Sticker | Spinx | Cologne 2026,https://steamcommunity.com/market/listings/730/Sticker%20%7C%20Spinx%20%7C%20Cologne%202026,1209,10682,5316,12,iem-cologne-2026,campaign_12,sticker,Autograph,Spinx,MOUZ,rarity_rare
2026-06-04 00:38:18,20260604_003818,https://cs2tokens.com/browse?sort=price-asc,Paper,6bce2330d25c,Sticker | dem0n | Cologne 2026,dem0n,Cologne 2026,Player,Paper,,High Grade,#4b69ff,4,0.04,77,161,0.475,https://community.akamai.steamstatic.com/economy/image/i0CoZ81Ui0m-9KwlBY1L_18myuGuq1wfhWSaZgMttyVfPaERSR0Wqmu7LAocGJai0ki7VeTHjMmuOXSQ61MnpNWipUruRiL1m5uw82xfv_T6PPBoI6nHV2PFwL9y4rUwH3rlwh90smvTmIyqcymQOgRzX5YmW6dU5WtsEl8y,"=IMAGE(""https://community.akamai.steamstatic.com/economy/image/i0CoZ81Ui0m-9KwlBY1L_18myuGuq1wfhWSaZgMttyVfPaERSR0Wqmu7LAocGJai0ki7VeTHjMmuOXSQ61MnpNWipUruRiL1m5uw82xfv_T6PPBoI6nHV2PFwL9y4rUwH3rlwh90smvTmIyqcymQOgRzX5YmW6dU5WtsEl8y"")",https://cs2tokens.com/iem-cologne-2026/items/sticker-dem0n-cologne-2026,sticker-dem0n-cologne-2026,ok,,https://cs2tokens.com/iem-cologne-2026/items/sticker-dem0n-cologne-2026/q-data.json,Sticker | dem0n | Cologne 2026,https://steamcommunity.com/market/listings/730/Sticker%20%7C%20dem0n%20%7C%20Cologne%202026,1209,10694,5316,12,iem-cologne-2026,campaign_12,sticker,Autograph,dem0n,,rarity_rare
2026-06-04 00:38:18,20260604_003818,https://cs2tokens.com/browse?sort=price-asc,Paper,2b3f51c25e53,Sticker | Krabeni | Cologne 2026,Krabeni,Cologne 2026,Player,Paper,,High Grade,#4b69ff,4,0.04,78,161,0.4813,https://community.akamai.steamstatic.com/economy/image/i0CoZ81Ui0m-9KwlBY1L_18myuGuq1wfhWSaZgMttyVfPaERSR0Wqmu7LAocGJai0ki7VeTHjMmuOXSQ61MnpNWipUruRiL6jJfi-CxSofP-a6FpJfLBCj6Tl-sh6LdrHSzrzUgk5jmAw46oJXiRbQFxXMZ4QLIU8k7vDIyeXjs,"=IMAGE(""https://community.akamai.steamstatic.com/economy/image/i0CoZ81Ui0m-9KwlBY1L_18myuGuq1wfhWSaZgMttyVfPaERSR0Wqmu7LAocGJai0ki7VeTHjMmuOXSQ61MnpNWipUruRiL6jJfi-CxSofP-a6FpJfLBCj6Tl-sh6LdrHSzrzUgk5jmAw46oJXiRbQFxXMZ4QLIU8k7vDIyeXjs"")",https://cs2tokens.com/iem-cologne-2026/items/sticker-krabeni-cologne-2026,sticker-krabeni-cologne-2026,ok,,https://cs2tokens.com/iem-cologne-2026/items/sticker-krabeni-cologne-2026/q-data.json,Sticker | Krabeni | Cologne 2026,https://steamcommunity.com/market/listings/730/Sticker%20%7C%20Krabeni%20%7C%20Cologne%202026,1209,10702,5316,12,iem-cologne-2026,campaign_12,sticker,Autograph,Krabeni,,rarity_rare
2026-06-04 00:38:18,20260604_003818,https://cs2tokens.com/browse?sort=price-asc,Paper,2e8e4a83e784,Sticker | dziugss | Cologne 2026,dziugss,Cologne 2026,Player,Paper,,High Grade,#4b69ff,4,0.04,79,161,0.4875,https://community.akamai.steamstatic.com/economy/image/i0CoZ81Ui0m-9KwlBY1L_18myuGuq1wfhWSaZgMttyVfPaERSR0Wqmu7LAocGJai0ki7VeTHjMmuOXSQ61MnpNWipUruRiL1hJ_1-jFIofP4Pfw8dqWQDDaVlrwjtrEwHCrnlEkm5GuEwtn9dC3CPQQhCMchE-UU8k7vtZd-iJg,"=IMAGE(""https://community.akamai.steamstatic.com/economy/image/i0CoZ81Ui0m-9KwlBY1L_18myuGuq1wfhWSaZgMttyVfPaERSR0Wqmu7LAocGJai0ki7VeTHjMmuOXSQ61MnpNWipUruRiL1hJ_1-jFIofP4Pfw8dqWQDDaVlrwjtrEwHCrnlEkm5GuEwtn9dC3CPQQhCMchE-UU8k7vtZd-iJg"")",https://cs2tokens.com/iem-cologne-2026/items/sticker-dziugss-cologne-2026,sticker-dziugss-cologne-2026,ok,,https://cs2tokens.com/iem-cologne-2026/items/sticker-dziugss-cologne-2026/q-data.json,Sticker | dziugss | Cologne 2026,https://steamcommunity.com/market/listings/730/Sticker%20%7C%20dziugss%20%7C%20Cologne%202026,1209,10710,5316,12,iem-cologne-2026,campaign_12,sticker,Autograph,dziugss,,rarity_rare
2026-06-04 00:38:18,20260604_003818,https://cs2tokens.com/browse?sort=price-asc,Paper,676936c1b90d,Sticker | jabbi | Cologne 2026,jabbi,Cologne 2026,Player,Paper,Astralis,High Grade,#4b69ff,4,0.04,80,161,0.4938,https://community.akamai.steamstatic.com/economy/image/i0CoZ81Ui0m-9KwlBY1L_18myuGuq1wfhWSaZgMttyVfPaERSR0Wqmu7LAocGJai0ki7VeTHjMmuOXSQ61MnpNWipUruRiL7n5Ti9GxY7PH_P_JuI6PKXmTAkux147k9Tirjl0wi5G3XzYz8JC3BbgF2X5p1W6dU5ZgscP-M,"=IMAGE(""https://community.akamai.steamstatic.com/economy/image/i0CoZ81Ui0m-9KwlBY1L_18myuGuq1wfhWSaZgMttyVfPaERSR0Wqmu7LAocGJai0ki7VeTHjMmuOXSQ61MnpNWipUruRiL7n5Ti9GxY7PH_P_JuI6PKXmTAkux147k9Tirjl0wi5G3XzYz8JC3BbgF2X5p1W6dU5ZgscP-M"")",https://cs2tokens.com/iem-cologne-2026/items/sticker-jabbi-cologne-2026,sticker-jabbi-cologne-2026,ok,,https://cs2tokens.com/iem-cologne-2026/items/sticker-jabbi-cologne-2026/q-data.json,Sticker | jabbi | Cologne 2026,https://steamcommunity.com/market/listings/730/Sticker%20%7C%20jabbi%20%7C%20Cologne%202026,1209,10746,5316,12,iem-cologne-2026,campaign_12,sticker,Autograph,jabbi,Astralis,rarity_rare
2026-06-04 00:38:18,20260604_003818,https://cs2tokens.com/browse?sort=price-asc,Paper,b7c4512795d6,Sticker | dumau | Cologne 2026,dumau,Cologne 2026,Player,Paper,Legacy,High Grade,#4b69ff,4,0.04,81,161,0.5,https://community.akamai.steamstatic.com/economy/image/i0CoZ81Ui0m-9KwlBY1L_18myuGuq1wfhWSaZgMttyVfPaERSR0Wqmu7LAocGJai0ki7VeTHjMmuOXSQ61MnpNWipUruRiL1i5vh6Gxfu6b3OvY9eKfDCDHBlbomteM9HXy3lEwmtW-Bw9yrcnqWalB0DZImW6dU5dXCDCRV,"=IMAGE(""https://community.akamai.steamstatic.com/economy/image/i0CoZ81Ui0m-9KwlBY1L_18myuGuq1wfhWSaZgMttyVfPaERSR0Wqmu7LAocGJai0ki7VeTHjMmuOXSQ61MnpNWipUruRiL1i5vh6Gxfu6b3OvY9eKfDCDHBlbomteM9HXy3lEwmtW-Bw9yrcnqWalB0DZImW6dU5dXCDCRV"")",https://cs2tokens.com/iem-cologne-2026/items/sticker-dumau-cologne-2026,sticker-dumau-cologne-2026,ok,,https://cs2tokens.com/iem-cologne-2026/items/sticker-dumau-cologne-2026/q-data.json,Sticker | dumau | Cologne 2026,https://steamcommunity.com/market/listings/730/Sticker%20%7C%20dumau%20%7C%20Cologne%202026,1209,10782,5316,12,iem-cologne-2026,campaign_12,sticker,Autograph,dumau,Legacy,rarity_rare
2026-06-04 00:38:18,20260604_003818,https://cs2tokens.com/browse?sort=price-asc,Paper,daab36775273,Sticker | NQZ | Cologne 2026,NQZ,Cologne 2026,Player,Paper,paiN Gaming,High Grade,#4b69ff,4,0.04,82,161,0.5062,https://community.akamai.steamstatic.com/economy/image/i0CoZ81Ui0m-9KwlBY1L_18myuGuq1wfhWSaZgMttyVfPaERSR0Wqmu7LAocGJai0ki7VeTHjMmuOXSQ61MnpNWipUruRiL_j4yuqHNYuff2PPc-IabGVzXJkr0n4rc8F3zhl0Ui5ziHntr4dy2eagJ1AowwG7AkTRq7hg,"=IMAGE(""https://community.akamai.steamstatic.com/economy/image/i0CoZ81Ui0m-9KwlBY1L_18myuGuq1wfhWSaZgMttyVfPaERSR0Wqmu7LAocGJai0ki7VeTHjMmuOXSQ61MnpNWipUruRiL_j4yuqHNYuff2PPc-IabGVzXJkr0n4rc8F3zhl0Ui5ziHntr4dy2eagJ1AowwG7AkTRq7hg"")",https://cs2tokens.com/iem-cologne-2026/items/sticker-nqz-cologne-2026,sticker-nqz-cologne-2026,ok,,https://cs2tokens.com/iem-cologne-2026/items/sticker-nqz-cologne-2026/q-data.json,Sticker | NQZ | Cologne 2026,https://steamcommunity.com/market/listings/730/Sticker%20%7C%20NQZ%20%7C%20Cologne%202026,1209,10798,5316,12,iem-cologne-2026,campaign_12,sticker,Autograph,NQZ,paiN Gaming,rarity_rare
2026-06-04 00:38:18,20260604_003818,https://cs2tokens.com/browse?sort=price-asc,Paper,e445b00745b3,Sticker | Rainwaker | Cologne 2026,Rainwaker,Cologne 2026,Player,Paper,Monte,High Grade,#4b69ff,4,0.04,83,161,0.5125,https://community.akamai.steamstatic.com/economy/image/i0CoZ81Ui0m-9KwlBY1L_18myuGuq1wfhWSaZgMttyVfPaERSR0Wqmu7LAocGJai0ki7VeTHjMmuOXSQ61MnpNWipUruRiLjn5_u6iNQ6uDgO_w4JajAWzDJmOogtrY-Sny2lk4j4Wzdyt2pJXOUaFV2CJsiEecMtw74zIMk_q2dcA,"=IMAGE(""https://community.akamai.steamstatic.com/economy/image/i0CoZ81Ui0m-9KwlBY1L_18myuGuq1wfhWSaZgMttyVfPaERSR0Wqmu7LAocGJai0ki7VeTHjMmuOXSQ61MnpNWipUruRiLjn5_u6iNQ6uDgO_w4JajAWzDJmOogtrY-Sny2lk4j4Wzdyt2pJXOUaFV2CJsiEecMtw74zIMk_q2dcA"")",https://cs2tokens.com/iem-cologne-2026/items/sticker-rainwaker-cologne-2026,sticker-rainwaker-cologne-2026,ok,,https://cs2tokens.com/iem-cologne-2026/items/sticker-rainwaker-cologne-2026/q-data.json,Sticker | Rainwaker | Cologne 2026,https://steamcommunity.com/market/listings/730/Sticker%20%7C%20Rainwaker%20%7C%20Cologne%202026,1209,10814,5316,12,iem-cologne-2026,campaign_12,sticker,Autograph,Rainwaker,Monte,rarity_rare
2026-06-04 00:38:18,20260604_003818,https://cs2tokens.com/browse?sort=price-asc,Paper,515a704c7081,Sticker | REZ | Cologne 2026,REZ,Cologne 2026,Player,Paper,GamerLegion,High Grade,#4b69ff,4,0.04,84,161,0.5188,https://community.akamai.steamstatic.com/economy/image/i0CoZ81Ui0m-9KwlBY1L_18myuGuq1wfhWSaZgMttyVfPaERSR0Wqmu7LAocGJai0ki7VeTHjMmuOXSQ61MnpNWipUruRiLjm4yu-CNYvvT7OfI5JPaVXGTBx7dwtbBqSy_kxEtz4znSw9egeSnGaVNzXowwG7Bl_aDY_A,"=IMAGE(""https://community.akamai.steamstatic.com/economy/image/i0CoZ81Ui0m-9KwlBY1L_18myuGuq1wfhWSaZgMttyVfPaERSR0Wqmu7LAocGJai0ki7VeTHjMmuOXSQ61MnpNWipUruRiLjm4yu-CNYvvT7OfI5JPaVXGTBx7dwtbBqSy_kxEtz4znSw9egeSnGaVNzXowwG7Bl_aDY_A"")",https://cs2tokens.com/iem-cologne-2026/items/sticker-rez-cologne-2026,sticker-rez-cologne-2026,ok,,https://cs2tokens.com/iem-cologne-2026/items/sticker-rez-cologne-2026/q-data.json,Sticker | REZ | Cologne 2026,https://steamcommunity.com/market/listings/730/Sticker%20%7C%20REZ%20%7C%20Cologne%202026,1209,10858,5316,12,iem-cologne-2026,campaign_12,sticker,Autograph,REZ,GamerLegion,rarity_rare
2026-06-04 00:38:18,20260604_003818,https://cs2tokens.com/browse?sort=price-asc,Paper,b5a4de2cda94,Sticker | alex666 | Cologne 2026,alex666,Cologne 2026,Player,Paper,B8,High Grade,#4b69ff,4,0.04,85,161,0.525,https://community.akamai.steamstatic.com/economy/image/i0CoZ81Ui0m-9KwlBY1L_18myuGuq1wfhWSaZgMttyVfPaERSR0Wqmu7LAocGJai0ki7VeTHjMmuOXSQ61MnpNWipUruRiLwkpP4q3QNoaH2PqA9IqHCC2WRlLcmsrNsHXvmlxh_4DuEmY6geS2RbQZxCJRzTbQU8k7vO0VhnUg,"=IMAGE(""https://community.akamai.steamstatic.com/economy/image/i0CoZ81Ui0m-9KwlBY1L_18myuGuq1wfhWSaZgMttyVfPaERSR0Wqmu7LAocGJai0ki7VeTHjMmuOXSQ61MnpNWipUruRiLwkpP4q3QNoaH2PqA9IqHCC2WRlLcmsrNsHXvmlxh_4DuEmY6geS2RbQZxCJRzTbQU8k7vO0VhnUg"")",https://cs2tokens.com/iem-cologne-2026/items/sticker-alex666-cologne-2026,sticker-alex666-cologne-2026,ok,,https://cs2tokens.com/iem-cologne-2026/items/sticker-alex666-cologne-2026/q-data.json,Sticker | alex666 | Cologne 2026,https://steamcommunity.com/market/listings/730/Sticker%20%7C%20alex666%20%7C%20Cologne%202026,1209,10886,5316,12,iem-cologne-2026,campaign_12,sticker,Autograph,alex666,B8,rarity_rare
2026-06-04 00:38:18,20260604_003818,https://cs2tokens.com/browse?sort=price-asc,Paper,cf9a70c63958,Sticker | nilo | Cologne 2026,nilo,Cologne 2026,Player,Paper,HEROIC,High Grade,#4b69ff,4,0.04,86,161,0.5312,https://community.akamai.steamstatic.com/economy/image/i0CoZ81Ui0m-9KwlBY1L_18myuGuq1wfhWSaZgMttyVfPaERSR0Wqmu7LAocGJai0ki7VeTHjMmuOXSQ61MnpNWipUruRiL_l5rvsyFd6qCvOvA5IqCSV2bJk-p1tOU_TCvkxE0l4DjWyNyuJS6RP1B1XJZuBbldP5sZQq0,"=IMAGE(""https://community.akamai.steamstatic.com/economy/image/i0CoZ81Ui0m-9KwlBY1L_18myuGuq1wfhWSaZgMttyVfPaERSR0Wqmu7LAocGJai0ki7VeTHjMmuOXSQ61MnpNWipUruRiL_l5rvsyFd6qCvOvA5IqCSV2bJk-p1tOU_TCvkxE0l4DjWyNyuJS6RP1B1XJZuBbldP5sZQq0"")",https://cs2tokens.com/iem-cologne-2026/items/sticker-nilo-cologne-2026,sticker-nilo-cologne-2026,ok,,https://cs2tokens.com/iem-cologne-2026/items/sticker-nilo-cologne-2026/q-data.json,Sticker | nilo | Cologne 2026,https://steamcommunity.com/market/listings/730/Sticker%20%7C%20nilo%20%7C%20Cologne%202026,1209,10898,5316,12,iem-cologne-2026,campaign_12,sticker,Autograph,nilo,HEROIC,rarity_rare
2026-06-04 00:38:18,20260604_003818,https://cs2tokens.com/browse?sort=price-asc,Paper,0ca89ea89a1a,Sticker | zorte | Cologne 2026,zorte,Cologne 2026,Player,Paper,BetBoom,High Grade,#4b69ff,4,0.04,87,161,0.5375,https://community.akamai.steamstatic.com/economy/image/i0CoZ81Ui0m-9KwlBY1L_18myuGuq1wfhWSaZgMttyVfPaERSR0Wqmu7LAocGJai0ki7VeTHjMmuOXSQ61MnpNWipUruRiLrkYT0-GwNvqCvPPc1JaTGDzLFlugj6eBqGivhkEp04TvWyd-hJH2WZg9xX8QjW6dU5dB5JhzR,"=IMAGE(""https://community.akamai.steamstatic.com/economy/image/i0CoZ81Ui0m-9KwlBY1L_18myuGuq1wfhWSaZgMttyVfPaERSR0Wqmu7LAocGJai0ki7VeTHjMmuOXSQ61MnpNWipUruRiLrkYT0-GwNvqCvPPc1JaTGDzLFlugj6eBqGivhkEp04TvWyd-hJH2WZg9xX8QjW6dU5dB5JhzR"")",https://cs2tokens.com/iem-cologne-2026/items/sticker-zorte-cologne-2026,sticker-zorte-cologne-2026,ok,,https://cs2tokens.com/iem-cologne-2026/items/sticker-zorte-cologne-2026/q-data.json,Sticker | zorte | Cologne 2026,https://steamcommunity.com/market/listings/730/Sticker%20%7C%20zorte%20%7C%20Cologne%202026,1209,10918,5316,12,iem-cologne-2026,campaign_12,sticker,Autograph,zorte,BetBoom,rarity_rare
2026-06-04 00:38:18,20260604_003818,https://cs2tokens.com/browse?sort=price-asc,Paper,9508e648688f,Sticker | FL4MUS | Cologne 2026,FL4MUS,Cologne 2026,Player,Paper,BetBoom,High Grade,#4b69ff,4,0.04,88,161,0.5437,https://community.akamai.steamstatic.com/economy/image/i0CoZ81Ui0m-9KwlBY1L_18myuGuq1wfhWSaZgMttyVfPaERSR0Wqmu7LAocGJai0ki7VeTHjMmuOXSQ61MnpNWipUruRiL3ksLt6DEVuquqOaBuJqjHDDTHxL0u6bc9Hyriwkwj4jvWzoqqdn7FPQ4nD5QjQvlK7EeYpt8wnA,"=IMAGE(""https://community.akamai.steamstatic.com/economy/image/i0CoZ81Ui0m-9KwlBY1L_18myuGuq1wfhWSaZgMttyVfPaERSR0Wqmu7LAocGJai0ki7VeTHjMmuOXSQ61MnpNWipUruRiL3ksLt6DEVuquqOaBuJqjHDDTHxL0u6bc9Hyriwkwj4jvWzoqqdn7FPQ4nD5QjQvlK7EeYpt8wnA"")",https://cs2tokens.com/iem-cologne-2026/items/sticker-fl4mus-cologne-2026,sticker-fl4mus-cologne-2026,ok,,https://cs2tokens.com/iem-cologne-2026/items/sticker-fl4mus-cologne-2026/q-data.json,Sticker | FL4MUS | Cologne 2026,https://steamcommunity.com/market/listings/730/Sticker%20%7C%20FL4MUS%20%7C%20Cologne%202026,1209,10926,5316,12,iem-cologne-2026,campaign_12,sticker,Autograph,FL4MUS,BetBoom,rarity_rare
2026-06-04 00:38:18,20260604_003818,https://cs2tokens.com/browse?sort=price-asc,Paper,c9b3e6c75c0d,Sticker | JDC | Cologne 2026,JDC,Cologne 2026,Player,Paper,BIG,High Grade,#4b69ff,4,0.04,89,161,0.55,https://community.akamai.steamstatic.com/economy/image/i0CoZ81Ui0m-9KwlBY1L_18myuGuq1wfhWSaZgMttyVfPaERSR0Wqmu7LAocGJai0ki7VeTHjMmuOXSQ61MnpNWipUruRiL7mpWuryBYvaH7bKc0I6DFCzHDluok4OQ7GCjmlk93smzcmY6uc3-WOA9yX4wwG7DOLd0drQ,"=IMAGE(""https://community.akamai.steamstatic.com/economy/image/i0CoZ81Ui0m-9KwlBY1L_18myuGuq1wfhWSaZgMttyVfPaERSR0Wqmu7LAocGJai0ki7VeTHjMmuOXSQ61MnpNWipUruRiL7mpWuryBYvaH7bKc0I6DFCzHDluok4OQ7GCjmlk93smzcmY6uc3-WOA9yX4wwG7DOLd0drQ"")",https://cs2tokens.com/iem-cologne-2026/items/sticker-jdc-cologne-2026,sticker-jdc-cologne-2026,ok,,https://cs2tokens.com/iem-cologne-2026/items/sticker-jdc-cologne-2026/q-data.json,Sticker | JDC | Cologne 2026,https://steamcommunity.com/market/listings/730/Sticker%20%7C%20JDC%20%7C%20Cologne%202026,1209,10938,5316,12,iem-cologne-2026,campaign_12,sticker,Autograph,JDC,BIG,rarity_rare
2026-06-04 00:38:18,20260604_003818,https://cs2tokens.com/browse?sort=price-asc,Paper,cbcb0b5ca428,Sticker | gr1ks | Cologne 2026,gr1ks,Cologne 2026,Player,Paper,BIG,High Grade,#4b69ff,4,0.04,90,161,0.5563,https://community.akamai.steamstatic.com/economy/image/i0CoZ81Ui0m-9KwlBY1L_18myuGuq1wfhWSaZgMttyVfPaERSR0Wqmu7LAocGJai0ki7VeTHjMmuOXSQ61MnpNWipUruRiL2jMfr7mwMvveva6A6IanDD2SVx-ty4LVvTCzqw0h25m_Tm9ygeHPEOwQmApMiW6dU5di_nLpT,"=IMAGE(""https://community.akamai.steamstatic.com/economy/image/i0CoZ81Ui0m-9KwlBY1L_18myuGuq1wfhWSaZgMttyVfPaERSR0Wqmu7LAocGJai0ki7VeTHjMmuOXSQ61MnpNWipUruRiL2jMfr7mwMvveva6A6IanDD2SVx-ty4LVvTCzqw0h25m_Tm9ygeHPEOwQmApMiW6dU5di_nLpT"")",https://cs2tokens.com/iem-cologne-2026/items/sticker-gr1ks-cologne-2026,sticker-gr1ks-cologne-2026,ok,,https://cs2tokens.com/iem-cologne-2026/items/sticker-gr1ks-cologne-2026/q-data.json,Sticker | gr1ks | Cologne 2026,https://steamcommunity.com/market/listings/730/Sticker%20%7C%20gr1ks%20%7C%20Cologne%202026,1209,10950,5316,12,iem-cologne-2026,campaign_12,sticker,Autograph,gr1ks,BIG,rarity_rare
2026-06-04 00:38:18,20260604_003818,https://cs2tokens.com/browse?sort=price-asc,Paper,f69d623afa73,Sticker | JBa | Cologne 2026,JBa,Cologne 2026,Player,Paper,M80,High Grade,#4b69ff,4,0.04,91,161,0.5625,https://community.akamai.steamstatic.com/economy/image/i0CoZ81Ui0m-9KwlBY1L_18myuGuq1wfhWSaZgMttyVfPaERSR0Wqmu7LAocGJai0ki7VeTHjMmuOXSQ61MnpNWipUruRiL7nJeu_HID66f8OvQ6JqPCD2KTxb9w4bI6Gi2xwB90tzzSwo2seC3FOAZ2WYwwG7Cu2YKjww,"=IMAGE(""https://community.akamai.steamstatic.com/economy/image/i0CoZ81Ui0m-9KwlBY1L_18myuGuq1wfhWSaZgMttyVfPaERSR0Wqmu7LAocGJai0ki7VeTHjMmuOXSQ61MnpNWipUruRiL7nJeu_HID66f8OvQ6JqPCD2KTxb9w4bI6Gi2xwB90tzzSwo2seC3FOAZ2WYwwG7Cu2YKjww"")",https://cs2tokens.com/iem-cologne-2026/items/sticker-jba-cologne-2026,sticker-jba-cologne-2026,ok,,https://cs2tokens.com/iem-cologne-2026/items/sticker-jba-cologne-2026/q-data.json,Sticker | JBa | Cologne 2026,https://steamcommunity.com/market/listings/730/Sticker%20%7C%20JBa%20%7C%20Cologne%202026,1209,10962,5316,12,iem-cologne-2026,campaign_12,sticker,Autograph,JBa,M80,rarity_rare
2026-06-04 00:38:18,20260604_003818,https://cs2tokens.com/browse?sort=price-asc,Paper,c6e1478b9f00,Sticker | s1n | Cologne 2026,s1n,Cologne 2026,Player,Paper,M80,High Grade,#4b69ff,4,0.04,92,161,0.5687,https://community.akamai.steamstatic.com/economy/image/i0CoZ81Ui0m-9KwlBY1L_18myuGuq1wfhWSaZgMttyVfPaERSR0Wqmu7LAocGJai0ki7VeTHjMmuOXSQ61MnpNWipUruRiLiz5iu_nJev6v-Oqc0JPKXVjHAxb4h6bkxTSvjxUkm4m_Wy42qcyrDbAMjWIwwG7DDhrHFGA,"=IMAGE(""https://community.akamai.steamstatic.com/economy/image/i0CoZ81Ui0m-9KwlBY1L_18myuGuq1wfhWSaZgMttyVfPaERSR0Wqmu7LAocGJai0ki7VeTHjMmuOXSQ61MnpNWipUruRiLiz5iu_nJev6v-Oqc0JPKXVjHAxb4h6bkxTSvjxUkm4m_Wy42qcyrDbAMjWIwwG7DDhrHFGA"")",https://cs2tokens.com/iem-cologne-2026/items/sticker-s1n-cologne-2026,sticker-s1n-cologne-2026,ok,,https://cs2tokens.com/iem-cologne-2026/items/sticker-s1n-cologne-2026/q-data.json,Sticker | s1n | Cologne 2026,https://steamcommunity.com/market/listings/730/Sticker%20%7C%20s1n%20%7C%20Cologne%202026,1209,10966,5316,12,iem-cologne-2026,campaign_12,sticker,Autograph,s1n,M80,rarity_rare
2026-06-04 00:38:18,20260604_003818,https://cs2tokens.com/browse?sort=price-asc,Paper,426a73f683f4,Sticker | slaxz- | Cologne 2026,slaxz-,Cologne 2026,Player,Paper,M80,High Grade,#4b69ff,4,0.04,93,161,0.575,https://community.akamai.steamstatic.com/economy/image/i0CoZ81Ui0m-9KwlBY1L_18myuGuq1wfhWSaZgMttyVfPaERSR0Wqmu7LAocGJai0ki7VeTHjMmuOXSQ61MnpNWipUruRiLikpf452xZv6L6Mfc1camXCjDAwrgh5-QxGXvizB5xsDjTy4urJX_EaVNyC5JwW6dU5bjrIsMH,"=IMAGE(""https://community.akamai.steamstatic.com/economy/image/i0CoZ81Ui0m-9KwlBY1L_18myuGuq1wfhWSaZgMttyVfPaERSR0Wqmu7LAocGJai0ki7VeTHjMmuOXSQ61MnpNWipUruRiLikpf452xZv6L6Mfc1camXCjDAwrgh5-QxGXvizB5xsDjTy4urJX_EaVNyC5JwW6dU5bjrIsMH"")",https://cs2tokens.com/iem-cologne-2026/items/sticker-slaxz-cologne-2026,sticker-slaxz-cologne-2026,ok,,https://cs2tokens.com/iem-cologne-2026/items/sticker-slaxz-cologne-2026/q-data.json,Sticker | slaxz- | Cologne 2026,https://steamcommunity.com/market/listings/730/Sticker%20%7C%20slaxz-%20%7C%20Cologne%202026,1209,10970,5316,12,iem-cologne-2026,campaign_12,sticker,Autograph,slaxz-,M80,rarity_rare
2026-06-04 00:38:18,20260604_003818,https://cs2tokens.com/browse?sort=price-asc,Paper,e39085d40c20,Sticker | LNZ | Cologne 2026,LNZ,Cologne 2026,Player,Paper,MIBR,High Grade,#4b69ff,4,0.04,94,161,0.5813,https://community.akamai.steamstatic.com/economy/image/i0CoZ81Ui0m-9KwlBY1L_18myuGuq1wfhWSaZgMttyVfPaERSR0Wqmu7LAocGJai0ki7VeTHjMmuOXSQ61MnpNWipUruRiL9kIyuqCdY7av5Ovw8cKnHWTOUlboi5bdoGn6ww0oj4TjdzNavcS_EOwQgWYwwG7CYV--riQ,"=IMAGE(""https://community.akamai.steamstatic.com/economy/image/i0CoZ81Ui0m-9KwlBY1L_18myuGuq1wfhWSaZgMttyVfPaERSR0Wqmu7LAocGJai0ki7VeTHjMmuOXSQ61MnpNWipUruRiL9kIyuqCdY7av5Ovw8cKnHWTOUlboi5bdoGn6ww0oj4TjdzNavcS_EOwQgWYwwG7CYV--riQ"")",https://cs2tokens.com/iem-cologne-2026/items/sticker-lnz-cologne-2026,sticker-lnz-cologne-2026,ok,,https://cs2tokens.com/iem-cologne-2026/items/sticker-lnz-cologne-2026/q-data.json,Sticker | LNZ | Cologne 2026,https://steamcommunity.com/market/listings/730/Sticker%20%7C%20LNZ%20%7C%20Cologne%202026,1209,10974,5316,12,iem-cologne-2026,campaign_12,sticker,Autograph,LNZ,MIBR,rarity_rare
2026-06-04 00:38:18,20260604_003818,https://cs2tokens.com/browse?sort=price-asc,Paper,500f70b9c859,Sticker | brnz4n | Cologne 2026,brnz4n,Cologne 2026,Player,Paper,MIBR,High Grade,#4b69ff,4,0.04,95,161,0.5875,https://community.akamai.steamstatic.com/economy/image/i0CoZ81Ui0m-9KwlBY1L_18myuGuq1wfhWSaZgMttyVfPaERSR0Wqmu7LAocGJai0ki7VeTHjMmuOXSQ61MnpNWipUruRiLzjJj6qSwV66b2PfRrcqORXWPAx-t047k8Siy1xUV2tmTQmd6hJ3qTZg5zXMQhEPlK7EfYSZdrJw,"=IMAGE(""https://community.akamai.steamstatic.com/economy/image/i0CoZ81Ui0m-9KwlBY1L_18myuGuq1wfhWSaZgMttyVfPaERSR0Wqmu7LAocGJai0ki7VeTHjMmuOXSQ61MnpNWipUruRiLzjJj6qSwV66b2PfRrcqORXWPAx-t047k8Siy1xUV2tmTQmd6hJ3qTZg5zXMQhEPlK7EfYSZdrJw"")",https://cs2tokens.com/iem-cologne-2026/items/sticker-brnz4n-cologne-2026,sticker-brnz4n-cologne-2026,ok,,https://cs2tokens.com/iem-cologne-2026/items/sticker-brnz4n-cologne-2026/q-data.json,Sticker | brnz4n | Cologne 2026,https://steamcommunity.com/market/listings/730/Sticker%20%7C%20brnz4n%20%7C%20Cologne%202026,1209,10982,5316,12,iem-cologne-2026,campaign_12,sticker,Autograph,brnz4n,MIBR,rarity_rare
2026-06-04 00:38:18,20260604_003818,https://cs2tokens.com/browse?sort=price-asc,Paper,95ce811d6215,Sticker | Moseyuh | Cologne 2026,Moseyuh,Cologne 2026,Player,Paper,TYLOO,High Grade,#4b69ff,4,0.04,96,161,0.5938,https://community.akamai.steamstatic.com/economy/image/i0CoZ81Ui0m-9KwlBY1L_18myuGuq1wfhWSaZgMttyVfPaERSR0Wqmu7LAocGJai0ki7VeTHjMmuOXSQ61MnpNWipUruRiL8kYXl5DdToaP2OvA1JvLEXjPHmO8k4eU9S3m2wEh15WvQz4n8cnyWa1ApD5olE-YU8k7vXzZNgwc,"=IMAGE(""https://community.akamai.steamstatic.com/economy/image/i0CoZ81Ui0m-9KwlBY1L_18myuGuq1wfhWSaZgMttyVfPaERSR0Wqmu7LAocGJai0ki7VeTHjMmuOXSQ61MnpNWipUruRiL8kYXl5DdToaP2OvA1JvLEXjPHmO8k4eU9S3m2wEh15WvQz4n8cnyWa1ApD5olE-YU8k7vXzZNgwc"")",https://cs2tokens.com/iem-cologne-2026/items/sticker-moseyuh-cologne-2026,sticker-moseyuh-cologne-2026,ok,,https://cs2tokens.com/iem-cologne-2026/items/sticker-moseyuh-cologne-2026/q-data.json,Sticker | Moseyuh | Cologne 2026,https://steamcommunity.com/market/listings/730/Sticker%20%7C%20Moseyuh%20%7C%20Cologne%202026,1209,11046,5316,12,iem-cologne-2026,campaign_12,sticker,Autograph,Moseyuh,TYLOO,rarity_rare
2026-06-04 00:38:18,20260604_003818,https://cs2tokens.com/browse?sort=price-asc,Paper,0fd8859c482b,Sticker | rdnzao | Cologne 2026,rdnzao,Cologne 2026,Player,Paper,Sharks Esports,High Grade,#4b69ff,4,0.04,97,161,0.6,https://community.akamai.steamstatic.com/economy/image/i0CoZ81Ui0m-9KwlBY1L_18myuGuq1wfhWSaZgMttyVfPaERSR0Wqmu7LAocGJai0ki7VeTHjMmuOXSQ61MnpNWipUruRiLjmpj6_C0VuvP6MfBsefKXWjPBmOgl4Oc_GCrlk0oktW_QntuveHqXZwZyC5V4FPlK7Ee6xvlYfQ,"=IMAGE(""https://community.akamai.steamstatic.com/economy/image/i0CoZ81Ui0m-9KwlBY1L_18myuGuq1wfhWSaZgMttyVfPaERSR0Wqmu7LAocGJai0ki7VeTHjMmuOXSQ61MnpNWipUruRiLjmpj6_C0VuvP6MfBsefKXWjPBmOgl4Oc_GCrlk0oktW_QntuveHqXZwZyC5V4FPlK7Ee6xvlYfQ"")",https://cs2tokens.com/iem-cologne-2026/items/sticker-rdnzao-cologne-2026,sticker-rdnzao-cologne-2026,ok,,https://cs2tokens.com/iem-cologne-2026/items/sticker-rdnzao-cologne-2026/q-data.json,Sticker | rdnzao | Cologne 2026,https://steamcommunity.com/market/listings/730/Sticker%20%7C%20rdnzao%20%7C%20Cologne%202026,1209,11066,5316,12,iem-cologne-2026,campaign_12,sticker,Autograph,rdnzao,Sharks Esports,rarity_rare
2026-06-04 00:38:18,20260604_003818,https://cs2tokens.com/browse?sort=price-asc,Paper,c7292c3f8862,Sticker | westmelon | Cologne 2026,westmelon,Cologne 2026,Player,Paper,Lynn Vision,High Grade,#4b69ff,4,0.04,98,161,0.6062,https://community.akamai.steamstatic.com/economy/image/i0CoZ81Ui0m-9KwlBY1L_18myuGuq1wfhWSaZgMttyVfPaERSR0Wqmu7LAocGJai0ki7VeTHjMmuOXSQ61MnpNWipUruRiLmm4X08CdX4PzgPfM8JaKVDDTFw7kh6OI_Si3ixU5_4znSyoygcyqQaA4pW8F3QrYMtA74zINpgWWC-A,"=IMAGE(""https://community.akamai.steamstatic.com/economy/image/i0CoZ81Ui0m-9KwlBY1L_18myuGuq1wfhWSaZgMttyVfPaERSR0Wqmu7LAocGJai0ki7VeTHjMmuOXSQ61MnpNWipUruRiLmm4X08CdX4PzgPfM8JaKVDDTFw7kh6OI_Si3ixU5_4znSyoygcyqQaA4pW8F3QrYMtA74zINpgWWC-A"")",https://cs2tokens.com/iem-cologne-2026/items/sticker-westmelon-cologne-2026,sticker-westmelon-cologne-2026,ok,,https://cs2tokens.com/iem-cologne-2026/items/sticker-westmelon-cologne-2026/q-data.json,Sticker | westmelon | Cologne 2026,https://steamcommunity.com/market/listings/730/Sticker%20%7C%20westmelon%20%7C%20Cologne%202026,1209,11114,5316,12,iem-cologne-2026,campaign_12,sticker,Autograph,westmelon,Lynn Vision,rarity_rare
2026-06-04 00:38:18,20260604_003818,https://cs2tokens.com/browse?sort=price-asc,Paper,993daeacf9e5,Sticker | Starry | Cologne 2026,Starry,Cologne 2026,Player,Paper,Lynn Vision,High Grade,#4b69ff,4,0.04,99,161,0.6125,https://community.akamai.steamstatic.com/economy/image/i0CoZ81Ui0m-9KwlBY1L_18myuGuq1wfhWSaZgMttyVfPaERSR0Wqmu7LAocGJai0ki7VeTHjMmuOXSQ61MnpNWipUruRiLiipfy7zsVvfb9OaY8dKLKXTbClr936bltHCy2xBh_52vWmIz7JCiVaVcjCsd0TPlK7EdZfjzf1A,"=IMAGE(""https://community.akamai.steamstatic.com/economy/image/i0CoZ81Ui0m-9KwlBY1L_18myuGuq1wfhWSaZgMttyVfPaERSR0Wqmu7LAocGJai0ki7VeTHjMmuOXSQ61MnpNWipUruRiLiipfy7zsVvfb9OaY8dKLKXTbClr936bltHCy2xBh_52vWmIz7JCiVaVcjCsd0TPlK7EdZfjzf1A"")",https://cs2tokens.com/iem-cologne-2026/items/sticker-starry-cologne-2026,sticker-starry-cologne-2026,ok,,https://cs2tokens.com/iem-cologne-2026/items/sticker-starry-cologne-2026/q-data.json,Sticker | Starry | Cologne 2026,https://steamcommunity.com/market/listings/730/Sticker%20%7C%20Starry%20%7C%20Cologne%202026,1209,11122,5316,12,iem-cologne-2026,campaign_12,sticker,Autograph,Starry,Lynn Vision,rarity_rare
2026-06-04 00:38:18,20260604_003818,https://cs2tokens.com/browse?sort=price-asc,Paper,4177b74f0add,Sticker | jks | Cologne 2026,jks,Cologne 2026,Player,Paper,Flyquest,High Grade,#4b69ff,4,0.04,100,161,0.6188,https://community.akamai.steamstatic.com/economy/image/i0CoZ81Ui0m-9KwlBY1L_18myuGuq1wfhWSaZgMttyVfPaERSR0Wqmu7LAocGJai0ki7VeTHjMmuOXSQ61MnpNWipUruRiL7lYWu_iRe7qCva_JvcqHDC2TIl-xy5LQ5GXG1xUoj4W2En4mhci6UPQR0WIwwG7B3jTHabA,"=IMAGE(""https://community.akamai.steamstatic.com/economy/image/i0CoZ81Ui0m-9KwlBY1L_18myuGuq1wfhWSaZgMttyVfPaERSR0Wqmu7LAocGJai0ki7VeTHjMmuOXSQ61MnpNWipUruRiL7lYWu_iRe7qCva_JvcqHDC2TIl-xy5LQ5GXG1xUoj4W2En4mhci6UPQR0WIwwG7B3jTHabA"")",https://cs2tokens.com/iem-cologne-2026/items/sticker-jks-cologne-2026,sticker-jks-cologne-2026,ok,,https://cs2tokens.com/iem-cologne-2026/items/sticker-jks-cologne-2026/q-data.json,Sticker | jks | Cologne 2026,https://steamcommunity.com/market/listings/730/Sticker%20%7C%20jks%20%7C%20Cologne%202026,1209,11158,5316,12,iem-cologne-2026,campaign_12,sticker,Autograph,jks,Flyquest,rarity_rare
2026-06-04 00:38:18,20260604_003818,https://cs2tokens.com/browse?sort=price-asc,Paper,c9af532b8020,Sticker | vexite | Cologne 2026,vexite,Cologne 2026,Player,Paper,Flyquest,High Grade,#4b69ff,4,0.04,101,161,0.625,https://community.akamai.steamstatic.com/economy/image/i0CoZ81Ui0m-9KwlBY1L_18myuGuq1wfhWSaZgMttyVfPaERSR0Wqmu7LAocGJai0ki7VeTHjMmuOXSQ61MnpNWipUruRiLnm47p6ScVv6T4PfY8dfWSDD-SmLsn6LhrGHHhwkp14juHz4n7d3qTalJzWMZ1EflK7EcpUPxo-w,"=IMAGE(""https://community.akamai.steamstatic.com/economy/image/i0CoZ81Ui0m-9KwlBY1L_18myuGuq1wfhWSaZgMttyVfPaERSR0Wqmu7LAocGJai0ki7VeTHjMmuOXSQ61MnpNWipUruRiLnm47p6ScVv6T4PfY8dfWSDD-SmLsn6LhrGHHhwkp14juHz4n7d3qTalJzWMZ1EflK7EcpUPxo-w"")",https://cs2tokens.com/iem-cologne-2026/items/sticker-vexite-cologne-2026,sticker-vexite-cologne-2026,ok,,https://cs2tokens.com/iem-cologne-2026/items/sticker-vexite-cologne-2026/q-data.json,Sticker | vexite | Cologne 2026,https://steamcommunity.com/market/listings/730/Sticker%20%7C%20vexite%20%7C%20Cologne%202026,1209,11162,5316,12,iem-cologne-2026,campaign_12,sticker,Autograph,vexite,Flyquest,rarity_rare
2026-06-04 00:38:18,20260604_003818,https://cs2tokens.com/browse?sort=price-asc,Paper,5061498f9f01,Sticker | Techno4K | Cologne 2026,Techno4K,Cologne 2026,Player,Paper,The MongolZ,High Grade,#4b69ff,5,0.05,102,161,0.6312,https://community.akamai.steamstatic.com/economy/image/i0CoZ81Ui0m-9KwlBY1L_18myuGuq1wfhWSaZgMttyVfPaERSR0Wqmu7LAocGJai0ki7VeTHjMmuOXSQ61MnpNWipUruRiLlm5Xo8y0P5Lz9OfQ9cvTBCjHDkLZ16LIxTiixlht-5z6Dmd2gJXzDbFJzCJBwE7MMrFDmxcmTPGOO,"=IMAGE(""https://community.akamai.steamstatic.com/economy/image/i0CoZ81Ui0m-9KwlBY1L_18myuGuq1wfhWSaZgMttyVfPaERSR0Wqmu7LAocGJai0ki7VeTHjMmuOXSQ61MnpNWipUruRiLlm5Xo8y0P5Lz9OfQ9cvTBCjHDkLZ16LIxTiixlht-5z6Dmd2gJXzDbFJzCJBwE7MMrFDmxcmTPGOO"")",https://cs2tokens.com/iem-cologne-2026/items/sticker-techno4k-cologne-2026,sticker-techno4k-cologne-2026,ok,,https://cs2tokens.com/iem-cologne-2026/items/sticker-techno4k-cologne-2026/q-data.json,Sticker | Techno4K | Cologne 2026,https://steamcommunity.com/market/listings/730/Sticker%20%7C%20Techno4K%20%7C%20Cologne%202026,1209,10598,5316,12,iem-cologne-2026,campaign_12,sticker,Autograph,Techno4K,The MongolZ,rarity_rare
2026-06-04 00:38:18,20260604_003818,https://cs2tokens.com/browse?sort=price-asc,Paper,a8122fc0e069,Sticker | zweih | Cologne 2026,zweih,Cologne 2026,Player,Paper,PARIVISION,High Grade,#4b69ff,5,0.05,103,161,0.6375,https://community.akamai.steamstatic.com/economy/image/i0CoZ81Ui0m-9KwlBY1L_18myuGuq1wfhWSaZgMttyVfPaERSR0Wqmu7LAocGJai0ki7VeTHjMmuOXSQ61MnpNWipUruRiLriZPp9WxZuqf8Mfw_I6fHDDDHlu935bZsGHjilhslsjnXyt_7cC_FP1MnA5EjW6dU5eIUiLfs,"=IMAGE(""https://community.akamai.steamstatic.com/economy/image/i0CoZ81Ui0m-9KwlBY1L_18myuGuq1wfhWSaZgMttyVfPaERSR0Wqmu7LAocGJai0ki7VeTHjMmuOXSQ61MnpNWipUruRiLriZPp9WxZuqf8Mfw_I6fHDDDHlu935bZsGHjilhslsjnXyt_7cC_FP1MnA5EjW6dU5eIUiLfs"")",https://cs2tokens.com/iem-cologne-2026/items/sticker-zweih-cologne-2026,sticker-zweih-cologne-2026,ok,,https://cs2tokens.com/iem-cologne-2026/items/sticker-zweih-cologne-2026/q-data.json,Sticker | zweih | Cologne 2026,https://steamcommunity.com/market/listings/730/Sticker%20%7C%20zweih%20%7C%20Cologne%202026,1209,10630,5316,12,iem-cologne-2026,campaign_12,sticker,Autograph,zweih,PARIVISION,rarity_rare
2026-06-04 00:38:18,20260604_003818,https://cs2tokens.com/browse?sort=price-asc,Paper,35bd1646d728,Sticker | YEKINDAR | Cologne 2026,YEKINDAR,Cologne 2026,Player,Paper,FURIA,High Grade,#4b69ff,5,0.05,104,161,0.6438,https://community.akamai.steamstatic.com/economy/image/i0CoZ81Ui0m-9KwlBY1L_18myuGuq1wfhWSaZgMttyVfPaERSR0Wqmu7LAocGJai0ki7VeTHjMmuOXSQ61MnpNWipUruRiLom53p8yZa_bz7OPdrJaiVWGGWw-xwtrBtHX_hwUohtzyGztipeCiXbVV1XJByR-ZcrFDmxYBAYuil,"=IMAGE(""https://community.akamai.steamstatic.com/economy/image/i0CoZ81Ui0m-9KwlBY1L_18myuGuq1wfhWSaZgMttyVfPaERSR0Wqmu7LAocGJai0ki7VeTHjMmuOXSQ61MnpNWipUruRiLom53p8yZa_bz7OPdrJaiVWGGWw-xwtrBtHX_hwUohtzyGztipeCiXbVV1XJByR-ZcrFDmxYBAYuil"")",https://cs2tokens.com/iem-cologne-2026/items/sticker-yekindar-cologne-2026,sticker-yekindar-cologne-2026,ok,,https://cs2tokens.com/iem-cologne-2026/items/sticker-yekindar-cologne-2026/q-data.json,Sticker | YEKINDAR | Cologne 2026,https://steamcommunity.com/market/listings/730/Sticker%20%7C%20YEKINDAR%20%7C%20Cologne%202026,1209,10654,5316,12,iem-cologne-2026,campaign_12,sticker,Autograph,YEKINDAR,FURIA,rarity_rare
2026-06-04 00:38:18,20260604_003818,https://cs2tokens.com/browse?sort=price-asc,Paper,662b74aaed7f,Sticker | Staehr | Cologne 2026,Staehr,Cologne 2026,Player,Paper,Astralis,High Grade,#4b69ff,5,0.05,105,161,0.65,https://community.akamai.steamstatic.com/economy/image/i0CoZ81Ui0m-9KwlBY1L_18myuGuq1wfhWSaZgMttyVfPaERSR0Wqmu7LAocGJai0ki7VeTHjMmuOXSQ61MnpNWipUruRiLiipfl9TAVufesP6JuJKmVXjbFlOshtOI-Hy_il08ktjyAyouscnqeaQUlD8MhE_lK7Edni8WCHg,"=IMAGE(""https://community.akamai.steamstatic.com/economy/image/i0CoZ81Ui0m-9KwlBY1L_18myuGuq1wfhWSaZgMttyVfPaERSR0Wqmu7LAocGJai0ki7VeTHjMmuOXSQ61MnpNWipUruRiLiipfl9TAVufesP6JuJKmVXjbFlOshtOI-Hy_il08ktjyAyouscnqeaQUlD8MhE_lK7Edni8WCHg"")",https://cs2tokens.com/iem-cologne-2026/items/sticker-staehr-cologne-2026,sticker-staehr-cologne-2026,ok,,https://cs2tokens.com/iem-cologne-2026/items/sticker-staehr-cologne-2026/q-data.json,Sticker | Staehr | Cologne 2026,https://steamcommunity.com/market/listings/730/Sticker%20%7C%20Staehr%20%7C%20Cologne%202026,1209,10750,5316,12,iem-cologne-2026,campaign_12,sticker,Autograph,Staehr,Astralis,rarity_rare
2026-06-04 00:38:18,20260604_003818,https://cs2tokens.com/browse?sort=price-asc,Paper,38d6369b4e1d,Sticker | AZUWU | Cologne 2026,AZUWU,Cologne 2026,Player,Paper,Monte,High Grade,#4b69ff,5,0.05,106,161,0.6562,https://community.akamai.steamstatic.com/economy/image/i0CoZ81Ui0m-9KwlBY1L_18myuGuq1wfhWSaZgMttyVfPaERSR0Wqmu7LAocGJai0ki7VeTHjMmuOXSQ61MnpNWipUruRiLwhIP36GwM7aevafNscPaWDT7Hkrxw47dsGSi2lE8j52jczNf7cSjDZwMhCJojW6dU5SEC0KdB,"=IMAGE(""https://community.akamai.steamstatic.com/economy/image/i0CoZ81Ui0m-9KwlBY1L_18myuGuq1wfhWSaZgMttyVfPaERSR0Wqmu7LAocGJai0ki7VeTHjMmuOXSQ61MnpNWipUruRiLwhIP36GwM7aevafNscPaWDT7Hkrxw47dsGSi2lE8j52jczNf7cSjDZwMhCJojW6dU5SEC0KdB"")",https://cs2tokens.com/iem-cologne-2026/items/sticker-azuwu-cologne-2026,sticker-azuwu-cologne-2026,ok,,https://cs2tokens.com/iem-cologne-2026/items/sticker-azuwu-cologne-2026/q-data.json,Sticker | AZUWU | Cologne 2026,https://steamcommunity.com/market/listings/730/Sticker%20%7C%20AZUWU%20%7C%20Cologne%202026,1209,10830,5316,12,iem-cologne-2026,campaign_12,sticker,Autograph,AZUWU,Monte,rarity_rare
2026-06-04 00:38:18,20260604_003818,https://cs2tokens.com/browse?sort=price-asc,Paper,593f9fb9f289,Sticker | Chr1zN | Cologne 2026,Chr1zN,Cologne 2026,Player,Paper,HEROIC,High Grade,#4b69ff,5,0.05,107,161,0.6625,https://community.akamai.steamstatic.com/economy/image/i0CoZ81Ui0m-9KwlBY1L_18myuGuq1wfhWSaZgMttyVfPaERSR0Wqmu7LAocGJai0ki7VeTHjMmuOXSQ61MnpNWipUruRiLyloSx5ywVvaD4bvQ1c6DCD2XJxO0k4-M_SnzrzRhy62SGzdiveC_CblQiWJAmTflK7Ec6m_sDjw,"=IMAGE(""https://community.akamai.steamstatic.com/economy/image/i0CoZ81Ui0m-9KwlBY1L_18myuGuq1wfhWSaZgMttyVfPaERSR0Wqmu7LAocGJai0ki7VeTHjMmuOXSQ61MnpNWipUruRiLyloSx5ywVvaD4bvQ1c6DCD2XJxO0k4-M_SnzrzRhy62SGzdiveC_CblQiWJAmTflK7Ec6m_sDjw"")",https://cs2tokens.com/iem-cologne-2026/items/sticker-chr1zn-cologne-2026,sticker-chr1zn-cologne-2026,ok,,https://cs2tokens.com/iem-cologne-2026/items/sticker-chr1zn-cologne-2026/q-data.json,Sticker | Chr1zN | Cologne 2026,https://steamcommunity.com/market/listings/730/Sticker%20%7C%20Chr1zN%20%7C%20Cologne%202026,1209,10906,5316,12,iem-cologne-2026,campaign_12,sticker,Autograph,Chr1zN,HEROIC,rarity_rare
2026-06-04 00:38:18,20260604_003818,https://cs2tokens.com/browse?sort=price-asc,Paper,d08c4c19b06e,Sticker | tabseN | Cologne 2026,tabseN,Cologne 2026,Player,Paper,BIG,High Grade,#4b69ff,5,0.05,108,161,0.6687,https://community.akamai.steamstatic.com/economy/image/i0CoZ81Ui0m-9KwlBY1L_18myuGuq1wfhWSaZgMttyVfPaERSR0Wqmu7LAocGJai0ki7VeTHjMmuOXSQ61MnpNWipUruRiLln5Tz-CwV7vT5OqE5JKLKCjDEwL1y5rM-Fyvjxx5wsTmEy9utdCmWP1N2XJokRflK7EcGsJuJxg,"=IMAGE(""https://community.akamai.steamstatic.com/economy/image/i0CoZ81Ui0m-9KwlBY1L_18myuGuq1wfhWSaZgMttyVfPaERSR0Wqmu7LAocGJai0ki7VeTHjMmuOXSQ61MnpNWipUruRiLln5Tz-CwV7vT5OqE5JKLKCjDEwL1y5rM-Fyvjxx5wsTmEy9utdCmWP1N2XJokRflK7EcGsJuJxg"")",https://cs2tokens.com/iem-cologne-2026/items/sticker-tabsen-cologne-2026,sticker-tabsen-cologne-2026,ok,,https://cs2tokens.com/iem-cologne-2026/items/sticker-tabsen-cologne-2026/q-data.json,Sticker | tabseN | Cologne 2026,https://steamcommunity.com/market/listings/730/Sticker%20%7C%20tabseN%20%7C%20Cologne%202026,1209,10934,5316,12,iem-cologne-2026,campaign_12,sticker,Autograph,tabseN,BIG,rarity_rare
2026-06-04 00:38:18,20260604_003818,https://cs2tokens.com/browse?sort=price-asc,Paper,5322d481cb12,Sticker | Mercury | Cologne 2026,Mercury,Cologne 2026,Player,Paper,TYLOO,High Grade,#4b69ff,5,0.05,109,161,0.675,https://community.akamai.steamstatic.com/economy/image/i0CoZ81Ui0m-9KwlBY1L_18myuGuq1wfhWSaZgMttyVfPaERSR0Wqmu7LAocGJai0ki7VeTHjMmuOXSQ61MnpNWipUruRiL8m4Tj6DBCoaGqOvw0JKOQWzKVmOt1tbdtGSvhlE126mqGmY2scSrFbQVzD8RxF-8U8k7vKlt7Wsg,"=IMAGE(""https://community.akamai.steamstatic.com/economy/image/i0CoZ81Ui0m-9KwlBY1L_18myuGuq1wfhWSaZgMttyVfPaERSR0Wqmu7LAocGJai0ki7VeTHjMmuOXSQ61MnpNWipUruRiL8m4Tj6DBCoaGqOvw0JKOQWzKVmOt1tbdtGSvhlE126mqGmY2scSrFbQVzD8RxF-8U8k7vKlt7Wsg"")",https://cs2tokens.com/iem-cologne-2026/items/sticker-mercury-cologne-2026,sticker-mercury-cologne-2026,ok,,https://cs2tokens.com/iem-cologne-2026/items/sticker-mercury-cologne-2026/q-data.json,Sticker | Mercury | Cologne 2026,https://steamcommunity.com/market/listings/730/Sticker%20%7C%20Mercury%20%7C%20Cologne%202026,1209,11034,5316,12,iem-cologne-2026,campaign_12,sticker,Autograph,Mercury,TYLOO,rarity_rare
2026-06-04 00:38:18,20260604_003818,https://cs2tokens.com/browse?sort=price-asc,Paper,d6bd62c705b0,Sticker | koala | Cologne 2026,koala,Cologne 2026,Player,Paper,Sharks Esports,High Grade,#4b69ff,5,0.05,110,161,0.6813,https://community.akamai.steamstatic.com/economy/image/i0CoZ81Ui0m-9KwlBY1L_18myuGuq1wfhWSaZgMttyVfPaERSR0Wqmu7LAocGJai0ki7VeTHjMmuOXSQ61MnpNWipUruRiL6kZfs_GwO7vT-Mfc9JfbDWT_GmOxz4eIwG3uyl0914W2Hm46udHjGawJyCJYkW6dU5eIUHk2D,"=IMAGE(""https://community.akamai.steamstatic.com/economy/image/i0CoZ81Ui0m-9KwlBY1L_18myuGuq1wfhWSaZgMttyVfPaERSR0Wqmu7LAocGJai0ki7VeTHjMmuOXSQ61MnpNWipUruRiL6kZfs_GwO7vT-Mfc9JfbDWT_GmOxz4eIwG3uyl0914W2Hm46udHjGawJyCJYkW6dU5eIUHk2D"")",https://cs2tokens.com/iem-cologne-2026/items/sticker-koala-cologne-2026,sticker-koala-cologne-2026,ok,,https://cs2tokens.com/iem-cologne-2026/items/sticker-koala-cologne-2026/q-data.json,Sticker | koala | Cologne 2026,https://steamcommunity.com/market/listings/730/Sticker%20%7C%20koala%20%7C%20Cologne%202026,1209,11058,5316,12,iem-cologne-2026,campaign_12,sticker,Autograph,koala,Sharks Esports,rarity_rare
2026-06-04 00:38:18,20260604_003818,https://cs2tokens.com/browse?sort=price-asc,Paper,05421ae22343,Sticker | EliGE | Cologne 2026,EliGE,Cologne 2026,Player,Paper,Team Liquid,High Grade,#4b69ff,5,0.05,111,161,0.6875,https://community.akamai.steamstatic.com/economy/image/i0CoZ81Ui0m-9KwlBY1L_18myuGuq1wfhWSaZgMttyVfPaERSR0Wqmu7LAocGJai0ki7VeTHjMmuOXSQ61MnpNWipUruRiL0kp_n-Gxd7qT4bvFpcKKRDWLIkL8gsrk8Gi3jxkl34mjXn4msd3rGOgQoD5EhW6dU5WYQ9jMx,"=IMAGE(""https://community.akamai.steamstatic.com/economy/image/i0CoZ81Ui0m-9KwlBY1L_18myuGuq1wfhWSaZgMttyVfPaERSR0Wqmu7LAocGJai0ki7VeTHjMmuOXSQ61MnpNWipUruRiL0kp_n-Gxd7qT4bvFpcKKRDWLIkL8gsrk8Gi3jxkl34mjXn4msd3rGOgQoD5EhW6dU5WYQ9jMx"")",https://cs2tokens.com/iem-cologne-2026/items/sticker-elige-cologne-2026,sticker-elige-cologne-2026,ok,,https://cs2tokens.com/iem-cologne-2026/items/sticker-elige-cologne-2026/q-data.json,Sticker | EliGE | Cologne 2026,https://steamcommunity.com/market/listings/730/Sticker%20%7C%20EliGE%20%7C%20Cologne%202026,1209,11094,5316,12,iem-cologne-2026,campaign_12,sticker,Autograph,EliGE,Team Liquid,rarity_rare
2026-06-04 00:38:18,20260604_003818,https://cs2tokens.com/browse?sort=price-asc,Paper,3976c1768200,Sticker | z4KR | Cologne 2026,z4KR,Cologne 2026,Player,Paper,Lynn Vision,High Grade,#4b69ff,5,0.05,112,161,0.6937,https://community.akamai.steamstatic.com/economy/image/i0CoZ81Ui0m-9KwlBY1L_18myuGuq1wfhWSaZgMttyVfPaERSR0Wqmu7LAocGJai0ki7VeTHjMmuOXSQ61MnpNWipUruRiLryp3ysyMPtvP-O_c1cPHEWmTHlL0i5LJqFn3lxk1w62SBydahdHvGZ1AnDpRuBbldUh3zFNw,"=IMAGE(""https://community.akamai.steamstatic.com/economy/image/i0CoZ81Ui0m-9KwlBY1L_18myuGuq1wfhWSaZgMttyVfPaERSR0Wqmu7LAocGJai0ki7VeTHjMmuOXSQ61MnpNWipUruRiLryp3ysyMPtvP-O_c1cPHEWmTHlL0i5LJqFn3lxk1w62SBydahdHvGZ1AnDpRuBbldUh3zFNw"")",https://cs2tokens.com/iem-cologne-2026/items/sticker-z4kr-cologne-2026,sticker-z4kr-cologne-2026,ok,,https://cs2tokens.com/iem-cologne-2026/items/sticker-z4kr-cologne-2026/q-data.json,Sticker | z4KR | Cologne 2026,https://steamcommunity.com/market/listings/730/Sticker%20%7C%20z4KR%20%7C%20Cologne%202026,1209,11118,5316,12,iem-cologne-2026,campaign_12,sticker,Autograph,z4KR,Lynn Vision,rarity_rare
2026-06-04 00:38:18,20260604_003818,https://cs2tokens.com/browse?sort=price-asc,Paper,b6ae44d05475,Sticker | EmiliaQAQ | Cologne 2026,EmiliaQAQ,Cologne 2026,Player,Paper,Lynn Vision,High Grade,#4b69ff,5,0.05,113,161,0.7,https://community.akamai.steamstatic.com/economy/image/i0CoZ81Ui0m-9KwlBY1L_18myuGuq1wfhWSaZgMttyVfPaERSR0Wqmu7LAocGJai0ki7VeTHjMmuOXSQ61MnpNWipUruRiL0k5_s9CNK7uPgOvw0dvTFXGSRwLovtrc4G3C2wE11t2uEyN2hIinCbAZyX8YhTOJfsg74zIOTloetKQ,"=IMAGE(""https://community.akamai.steamstatic.com/economy/image/i0CoZ81Ui0m-9KwlBY1L_18myuGuq1wfhWSaZgMttyVfPaERSR0Wqmu7LAocGJai0ki7VeTHjMmuOXSQ61MnpNWipUruRiL0k5_s9CNK7uPgOvw0dvTFXGSRwLovtrc4G3C2wE11t2uEyN2hIinCbAZyX8YhTOJfsg74zIOTloetKQ"")",https://cs2tokens.com/iem-cologne-2026/items/sticker-emiliaqaq-cologne-2026,sticker-emiliaqaq-cologne-2026,ok,,https://cs2tokens.com/iem-cologne-2026/items/sticker-emiliaqaq-cologne-2026/q-data.json,Sticker | EmiliaQAQ | Cologne 2026,https://steamcommunity.com/market/listings/730/Sticker%20%7C%20EmiliaQAQ%20%7C%20Cologne%202026,1209,11126,5316,12,iem-cologne-2026,campaign_12,sticker,Autograph,EmiliaQAQ,Lynn Vision,rarity_rare
2026-06-04 00:38:18,20260604_003818,https://cs2tokens.com/browse?sort=price-asc,Paper,e81215de09ce,Sticker | Liazz | Cologne 2026,Liazz,Cologne 2026,Player,Paper,,High Grade,#4b69ff,5,0.05,114,161,0.7063,https://community.akamai.steamstatic.com/economy/image/i0CoZ81Ui0m-9KwlBY1L_18myuGuq1wfhWSaZgMttyVfPaERSR0Wqmu7LAocGJai0ki7VeTHjMmuOXSQ61MnpNWipUruRiL9l5f652wP66L7PfM-I6DAVzaWkb4gtLE-Gi_qxBh0sTjXzN-gdHnBPAQkDsMmW6dU5c4Z0lH4,"=IMAGE(""https://community.akamai.steamstatic.com/economy/image/i0CoZ81Ui0m-9KwlBY1L_18myuGuq1wfhWSaZgMttyVfPaERSR0Wqmu7LAocGJai0ki7VeTHjMmuOXSQ61MnpNWipUruRiL9l5f652wP66L7PfM-I6DAVzaWkb4gtLE-Gi_qxBh0sTjXzN-gdHnBPAQkDsMmW6dU5c4Z0lH4"")",https://cs2tokens.com/iem-cologne-2026/items/sticker-liazz-cologne-2026,sticker-liazz-cologne-2026,ok,,https://cs2tokens.com/iem-cologne-2026/items/sticker-liazz-cologne-2026/q-data.json,Sticker | Liazz | Cologne 2026,https://steamcommunity.com/market/listings/730/Sticker%20%7C%20Liazz%20%7C%20Cologne%202026,1209,11138,5316,12,iem-cologne-2026,campaign_12,sticker,Autograph,Liazz,,rarity_rare
2026-06-04 00:38:18,20260604_003818,https://cs2tokens.com/browse?sort=price-asc,Paper,44793a5948bb,Sticker | aliStair | Cologne 2026,aliStair,Cologne 2026,Player,Paper,,High Grade,#4b69ff,5,0.05,115,161,0.7125,https://community.akamai.steamstatic.com/economy/image/i0CoZ81Ui0m-9KwlBY1L_18myuGuq1wfhWSaZgMttyVfPaERSR0Wqmu7LAocGJai0ki7VeTHjMmuOXSQ61MnpNWipUruRiLwkp_z6SNS_bz3bPA0dKGXWjXIw7904uVqSnGwzR5z526Gw47_eC_FO1VzWcR1TOdcrFDmxcXmBg43,"=IMAGE(""https://community.akamai.steamstatic.com/economy/image/i0CoZ81Ui0m-9KwlBY1L_18myuGuq1wfhWSaZgMttyVfPaERSR0Wqmu7LAocGJai0ki7VeTHjMmuOXSQ61MnpNWipUruRiLwkp_z6SNS_bz3bPA0dKGXWjXIw7904uVqSnGwzR5z526Gw47_eC_FO1VzWcR1TOdcrFDmxcXmBg43"")",https://cs2tokens.com/iem-cologne-2026/items/sticker-alistair-cologne-2026,sticker-alistair-cologne-2026,ok,,https://cs2tokens.com/iem-cologne-2026/items/sticker-alistair-cologne-2026/q-data.json,Sticker | aliStair | Cologne 2026,https://steamcommunity.com/market/listings/730/Sticker%20%7C%20aliStair%20%7C%20Cologne%202026,1209,11142,5316,12,iem-cologne-2026,campaign_12,sticker,Autograph,aliStair,,rarity_rare
2026-06-04 00:38:18,20260604_003818,https://cs2tokens.com/browse?sort=price-asc,Paper,1a7d7ad13a59,Sticker | kyxsan | Cologne 2026,kyxsan,Cologne 2026,Player,Paper,Falcons,High Grade,#4b69ff,6,0.06,116,161,0.7188,https://community.akamai.steamstatic.com/economy/image/i0CoZ81Ui0m-9KwlBY1L_18myuGuq1wfhWSaZgMttyVfPaERSR0Wqmu7LAocGJai0ki7VeTHjMmuOXSQ61MnpNWipUruRiL6h47z_CwVuvaqaqA1JaTEDDWSmLsktLM6FnqwxU8lt2yGmNyrIHOUOgVyD8YkQ_lK7EesjvrOOQ,"=IMAGE(""https://community.akamai.steamstatic.com/economy/image/i0CoZ81Ui0m-9KwlBY1L_18myuGuq1wfhWSaZgMttyVfPaERSR0Wqmu7LAocGJai0ki7VeTHjMmuOXSQ61MnpNWipUruRiL6h47z_CwVuvaqaqA1JaTEDDWSmLsktLM6FnqwxU8lt2yGmNyrIHOUOgVyD8YkQ_lK7EesjvrOOQ"")",https://cs2tokens.com/iem-cologne-2026/items/sticker-kyxsan-cologne-2026,sticker-kyxsan-cologne-2026,ok,,https://cs2tokens.com/iem-cologne-2026/items/sticker-kyxsan-cologne-2026/q-data.json,Sticker | kyxsan | Cologne 2026,https://steamcommunity.com/market/listings/730/Sticker%20%7C%20kyxsan%20%7C%20Cologne%202026,1209,10578,5316,12,iem-cologne-2026,campaign_12,sticker,Autograph,kyxsan,Falcons,rarity_rare
2026-06-04 00:38:18,20260604_003818,https://cs2tokens.com/browse?sort=price-asc,Paper,471b0fd0f700,Sticker | TeSeS | Cologne 2026,TeSeS,Cologne 2026,Player,Paper,Falcons,High Grade,#4b69ff,6,0.06,117,161,0.725,https://community.akamai.steamstatic.com/economy/image/i0CoZ81Ui0m-9KwlBY1L_18myuGuq1wfhWSaZgMttyVfPaERSR0Wqmu7LAocGJai0ki7VeTHjMmuOXSQ61MnpNWipUruRiLlm4Xl7mxfvKb-bPw4cfbHDWPHkrcn5LFtHyjqwksh5mjTntigdi_FaQ4iW5t3W6dU5Y6GUBF2,"=IMAGE(""https://community.akamai.steamstatic.com/economy/image/i0CoZ81Ui0m-9KwlBY1L_18myuGuq1wfhWSaZgMttyVfPaERSR0Wqmu7LAocGJai0ki7VeTHjMmuOXSQ61MnpNWipUruRiLlm4Xl7mxfvKb-bPw4cfbHDWPHkrcn5LFtHyjqwksh5mjTntigdi_FaQ4iW5t3W6dU5Y6GUBF2"")",https://cs2tokens.com/iem-cologne-2026/items/sticker-teses-cologne-2026,sticker-teses-cologne-2026,ok,,https://cs2tokens.com/iem-cologne-2026/items/sticker-teses-cologne-2026/q-data.json,Sticker | TeSeS | Cologne 2026,https://steamcommunity.com/market/listings/730/Sticker%20%7C%20TeSeS%20%7C%20Cologne%202026,1209,10586,5316,12,iem-cologne-2026,campaign_12,sticker,Autograph,TeSeS,Falcons,rarity_rare
2026-06-04 00:38:18,20260604_003818,https://cs2tokens.com/browse?sort=price-asc,Paper,0cbdf7e2086b,Sticker | 910 | Cologne 2026,910,Cologne 2026,Player,Paper,The MongolZ,High Grade,#4b69ff,6,0.06,118,161,0.7312,https://community.akamai.steamstatic.com/economy/image/i0CoZ81Ui0m-9KwlBY1L_18myuGuq1wfhWSaZgMttyVfPaERSR0Wqmu7LAocGJai0ki7VeTHjMmuOXSQ61MnpNWipUruRiKoz8auqXVYu6WoPPQ6dvSVCz6Sx7l06blqTn21wh4ktjvXmd2rI33DPAQkA4wwG7DsBK2kDw,"=IMAGE(""https://community.akamai.steamstatic.com/economy/image/i0CoZ81Ui0m-9KwlBY1L_18myuGuq1wfhWSaZgMttyVfPaERSR0Wqmu7LAocGJai0ki7VeTHjMmuOXSQ61MnpNWipUruRiKoz8auqXVYu6WoPPQ6dvSVCz6Sx7l06blqTn21wh4ktjvXmd2rI33DPAQkA4wwG7DsBK2kDw"")",https://cs2tokens.com/iem-cologne-2026/items/sticker-910-cologne-2026,sticker-910-cologne-2026,ok,,https://cs2tokens.com/iem-cologne-2026/items/sticker-910-cologne-2026/q-data.json,Sticker | 910 | Cologne 2026,https://steamcommunity.com/market/listings/730/Sticker%20%7C%20910%20%7C%20Cologne%202026,1209,10610,5316,12,iem-cologne-2026,campaign_12,sticker,Autograph,910,The MongolZ,rarity_rare
2026-06-04 00:38:18,20260604_003818,https://cs2tokens.com/browse?sort=price-asc,Paper,b8c99b244c89,Sticker | KSCERATO | Cologne 2026,KSCERATO,Cologne 2026,Player,Paper,FURIA,High Grade,#4b69ff,6,0.06,119,161,0.7375,https://community.akamai.steamstatic.com/economy/image/i0CoZ81Ui0m-9KwlBY1L_18myuGuq1wfhWSaZgMttyVfPaERSR0Wqmu7LAocGJai0ki7VeTHjMmuOXSQ61MnpNWipUruRiL6jZXl7yNP4Lz8OPY6d6PKXjXEk-ok5LRsHXjmw0Qj4z6Gmdb_IyqRPQIgDsciF-JerFDmxcTw6OKV,"=IMAGE(""https://community.akamai.steamstatic.com/economy/image/i0CoZ81Ui0m-9KwlBY1L_18myuGuq1wfhWSaZgMttyVfPaERSR0Wqmu7LAocGJai0ki7VeTHjMmuOXSQ61MnpNWipUruRiL6jZXl7yNP4Lz8OPY6d6PKXjXEk-ok5LRsHXjmw0Qj4z6Gmdb_IyqRPQIgDsciF-JerFDmxcTw6OKV"")",https://cs2tokens.com/iem-cologne-2026/items/sticker-kscerato-cologne-2026,sticker-kscerato-cologne-2026,ok,,https://cs2tokens.com/iem-cologne-2026/items/sticker-kscerato-cologne-2026/q-data.json,Sticker | KSCERATO | Cologne 2026,https://steamcommunity.com/market/listings/730/Sticker%20%7C%20KSCERATO%20%7C%20Cologne%202026,1209,10658,5316,12,iem-cologne-2026,campaign_12,sticker,Autograph,KSCERATO,FURIA,rarity_rare
2026-06-04 00:38:18,20260604_003818,https://cs2tokens.com/browse?sort=price-asc,Paper,e56cc720e7a0,Sticker | v$m | Cologne 2026,v$m,Cologne 2026,Player,Paper,paiN Gaming,High Grade,#4b69ff,6,0.06,120,161,0.7438,https://community.akamai.steamstatic.com/economy/image/i0CoZ81Ui0m-9KwlBY1L_18myuGuq1wfhWSaZgMttyVfPaERSR0Wqmu7LAocGJai0ki7VeTHjMmuOXSQ61MnpNWipUruRiLnjZuuqCZeu_Gqafc9JvWQWGHDxOwh4OVvGyuyxR4l62TXm9qoJCqRPAckWYwwG7COw5BLxw,"=IMAGE(""https://community.akamai.steamstatic.com/economy/image/i0CoZ81Ui0m-9KwlBY1L_18myuGuq1wfhWSaZgMttyVfPaERSR0Wqmu7LAocGJai0ki7VeTHjMmuOXSQ61MnpNWipUruRiLnjZuuqCZeu_Gqafc9JvWQWGHDxOwh4OVvGyuyxR4l62TXm9qoJCqRPAckWYwwG7COw5BLxw"")",https://cs2tokens.com/iem-cologne-2026/items/sticker-v-m-cologne-2026,sticker-v-m-cologne-2026,ok,,https://cs2tokens.com/iem-cologne-2026/items/sticker-v-m-cologne-2026/q-data.json,Sticker | v$m | Cologne 2026,https://steamcommunity.com/market/listings/730/Sticker%20%7C%20v%24m%20%7C%20Cologne%202026,1209,10810,5316,12,iem-cologne-2026,campaign_12,sticker,Autograph,v$m,paiN Gaming,rarity_rare
2026-06-04 00:38:18,20260604_003818,https://cs2tokens.com/browse?sort=price-asc,Paper,cb23e4ac112e,Sticker | S1ren | Cologne 2026,S1ren,Cologne 2026,Player,Paper,BetBoom,High Grade,#4b69ff,6,0.06,121,161,0.75,https://community.akamai.steamstatic.com/economy/image/i0CoZ81Ui0m-9KwlBY1L_18myuGuq1wfhWSaZgMttyVfPaERSR0Wqmu7LAocGJai0ki7VeTHjMmuOXSQ61MnpNWipUruRiLiz4Tl82wC66SrbfM1eKOVDzfIlOsj47drSi_gzEhz4G-GzImoci2fPAEoWMRyW6dU5bO2kB5N,"=IMAGE(""https://community.akamai.steamstatic.com/economy/image/i0CoZ81Ui0m-9KwlBY1L_18myuGuq1wfhWSaZgMttyVfPaERSR0Wqmu7LAocGJai0ki7VeTHjMmuOXSQ61MnpNWipUruRiLiz4Tl82wC66SrbfM1eKOVDzfIlOsj47drSi_gzEhz4G-GzImoci2fPAEoWMRyW6dU5bO2kB5N"")",https://cs2tokens.com/iem-cologne-2026/items/sticker-s1ren-cologne-2026,sticker-s1ren-cologne-2026,ok,,https://cs2tokens.com/iem-cologne-2026/items/sticker-s1ren-cologne-2026/q-data.json,Sticker | S1ren | Cologne 2026,https://steamcommunity.com/market/listings/730/Sticker%20%7C%20S1ren%20%7C%20Cologne%202026,1209,10922,5316,12,iem-cologne-2026,campaign_12,sticker,Autograph,S1ren,BetBoom,rarity_rare
2026-06-04 00:38:18,20260604_003818,https://cs2tokens.com/browse?sort=price-asc,Paper,556235fac98f,Sticker | TjP | Cologne 2026,TjP,Cologne 2026,Player,Paper,,High Grade,#4b69ff,6,0.06,122,161,0.7562,https://community.akamai.steamstatic.com/economy/image/i0CoZ81Ui0m-9KwlBY1L_18myuGuq1wfhWSaZgMttyVfPaERSR0Wqmu7LAocGJai0ki7VeTHjMmuOXSQ61MnpNWipUruRiLllIauqSMPuPD_Ovxuc6bLCjDJl7pz5LNtHSjrwUx1tmTQz9uqc3ifb1QkWIwwG7AT66z5Gw,"=IMAGE(""https://community.akamai.steamstatic.com/economy/image/i0CoZ81Ui0m-9KwlBY1L_18myuGuq1wfhWSaZgMttyVfPaERSR0Wqmu7LAocGJai0ki7VeTHjMmuOXSQ61MnpNWipUruRiLllIauqSMPuPD_Ovxuc6bLCjDJl7pz5LNtHSjrwUx1tmTQz9uqc3ifb1QkWIwwG7AT66z5Gw"")",https://cs2tokens.com/iem-cologne-2026/items/sticker-tjp-cologne-2026,sticker-tjp-cologne-2026,ok,,https://cs2tokens.com/iem-cologne-2026/items/sticker-tjp-cologne-2026/q-data.json,Sticker | TjP | Cologne 2026,https://steamcommunity.com/market/listings/730/Sticker%20%7C%20TjP%20%7C%20Cologne%202026,1209,11150,5316,12,iem-cologne-2026,campaign_12,sticker,Autograph,TjP,,rarity_rare
2026-06-04 00:38:18,20260604_003818,https://cs2tokens.com/browse?sort=price-asc,Paper,16c81e4d4e63,Sticker | iM | Cologne 2026,iM,Cologne 2026,Player,Paper,Natus Vincere,High Grade,#4b69ff,7,0.07,123,161,0.7625,https://community.akamai.steamstatic.com/economy/image/i0CoZ81Ui0m-9KwlBY1L_18myuGuq1wfhWSaZgMttyVfPaERSR0Wqmu7LAocGJai0ki7VeTHjMmuOXSQ61MnpNWipUruRiL4k9jlq3oIv_T4afA5d6CQWjfFkL50tbI9SXmwl0ki6jndnNb7c3ueZgckFNIuEvKZzgOP,"=IMAGE(""https://community.akamai.steamstatic.com/economy/image/i0CoZ81Ui0m-9KwlBY1L_18myuGuq1wfhWSaZgMttyVfPaERSR0Wqmu7LAocGJai0ki7VeTHjMmuOXSQ61MnpNWipUruRiL4k9jlq3oIv_T4afA5d6CQWjfFkL50tbI9SXmwl0ki6jndnNb7c3ueZgckFNIuEvKZzgOP"")",https://cs2tokens.com/iem-cologne-2026/items/sticker-im-cologne-2026,sticker-im-cologne-2026,ok,,https://cs2tokens.com/iem-cologne-2026/items/sticker-im-cologne-2026/q-data.json,Sticker | iM | Cologne 2026,https://steamcommunity.com/market/listings/730/Sticker%20%7C%20iM%20%7C%20Cologne%202026,1209,10566,5316,12,iem-cologne-2026,campaign_12,sticker,Autograph,iM,Natus Vincere,rarity_rare
2026-06-04 00:38:18,20260604_003818,https://cs2tokens.com/browse?sort=price-asc,Paper,c86718fd9db3,Sticker | Zero | Cologne 2026,Zero,Cologne 2026,Player,Paper,TYLOO,High Grade,#4b69ff,7,0.07,124,161,0.7688,https://community.akamai.steamstatic.com/economy/image/i0CoZ81Ui0m-9KwlBY1L_18myuGuq1wfhWSaZgMttyVfPaERSR0Wqmu7LAocGJai0ki7VeTHjMmuOXSQ61MnpNWipUruRiLrm4Tv_iwVuaP8Ofw5JaSXW2bCmegk4eI7S3riwB915DnWzNerJH6TOgInXpNzTflK7EfFnGCDAQ,"=IMAGE(""https://community.akamai.steamstatic.com/economy/image/i0CoZ81Ui0m-9KwlBY1L_18myuGuq1wfhWSaZgMttyVfPaERSR0Wqmu7LAocGJai0ki7VeTHjMmuOXSQ61MnpNWipUruRiLrm4Tv_iwVuaP8Ofw5JaSXW2bCmegk4eI7S3riwB915DnWzNerJH6TOgInXpNzTflK7EfFnGCDAQ"")",https://cs2tokens.com/iem-cologne-2026/items/sticker-zero-cologne-2026,sticker-zero-cologne-2026,ok,,https://cs2tokens.com/iem-cologne-2026/items/sticker-zero-cologne-2026/q-data.json,Sticker | Zero | Cologne 2026,https://steamcommunity.com/market/listings/730/Sticker%20%7C%20Zero%20%7C%20Cologne%202026,1209,11050,5316,12,iem-cologne-2026,campaign_12,sticker,Autograph,Zero,TYLOO,rarity_rare
2026-06-04 00:38:18,20260604_003818,https://cs2tokens.com/browse?sort=price-asc,Paper,4d6ad11830df,Sticker | mezii | Cologne 2026,mezii,Cologne 2026,Player,Paper,Vitality,High Grade,#4b69ff,8,0.08,125,161,0.775,https://community.akamai.steamstatic.com/economy/image/i0CoZ81Ui0m-9KwlBY1L_18myuGuq1wfhWSaZgMttyVfPaERSR0Wqmu7LAocGJai0ki7VeTHjMmuOXSQ61MnpNWipUruRiL8m4zp9GwMuvf-PPVvcKLEXjHJmbsi5ec-TnHrwEUm5D-HntyodHyXaQYgX5MjW6dU5Q-VYXbM,"=IMAGE(""https://community.akamai.steamstatic.com/economy/image/i0CoZ81Ui0m-9KwlBY1L_18myuGuq1wfhWSaZgMttyVfPaERSR0Wqmu7LAocGJai0ki7VeTHjMmuOXSQ61MnpNWipUruRiL8m4zp9GwMuvf-PPVvcKLEXjHJmbsi5ec-TnHrwEUm5D-HntyodHyXaQYgX5MjW6dU5Q-VYXbM"")",https://cs2tokens.com/iem-cologne-2026/items/sticker-mezii-cologne-2026,sticker-mezii-cologne-2026,ok,,https://cs2tokens.com/iem-cologne-2026/items/sticker-mezii-cologne-2026/q-data.json,Sticker | mezii | Cologne 2026,https://steamcommunity.com/market/listings/730/Sticker%20%7C%20mezii%20%7C%20Cologne%202026,1209,10542,5316,12,iem-cologne-2026,campaign_12,sticker,Autograph,mezii,Vitality,rarity_rare
2026-06-04 00:38:18,20260604_003818,https://cs2tokens.com/browse?sort=price-asc,Paper,388ca2e29c5c,Sticker | Aleksib | Cologne 2026,Aleksib,Cologne 2026,Player,Paper,Natus Vincere,High Grade,#4b69ff,8,0.08,126,161,0.7812,https://community.akamai.steamstatic.com/economy/image/i0CoZ81Ui0m-9KwlBY1L_18myuGuq1wfhWSaZgMttyVfPaERSR0Wqmu7LAocGJai0ki7VeTHjMmuOXSQ61MnpNWipUruRiLwkpPr7itZofP7bvw1IqOWD2PHxb4jtbJrFirkxUpyt2Xcnt6reH7BaQEmX5ciQLMU8k7vPq6drsc,"=IMAGE(""https://community.akamai.steamstatic.com/economy/image/i0CoZ81Ui0m-9KwlBY1L_18myuGuq1wfhWSaZgMttyVfPaERSR0Wqmu7LAocGJai0ki7VeTHjMmuOXSQ61MnpNWipUruRiLwkpPr7itZofP7bvw1IqOWD2PHxb4jtbJrFirkxUpyt2Xcnt6reH7BaQEmX5ciQLMU8k7vPq6drsc"")",https://cs2tokens.com/iem-cologne-2026/items/sticker-aleksib-cologne-2026,sticker-aleksib-cologne-2026,ok,,https://cs2tokens.com/iem-cologne-2026/items/sticker-aleksib-cologne-2026/q-data.json,Sticker | Aleksib | Cologne 2026,https://steamcommunity.com/market/listings/730/Sticker%20%7C%20Aleksib%20%7C%20Cologne%202026,1209,10558,5316,12,iem-cologne-2026,campaign_12,sticker,Autograph,Aleksib,Natus Vincere,rarity_rare
2026-06-04 00:38:18,20260604_003818,https://cs2tokens.com/browse?sort=price-asc,Paper,f5be20e84f35,Sticker | mzinho | Cologne 2026,mzinho,Cologne 2026,Player,Paper,The MongolZ,High Grade,#4b69ff,8,0.08,127,161,0.7875,https://community.akamai.steamstatic.com/economy/image/i0CoZ81Ui0m-9KwlBY1L_18myuGuq1wfhWSaZgMttyVfPaERSR0Wqmu7LAocGJai0ki7VeTHjMmuOXSQ61MnpNWipUruRiL8hJ_u9S0VtqD4MPQ1damVX2HBmLkv6bI7G37kkR5_sTjQz9-gIy3EbAckCJckRflK7Edohtx6DA,"=IMAGE(""https://community.akamai.steamstatic.com/economy/image/i0CoZ81Ui0m-9KwlBY1L_18myuGuq1wfhWSaZgMttyVfPaERSR0Wqmu7LAocGJai0ki7VeTHjMmuOXSQ61MnpNWipUruRiL8hJ_u9S0VtqD4MPQ1damVX2HBmLkv6bI7G37kkR5_sTjQz9-gIy3EbAckCJckRflK7Edohtx6DA"")",https://cs2tokens.com/iem-cologne-2026/items/sticker-mzinho-cologne-2026,sticker-mzinho-cologne-2026,ok,,https://cs2tokens.com/iem-cologne-2026/items/sticker-mzinho-cologne-2026/q-data.json,Sticker | mzinho | Cologne 2026,https://steamcommunity.com/market/listings/730/Sticker%20%7C%20mzinho%20%7C%20Cologne%202026,1209,10606,5316,12,iem-cologne-2026,campaign_12,sticker,Autograph,mzinho,The MongolZ,rarity_rare
2026-06-04 00:38:18,20260604_003818,https://cs2tokens.com/browse?sort=price-asc,Paper,16a866c43f68,Sticker | b1t | Cologne 2026,b1t,Cologne 2026,Player,Paper,Natus Vincere,High Grade,#4b69ff,9,0.09,128,161,0.7937,https://community.akamai.steamstatic.com/economy/image/i0CoZ81Ui0m-9KwlBY1L_18myuGuq1wfhWSaZgMttyVfPaERSR0Wqmu7LAocGJai0ki7VeTHjMmuOXSQ61MnpNWipUruRiLzz4Ku_nVd7ff4afM4caPEDTbHkuom4bNoTCznxUhx4z-Dn9v6c3_DagN1DowwG7CKlCsznQ,"=IMAGE(""https://community.akamai.steamstatic.com/economy/image/i0CoZ81Ui0m-9KwlBY1L_18myuGuq1wfhWSaZgMttyVfPaERSR0Wqmu7LAocGJai0ki7VeTHjMmuOXSQ61MnpNWipUruRiLzz4Ku_nVd7ff4afM4caPEDTbHkuom4bNoTCznxUhx4z-Dn9v6c3_DagN1DowwG7CKlCsznQ"")",https://cs2tokens.com/iem-cologne-2026/items/sticker-b1t-cologne-2026,sticker-b1t-cologne-2026,ok,,https://cs2tokens.com/iem-cologne-2026/items/sticker-b1t-cologne-2026/q-data.json,Sticker | b1t | Cologne 2026,https://steamcommunity.com/market/listings/730/Sticker%20%7C%20b1t%20%7C%20Cologne%202026,1209,10562,5316,12,iem-cologne-2026,campaign_12,sticker,Autograph,b1t,Natus Vincere,rarity_rare
2026-06-04 00:38:18,20260604_003818,https://cs2tokens.com/browse?sort=price-asc,Paper,8bedb149b80c,Sticker | xertioN | Cologne 2026,xertioN,Cologne 2026,Player,Paper,MOUZ,High Grade,#4b69ff,9,0.09,129,161,0.8,https://community.akamai.steamstatic.com/economy/image/i0CoZ81Ui0m-9KwlBY1L_18myuGuq1wfhWSaZgMttyVfPaERSR0Wqmu7LAocGJai0ki7VeTHjMmuOXSQ61MnpNWipUruRiLpm4T09C1VoaKsO_FudaKWXWOWxL8lseNvSXzilhgh5z7VyIyvdXqQPwIkCcMhF-EU8k7vzV6XxyY,"=IMAGE(""https://community.akamai.steamstatic.com/economy/image/i0CoZ81Ui0m-9KwlBY1L_18myuGuq1wfhWSaZgMttyVfPaERSR0Wqmu7LAocGJai0ki7VeTHjMmuOXSQ61MnpNWipUruRiLpm4T09C1VoaKsO_FudaKWXWOWxL8lseNvSXzilhgh5z7VyIyvdXqQPwIkCcMhF-EU8k7vzV6XxyY"")",https://cs2tokens.com/iem-cologne-2026/items/sticker-xertion-cologne-2026,sticker-xertion-cologne-2026,ok,,https://cs2tokens.com/iem-cologne-2026/items/sticker-xertion-cologne-2026/q-data.json,Sticker | xertioN | Cologne 2026,https://steamcommunity.com/market/listings/730/Sticker%20%7C%20xertioN%20%7C%20Cologne%202026,1209,10690,5316,12,iem-cologne-2026,campaign_12,sticker,Autograph,xertioN,MOUZ,rarity_rare
2026-06-04 00:38:18,20260604_003818,https://cs2tokens.com/browse?sort=price-asc,Paper,ddfbbeb40e6f,Sticker | zont1x | Cologne 2026,zont1x,Cologne 2026,Player,Paper,Team Spirit,High Grade,#4b69ff,9,0.09,130,161,0.8063,https://community.akamai.steamstatic.com/economy/image/i0CoZ81Ui0m-9KwlBY1L_18myuGuq1wfhWSaZgMttyVfPaERSR0Wqmu7LAocGJai0ki7VeTHjMmuOXSQ61MnpNWipUruRiLrkZj0rDoVvff3OvU7cfXCW2KTlLh1tOVqTHCxw0V_52qEwo6vJHOUZgRzDsAjQPlK7EdGlVa0xg,"=IMAGE(""https://community.akamai.steamstatic.com/economy/image/i0CoZ81Ui0m-9KwlBY1L_18myuGuq1wfhWSaZgMttyVfPaERSR0Wqmu7LAocGJai0ki7VeTHjMmuOXSQ61MnpNWipUruRiLrkZj0rDoVvff3OvU7cfXCW2KTlLh1tOVqTHCxw0V_52qEwo6vJHOUZgRzDsAjQPlK7EdGlVa0xg"")",https://cs2tokens.com/iem-cologne-2026/items/sticker-zont1x-cologne-2026,sticker-zont1x-cologne-2026,ok,,https://cs2tokens.com/iem-cologne-2026/items/sticker-zont1x-cologne-2026/q-data.json,Sticker | zont1x | Cologne 2026,https://steamcommunity.com/market/listings/730/Sticker%20%7C%20zont1x%20%7C%20Cologne%202026,1209,10730,5316,12,iem-cologne-2026,campaign_12,sticker,Autograph,zont1x,Team Spirit,rarity_rare
2026-06-04 00:38:18,20260604_003818,https://cs2tokens.com/browse?sort=price-asc,Paper,47eaac7bff0a,Sticker | latto | Cologne 2026,latto,Cologne 2026,Player,Paper,Legacy,High Grade,#4b69ff,9,0.09,131,161,0.8125,https://community.akamai.steamstatic.com/economy/image/i0CoZ81Ui0m-9KwlBY1L_18myuGuq1wfhWSaZgMttyVfPaERSR0Wqmu7LAocGJai0ki7VeTHjMmuOXSQ61MnpNWipUruRiL9n4L08mxe7fCoPfRud_HKDDPFlu0u6blvGnu1wU9z52jSz9msdXzDO1N1WJV1W6dU5UEhmJEf,"=IMAGE(""https://community.akamai.steamstatic.com/economy/image/i0CoZ81Ui0m-9KwlBY1L_18myuGuq1wfhWSaZgMttyVfPaERSR0Wqmu7LAocGJai0ki7VeTHjMmuOXSQ61MnpNWipUruRiL9n4L08mxe7fCoPfRud_HKDDPFlu0u6blvGnu1wU9z52jSz9msdXzDO1N1WJV1W6dU5UEhmJEf"")",https://cs2tokens.com/iem-cologne-2026/items/sticker-latto-cologne-2026,sticker-latto-cologne-2026,ok,,https://cs2tokens.com/iem-cologne-2026/items/sticker-latto-cologne-2026/q-data.json,Sticker | latto | Cologne 2026,https://steamcommunity.com/market/listings/730/Sticker%20%7C%20latto%20%7C%20Cologne%202026,1209,10778,5316,12,iem-cologne-2026,campaign_12,sticker,Autograph,latto,Legacy,rarity_rare
2026-06-04 00:38:18,20260604_003818,https://cs2tokens.com/browse?sort=price-asc,Paper,2aea13e4af29,Sticker | Swisher | Cologne 2026,Swisher,Cologne 2026,Player,Paper,M80,High Grade,#4b69ff,9,0.09,132,161,0.8187,https://community.akamai.steamstatic.com/economy/image/i0CoZ81Ui0m-9KwlBY1L_18myuGuq1wfhWSaZgMttyVfPaERSR0Wqmu7LAocGJai0ki7VeTHjMmuOXSQ61MnpNWipUruRiLiiZ_z9SdJoaWoMPQ_dvKXXT_DmOgh5rI7Gn_gwEtxsjnUytatIC6VZwInCJFwQrUU8k7viUd2kM4,"=IMAGE(""https://community.akamai.steamstatic.com/economy/image/i0CoZ81Ui0m-9KwlBY1L_18myuGuq1wfhWSaZgMttyVfPaERSR0Wqmu7LAocGJai0ki7VeTHjMmuOXSQ61MnpNWipUruRiLiiZ_z9SdJoaWoMPQ_dvKXXT_DmOgh5rI7Gn_gwEtxsjnUytatIC6VZwInCJFwQrUU8k7viUd2kM4"")",https://cs2tokens.com/iem-cologne-2026/items/sticker-swisher-cologne-2026,sticker-swisher-cologne-2026,ok,,https://cs2tokens.com/iem-cologne-2026/items/sticker-swisher-cologne-2026/q-data.json,Sticker | Swisher | Cologne 2026,https://steamcommunity.com/market/listings/730/Sticker%20%7C%20Swisher%20%7C%20Cologne%202026,1209,10954,5316,12,iem-cologne-2026,campaign_12,sticker,Autograph,Swisher,M80,rarity_rare
2026-06-04 00:38:18,20260604_003818,https://cs2tokens.com/browse?sort=price-asc,Paper,166d4da829b1,Sticker | Jee | Cologne 2026,Jee,Cologne 2026,Player,Paper,TYLOO,High Grade,#4b69ff,9,0.09,133,161,0.825,https://community.akamai.steamstatic.com/economy/image/i0CoZ81Ui0m-9KwlBY1L_18myuGuq1wfhWSaZgMttyVfPaERSR0Wqmu7LAocGJai0ki7VeTHjMmuOXSQ61MnpNWipUruRiL7m5Ou_3AOv_b_P6Y5cqOWXD7Gwut357A7GXjhx0VxtWiHwoyvJCnDOlUhAowwG7CTk8a94w,"=IMAGE(""https://community.akamai.steamstatic.com/economy/image/i0CoZ81Ui0m-9KwlBY1L_18myuGuq1wfhWSaZgMttyVfPaERSR0Wqmu7LAocGJai0ki7VeTHjMmuOXSQ61MnpNWipUruRiL7m5Ou_3AOv_b_P6Y5cqOWXD7Gwut357A7GXjhx0VxtWiHwoyvJCnDOlUhAowwG7CTk8a94w"")",https://cs2tokens.com/iem-cologne-2026/items/sticker-jee-cologne-2026,sticker-jee-cologne-2026,ok,,https://cs2tokens.com/iem-cologne-2026/items/sticker-jee-cologne-2026/q-data.json,Sticker | Jee | Cologne 2026,https://steamcommunity.com/market/listings/730/Sticker%20%7C%20Jee%20%7C%20Cologne%202026,1209,11038,5316,12,iem-cologne-2026,campaign_12,sticker,Autograph,Jee,TYLOO,rarity_rare
2026-06-04 00:38:18,20260604_003818,https://cs2tokens.com/browse?sort=price-asc,Paper,ffeece42c034,Sticker | NAF | Cologne 2026,NAF,Cologne 2026,Player,Paper,Team Liquid,High Grade,#4b69ff,9,0.09,134,161,0.8313,https://community.akamai.steamstatic.com/economy/image/i0CoZ81Ui0m-9KwlBY1L_18myuGuq1wfhWSaZgMttyVfPaERSR0Wqmu7LAocGJai0ki7VeTHjMmuOXSQ61MnpNWipUruRiL_n5CuqnsN6vGvPPw0dqPBDzWWlrYutuc6Sirnx0oh52vSyI76IHqSaFQiWIwwG7Dr6JtXcw,"=IMAGE(""https://community.akamai.steamstatic.com/economy/image/i0CoZ81Ui0m-9KwlBY1L_18myuGuq1wfhWSaZgMttyVfPaERSR0Wqmu7LAocGJai0ki7VeTHjMmuOXSQ61MnpNWipUruRiL_n5CuqnsN6vGvPPw0dqPBDzWWlrYutuc6Sirnx0oh52vSyI76IHqSaFQiWIwwG7Dr6JtXcw"")",https://cs2tokens.com/iem-cologne-2026/items/sticker-naf-cologne-2026,sticker-naf-cologne-2026,ok,,https://cs2tokens.com/iem-cologne-2026/items/sticker-naf-cologne-2026/q-data.json,Sticker | NAF | Cologne 2026,https://steamcommunity.com/market/listings/730/Sticker%20%7C%20NAF%20%7C%20Cologne%202026,1209,11110,5316,12,iem-cologne-2026,campaign_12,sticker,Autograph,NAF,Team Liquid,rarity_rare
2026-06-04 00:38:18,20260604_003818,https://cs2tokens.com/browse?sort=price-asc,Paper,3579df2bea80,Sticker | C4LLM3SU3 | Cologne 2026,C4LLM3SU3,Cologne 2026,Player,Paper,Lynn Vision,High Grade,#4b69ff,9,0.09,135,161,0.8375,https://community.akamai.steamstatic.com/economy/image/i0CoZ81Ui0m-9KwlBY1L_18myuGuq1wfhWSaZgMttyVfPaERSR0Wqmu7LAocGJai0ki7VeTHjMmuOXSQ61MnpNWipUruRiLyyprs8HFI-qHgPfU8efLGVmXJw7lz5rk-S33lxRh0t2SAn42hdniUbA4mAsYmQO8I4A74zINPNLKP5Q,"=IMAGE(""https://community.akamai.steamstatic.com/economy/image/i0CoZ81Ui0m-9KwlBY1L_18myuGuq1wfhWSaZgMttyVfPaERSR0Wqmu7LAocGJai0ki7VeTHjMmuOXSQ61MnpNWipUruRiLyyprs8HFI-qHgPfU8efLGVmXJw7lz5rk-S33lxRh0t2SAn42hdniUbA4mAsYmQO8I4A74zINPNLKP5Q"")",https://cs2tokens.com/iem-cologne-2026/items/sticker-c4llm3su3-cologne-2026,sticker-c4llm3su3-cologne-2026,ok,,https://cs2tokens.com/iem-cologne-2026/items/sticker-c4llm3su3-cologne-2026/q-data.json,Sticker | C4LLM3SU3 | Cologne 2026,https://steamcommunity.com/market/listings/730/Sticker%20%7C%20C4LLM3SU3%20%7C%20Cologne%202026,1209,11130,5316,12,iem-cologne-2026,campaign_12,sticker,Autograph,C4LLM3SU3,Lynn Vision,rarity_rare
2026-06-04 00:38:18,20260604_003818,https://cs2tokens.com/browse?sort=price-asc,Paper,e4c757148829,Sticker | FlameZ | Cologne 2026,FlameZ,Cologne 2026,Player,Paper,Vitality,High Grade,#4b69ff,10,0.1,136,161,0.8438,https://community.akamai.steamstatic.com/economy/image/i0CoZ81Ui0m-9KwlBY1L_18myuGuq1wfhWSaZgMttyVfPaERSR0Wqmu7LAocGJai0ki7VeTHjMmuOXSQ61MnpNWipUruRiL3kpft-DgVuaKrbvY0cqfFCj6VxOtw4ucwHnrrzUgl5DjRztmvc3mUPwImXsZ1RflK7EcvpXjB-Q,"=IMAGE(""https://community.akamai.steamstatic.com/economy/image/i0CoZ81Ui0m-9KwlBY1L_18myuGuq1wfhWSaZgMttyVfPaERSR0Wqmu7LAocGJai0ki7VeTHjMmuOXSQ61MnpNWipUruRiL3kpft-DgVuaKrbvY0cqfFCj6VxOtw4ucwHnrrzUgl5DjRztmvc3mUPwImXsZ1RflK7EcvpXjB-Q"")",https://cs2tokens.com/iem-cologne-2026/items/sticker-flamez-cologne-2026,sticker-flamez-cologne-2026,ok,,https://cs2tokens.com/iem-cologne-2026/items/sticker-flamez-cologne-2026/q-data.json,Sticker | FlameZ | Cologne 2026,https://steamcommunity.com/market/listings/730/Sticker%20%7C%20FlameZ%20%7C%20Cologne%202026,1209,10546,5316,12,iem-cologne-2026,campaign_12,sticker,Autograph,FlameZ,Vitality,rarity_rare
2026-06-04 00:38:18,20260604_003818,https://cs2tokens.com/browse?sort=price-asc,Paper,b159f9e5a856,Sticker | makazze | Cologne 2026,makazze,Cologne 2026,Player,Paper,Natus Vincere,High Grade,#4b69ff,10,0.1,137,161,0.85,https://community.akamai.steamstatic.com/economy/image/i0CoZ81Ui0m-9KwlBY1L_18myuGuq1wfhWSaZgMttyVfPaERSR0Wqmu7LAocGJai0ki7VeTHjMmuOXSQ61MnpNWipUruRiL8n53h5zheofGrbfA7JaXHXWTDx74mtbFoG3iyxkR-4j6AyN6vJSqTbAEjX8F2E-QU8k7veDRScGI,"=IMAGE(""https://community.akamai.steamstatic.com/economy/image/i0CoZ81Ui0m-9KwlBY1L_18myuGuq1wfhWSaZgMttyVfPaERSR0Wqmu7LAocGJai0ki7VeTHjMmuOXSQ61MnpNWipUruRiL8n53h5zheofGrbfA7JaXHXWTDx74mtbFoG3iyxkR-4j6AyN6vJSqTbAEjX8F2E-QU8k7veDRScGI"")",https://cs2tokens.com/iem-cologne-2026/items/sticker-makazze-cologne-2026,sticker-makazze-cologne-2026,ok,,https://cs2tokens.com/iem-cologne-2026/items/sticker-makazze-cologne-2026/q-data.json,Sticker | makazze | Cologne 2026,https://steamcommunity.com/market/listings/730/Sticker%20%7C%20makazze%20%7C%20Cologne%202026,1209,10570,5316,12,iem-cologne-2026,campaign_12,sticker,Autograph,makazze,Natus Vincere,rarity_rare
2026-06-04 00:38:18,20260604_003818,https://cs2tokens.com/browse?sort=price-asc,Paper,8371d02fb672,Sticker | Jame | Cologne 2026,Jame,Cologne 2026,Player,Paper,PARIVISION,High Grade,#4b69ff,10,0.1,138,161,0.8562,https://community.akamai.steamstatic.com/economy/image/i0CoZ81Ui0m-9KwlBY1L_18myuGuq1wfhWSaZgMttyVfPaERSR0Wqmu7LAocGJai0ki7VeTHjMmuOXSQ61MnpNWipUruRiL7n5vls3sLvqGtOaY5IvWVWWKSlbwk4eA8Hnjkw0t2tTiDn9n4I36XaQ9xWJpuBbldxguuqB4,"=IMAGE(""https://community.akamai.steamstatic.com/economy/image/i0CoZ81Ui0m-9KwlBY1L_18myuGuq1wfhWSaZgMttyVfPaERSR0Wqmu7LAocGJai0ki7VeTHjMmuOXSQ61MnpNWipUruRiL7n5vls3sLvqGtOaY5IvWVWWKSlbwk4eA8Hnjkw0t2tTiDn9n4I36XaQ9xWJpuBbldxguuqB4"")",https://cs2tokens.com/iem-cologne-2026/items/sticker-jame-cologne-2026,sticker-jame-cologne-2026,ok,,https://cs2tokens.com/iem-cologne-2026/items/sticker-jame-cologne-2026/q-data.json,Sticker | Jame | Cologne 2026,https://steamcommunity.com/market/listings/730/Sticker%20%7C%20Jame%20%7C%20Cologne%202026,1209,10614,5316,12,iem-cologne-2026,campaign_12,sticker,Autograph,Jame,PARIVISION,rarity_rare
2026-06-04 00:38:18,20260604_003818,https://cs2tokens.com/browse?sort=price-asc,Paper,b531f9fa28f2,Sticker | tN1R | Cologne 2026,tN1R,Cologne 2026,Player,Paper,Team Spirit,High Grade,#4b69ff,11,0.11,139,161,0.8625,https://community.akamai.steamstatic.com/economy/image/i0CoZ81Ui0m-9KwlBY1L_18myuGuq1wfhWSaZgMttyVfPaERSR0Wqmu7LAocGJai0ki7VeTHjMmuOXSQ61MnpNWipUruRiLlkMfys3Ffu6H7PfxoJKPFXWHEmewn5rFtHHm1xB50tWSHwon7d3mfbgd2A8NuBbldBUlVKxA,"=IMAGE(""https://community.akamai.steamstatic.com/economy/image/i0CoZ81Ui0m-9KwlBY1L_18myuGuq1wfhWSaZgMttyVfPaERSR0Wqmu7LAocGJai0ki7VeTHjMmuOXSQ61MnpNWipUruRiLlkMfys3Ffu6H7PfxoJKPFXWHEmewn5rFtHHm1xB50tWSHwon7d3mfbgd2A8NuBbldBUlVKxA"")",https://cs2tokens.com/iem-cologne-2026/items/sticker-tn1r-cologne-2026,sticker-tn1r-cologne-2026,ok,,https://cs2tokens.com/iem-cologne-2026/items/sticker-tn1r-cologne-2026/q-data.json,Sticker | tN1R | Cologne 2026,https://steamcommunity.com/market/listings/730/Sticker%20%7C%20tN1R%20%7C%20Cologne%202026,1209,10714,5316,12,iem-cologne-2026,campaign_12,sticker,Autograph,tN1R,Team Spirit,rarity_rare
2026-06-04 00:38:18,20260604_003818,https://cs2tokens.com/browse?sort=price-asc,Paper,0431970fdef0,Sticker | sh1ro | Cologne 2026,sh1ro,Cologne 2026,Player,Paper,Team Spirit,High Grade,#4b69ff,11,0.11,140,161,0.8688,https://community.akamai.steamstatic.com/economy/image/i0CoZ81Ui0m-9KwlBY1L_18myuGuq1wfhWSaZgMttyVfPaERSR0Wqmu7LAocGJai0ki7VeTHjMmuOXSQ61MnpNWipUruRiLilsfy8mwNuqqrbKJrJfKWWGKUkb8ltrVtSn63zE8j5mqDmIz8eS-ePABxXMNxW6dU5Q3HJGJh,"=IMAGE(""https://community.akamai.steamstatic.com/economy/image/i0CoZ81Ui0m-9KwlBY1L_18myuGuq1wfhWSaZgMttyVfPaERSR0Wqmu7LAocGJai0ki7VeTHjMmuOXSQ61MnpNWipUruRiLilsfy8mwNuqqrbKJrJfKWWGKUkb8ltrVtSn63zE8j5mqDmIz8eS-ePABxXMNxW6dU5Q3HJGJh"")",https://cs2tokens.com/iem-cologne-2026/items/sticker-sh1ro-cologne-2026,sticker-sh1ro-cologne-2026,ok,,https://cs2tokens.com/iem-cologne-2026/items/sticker-sh1ro-cologne-2026/q-data.json,Sticker | sh1ro | Cologne 2026,https://steamcommunity.com/market/listings/730/Sticker%20%7C%20sh1ro%20%7C%20Cologne%202026,1209,10726,5316,12,iem-cologne-2026,campaign_12,sticker,Autograph,sh1ro,Team Spirit,rarity_rare
2026-06-04 00:38:18,20260604_003818,https://cs2tokens.com/browse?sort=price-asc,Paper,075a34287715,Sticker | asap | Cologne 2026,asap,Cologne 2026,Player,Paper,,High Grade,#4b69ff,11,0.11,141,161,0.875,https://community.akamai.steamstatic.com/economy/image/i0CoZ81Ui0m-9KwlBY1L_18myuGuq1wfhWSaZgMttyVfPaERSR0Wqmu7LAocGJai0ki7VeTHjMmuOXSQ61MnpNWipUruRiLwjZfws3dZ7fGqbqA4JaKQVjTClrYutrlrSSu3zRgj5TvWydqqdyiUP1dyC5RuBbldsS_UZ9s,"=IMAGE(""https://community.akamai.steamstatic.com/economy/image/i0CoZ81Ui0m-9KwlBY1L_18myuGuq1wfhWSaZgMttyVfPaERSR0Wqmu7LAocGJai0ki7VeTHjMmuOXSQ61MnpNWipUruRiLwjZfws3dZ7fGqbqA4JaKQVjTClrYutrlrSSu3zRgj5TvWydqqdyiUP1dyC5RuBbldsS_UZ9s"")",https://cs2tokens.com/iem-cologne-2026/items/sticker-asap-cologne-2026,sticker-asap-cologne-2026,ok,,https://cs2tokens.com/iem-cologne-2026/items/sticker-asap-cologne-2026/q-data.json,Sticker | asap | Cologne 2026,https://steamcommunity.com/market/listings/730/Sticker%20%7C%20asap%20%7C%20Cologne%202026,1209,11146,5316,12,iem-cologne-2026,campaign_12,sticker,Autograph,asap,,rarity_rare
2026-06-04 00:38:18,20260604_003818,https://cs2tokens.com/browse?sort=price-asc,Paper,bcddf0c78209,Sticker | XANTARES | Cologne 2026,XANTARES,Cologne 2026,Player,Paper,Aurora,High Grade,#4b69ff,12,0.12,142,161,0.8812,https://community.akamai.steamstatic.com/economy/image/i0CoZ81Ui0m-9KwlBY1L_18myuGuq1wfhWSaZgMttyVfPaERSR0Wqmu7LAocGJai0ki7VeTHjMmuOXSQ61MnpNWipUruRiLpn5j0_DBe_Lz8afdscfLBDTfAl75y57RqS3zkwkUl4mXQm4n4JXLDZwIoX5MkEeRerFDmxYZ_dlNQ,"=IMAGE(""https://community.akamai.steamstatic.com/economy/image/i0CoZ81Ui0m-9KwlBY1L_18myuGuq1wfhWSaZgMttyVfPaERSR0Wqmu7LAocGJai0ki7VeTHjMmuOXSQ61MnpNWipUruRiLpn5j0_DBe_Lz8afdscfLBDTfAl75y57RqS3zkwkUl4mXQm4n4JXLDZwIoX5MkEeRerFDmxYZ_dlNQ"")",https://cs2tokens.com/iem-cologne-2026/items/sticker-xantares-cologne-2026,sticker-xantares-cologne-2026,ok,,https://cs2tokens.com/iem-cologne-2026/items/sticker-xantares-cologne-2026/q-data.json,Sticker | XANTARES | Cologne 2026,https://steamcommunity.com/market/listings/730/Sticker%20%7C%20XANTARES%20%7C%20Cologne%202026,1209,10634,5316,12,iem-cologne-2026,campaign_12,sticker,Autograph,XANTARES,Aurora,rarity_rare
2026-06-04 00:38:18,20260604_003818,https://cs2tokens.com/browse?sort=price-asc,Paper,77f27e13f7a0,Sticker | magixx | Cologne 2026,magixx,Cologne 2026,Player,Paper,Team Spirit,High Grade,#4b69ff,12,0.12,143,161,0.8875,https://community.akamai.steamstatic.com/economy/image/i0CoZ81Ui0m-9KwlBY1L_18myuGuq1wfhWSaZgMttyVfPaERSR0Wqmu7LAocGJai0ki7VeTHjMmuOXSQ61MnpNWipUruRiL8n5Hp5ToV6fGtbfw0IqiRXjKWkrcksbhrG33ll0gkt2vVzI6tdnyfPAEkDpAjEflK7Ede0F9cww,"=IMAGE(""https://community.akamai.steamstatic.com/economy/image/i0CoZ81Ui0m-9KwlBY1L_18myuGuq1wfhWSaZgMttyVfPaERSR0Wqmu7LAocGJai0ki7VeTHjMmuOXSQ61MnpNWipUruRiL8n5Hp5ToV6fGtbfw0IqiRXjKWkrcksbhrG33ll0gkt2vVzI6tdnyfPAEkDpAjEflK7Ede0F9cww"")",https://cs2tokens.com/iem-cologne-2026/items/sticker-magixx-cologne-2026,sticker-magixx-cologne-2026,ok,,https://cs2tokens.com/iem-cologne-2026/items/sticker-magixx-cologne-2026/q-data.json,Sticker | magixx | Cologne 2026,https://steamcommunity.com/market/listings/730/Sticker%20%7C%20magixx%20%7C%20Cologne%202026,1209,10722,5316,12,iem-cologne-2026,campaign_12,sticker,Autograph,magixx,Team Spirit,rarity_rare
2026-06-04 00:38:18,20260604_003818,https://cs2tokens.com/browse?sort=price-asc,Paper,115f3532ace2,Sticker | phzy | Cologne 2026,phzy,Cologne 2026,Player,Paper,Astralis,High Grade,#4b69ff,12,0.12,144,161,0.8938,https://community.akamai.steamstatic.com/economy/image/i0CoZ81Ui0m-9KwlBY1L_18myuGuq1wfhWSaZgMttyVfPaERSR0Wqmu7LAocGJai0ki7VeTHjMmuOXSQ61MnpNWipUruRiLhloz5s3EOvKb2a_VrdfXLXGXExLgj5eJsHHzrwhl-5z_Rydb_IH6ebwNxCZJuBbldtcZFGzE,"=IMAGE(""https://community.akamai.steamstatic.com/economy/image/i0CoZ81Ui0m-9KwlBY1L_18myuGuq1wfhWSaZgMttyVfPaERSR0Wqmu7LAocGJai0ki7VeTHjMmuOXSQ61MnpNWipUruRiLhloz5s3EOvKb2a_VrdfXLXGXExLgj5eJsHHzrwhl-5z_Rydb_IH6ebwNxCZJuBbldtcZFGzE"")",https://cs2tokens.com/iem-cologne-2026/items/sticker-phzy-cologne-2026,sticker-phzy-cologne-2026,ok,,https://cs2tokens.com/iem-cologne-2026/items/sticker-phzy-cologne-2026/q-data.json,Sticker | phzy | Cologne 2026,https://steamcommunity.com/market/listings/730/Sticker%20%7C%20phzy%20%7C%20Cologne%202026,1209,10738,5316,12,iem-cologne-2026,campaign_12,sticker,Autograph,phzy,Astralis,rarity_rare
2026-06-04 00:38:18,20260604_003818,https://cs2tokens.com/browse?sort=price-asc,Paper,91591813f725,Sticker | JamYoung | Cologne 2026,JamYoung,Cologne 2026,Player,Paper,TYLOO,High Grade,#4b69ff,13,0.13,145,161,0.9,https://community.akamai.steamstatic.com/economy/image/i0CoZ81Ui0m-9KwlBY1L_18myuGuq1wfhWSaZgMttyVfPaERSR0Wqmu7LAocGJai0ki7VeTHjMmuOXSQ61MnpNWipUruRiL7n5v58jdV6Lz2bPE5caSQWzWWlbZwteNvTirlwU0l5znXwouod37FaVUmA5EmQ-8CrFDmxVb3OFou,"=IMAGE(""https://community.akamai.steamstatic.com/economy/image/i0CoZ81Ui0m-9KwlBY1L_18myuGuq1wfhWSaZgMttyVfPaERSR0Wqmu7LAocGJai0ki7VeTHjMmuOXSQ61MnpNWipUruRiL7n5v58jdV6Lz2bPE5caSQWzWWlbZwteNvTirlwU0l5znXwouod37FaVUmA5EmQ-8CrFDmxVb3OFou"")",https://cs2tokens.com/iem-cologne-2026/items/sticker-jamyoung-cologne-2026,sticker-jamyoung-cologne-2026,ok,,https://cs2tokens.com/iem-cologne-2026/items/sticker-jamyoung-cologne-2026/q-data.json,Sticker | JamYoung | Cologne 2026,https://steamcommunity.com/market/listings/730/Sticker%20%7C%20JamYoung%20%7C%20Cologne%202026,1209,11042,5316,12,iem-cologne-2026,campaign_12,sticker,Autograph,JamYoung,TYLOO,rarity_rare
2026-06-04 00:38:18,20260604_003818,https://cs2tokens.com/browse?sort=price-asc,Paper,43b48896f04c,Sticker | w0nderful | Cologne 2026,w0nderful,Cologne 2026,Player,Paper,Natus Vincere,High Grade,#4b69ff,15,0.15,146,161,0.9062,https://community.akamai.steamstatic.com/economy/image/i0CoZ81Ui0m-9KwlBY1L_18myuGuq1wfhWSaZgMttyVfPaERSR0Wqmu7LAocGJai0ki7VeTHjMmuOXSQ61MnpNWipUruRiLmzpjk-DBd-v7gPqU4cvXCWTKTlrYm47VrH3nqxkQm42vTzYr4In2eaAZxCZVzEe8OtQ74zIPoq8N_tA,"=IMAGE(""https://community.akamai.steamstatic.com/economy/image/i0CoZ81Ui0m-9KwlBY1L_18myuGuq1wfhWSaZgMttyVfPaERSR0Wqmu7LAocGJai0ki7VeTHjMmuOXSQ61MnpNWipUruRiLmzpjk-DBd-v7gPqU4cvXCWTKTlrYm47VrH3nqxkQm42vTzYr4In2eaAZxCZVzEe8OtQ74zIPoq8N_tA"")",https://cs2tokens.com/iem-cologne-2026/items/sticker-w0nderful-cologne-2026,sticker-w0nderful-cologne-2026,ok,,https://cs2tokens.com/iem-cologne-2026/items/sticker-w0nderful-cologne-2026/q-data.json,Sticker | w0nderful | Cologne 2026,https://steamcommunity.com/market/listings/730/Sticker%20%7C%20w0nderful%20%7C%20Cologne%202026,1209,10554,5316,12,iem-cologne-2026,campaign_12,sticker,Autograph,w0nderful,Natus Vincere,rarity_rare
2026-06-04 00:38:18,20260604_003818,https://cs2tokens.com/browse?sort=price-asc,Paper,1a4d4c15f621,Sticker | Snax | Cologne 2026,Snax,Cologne 2026,Player,Paper,GamerLegion,High Grade,#4b69ff,15,0.15,147,161,0.9125,https://community.akamai.steamstatic.com/economy/image/i0CoZ81Ui0m-9KwlBY1L_18myuGuq1wfhWSaZgMttyVfPaERSR0Wqmu7LAocGJai0ki7VeTHjMmuOXSQ61MnpNWipUruRiLikJf4s3Bevaf_a_JodafDXzaVkut147M6HH6xlEl_sT_dn92sdXqSPwUmW5duBbld5Jt9dIY,"=IMAGE(""https://community.akamai.steamstatic.com/economy/image/i0CoZ81Ui0m-9KwlBY1L_18myuGuq1wfhWSaZgMttyVfPaERSR0Wqmu7LAocGJai0ki7VeTHjMmuOXSQ61MnpNWipUruRiLikJf4s3Bevaf_a_JodafDXzaVkut147M6HH6xlEl_sT_dn92sdXqSPwUmW5duBbld5Jt9dIY"")",https://cs2tokens.com/iem-cologne-2026/items/sticker-snax-cologne-2026,sticker-snax-cologne-2026,ok,,https://cs2tokens.com/iem-cologne-2026/items/sticker-snax-cologne-2026/q-data.json,Sticker | Snax | Cologne 2026,https://steamcommunity.com/market/listings/730/Sticker%20%7C%20Snax%20%7C%20Cologne%202026,1209,10854,5316,12,iem-cologne-2026,campaign_12,sticker,Autograph,Snax,GamerLegion,rarity_rare
2026-06-04 00:38:18,20260604_003818,https://cs2tokens.com/browse?sort=price-asc,Paper,35993493d27b,Sticker | Boombl4 | Cologne 2026,Boombl4,Cologne 2026,Player,Paper,BetBoom,High Grade,#4b69ff,16,0.16,148,161,0.9187,https://community.akamai.steamstatic.com/economy/image/i0CoZ81Ui0m-9KwlBY1L_18myuGuq1wfhWSaZgMttyVfPaERSR0Wqmu7LAocGJai0ki7VeTHjMmuOXSQ61MnpNWipUruRiLzkZnt_y4PofD7MP04JaPAWGOWlbgm5OU8S3zhlEQh6jjTnN6hJS7BOwcjDMNxE7IU8k7vdHW3ivk,"=IMAGE(""https://community.akamai.steamstatic.com/economy/image/i0CoZ81Ui0m-9KwlBY1L_18myuGuq1wfhWSaZgMttyVfPaERSR0Wqmu7LAocGJai0ki7VeTHjMmuOXSQ61MnpNWipUruRiLzkZnt_y4PofD7MP04JaPAWGOWlbgm5OU8S3zhlEQh6jjTnN6hJS7BOwcjDMNxE7IU8k7vdHW3ivk"")",https://cs2tokens.com/iem-cologne-2026/items/sticker-boombl4-cologne-2026,sticker-boombl4-cologne-2026,ok,,https://cs2tokens.com/iem-cologne-2026/items/sticker-boombl4-cologne-2026/q-data.json,Sticker | Boombl4 | Cologne 2026,https://steamcommunity.com/market/listings/730/Sticker%20%7C%20Boombl4%20%7C%20Cologne%202026,1209,10914,5316,12,iem-cologne-2026,campaign_12,sticker,Autograph,Boombl4,BetBoom,rarity_rare
2026-06-04 00:38:18,20260604_003818,https://cs2tokens.com/browse?sort=price-asc,Paper,eb157849f6b9,Sticker | Sonic | Cologne 2026,Sonic,Cologne 2026,Player,Paper,NRG,High Grade,#4b69ff,16,0.16,149,161,0.925,https://community.akamai.steamstatic.com/economy/image/i0CoZ81Ui0m-9KwlBY1L_18myuGuq1wfhWSaZgMttyVfPaERSR0Wqmu7LAocGJai0ki7VeTHjMmuOXSQ61MnpNWipUruRiLikZjp_mxft6P_bP1ucafKVmXEw-8n4uI-TXvjwBhz5G2En9f7dirGP1clW5J5W6dU5YxJiVF4,"=IMAGE(""https://community.akamai.steamstatic.com/economy/image/i0CoZ81Ui0m-9KwlBY1L_18myuGuq1wfhWSaZgMttyVfPaERSR0Wqmu7LAocGJai0ki7VeTHjMmuOXSQ61MnpNWipUruRiLikZjp_mxft6P_bP1ucafKVmXEw-8n4uI-TXvjwBhz5G2En9f7dirGP1clW5J5W6dU5YxJiVF4"")",https://cs2tokens.com/iem-cologne-2026/items/sticker-sonic-cologne-2026,sticker-sonic-cologne-2026,ok,,https://cs2tokens.com/iem-cologne-2026/items/sticker-sonic-cologne-2026/q-data.json,Sticker | Sonic | Cologne 2026,https://steamcommunity.com/market/listings/730/Sticker%20%7C%20Sonic%20%7C%20Cologne%202026,1209,11026,5316,12,iem-cologne-2026,campaign_12,sticker,Autograph,Sonic,NRG,rarity_rare
2026-06-04 00:38:18,20260604_003818,https://cs2tokens.com/browse?sort=price-asc,Paper,225f6a179d34,Sticker | apEX | Cologne 2026,apEX,Cologne 2026,Player,Paper,Vitality,High Grade,#4b69ff,17,0.17,150,161,0.9313,https://community.akamai.steamstatic.com/economy/image/i0CoZ81Ui0m-9KwlBY1L_18myuGuq1wfhWSaZgMttyVfPaERSR0Wqmu7LAocGJai0ki7VeTHjMmuOXSQ61MnpNWipUruRiLwjpP4s3pa6_b2OPdoIaXGWzKWkrdy4rY9HSjgxBh1t2rRzIz7cn2QbgInC5puBbldV4zrVX8,"=IMAGE(""https://community.akamai.steamstatic.com/economy/image/i0CoZ81Ui0m-9KwlBY1L_18myuGuq1wfhWSaZgMttyVfPaERSR0Wqmu7LAocGJai0ki7VeTHjMmuOXSQ61MnpNWipUruRiLwjpP4s3pa6_b2OPdoIaXGWzKWkrdy4rY9HSjgxBh1t2rRzIz7cn2QbgInC5puBbldV4zrVX8"")",https://cs2tokens.com/iem-cologne-2026/items/sticker-apex-cologne-2026,sticker-apex-cologne-2026,ok,,https://cs2tokens.com/iem-cologne-2026/items/sticker-apex-cologne-2026/q-data.json,Sticker | apEX | Cologne 2026,https://steamcommunity.com/market/listings/730/Sticker%20%7C%20apEX%20%7C%20Cologne%202026,1209,10538,5316,12,iem-cologne-2026,campaign_12,sticker,Autograph,apEX,Vitality,rarity_rare
2026-06-04 00:38:18,20260604_003818,https://cs2tokens.com/browse?sort=price-asc,Paper,7b4aaae49063,Sticker | dexter | Cologne 2026,dexter,Cologne 2026,Player,Paper,,High Grade,#4b69ff,18,0.18,151,161,0.9375,https://community.akamai.steamstatic.com/economy/image/i0CoZ81Ui0m-9KwlBY1L_18myuGuq1wfhWSaZgMttyVfPaERSR0Wqmu7LAocGJai0ki7VeTHjMmuOXSQ61MnpNWipUruRiL1m470-DAVvvP8bPFuI6LGXjbElrd36eI_Tnnikx53sWzSy43_c3uWa1VyWZN4E_lK7EeK71ALYw,"=IMAGE(""https://community.akamai.steamstatic.com/economy/image/i0CoZ81Ui0m-9KwlBY1L_18myuGuq1wfhWSaZgMttyVfPaERSR0Wqmu7LAocGJai0ki7VeTHjMmuOXSQ61MnpNWipUruRiL1m470-DAVvvP8bPFuI6LGXjbElrd36eI_Tnnikx53sWzSy43_c3uWa1VyWZN4E_lK7EeK71ALYw"")",https://cs2tokens.com/iem-cologne-2026/items/sticker-dexter-cologne-2026,sticker-dexter-cologne-2026,ok,,https://cs2tokens.com/iem-cologne-2026/items/sticker-dexter-cologne-2026/q-data.json,Sticker | dexter | Cologne 2026,https://steamcommunity.com/market/listings/730/Sticker%20%7C%20dexter%20%7C%20Cologne%202026,1209,11134,5316,12,iem-cologne-2026,campaign_12,sticker,Autograph,dexter,,rarity_rare
2026-06-04 00:38:18,20260604_003818,https://cs2tokens.com/browse?sort=price-asc,Paper,7188c9ec9034,Sticker | molodoy | Cologne 2026,molodoy,Cologne 2026,Player,Paper,FURIA,High Grade,#4b69ff,19,0.19,152,161,0.9437,https://community.akamai.steamstatic.com/economy/image/i0CoZ81Ui0m-9KwlBY1L_18myuGuq1wfhWSaZgMttyVfPaERSR0Wqmu7LAocGJai0ki7VeTHjMmuOXSQ61MnpNWipUruRiL8kZrv-S1Coab7Ofc7cqnCCDDFl-sj5eU8Sy2wkR53sWrUydmgdy2ROwUoW5ciEOUU8k7vABZi9XM,"=IMAGE(""https://community.akamai.steamstatic.com/economy/image/i0CoZ81Ui0m-9KwlBY1L_18myuGuq1wfhWSaZgMttyVfPaERSR0Wqmu7LAocGJai0ki7VeTHjMmuOXSQ61MnpNWipUruRiL8kZrv-S1Coab7Ofc7cqnCCDDFl-sj5eU8Sy2wkR53sWrUydmgdy2ROwUoW5ciEOUU8k7vABZi9XM"")",https://cs2tokens.com/iem-cologne-2026/items/sticker-molodoy-cologne-2026,sticker-molodoy-cologne-2026,ok,,https://cs2tokens.com/iem-cologne-2026/items/sticker-molodoy-cologne-2026/q-data.json,Sticker | molodoy | Cologne 2026,https://steamcommunity.com/market/listings/730/Sticker%20%7C%20molodoy%20%7C%20Cologne%202026,1209,10666,5316,12,iem-cologne-2026,campaign_12,sticker,Autograph,molodoy,FURIA,rarity_rare
2026-06-04 00:38:18,20260604_003818,https://cs2tokens.com/browse?sort=price-asc,Paper,aac8011f7df4,Sticker | hypex | Cologne 2026,hypex,Cologne 2026,Player,Paper,GamerLegion,High Grade,#4b69ff,27,0.27,153,161,0.95,https://community.akamai.steamstatic.com/economy/image/i0CoZ81Ui0m-9KwlBY1L_18myuGuq1wfhWSaZgMttyVfPaERSR0Wqmu7LAocGJai0ki7VeTHjMmuOXSQ61MnpNWipUruRiL5h4bl5WwI6vatO_FvdvPFDz-Wx7oi5LM9HS3mwkV1sWTQyI2oeS3DPQN2WJMkW6dU5SXstz8i,"=IMAGE(""https://community.akamai.steamstatic.com/economy/image/i0CoZ81Ui0m-9KwlBY1L_18myuGuq1wfhWSaZgMttyVfPaERSR0Wqmu7LAocGJai0ki7VeTHjMmuOXSQ61MnpNWipUruRiL5h4bl5WwI6vatO_FvdvPFDz-Wx7oi5LM9HS3mwkV1sWTQyI2oeS3DPQN2WJMkW6dU5SXstz8i"")",https://cs2tokens.com/iem-cologne-2026/items/sticker-hypex-cologne-2026,sticker-hypex-cologne-2026,ok,,https://cs2tokens.com/iem-cologne-2026/items/sticker-hypex-cologne-2026/q-data.json,Sticker | hypex | Cologne 2026,https://steamcommunity.com/market/listings/730/Sticker%20%7C%20hypex%20%7C%20Cologne%202026,1209,10870,5316,12,iem-cologne-2026,campaign_12,sticker,Autograph,hypex,GamerLegion,rarity_rare
2026-06-04 00:38:18,20260604_003818,https://cs2tokens.com/browse?sort=price-asc,Paper,19bcac7c6624,Sticker | kyousuke | Cologne 2026,kyousuke,Cologne 2026,Player,Paper,Falcons,High Grade,#4b69ff,39,0.39,154,161,0.9563,https://community.akamai.steamstatic.com/economy/image/i0CoZ81Ui0m-9KwlBY1L_18myuGuq1wfhWSaZgMttyVfPaERSR0Wqmu7LAocGJai0ki7VeTHjMmuOXSQ61MnpNWipUruRiL6h5n17jdQ6rz3OfdvdPSWDDeUlbly4bI8HHu1kRl36jvcwon9cCqWPwB2D5FyR7YPrFDmxdYVb8-Z,"=IMAGE(""https://community.akamai.steamstatic.com/economy/image/i0CoZ81Ui0m-9KwlBY1L_18myuGuq1wfhWSaZgMttyVfPaERSR0Wqmu7LAocGJai0ki7VeTHjMmuOXSQ61MnpNWipUruRiL6h5n17jdQ6rz3OfdvdPSWDDeUlbly4bI8HHu1kRl36jvcwon9cCqWPwB2D5FyR7YPrFDmxdYVb8-Z"")",https://cs2tokens.com/iem-cologne-2026/items/sticker-kyousuke-cologne-2026,sticker-kyousuke-cologne-2026,ok,,https://cs2tokens.com/iem-cologne-2026/items/sticker-kyousuke-cologne-2026/q-data.json,Sticker | kyousuke | Cologne 2026,https://steamcommunity.com/market/listings/730/Sticker%20%7C%20kyousuke%20%7C%20Cologne%202026,1209,10590,5316,12,iem-cologne-2026,campaign_12,sticker,Autograph,kyousuke,Falcons,rarity_rare
2026-06-04 00:38:18,20260604_003818,https://cs2tokens.com/browse?sort=price-asc,Paper,f1ac3106f7e6,Sticker | ropz | Cologne 2026,ropz,Cologne 2026,Player,Paper,Vitality,High Grade,#4b69ff,41,0.41,155,161,0.9625,https://community.akamai.steamstatic.com/economy/image/i0CoZ81Ui0m-9KwlBY1L_18myuGuq1wfhWSaZgMttyVfPaERSR0Wqmu7LAocGJai0ki7VeTHjMmuOXSQ61MnpNWipUruRiLjkYb6s3MDu_Ora_A4I6DGDzLGmb0gtLFoTnvmlBsmsm3Wzdb8IymWOgQoDptuBbldiLYBOOc,"=IMAGE(""https://community.akamai.steamstatic.com/economy/image/i0CoZ81Ui0m-9KwlBY1L_18myuGuq1wfhWSaZgMttyVfPaERSR0Wqmu7LAocGJai0ki7VeTHjMmuOXSQ61MnpNWipUruRiLjkYb6s3MDu_Ora_A4I6DGDzLGmb0gtLFoTnvmlBsmsm3Wzdb8IymWOgQoDptuBbldiLYBOOc"")",https://cs2tokens.com/iem-cologne-2026/items/sticker-ropz-cologne-2026,sticker-ropz-cologne-2026,ok,,https://cs2tokens.com/iem-cologne-2026/items/sticker-ropz-cologne-2026/q-data.json,Sticker | ropz | Cologne 2026,https://steamcommunity.com/market/listings/730/Sticker%20%7C%20ropz%20%7C%20Cologne%202026,1209,10550,5316,12,iem-cologne-2026,campaign_12,sticker,Autograph,ropz,Vitality,rarity_rare
2026-06-04 00:38:18,20260604_003818,https://cs2tokens.com/browse?sort=price-asc,Paper,5b07e0529349,Sticker | NiKo | Cologne 2026,NiKo,Cologne 2026,Player,Paper,Falcons,High Grade,#4b69ff,51,0.5,156,161,0.9688,https://community.akamai.steamstatic.com/economy/image/i0CoZ81Ui0m-9KwlBY1L_18myuGuq1wfhWSaZgMttyVfPaERSR0Wqmu7LAocGJai0ki7VeTHjMmuOXSQ61MnpNWipUruRiL_l53vsyEKuKD-PvA1cvKSXjbFmegm5blsSnzkwxh262XSmNv6cXiQb1NzCJtuBbldSXxHXtA,"=IMAGE(""https://community.akamai.steamstatic.com/economy/image/i0CoZ81Ui0m-9KwlBY1L_18myuGuq1wfhWSaZgMttyVfPaERSR0Wqmu7LAocGJai0ki7VeTHjMmuOXSQ61MnpNWipUruRiL_l53vsyEKuKD-PvA1cvKSXjbFmegm5blsSnzkwxh262XSmNv6cXiQb1NzCJtuBbldSXxHXtA"")",https://cs2tokens.com/iem-cologne-2026/items/sticker-niko-cologne-2026,sticker-niko-cologne-2026,ok,,https://cs2tokens.com/iem-cologne-2026/items/sticker-niko-cologne-2026/q-data.json,Sticker | NiKo | Cologne 2026,https://steamcommunity.com/market/listings/730/Sticker%20%7C%20NiKo%20%7C%20Cologne%202026,1209,10574,5316,12,iem-cologne-2026,campaign_12,sticker,Autograph,NiKo,Falcons,rarity_rare
2026-06-04 00:38:18,20260604_003818,https://cs2tokens.com/browse?sort=price-asc,Paper,6a0c44891f5e,Sticker | IEM | Cologne 2026,IEM,Cologne 2026,Player,Paper,,High Grade,#4b69ff,72,0.71,157,161,0.975,https://community.akamai.steamstatic.com/economy/image/i0CoZ81Ui0m-9KwlBY1L_18myuGuq1wfhWSaZgMttyVfPaERSR0Wqmu7LAocGJai0ki7VeTHjMmuOXSQ61MnpNWipVDiTFOmyZW5qyYPuaP_avBsJqDDWmPFxO8g6eQ4HHvgwh8jsW7SzNn4JCjFcEZ-XUOREBaf,"=IMAGE(""https://community.akamai.steamstatic.com/economy/image/i0CoZ81Ui0m-9KwlBY1L_18myuGuq1wfhWSaZgMttyVfPaERSR0Wqmu7LAocGJai0ki7VeTHjMmuOXSQ61MnpNWipVDiTFOmyZW5qyYPuaP_avBsJqDDWmPFxO8g6eQ4HHvgwh8jsW7SzNn4JCjFcEZ-XUOREBaf"")",https://cs2tokens.com/iem-cologne-2026/items/sticker-iem-cologne-2026,sticker-iem-cologne-2026,ok,,https://cs2tokens.com/iem-cologne-2026/items/sticker-iem-cologne-2026/q-data.json,Sticker | IEM | Cologne 2026,https://steamcommunity.com/market/listings/730/Sticker%20%7C%20IEM%20%7C%20Cologne%202026,1209,10497,5316,12,iem-cologne-2026,campaign_12,sticker,Event,,,rarity_rare
2026-06-04 00:38:18,20260604_003818,https://cs2tokens.com/browse?sort=price-asc,Paper,640ae5e2701f,Sticker | FalleN | Cologne 2026,FalleN,Cologne 2026,Player,Paper,FURIA,High Grade,#4b69ff,73,0.72,158,161,0.9812,https://community.akamai.steamstatic.com/economy/image/i0CoZ81Ui0m-9KwlBY1L_18myuGuq1wfhWSaZgMttyVfPaERSR0Wqmu7LAocGJai0ki7VeTHjMmuOXSQ61MnpNWipUruRiL3n5rs-CwVuKr6OfNuIvSQVmGTl7gk5rQ_TX7nxRx04muHw46sdn7DbFAnW8NwQ_lK7EepxJSo3g,"=IMAGE(""https://community.akamai.steamstatic.com/economy/image/i0CoZ81Ui0m-9KwlBY1L_18myuGuq1wfhWSaZgMttyVfPaERSR0Wqmu7LAocGJai0ki7VeTHjMmuOXSQ61MnpNWipUruRiL3n5rs-CwVuKr6OfNuIvSQVmGTl7gk5rQ_TX7nxRx04muHw46sdn7DbFAnW8NwQ_lK7EepxJSo3g"")",https://cs2tokens.com/iem-cologne-2026/items/sticker-fallen-cologne-2026,sticker-fallen-cologne-2026,ok,,https://cs2tokens.com/iem-cologne-2026/items/sticker-fallen-cologne-2026/q-data.json,Sticker | FalleN | Cologne 2026,https://steamcommunity.com/market/listings/730/Sticker%20%7C%20FalleN%20%7C%20Cologne%202026,1209,10662,5316,12,iem-cologne-2026,campaign_12,sticker,Autograph,FalleN,FURIA,rarity_rare
2026-06-04 00:38:18,20260604_003818,https://cs2tokens.com/browse?sort=price-asc,Paper,90aa7e282e4d,Sticker | ZywOo | Cologne 2026,ZywOo,Cologne 2026,Player,Paper,Vitality,High Grade,#4b69ff,78,0.77,159,161,0.9875,https://community.akamai.steamstatic.com/economy/image/i0CoZ81Ui0m-9KwlBY1L_18myuGuq1wfhWSaZgMttyVfPaERSR0Wqmu7LAocGJai0ki7VeTHjMmuOXSQ61MnpNWipUruRiLrh4Hv8mwKuvCrP6ZodaiSW2PCl7wh5-QwS33lx0pw5zmAzd6gI3KVbAZzCZAhW6dU5bJIXeqf,"=IMAGE(""https://community.akamai.steamstatic.com/economy/image/i0CoZ81Ui0m-9KwlBY1L_18myuGuq1wfhWSaZgMttyVfPaERSR0Wqmu7LAocGJai0ki7VeTHjMmuOXSQ61MnpNWipUruRiLrh4Hv8mwKuvCrP6ZodaiSW2PCl7wh5-QwS33lx0pw5zmAzd6gI3KVbAZzCZAhW6dU5bJIXeqf"")",https://cs2tokens.com/iem-cologne-2026/items/sticker-zywoo-cologne-2026,sticker-zywoo-cologne-2026,ok,,https://cs2tokens.com/iem-cologne-2026/items/sticker-zywoo-cologne-2026/q-data.json,Sticker | ZywOo | Cologne 2026,https://steamcommunity.com/market/listings/730/Sticker%20%7C%20ZywOo%20%7C%20Cologne%202026,1209,10534,5316,12,iem-cologne-2026,campaign_12,sticker,Autograph,ZywOo,Vitality,rarity_rare
2026-06-04 00:38:18,20260604_003818,https://cs2tokens.com/browse?sort=price-asc,Paper,cf97fed61fe4,Sticker | m0NESY | Cologne 2026,m0NESY,Cologne 2026,Player,Paper,Falcons,High Grade,#4b69ff,95,0.94,160,161,0.9938,https://community.akamai.steamstatic.com/economy/image/i0CoZ81Ui0m-9KwlBY1L_18myuGuq1wfhWSaZgMttyVfPaERSR0Wqmu7LAocGJai0ki7VeTHjMmuOXSQ61MnpNWipUruRiL8zpjl7jsV7af2MPA1JqDGCzXHkrwh4OJrSnrml0h06muHyt6uJHmfaFR1XpJ3TPlK7EePYuSkrw,"=IMAGE(""https://community.akamai.steamstatic.com/economy/image/i0CoZ81Ui0m-9KwlBY1L_18myuGuq1wfhWSaZgMttyVfPaERSR0Wqmu7LAocGJai0ki7VeTHjMmuOXSQ61MnpNWipUruRiL8zpjl7jsV7af2MPA1JqDGCzXHkrwh4OJrSnrml0h06muHyt6uJHmfaFR1XpJ3TPlK7EePYuSkrw"")",https://cs2tokens.com/iem-cologne-2026/items/sticker-m0nesy-cologne-2026,sticker-m0nesy-cologne-2026,ok,,https://cs2tokens.com/iem-cologne-2026/items/sticker-m0nesy-cologne-2026/q-data.json,Sticker | m0NESY | Cologne 2026,https://steamcommunity.com/market/listings/730/Sticker%20%7C%20m0NESY%20%7C%20Cologne%202026,1209,10582,5316,12,iem-cologne-2026,campaign_12,sticker,Autograph,m0NESY,Falcons,rarity_rare
2026-06-04 00:38:18,20260604_003818,https://cs2tokens.com/browse?sort=price-asc,Paper,d67f17bb54bb,Sticker | donk | Cologne 2026,donk,Cologne 2026,Player,Paper,Team Spirit,High Grade,#4b69ff,201,1.99,161,161,1.0,https://community.akamai.steamstatic.com/economy/image/i0CoZ81Ui0m-9KwlBY1L_18myuGuq1wfhWSaZgMttyVfPaERSR0Wqmu7LAocGJai0ki7VeTHjMmuOXSQ61MnpNWipUruRiL1kZjrsyFeuqD_bKA1I6DAVmSRlbp05-VvHXG1wkgm6m7Wz42tdHKWaQEjCcZuBbldZ0qdEZc,"=IMAGE(""https://community.akamai.steamstatic.com/economy/image/i0CoZ81Ui0m-9KwlBY1L_18myuGuq1wfhWSaZgMttyVfPaERSR0Wqmu7LAocGJai0ki7VeTHjMmuOXSQ61MnpNWipUruRiL1kZjrsyFeuqD_bKA1I6DAVmSRlbp05-VvHXG1wkgm6m7Wz42tdHKWaQEjCcZuBbldZ0qdEZc"")",https://cs2tokens.com/iem-cologne-2026/items/sticker-donk-cologne-2026,sticker-donk-cologne-2026,ok,,https://cs2tokens.com/iem-cologne-2026/items/sticker-donk-cologne-2026/q-data.json,Sticker | donk | Cologne 2026,https://steamcommunity.com/market/listings/730/Sticker%20%7C%20donk%20%7C%20Cologne%202026,1209,10718,5316,12,iem-cologne-2026,campaign_12,sticker,Autograph,donk,Team Spirit,rarity_rare
2026-06-04 00:38:18,20260604_003818,https://cs2tokens.com/browse?sort=price-asc&finish=Foil,Foil,653c12213b0e,Sticker | MIBR (Foil) | Cologne 2026,MIBR,Cologne 2026,Team,Foil,MIBR,Remarkable,#8847ff,41,0.41,1,32,0.0,https://community.akamai.steamstatic.com/economy/image/i0CoZ81Ui0m-9KwlBY1L_18myuGuq1wfhWSaZgMttyVfPaERSR0Wqmu7LAocGJai0ki7VeTHjMmuOXSQ61MnpNWipVTuQw_OmJnp8WwJuKKobvY9dqiVXDHEmesu47VrTCiwzUR2sGjRy9mgcn3DPVIkW5dwW6dU5YIX_GAU,"=IMAGE(""https://community.akamai.steamstatic.com/economy/image/i0CoZ81Ui0m-9KwlBY1L_18myuGuq1wfhWSaZgMttyVfPaERSR0Wqmu7LAocGJai0ki7VeTHjMmuOXSQ61MnpNWipVTuQw_OmJnp8WwJuKKobvY9dqiVXDHEmesu47VrTCiwzUR2sGjRy9mgcn3DPVIkW5dwW6dU5YIX_GAU"")",https://cs2tokens.com/iem-cologne-2026/items/sticker-mibr-foil-cologne-2026,sticker-mibr-foil-cologne-2026,ok,,https://cs2tokens.com/iem-cologne-2026/items/sticker-mibr-foil-cologne-2026/q-data.json,Sticker | MIBR (Foil) | Cologne 2026,https://steamcommunity.com/market/listings/730/Sticker%20%7C%20MIBR%20%28Foil%29%20%7C%20Cologne%202026,1209,10458,5316,12,iem-cologne-2026,campaign_12,sticker,Team,,MIBR,rarity_mythical
2026-06-04 00:38:18,20260604_003818,https://cs2tokens.com/browse?sort=price-asc&finish=Foil,Foil,0dea3c0f0afe,Sticker | HEROIC (Foil) | Cologne 2026,HEROIC,Cologne 2026,Team,Foil,HEROIC,Remarkable,#8847ff,44,0.44,2,32,0.0323,https://community.akamai.steamstatic.com/economy/image/i0CoZ81Ui0m-9KwlBY1L_18myuGuq1wfhWSaZgMttyVfPaERSR0Wqmu7LAocGJai0ki7VeTHjMmuOXSQ61MnpNWipVHiUxLOmJnp8WwD6qP_OqVrI_PKD2aRleoktrQ-TX7llkpx5TzSz9f9IC3EaQFzDpRwW6dU5Wq5Oyze,"=IMAGE(""https://community.akamai.steamstatic.com/economy/image/i0CoZ81Ui0m-9KwlBY1L_18myuGuq1wfhWSaZgMttyVfPaERSR0Wqmu7LAocGJai0ki7VeTHjMmuOXSQ61MnpNWipVHiUxLOmJnp8WwD6qP_OqVrI_PKD2aRleoktrQ-TX7llkpx5TzSz9f9IC3EaQFzDpRwW6dU5Wq5Oyze"")",https://cs2tokens.com/iem-cologne-2026/items/sticker-heroic-foil-cologne-2026,sticker-heroic-foil-cologne-2026,ok,,https://cs2tokens.com/iem-cologne-2026/items/sticker-heroic-foil-cologne-2026/q-data.json,Sticker | HEROIC (Foil) | Cologne 2026,https://steamcommunity.com/market/listings/730/Sticker%20%7C%20HEROIC%20%28Foil%29%20%7C%20Cologne%202026,1209,10442,5316,12,iem-cologne-2026,campaign_12,sticker,Team,,HEROIC,rarity_mythical
2026-06-04 00:38:18,20260604_003818,https://cs2tokens.com/browse?sort=price-asc&finish=Foil,Foil,947595d3eecf,Sticker | paiN Gaming (Foil) | Cologne 2026,paiN Gaming,Cologne 2026,Team,Foil,paiN Gaming,Remarkable,#8847ff,46,0.46,3,32,0.0645,https://community.akamai.steamstatic.com/economy/image/i0CoZ81Ui0m-9KwlBY1L_18myuGuq1wfhWSaZgMttyVfPaERSR0Wqmu7LAocGJai0ki7VeTHjMmuOXSQ61MnpNWipUnmSBPOmJnp8WwL6_OsbKFoePXLCjCVkbp36OQ5GiqyzUl25DjQn9uqcCmQPwEjWJRxW6dU5WnhT07f,"=IMAGE(""https://community.akamai.steamstatic.com/economy/image/i0CoZ81Ui0m-9KwlBY1L_18myuGuq1wfhWSaZgMttyVfPaERSR0Wqmu7LAocGJai0ki7VeTHjMmuOXSQ61MnpNWipUnmSBPOmJnp8WwL6_OsbKFoePXLCjCVkbp36OQ5GiqyzUl25DjQn9uqcCmQPwEjWJRxW6dU5WnhT07f"")",https://cs2tokens.com/iem-cologne-2026/items/sticker-pain-gaming-foil-cologne-2026,sticker-pain-gaming-foil-cologne-2026,ok,,https://cs2tokens.com/iem-cologne-2026/items/sticker-pain-gaming-foil-cologne-2026/q-data.json,Sticker | paiN Gaming (Foil) | Cologne 2026,https://steamcommunity.com/market/listings/730/Sticker%20%7C%20paiN%20Gaming%20%28Foil%29%20%7C%20Cologne%202026,1209,10422,5316,12,iem-cologne-2026,campaign_12,sticker,Team,,paiN Gaming,rarity_mythical
2026-06-04 00:38:18,20260604_003818,https://cs2tokens.com/browse?sort=price-asc&finish=Foil,Foil,fe8833172681,Sticker | Gaimin Gladiators (Foil) | Cologne 2026,Gaimin Gladiators,Cologne 2026,Team,Foil,,Remarkable,#8847ff,50,0.5,4,32,0.0968,https://community.akamai.steamstatic.com/economy/image/i0CoZ81Ui0m-9KwlBY1L_18myuGuq1wfhWSaZgMttyVfPaERSR0Wqmu7LAocGJai0ki7VeTHjMmuOXSQ61MnpNWipV7mSBDOmJnp8WwOu_D5PvA4c6WVCjXAkuhw4uU9GXi2xkwh4mXdw9j8Jy-WaQd1XsF4W6dU5T28eoDk,"=IMAGE(""https://community.akamai.steamstatic.com/economy/image/i0CoZ81Ui0m-9KwlBY1L_18myuGuq1wfhWSaZgMttyVfPaERSR0Wqmu7LAocGJai0ki7VeTHjMmuOXSQ61MnpNWipV7mSBDOmJnp8WwOu_D5PvA4c6WVCjXAkuhw4uU9GXi2xkwh4mXdw9j8Jy-WaQd1XsF4W6dU5T28eoDk"")",https://cs2tokens.com/iem-cologne-2026/items/sticker-gaimin-gladiators-foil-cologne-2026,sticker-gaimin-gladiators-foil-cologne-2026,ok,,https://cs2tokens.com/iem-cologne-2026/items/sticker-gaimin-gladiators-foil-cologne-2026/q-data.json,Sticker | Gaimin Gladiators (Foil) | Cologne 2026,https://steamcommunity.com/market/listings/730/Sticker%20%7C%20Gaimin%20Gladiators%20%28Foil%29%20%7C%20Cologne%202026,1209,10478,5316,12,iem-cologne-2026,campaign_12,sticker,Team,,,rarity_mythical
2026-06-04 00:38:18,20260604_003818,https://cs2tokens.com/browse?sort=price-asc&finish=Foil,Foil,104578d789bb,Sticker | FUT (Foil) | Cologne 2026,FUT,Cologne 2026,Team,Foil,,Remarkable,#8847ff,73,0.72,5,32,0.129,https://community.akamai.steamstatic.com/economy/image/i0CoZ81Ui0m-9KwlBY1L_18myuGuq1wfhWSaZgMttyVfPaERSR0Wqmu7LAocGJai0ki7VeTHjMmuOXSQ61MnpNWipV_yVSL3kZ_ss3YD7KL6PaFrcfKWXTaSl-tws7lsSX-xkUR0sWjdm92pc36WOgQhC8RuBbldyy_5mWU,"=IMAGE(""https://community.akamai.steamstatic.com/economy/image/i0CoZ81Ui0m-9KwlBY1L_18myuGuq1wfhWSaZgMttyVfPaERSR0Wqmu7LAocGJai0ki7VeTHjMmuOXSQ61MnpNWipV_yVSL3kZ_ss3YD7KL6PaFrcfKWXTaSl-tws7lsSX-xkUR0sWjdm92pc36WOgQhC8RuBbldyy_5mWU"")",https://cs2tokens.com/iem-cologne-2026/items/sticker-fut-foil-cologne-2026,sticker-fut-foil-cologne-2026,ok,,https://cs2tokens.com/iem-cologne-2026/items/sticker-fut-foil-cologne-2026/q-data.json,Sticker | FUT (Foil) | Cologne 2026,https://steamcommunity.com/market/listings/730/Sticker%20%7C%20FUT%20%28Foil%29%20%7C%20Cologne%202026,1209,10402,5316,12,iem-cologne-2026,campaign_12,sticker,Team,,,rarity_mythical
2026-06-04 00:38:18,20260604_003818,https://cs2tokens.com/browse?sort=price-asc&finish=Foil,Foil,e26e56662131,Sticker | B8 (Foil) | Cologne 2026,B8,Cologne 2026,Team,Foil,B8,Remarkable,#8847ff,80,0.79,6,32,0.1613,https://community.akamai.steamstatic.com/economy/image/i0CoZ81Ui0m-9KwlBY1L_18myuGuq1wfhWSaZgMttyVfPaERSR0Wqmu7LAocGJai0ki7VeTHjMmuOXSQ61MnpNWipVu_fhv-l5qu_CYDuav6avI-eKeXWmOUlLpy5LM_F3ngxUt342zTnNj6cinDPQ4iCowwG7DCrmXIug,"=IMAGE(""https://community.akamai.steamstatic.com/economy/image/i0CoZ81Ui0m-9KwlBY1L_18myuGuq1wfhWSaZgMttyVfPaERSR0Wqmu7LAocGJai0ki7VeTHjMmuOXSQ61MnpNWipVu_fhv-l5qu_CYDuav6avI-eKeXWmOUlLpy5LM_F3ngxUt342zTnNj6cinDPQ4iCowwG7DCrmXIug"")",https://cs2tokens.com/iem-cologne-2026/items/sticker-b8-foil-cologne-2026,sticker-b8-foil-cologne-2026,ok,,https://cs2tokens.com/iem-cologne-2026/items/sticker-b8-foil-cologne-2026/q-data.json,Sticker | B8 (Foil) | Cologne 2026,https://steamcommunity.com/market/listings/730/Sticker%20%7C%20B8%20%28Foil%29%20%7C%20Cologne%202026,1209,10438,5316,12,iem-cologne-2026,campaign_12,sticker,Team,,B8,rarity_mythical
2026-06-04 00:38:18,20260604_003818,https://cs2tokens.com/browse?sort=price-asc&finish=Foil,Foil,9be550a4d2cc,Sticker | NRG (Foil) | Cologne 2026,NRG,Cologne 2026,Team,Foil,NRG,Remarkable,#8847ff,90,0.89,7,32,0.1935,https://community.akamai.steamstatic.com/economy/image/i0CoZ81Ui0m-9KwlBY1L_18myuGuq1wfhWSaZgMttyVfPaERSR0Wqmu7LAocGJai0ki7VeTHjMmuOXSQ61MnpNWipVf1RiL3kZ_ss3QMu6P9MfdvdfXGXTfDxe8k4bBrGX_nzUQi4G6HyoyoIimXP1AhApBuBbldM5i8Ypw,"=IMAGE(""https://community.akamai.steamstatic.com/economy/image/i0CoZ81Ui0m-9KwlBY1L_18myuGuq1wfhWSaZgMttyVfPaERSR0Wqmu7LAocGJai0ki7VeTHjMmuOXSQ61MnpNWipVf1RiL3kZ_ss3QMu6P9MfdvdfXGXTfDxe8k4bBrGX_nzUQi4G6HyoyoIimXP1AhApBuBbldM5i8Ypw"")",https://cs2tokens.com/iem-cologne-2026/items/sticker-nrg-foil-cologne-2026,sticker-nrg-foil-cologne-2026,ok,,https://cs2tokens.com/iem-cologne-2026/items/sticker-nrg-foil-cologne-2026/q-data.json,Sticker | NRG (Foil) | Cologne 2026,https://steamcommunity.com/market/listings/730/Sticker%20%7C%20NRG%20%28Foil%29%20%7C%20Cologne%202026,1209,10466,5316,12,iem-cologne-2026,campaign_12,sticker,Team,,NRG,rarity_mythical
2026-06-04 00:38:18,20260604_003818,https://cs2tokens.com/browse?sort=price-asc&finish=Foil,Foil,b9b57da96005,Sticker | G2 esports (Foil) | Cologne 2026,G2 esports,Cologne 2026,Team,Foil,G2 Esports,Remarkable,#8847ff,102,1.01,8,32,0.2258,https://community.akamai.steamstatic.com/economy/image/i0CoZ81Ui0m-9KwlBY1L_18myuGuq1wfhWSaZgMttyVfPaERSR0Wqmu7LAocGJai0ki7VeTHjMmuOXSQ61MnpNWipV61fhv-l5quq3MItvP5OKc4JajFXTWVwOsh4OI_HCjkwB8k5mmAw92ucn-QalUjW4wwG7B46mamWA,"=IMAGE(""https://community.akamai.steamstatic.com/economy/image/i0CoZ81Ui0m-9KwlBY1L_18myuGuq1wfhWSaZgMttyVfPaERSR0Wqmu7LAocGJai0ki7VeTHjMmuOXSQ61MnpNWipV61fhv-l5quq3MItvP5OKc4JajFXTWVwOsh4OI_HCjkwB8k5mmAw92ucn-QalUjW4wwG7B46mamWA"")",https://cs2tokens.com/iem-cologne-2026/items/sticker-g2-esports-foil-cologne-2026,sticker-g2-esports-foil-cologne-2026,ok,,https://cs2tokens.com/iem-cologne-2026/items/sticker-g2-esports-foil-cologne-2026/q-data.json,Sticker | G2 esports (Foil) | Cologne 2026,https://steamcommunity.com/market/listings/730/Sticker%20%7C%20G2%20esports%20%28Foil%29%20%7C%20Cologne%202026,1209,10414,5316,12,iem-cologne-2026,campaign_12,sticker,Team,,G2 Esports,rarity_mythical
2026-06-04 00:38:18,20260604_003818,https://cs2tokens.com/browse?sort=price-asc&finish=Foil,Foil,88e647818814,Sticker | 9z Team (Foil) | Cologne 2026,9z Team,Cologne 2026,Team,Foil,9z Team,Remarkable,#8847ff,103,1.02,9,32,0.2581,https://community.akamai.steamstatic.com/economy/image/i0CoZ81Ui0m-9KwlBY1L_18myuGuq1wfhWSaZgMttyVfPaERSR0Wqmu7LAocGJai0ki7VeTHjMmuOXSQ61MnpNWipVfuTxjOmJnp8WwLuqb6MPJveKTGXTHDlrYk5rA_GHnkxR9y4G-HnN-pd3-eOwQgDpskW6dU5RCBn9uN,"=IMAGE(""https://community.akamai.steamstatic.com/economy/image/i0CoZ81Ui0m-9KwlBY1L_18myuGuq1wfhWSaZgMttyVfPaERSR0Wqmu7LAocGJai0ki7VeTHjMmuOXSQ61MnpNWipVfuTxjOmJnp8WwLuqb6MPJveKTGXTHDlrYk5rA_GHnkxR9y4G-HnN-pd3-eOwQgDpskW6dU5RCBn9uN"")",https://cs2tokens.com/iem-cologne-2026/items/sticker-9z-team-foil-cologne-2026,sticker-9z-team-foil-cologne-2026,ok,,https://cs2tokens.com/iem-cologne-2026/items/sticker-9z-team-foil-cologne-2026/q-data.json,Sticker | 9z Team (Foil) | Cologne 2026,https://steamcommunity.com/market/listings/730/Sticker%20%7C%209z%20Team%20%28Foil%29%20%7C%20Cologne%202026,1209,10430,5316,12,iem-cologne-2026,campaign_12,sticker,Team,,9z Team,rarity_mythical
2026-06-04 00:38:18,20260604_003818,https://cs2tokens.com/browse?sort=price-asc&finish=Foil,Foil,9f93a72de966,Sticker | Monte (Foil) | Cologne 2026,Monte,Cologne 2026,Team,Foil,Monte,Remarkable,#8847ff,112,1.11,10,32,0.2903,https://community.akamai.steamstatic.com/economy/image/i0CoZ81Ui0m-9KwlBY1L_18myuGuq1wfhWSaZgMttyVfPaERSR0Wqmu7LAocGJai0ki7VeTHjMmuOXSQ61MnpNWipVToTwnOmJnp8WwKuKT8MKE8c6mVWGGSmegvs-A6TizmxEsk5m2GmI2odXqfaQdxDZJ4W6dU5SIhck0Q,"=IMAGE(""https://community.akamai.steamstatic.com/economy/image/i0CoZ81Ui0m-9KwlBY1L_18myuGuq1wfhWSaZgMttyVfPaERSR0Wqmu7LAocGJai0ki7VeTHjMmuOXSQ61MnpNWipVToTwnOmJnp8WwKuKT8MKE8c6mVWGGSmegvs-A6TizmxEsk5m2GmI2odXqfaQdxDZJ4W6dU5SIhck0Q"")",https://cs2tokens.com/iem-cologne-2026/items/sticker-monte-foil-cologne-2026,sticker-monte-foil-cologne-2026,ok,,https://cs2tokens.com/iem-cologne-2026/items/sticker-monte-foil-cologne-2026/q-data.json,Sticker | Monte (Foil) | Cologne 2026,https://steamcommunity.com/market/listings/730/Sticker%20%7C%20Monte%20%28Foil%29%20%7C%20Cologne%202026,1209,10426,5316,12,iem-cologne-2026,campaign_12,sticker,Team,,Monte,rarity_mythical
2026-06-04 00:38:18,20260604_003818,https://cs2tokens.com/browse?sort=price-asc&finish=Foil,Foil,07132550ab28,Sticker | Legacy (Foil) | Cologne 2026,Legacy,Cologne 2026,Team,Foil,Legacy,Remarkable,#8847ff,113,1.12,11,32,0.3226,https://community.akamai.steamstatic.com/economy/image/i0CoZ81Ui0m-9KwlBY1L_18myuGuq1wfhWSaZgMttyVfPaERSR0Wqmu7LAocGJai0ki7VeTHjMmuOXSQ61MnpNWipVXgQgTOmJnp8Wxd7Pf-OaFsdfLFDTfBw-0lseAxF3zglx8lsTvVztj6cHzCPVMpDsN5W6dU5Qu2ZvlA,"=IMAGE(""https://community.akamai.steamstatic.com/economy/image/i0CoZ81Ui0m-9KwlBY1L_18myuGuq1wfhWSaZgMttyVfPaERSR0Wqmu7LAocGJai0ki7VeTHjMmuOXSQ61MnpNWipVXgQgTOmJnp8Wxd7Pf-OaFsdfLFDTfBw-0lseAxF3zglx8lsTvVztj6cHzCPVMpDsN5W6dU5Qu2ZvlA"")",https://cs2tokens.com/iem-cologne-2026/items/sticker-legacy-foil-cologne-2026,sticker-legacy-foil-cologne-2026,ok,,https://cs2tokens.com/iem-cologne-2026/items/sticker-legacy-foil-cologne-2026/q-data.json,Sticker | Legacy (Foil) | Cologne 2026,https://steamcommunity.com/market/listings/730/Sticker%20%7C%20Legacy%20%28Foil%29%20%7C%20Cologne%202026,1209,10418,5316,12,iem-cologne-2026,campaign_12,sticker,Team,,Legacy,rarity_mythical
2026-06-04 00:38:18,20260604_003818,https://cs2tokens.com/browse?sort=price-asc&finish=Foil,Foil,fe6261cfb9e8,Sticker | BIG (Foil) | Cologne 2026,BIG,Cologne 2026,Team,Foil,BIG,Remarkable,#8847ff,137,1.36,12,32,0.3548,https://community.akamai.steamstatic.com/economy/image/i0CoZ81Ui0m-9KwlBY1L_18myuGuq1wfhWSaZgMttyVfPaERSR0Wqmu7LAocGJai0ki7VeTHjMmuOXSQ61MnpNWipVvuRiL3kZ_ss3AI66v9OPVuI6XHXDbCkO1w47VtHH_lkRx05zjRzdaucniSaFchDpduBbldDSAium8,"=IMAGE(""https://community.akamai.steamstatic.com/economy/image/i0CoZ81Ui0m-9KwlBY1L_18myuGuq1wfhWSaZgMttyVfPaERSR0Wqmu7LAocGJai0ki7VeTHjMmuOXSQ61MnpNWipVvuRiL3kZ_ss3AI66v9OPVuI6XHXDbCkO1w47VtHH_lkRx05zjRzdaucniSaFchDpduBbldDSAium8"")",https://cs2tokens.com/iem-cologne-2026/items/sticker-big-foil-cologne-2026,sticker-big-foil-cologne-2026,ok,,https://cs2tokens.com/iem-cologne-2026/items/sticker-big-foil-cologne-2026/q-data.json,Sticker | BIG (Foil) | Cologne 2026,https://steamcommunity.com/market/listings/730/Sticker%20%7C%20BIG%20%28Foil%29%20%7C%20Cologne%202026,1209,10450,5316,12,iem-cologne-2026,campaign_12,sticker,Team,,BIG,rarity_mythical
2026-06-04 00:38:18,20260604_003818,https://cs2tokens.com/browse?sort=price-asc&finish=Foil,Foil,41a467e12b24,Sticker | Aurora (Foil) | Cologne 2026,Aurora,Cologne 2026,Team,Foil,Aurora,Remarkable,#8847ff,150,1.49,13,32,0.3871,https://community.akamai.steamstatic.com/economy/image/i0CoZ81Ui0m-9KwlBY1L_18myuGuq1wfhWSaZgMttyVfPaERSR0Wqmu7LAocGJai0ki7VeTHjMmuOXSQ61MnpNWipVjyUxzOmJnp8WwM66CoPqI0dKDKWTeSkbd0tbUwHCrjkEwh427XzNv6eH2VbAYgCpZ1W6dU5d2P_qnJ,"=IMAGE(""https://community.akamai.steamstatic.com/economy/image/i0CoZ81Ui0m-9KwlBY1L_18myuGuq1wfhWSaZgMttyVfPaERSR0Wqmu7LAocGJai0ki7VeTHjMmuOXSQ61MnpNWipVjyUxzOmJnp8WwM66CoPqI0dKDKWTeSkbd0tbUwHCrjkEwh427XzNv6eH2VbAYgCpZ1W6dU5d2P_qnJ"")",https://cs2tokens.com/iem-cologne-2026/items/sticker-aurora-foil-cologne-2026,sticker-aurora-foil-cologne-2026,ok,,https://cs2tokens.com/iem-cologne-2026/items/sticker-aurora-foil-cologne-2026/q-data.json,Sticker | Aurora (Foil) | Cologne 2026,https://steamcommunity.com/market/listings/730/Sticker%20%7C%20Aurora%20%28Foil%29%20%7C%20Cologne%202026,1209,10390,5316,12,iem-cologne-2026,campaign_12,sticker,Team,,Aurora,rarity_mythical
2026-06-04 00:38:18,20260604_003818,https://cs2tokens.com/browse?sort=price-asc&finish=Foil,Foil,76c42fc41612,Sticker | The Mongolz (Foil) | Cologne 2026,The Mongolz,Cologne 2026,Team,Foil,The MongolZ,Remarkable,#8847ff,151,1.49,14,32,0.4194,https://community.akamai.steamstatic.com/economy/image/i0CoZ81Ui0m-9KwlBY1L_18myuGuq1wfhWSaZgMttyVfPaERSR0Wqmu7LAocGJai0ki7VeTHjMmuOXSQ61MnpNWipVTpRgfOmJnp8WwDuKf4afw9JfaXVzeUwL8v4ec8G3DhxU1_4T7Wwon6JXPDaw9yX8B1W6dU5QSqJ0rx,"=IMAGE(""https://community.akamai.steamstatic.com/economy/image/i0CoZ81Ui0m-9KwlBY1L_18myuGuq1wfhWSaZgMttyVfPaERSR0Wqmu7LAocGJai0ki7VeTHjMmuOXSQ61MnpNWipVTpRgfOmJnp8WwDuKf4afw9JfaXVzeUwL8v4ec8G3DhxU1_4T7Wwon6JXPDaw9yX8B1W6dU5QSqJ0rx"")",https://cs2tokens.com/iem-cologne-2026/items/sticker-the-mongolz-foil-cologne-2026,sticker-the-mongolz-foil-cologne-2026,ok,,https://cs2tokens.com/iem-cologne-2026/items/sticker-the-mongolz-foil-cologne-2026/q-data.json,Sticker | The Mongolz (Foil) | Cologne 2026,https://steamcommunity.com/market/listings/730/Sticker%20%7C%20The%20Mongolz%20%28Foil%29%20%7C%20Cologne%202026,1209,10382,5316,12,iem-cologne-2026,campaign_12,sticker,Team,,The MongolZ,rarity_mythical
2026-06-04 00:38:18,20260604_003818,https://cs2tokens.com/browse?sort=price-asc&finish=Foil,Foil,60021a1c7406,Sticker | Sharks Esports (Foil) | Cologne 2026,Sharks Esports,Cologne 2026,Team,Foil,Sharks Esports,Remarkable,#8847ff,152,1.5,15,32,0.4516,https://community.akamai.steamstatic.com/economy/image/i0CoZ81Ui0m-9KwlBY1L_18myuGuq1wfhWSaZgMttyVfPaERSR0Wqmu7LAocGJai0ki7VeTHjMmuOXSQ61MnpNWipUrvUxbOmJnp8WwIu_SoP6A0d6eWWj_BlOxz4-M6TS_jlEtz4GXRz4uoInjDb1d2XsYmW6dU5UlLpDfp,"=IMAGE(""https://community.akamai.steamstatic.com/economy/image/i0CoZ81Ui0m-9KwlBY1L_18myuGuq1wfhWSaZgMttyVfPaERSR0Wqmu7LAocGJai0ki7VeTHjMmuOXSQ61MnpNWipUrvUxbOmJnp8WwIu_SoP6A0d6eWWj_BlOxz4-M6TS_jlEtz4GXRz4uoInjDb1d2XsYmW6dU5UlLpDfp"")",https://cs2tokens.com/iem-cologne-2026/items/sticker-sharks-esports-foil-cologne-2026,sticker-sharks-esports-foil-cologne-2026,ok,,https://cs2tokens.com/iem-cologne-2026/items/sticker-sharks-esports-foil-cologne-2026/q-data.json,Sticker | Sharks Esports (Foil) | Cologne 2026,https://steamcommunity.com/market/listings/730/Sticker%20%7C%20Sharks%20Esports%20%28Foil%29%20%7C%20Cologne%202026,1209,10474,5316,12,iem-cologne-2026,campaign_12,sticker,Team,,Sharks Esports,rarity_mythical
2026-06-04 00:38:18,20260604_003818,https://cs2tokens.com/browse?sort=price-asc&finish=Foil,Foil,d6a71d3df32d,Sticker | PARIVISION (Foil) | Cologne 2026,PARIVISION,Cologne 2026,Team,Foil,PARIVISION,Remarkable,#8847ff,154,1.52,16,32,0.4839,https://community.akamai.steamstatic.com/economy/image/i0CoZ81Ui0m-9KwlBY1L_18myuGuq1wfhWSaZgMttyVfPaERSR0Wqmu7LAocGJai0ki7VeTHjMmuOXSQ61MnpNWipUnmUxTOmJnp8WwKu6P-P_drePHCDT_Fmb1zsrM9S3_gxU904z_Vy4v7eXjFawF0D5oiW6dU5SWazNyG,"=IMAGE(""https://community.akamai.steamstatic.com/economy/image/i0CoZ81Ui0m-9KwlBY1L_18myuGuq1wfhWSaZgMttyVfPaERSR0Wqmu7LAocGJai0ki7VeTHjMmuOXSQ61MnpNWipUnmUxTOmJnp8WwKu6P-P_drePHCDT_Fmb1zsrM9S3_gxU904z_Vy4v7eXjFawF0D5oiW6dU5SWazNyG"")",https://cs2tokens.com/iem-cologne-2026/items/sticker-parivision-foil-cologne-2026,sticker-parivision-foil-cologne-2026,ok,,https://cs2tokens.com/iem-cologne-2026/items/sticker-parivision-foil-cologne-2026/q-data.json,Sticker | PARIVISION (Foil) | Cologne 2026,https://steamcommunity.com/market/listings/730/Sticker%20%7C%20PARIVISION%20%28Foil%29%20%7C%20Cologne%202026,1209,10386,5316,12,iem-cologne-2026,campaign_12,sticker,Team,,PARIVISION,rarity_mythical
2026-06-04 00:38:18,20260604_003818,https://cs2tokens.com/browse?sort=price-asc&finish=Foil,Foil,bebad909494a,Sticker | M80 (Foil) | Cologne 2026,M80,Cologne 2026,Team,Foil,M80,Remarkable,#8847ff,164,1.62,17,32,0.5161,https://community.akamai.steamstatic.com/economy/image/i0CoZ81Ui0m-9KwlBY1L_18myuGuq1wfhWSaZgMttyVfPaERSR0Wqmu7LAocGJai0ki7VeTHjMmuOXSQ61MnpNWipVS_ESL3kZ_ss3ANt_b-P_ZsJPXEWDSRmbojs7E5HnHjlEpxt27RmdmreC2fblR1X5puBbldm6JZVVA,"=IMAGE(""https://community.akamai.steamstatic.com/economy/image/i0CoZ81Ui0m-9KwlBY1L_18myuGuq1wfhWSaZgMttyVfPaERSR0Wqmu7LAocGJai0ki7VeTHjMmuOXSQ61MnpNWipVS_ESL3kZ_ss3ANt_b-P_ZsJPXEWDSRmbojs7E5HnHjlEpxt27RmdmreC2fblR1X5puBbldm6JZVVA"")",https://cs2tokens.com/iem-cologne-2026/items/sticker-m80-foil-cologne-2026,sticker-m80-foil-cologne-2026,ok,,https://cs2tokens.com/iem-cologne-2026/items/sticker-m80-foil-cologne-2026/q-data.json,Sticker | M80 (Foil) | Cologne 2026,https://steamcommunity.com/market/listings/730/Sticker%20%7C%20M80%20%28Foil%29%20%7C%20Cologne%202026,1209,10454,5316,12,iem-cologne-2026,campaign_12,sticker,Team,,M80,rarity_mythical
2026-06-04 00:38:18,20260604_003818,https://cs2tokens.com/browse?sort=price-asc&finish=Foil,Foil,dfde99cd8bc1,Sticker | MOUZ (Foil) | Cologne 2026,MOUZ,Cologne 2026,Team,Foil,MOUZ,Remarkable,#8847ff,189,1.87,18,32,0.5484,https://community.akamai.steamstatic.com/economy/image/i0CoZ81Ui0m-9KwlBY1L_18myuGuq1wfhWSaZgMttyVfPaERSR0Wqmu7LAocGJai0ki7VeTHjMmuOXSQ61MnpNWipVToVAfOmJnp8WxauvP9PPdoeKLACjHHku1z5rlrF321xkoi4GXRyImsdXLEOgB0CJYkW6dU5QeU6cBM,"=IMAGE(""https://community.akamai.steamstatic.com/economy/image/i0CoZ81Ui0m-9KwlBY1L_18myuGuq1wfhWSaZgMttyVfPaERSR0Wqmu7LAocGJai0ki7VeTHjMmuOXSQ61MnpNWipVToVAfOmJnp8WxauvP9PPdoeKLACjHHku1z5rlrF321xkoi4GXRyImsdXLEOgB0CJYkW6dU5QeU6cBM"")",https://cs2tokens.com/iem-cologne-2026/items/sticker-mouz-foil-cologne-2026,sticker-mouz-foil-cologne-2026,ok,,https://cs2tokens.com/iem-cologne-2026/items/sticker-mouz-foil-cologne-2026/q-data.json,Sticker | MOUZ (Foil) | Cologne 2026,https://steamcommunity.com/market/listings/730/Sticker%20%7C%20MOUZ%20%28Foil%29%20%7C%20Cologne%202026,1209,10398,5316,12,iem-cologne-2026,campaign_12,sticker,Team,,MOUZ,rarity_mythical
2026-06-04 00:38:18,20260604_003818,https://cs2tokens.com/browse?sort=price-asc&finish=Foil,Foil,2c7e1e84b436,Sticker | Astralis (Foil) | Cologne 2026,Astralis,Cologne 2026,Team,Foil,Astralis,Remarkable,#8847ff,203,2.01,19,32,0.5806,https://community.akamai.steamstatic.com/economy/image/i0CoZ81Ui0m-9KwlBY1L_18myuGuq1wfhWSaZgMttyVfPaERSR0Wqmu7LAocGJai0ki7VeTHjMmuOXSQ61MnpNWipVj0VQ_OmJnp8Wxfv6H-Pv01JfKVXz_Gk-oh4LE-TXHmwk1yt2vWzY78IH2XaAQjD5BxW6dU5e1aA992,"=IMAGE(""https://community.akamai.steamstatic.com/economy/image/i0CoZ81Ui0m-9KwlBY1L_18myuGuq1wfhWSaZgMttyVfPaERSR0Wqmu7LAocGJai0ki7VeTHjMmuOXSQ61MnpNWipVj0VQ_OmJnp8Wxfv6H-Pv01JfKVXz_Gk-oh4LE-TXHmwk1yt2vWzY78IH2XaAQjD5BxW6dU5e1aA992"")",https://cs2tokens.com/iem-cologne-2026/items/sticker-astralis-foil-cologne-2026,sticker-astralis-foil-cologne-2026,ok,,https://cs2tokens.com/iem-cologne-2026/items/sticker-astralis-foil-cologne-2026/q-data.json,Sticker | Astralis (Foil) | Cologne 2026,https://steamcommunity.com/market/listings/730/Sticker%20%7C%20Astralis%20%28Foil%29%20%7C%20Cologne%202026,1209,10410,5316,12,iem-cologne-2026,campaign_12,sticker,Team,,Astralis,rarity_mythical
2026-06-04 00:38:18,20260604_003818,https://cs2tokens.com/browse?sort=price-asc&finish=Foil,Foil,ae1b042a36f9,Sticker | FURIA (Foil) | Cologne 2026,FURIA,Cologne 2026,Team,Foil,FURIA,Remarkable,#8847ff,214,2.12,20,32,0.6129,https://community.akamai.steamstatic.com/economy/image/i0CoZ81Ui0m-9KwlBY1L_18myuGuq1wfhWSaZgMttyVfPaERSR0Wqmu7LAocGJai0ki7VeTHjMmuOXSQ61MnpNWipV_yUxTOmJnp8WxauvGobqU_I6bCVmPIlL505-VrTX-xzRtz5DuAmduqdy-VawIpX5UhW6dU5dm6Y9SR,"=IMAGE(""https://community.akamai.steamstatic.com/economy/image/i0CoZ81Ui0m-9KwlBY1L_18myuGuq1wfhWSaZgMttyVfPaERSR0Wqmu7LAocGJai0ki7VeTHjMmuOXSQ61MnpNWipV_yUxTOmJnp8WxauvGobqU_I6bCVmPIlL505-VrTX-xzRtz5DuAmduqdy-VawIpX5UhW6dU5dm6Y9SR"")",https://cs2tokens.com/iem-cologne-2026/items/sticker-furia-foil-cologne-2026,sticker-furia-foil-cologne-2026,ok,,https://cs2tokens.com/iem-cologne-2026/items/sticker-furia-foil-cologne-2026/q-data.json,Sticker | FURIA (Foil) | Cologne 2026,https://steamcommunity.com/market/listings/730/Sticker%20%7C%20FURIA%20%28Foil%29%20%7C%20Cologne%202026,1209,10394,5316,12,iem-cologne-2026,campaign_12,sticker,Team,,FURIA,rarity_mythical
2026-06-04 00:38:18,20260604_003818,https://cs2tokens.com/browse?sort=price-asc&finish=Foil,Foil,74054b39ce78,Sticker | BetBoom (Foil) | Cologne 2026,BetBoom,Cologne 2026,Team,Foil,BetBoom,Remarkable,#8847ff,221,2.19,21,32,0.6452,https://community.akamai.steamstatic.com/economy/image/i0CoZ81Ui0m-9KwlBY1L_18myuGuq1wfhWSaZgMttyVfPaERSR0Wqmu7LAocGJai0ki7VeTHjMmuOXSQ61MnpNWipVvlfhv-l5quqnRfuPD2OPc6JKjEVmLAxOsvtudrTX6yxB4itzncw9atJyqWalAnWIwwG7BuxDWltQ,"=IMAGE(""https://community.akamai.steamstatic.com/economy/image/i0CoZ81Ui0m-9KwlBY1L_18myuGuq1wfhWSaZgMttyVfPaERSR0Wqmu7LAocGJai0ki7VeTHjMmuOXSQ61MnpNWipVvlfhv-l5quqnRfuPD2OPc6JKjEVmLAxOsvtudrTX6yxB4itzncw9atJyqWalAnWIwwG7BuxDWltQ"")",https://cs2tokens.com/iem-cologne-2026/items/sticker-betboom-foil-cologne-2026,sticker-betboom-foil-cologne-2026,ok,,https://cs2tokens.com/iem-cologne-2026/items/sticker-betboom-foil-cologne-2026/q-data.json,Sticker | BetBoom (Foil) | Cologne 2026,https://steamcommunity.com/market/listings/730/Sticker%20%7C%20BetBoom%20%28Foil%29%20%7C%20Cologne%202026,1209,10446,5316,12,iem-cologne-2026,campaign_12,sticker,Team,,BetBoom,rarity_mythical
2026-06-04 00:38:18,20260604_003818,https://cs2tokens.com/browse?sort=price-asc&finish=Foil,Foil,bc2996d26f5d,Sticker | FlyQuest (Foil) | Cologne 2026,FlyQuest,Cologne 2026,Team,Foil,Flyquest,Remarkable,#8847ff,225,2.23,22,32,0.6774,https://community.akamai.steamstatic.com/economy/image/i0CoZ81Ui0m-9KwlBY1L_18myuGuq1wfhWSaZgMttyVfPaERSR0Wqmu7LAocGJai0ki7VeTHjMmuOXSQ61MnpNWipV_2fhv-l5qupHJZuqD8avY-d_aRXzfIkbhw5rlqFnDjzBxwsTjdztmreX-UaAIgA4wwG7DMNMzzXQ,"=IMAGE(""https://community.akamai.steamstatic.com/economy/image/i0CoZ81Ui0m-9KwlBY1L_18myuGuq1wfhWSaZgMttyVfPaERSR0Wqmu7LAocGJai0ki7VeTHjMmuOXSQ61MnpNWipV_2fhv-l5qupHJZuqD8avY-d_aRXzfIkbhw5rlqFnDjzBxwsTjdztmreX-UaAIgA4wwG7DMNMzzXQ"")",https://cs2tokens.com/iem-cologne-2026/items/sticker-flyquest-foil-cologne-2026,sticker-flyquest-foil-cologne-2026,ok,,https://cs2tokens.com/iem-cologne-2026/items/sticker-flyquest-foil-cologne-2026/q-data.json,Sticker | FlyQuest (Foil) | Cologne 2026,https://steamcommunity.com/market/listings/730/Sticker%20%7C%20FlyQuest%20%28Foil%29%20%7C%20Cologne%202026,1209,10494,5316,12,iem-cologne-2026,campaign_12,sticker,Team,,Flyquest,rarity_mythical
2026-06-04 00:38:18,20260604_003818,https://cs2tokens.com/browse?sort=price-asc&finish=Foil,Foil,dc2cd9e9bdfd,Sticker | Lynn Vision (Foil) | Cologne 2026,Lynn Vision,Cologne 2026,Team,Foil,Lynn Vision,Remarkable,#8847ff,235,2.33,23,32,0.7097,https://community.akamai.steamstatic.com/economy/image/i0CoZ81Ui0m-9KwlBY1L_18myuGuq1wfhWSaZgMttyVfPaERSR0Wqmu7LAocGJai0ki7VeTHjMmuOXSQ61MnpNWipVX-TxPOmJnp8WwMuKP7MKJoeaHDCGKUkbt357drTn3nzEx2tT_dzI2oIC3COA4hCZYjW6dU5RwETaDc,"=IMAGE(""https://community.akamai.steamstatic.com/economy/image/i0CoZ81Ui0m-9KwlBY1L_18myuGuq1wfhWSaZgMttyVfPaERSR0Wqmu7LAocGJai0ki7VeTHjMmuOXSQ61MnpNWipVX-TxPOmJnp8WwMuKP7MKJoeaHDCGKUkbt357drTn3nzEx2tT_dzI2oIC3COA4hCZYjW6dU5RwETaDc"")",https://cs2tokens.com/iem-cologne-2026/items/sticker-lynn-vision-foil-cologne-2026,sticker-lynn-vision-foil-cologne-2026,ok,,https://cs2tokens.com/iem-cologne-2026/items/sticker-lynn-vision-foil-cologne-2026/q-data.json,Sticker | Lynn Vision (Foil) | Cologne 2026,https://steamcommunity.com/market/listings/730/Sticker%20%7C%20Lynn%20Vision%20%28Foil%29%20%7C%20Cologne%202026,1209,10486,5316,12,iem-cologne-2026,campaign_12,sticker,Team,,Lynn Vision,rarity_mythical
2026-06-04 00:38:18,20260604_003818,https://cs2tokens.com/browse?sort=price-asc&finish=Foil,Foil,0778cd71484b,Sticker | Team Liquid (Foil) | Cologne 2026,Team Liquid,Cologne 2026,Team,Foil,Team Liquid,Remarkable,#8847ff,254,2.51,24,32,0.7419,https://community.akamai.steamstatic.com/economy/image/i0CoZ81Ui0m-9KwlBY1L_18myuGuq1wfhWSaZgMttyVfPaERSR0Wqmu7LAocGJai0ki7VeTHjMmuOXSQ61MnpNWipVXuUCL3kZ_ss3cD6_b-af04JaCXD2XJwrkg6eI5THC3wkR06jnWz4r4IH3FZw8kApNuBbldVaaU-iI,"=IMAGE(""https://community.akamai.steamstatic.com/economy/image/i0CoZ81Ui0m-9KwlBY1L_18myuGuq1wfhWSaZgMttyVfPaERSR0Wqmu7LAocGJai0ki7VeTHjMmuOXSQ61MnpNWipVXuUCL3kZ_ss3cD6_b-af04JaCXD2XJwrkg6eI5THC3wkR06jnWz4r4IH3FZw8kApNuBbldVaaU-iI"")",https://cs2tokens.com/iem-cologne-2026/items/sticker-team-liquid-foil-cologne-2026,sticker-team-liquid-foil-cologne-2026,ok,,https://cs2tokens.com/iem-cologne-2026/items/sticker-team-liquid-foil-cologne-2026/q-data.json,Sticker | Team Liquid (Foil) | Cologne 2026,https://steamcommunity.com/market/listings/730/Sticker%20%7C%20Team%20Liquid%20%28Foil%29%20%7C%20Cologne%202026,1209,10482,5316,12,iem-cologne-2026,campaign_12,sticker,Team,,Team Liquid,rarity_mythical
2026-06-04 00:38:18,20260604_003818,https://cs2tokens.com/browse?sort=price-asc&finish=Foil,Foil,1cf584e207d0,Sticker | SINNERS (Foil) | Cologne 2026,SINNERS,Cologne 2026,Team,Foil,,Remarkable,#8847ff,300,2.97,25,32,0.7742,https://community.akamai.steamstatic.com/economy/image/i0CoZ81Ui0m-9KwlBY1L_18myuGuq1wfhWSaZgMttyVfPaERSR0Wqmu7LAocGJai0ki7VeTHjMmuOXSQ61MnpNWipUruTxPOmJnp8WwDtvSsP6U6dqmXDz_Ckb5w4-Q5Ti3izB4i4m3dnomhdnOQaAAhDsdyW6dU5ZHYt0jI,"=IMAGE(""https://community.akamai.steamstatic.com/economy/image/i0CoZ81Ui0m-9KwlBY1L_18myuGuq1wfhWSaZgMttyVfPaERSR0Wqmu7LAocGJai0ki7VeTHjMmuOXSQ61MnpNWipUruTxPOmJnp8WwDtvSsP6U6dqmXDz_Ckb5w4-Q5Ti3izB4i4m3dnomhdnOQaAAhDsdyW6dU5ZHYt0jI"")",https://cs2tokens.com/iem-cologne-2026/items/sticker-sinners-foil-cologne-2026,sticker-sinners-foil-cologne-2026,ok,,https://cs2tokens.com/iem-cologne-2026/items/sticker-sinners-foil-cologne-2026/q-data.json,Sticker | SINNERS (Foil) | Cologne 2026,https://steamcommunity.com/market/listings/730/Sticker%20%7C%20SINNERS%20%28Foil%29%20%7C%20Cologne%202026,1209,10462,5316,12,iem-cologne-2026,campaign_12,sticker,Team,,,rarity_mythical
2026-06-04 00:38:18,20260604_003818,https://cs2tokens.com/browse?sort=price-asc&finish=Foil,Foil,e4cb2a3c2708,Sticker | TYLOO (Foil) | Cologne 2026,TYLOO,Cologne 2026,Team,Foil,TYLOO,Remarkable,#8847ff,319,3.16,26,32,0.8065,https://community.akamai.steamstatic.com/economy/image/i0CoZ81Ui0m-9KwlBY1L_18myuGuq1wfhWSaZgMttyVfPaERSR0Wqmu7LAocGJai0ki7VeTHjMmuOXSQ61MnpNWipU3-TSL3kZ_ss3YP66Sraac7caaQWDGUlet0sbU6GyziwU514D-Azt-uI32VOAZzWcFuBbldUoHH_Wc,"=IMAGE(""https://community.akamai.steamstatic.com/economy/image/i0CoZ81Ui0m-9KwlBY1L_18myuGuq1wfhWSaZgMttyVfPaERSR0Wqmu7LAocGJai0ki7VeTHjMmuOXSQ61MnpNWipU3-TSL3kZ_ss3YP66Sraac7caaQWDGUlet0sbU6GyziwU514D-Azt-uI32VOAZzWcFuBbldUoHH_Wc"")",https://cs2tokens.com/iem-cologne-2026/items/sticker-tyloo-foil-cologne-2026,sticker-tyloo-foil-cologne-2026,ok,,https://cs2tokens.com/iem-cologne-2026/items/sticker-tyloo-foil-cologne-2026/q-data.json,Sticker | TYLOO (Foil) | Cologne 2026,https://steamcommunity.com/market/listings/730/Sticker%20%7C%20TYLOO%20%28Foil%29%20%7C%20Cologne%202026,1209,10470,5316,12,iem-cologne-2026,campaign_12,sticker,Team,,TYLOO,rarity_mythical
2026-06-04 00:38:18,20260604_003818,https://cs2tokens.com/browse?sort=price-asc&finish=Foil,Foil,4273d9a4814d,Sticker | GamerLegion (Foil) | Cologne 2026,GamerLegion,Cologne 2026,Team,Foil,GamerLegion,Remarkable,#8847ff,378,3.74,27,32,0.8387,https://community.akamai.steamstatic.com/economy/image/i0CoZ81Ui0m-9KwlBY1L_18myuGuq1wfhWSaZgMttyVfPaERSR0Wqmu7LAocGJai0ki7VeTHjMmuOXSQ61MnpNWipV7rfhv-l5qu_HMI6qb8bPE0cvLGXmTDwuwl4ONqGSyyzRhz6jvQm439cC-UaVcpCowwG7DiikbqjQ,"=IMAGE(""https://community.akamai.steamstatic.com/economy/image/i0CoZ81Ui0m-9KwlBY1L_18myuGuq1wfhWSaZgMttyVfPaERSR0Wqmu7LAocGJai0ki7VeTHjMmuOXSQ61MnpNWipV7rfhv-l5qu_HMI6qb8bPE0cvLGXmTDwuwl4ONqGSyyzRhz6jvQm439cC-UaVcpCowwG7DiikbqjQ"")",https://cs2tokens.com/iem-cologne-2026/items/sticker-gamerlegion-foil-cologne-2026,sticker-gamerlegion-foil-cologne-2026,ok,,https://cs2tokens.com/iem-cologne-2026/items/sticker-gamerlegion-foil-cologne-2026/q-data.json,Sticker | GamerLegion (Foil) | Cologne 2026,https://steamcommunity.com/market/listings/730/Sticker%20%7C%20GamerLegion%20%28Foil%29%20%7C%20Cologne%202026,1209,10434,5316,12,iem-cologne-2026,campaign_12,sticker,Team,,GamerLegion,rarity_mythical
2026-06-04 00:38:18,20260604_003818,https://cs2tokens.com/browse?sort=price-asc&finish=Foil,Foil,47e9a82e376a,Sticker | Team Spirit (Foil) | Cologne 2026,Team Spirit,Cologne 2026,Team,Foil,Team Spirit,Remarkable,#8847ff,399,3.95,28,32,0.871,https://community.akamai.steamstatic.com/economy/image/i0CoZ81Ui0m-9KwlBY1L_18myuGuq1wfhWSaZgMttyVfPaERSR0Wqmu7LAocGJai0ki7VeTHjMmuOXSQ61MnpNWipUr3SA_OmJnp8WwDuPf-Pv1rdaDEWjKRkLcv5LQwHH61wkt_tWXdno2gcn7BZw8iCZt0W6dU5VlcUpyV,"=IMAGE(""https://community.akamai.steamstatic.com/economy/image/i0CoZ81Ui0m-9KwlBY1L_18myuGuq1wfhWSaZgMttyVfPaERSR0Wqmu7LAocGJai0ki7VeTHjMmuOXSQ61MnpNWipUr3SA_OmJnp8WwDuPf-Pv1rdaDEWjKRkLcv5LQwHH61wkt_tWXdno2gcn7BZw8iCZt0W6dU5VlcUpyV"")",https://cs2tokens.com/iem-cologne-2026/items/sticker-team-spirit-foil-cologne-2026,sticker-team-spirit-foil-cologne-2026,ok,,https://cs2tokens.com/iem-cologne-2026/items/sticker-team-spirit-foil-cologne-2026/q-data.json,Sticker | Team Spirit (Foil) | Cologne 2026,https://steamcommunity.com/market/listings/730/Sticker%20%7C%20Team%20Spirit%20%28Foil%29%20%7C%20Cologne%202026,1209,10406,5316,12,iem-cologne-2026,campaign_12,sticker,Team,,Team Spirit,rarity_mythical
2026-06-04 00:38:18,20260604_003818,https://cs2tokens.com/browse?sort=price-asc&finish=Foil,Foil,ea920a2f6bc2,Sticker | Falcons (Foil) | Cologne 2026,Falcons,Cologne 2026,Team,Foil,Falcons,Remarkable,#8847ff,401,3.97,29,32,0.9032,https://community.akamai.steamstatic.com/economy/image/i0CoZ81Ui0m-9KwlBY1L_18myuGuq1wfhWSaZgMttyVfPaERSR0Wqmu7LAocGJai0ki7VeTHjMmuOXSQ61MnpNWipV_mTSL3kZ_ssyBa6fT2MKBod6nFDzWSlb8l5uQ4TCzqk0lzsDvRztiqeHrBaVR0CJJuBbldHCKwKv8,"=IMAGE(""https://community.akamai.steamstatic.com/economy/image/i0CoZ81Ui0m-9KwlBY1L_18myuGuq1wfhWSaZgMttyVfPaERSR0Wqmu7LAocGJai0ki7VeTHjMmuOXSQ61MnpNWipV_mTSL3kZ_ssyBa6fT2MKBod6nFDzWSlb8l5uQ4TCzqk0lzsDvRztiqeHrBaVR0CJJuBbldHCKwKv8"")",https://cs2tokens.com/iem-cologne-2026/items/sticker-falcons-foil-cologne-2026,sticker-falcons-foil-cologne-2026,ok,,https://cs2tokens.com/iem-cologne-2026/items/sticker-falcons-foil-cologne-2026/q-data.json,Sticker | Falcons (Foil) | Cologne 2026,https://steamcommunity.com/market/listings/730/Sticker%20%7C%20Falcons%20%28Foil%29%20%7C%20Cologne%202026,1209,10378,5316,12,iem-cologne-2026,campaign_12,sticker,Team,,Falcons,rarity_mythical
2026-06-04 00:38:18,20260604_003818,https://cs2tokens.com/browse?sort=price-asc&finish=Foil,Foil,eea4baddf252,Sticker | Vitality (Foil) | Cologne 2026,Vitality,Cologne 2026,Team,Foil,Vitality,Remarkable,#8847ff,409,4.05,30,32,0.9355,https://community.akamai.steamstatic.com/economy/image/i0CoZ81Ui0m-9KwlBY1L_18myuGuq1wfhWSaZgMttyVfPaERSR0Wqmu7LAocGJai0ki7VeTHjMmuOXSQ61MnpNWipU_uVRzOmJnp8WwN7qb7PvJsJfSRXWHGwOx04LJsG3_qlk4h52_Szdn4cy6QZ1MmA5IjW6dU5eUoiClV,"=IMAGE(""https://community.akamai.steamstatic.com/economy/image/i0CoZ81Ui0m-9KwlBY1L_18myuGuq1wfhWSaZgMttyVfPaERSR0Wqmu7LAocGJai0ki7VeTHjMmuOXSQ61MnpNWipU_uVRzOmJnp8WwN7qb7PvJsJfSRXWHGwOx04LJsG3_qlk4h52_Szdn4cy6QZ1MmA5IjW6dU5eUoiClV"")",https://cs2tokens.com/iem-cologne-2026/items/sticker-vitality-foil-cologne-2026,sticker-vitality-foil-cologne-2026,ok,,https://cs2tokens.com/iem-cologne-2026/items/sticker-vitality-foil-cologne-2026/q-data.json,Sticker | Vitality (Foil) | Cologne 2026,https://steamcommunity.com/market/listings/730/Sticker%20%7C%20Vitality%20%28Foil%29%20%7C%20Cologne%202026,1209,10370,5316,12,iem-cologne-2026,campaign_12,sticker,Team,,Vitality,rarity_mythical
2026-06-04 00:38:18,20260604_003818,https://cs2tokens.com/browse?sort=price-asc&finish=Foil,Foil,651131f2fdbe,Sticker | Natus Vincere (Foil) | Cologne 2026,Natus Vincere,Cologne 2026,Team,Foil,Natus Vincere,Remarkable,#8847ff,442,4.38,31,32,0.9677,https://community.akamai.steamstatic.com/economy/image/i0CoZ81Ui0m-9KwlBY1L_18myuGuq1wfhWSaZgMttyVfPaERSR0Wqmu7LAocGJai0ki7VeTHjMmuOXSQ61MnpNWipVfmVxTOmJnp8WxYuaT-MP1sefXDWmTEwrog5rQ6Hy3mwkkktW2Gz9apcCjBag8gW8NyW6dU5ZchCRUE,"=IMAGE(""https://community.akamai.steamstatic.com/economy/image/i0CoZ81Ui0m-9KwlBY1L_18myuGuq1wfhWSaZgMttyVfPaERSR0Wqmu7LAocGJai0ki7VeTHjMmuOXSQ61MnpNWipVfmVxTOmJnp8WxYuaT-MP1sefXDWmTEwrog5rQ6Hy3mwkkktW2Gz9apcCjBag8gW8NyW6dU5ZchCRUE"")",https://cs2tokens.com/iem-cologne-2026/items/sticker-natus-vincere-foil-cologne-2026,sticker-natus-vincere-foil-cologne-2026,ok,,https://cs2tokens.com/iem-cologne-2026/items/sticker-natus-vincere-foil-cologne-2026/q-data.json,Sticker | Natus Vincere (Foil) | Cologne 2026,https://steamcommunity.com/market/listings/730/Sticker%20%7C%20Natus%20Vincere%20%28Foil%29%20%7C%20Cologne%202026,1209,10374,5316,12,iem-cologne-2026,campaign_12,sticker,Team,,Natus Vincere,rarity_mythical
2026-06-04 00:38:18,20260604_003818,https://cs2tokens.com/browse?sort=price-asc&finish=Foil,Foil,b21ab13e44aa,Sticker | THUNDERdOWNUNDER (Foil) | Cologne 2026,THUNDERdOWNUNDER,Cologne 2026,Team,Foil,,Remarkable,#8847ff,630,6.24,32,32,1.0,https://community.akamai.steamstatic.com/economy/image/i0CoZ81Ui0m-9KwlBY1L_18myuGuq1wfhWSaZgMttyVfPaERSR0Wqmu7LAocGJai0ki7VeTHjMmuOXSQ61MnpNWipU3vVBPOmJnp8WwO7fH9a_E4efOQXDCRkbZ04eU-G37nwEQhtmjcztegci6TblVyXsNxW6dU5RlKQo31,"=IMAGE(""https://community.akamai.steamstatic.com/economy/image/i0CoZ81Ui0m-9KwlBY1L_18myuGuq1wfhWSaZgMttyVfPaERSR0Wqmu7LAocGJai0ki7VeTHjMmuOXSQ61MnpNWipU3vVBPOmJnp8WwO7fH9a_E4efOQXDCRkbZ04eU-G37nwEQhtmjcztegci6TblVyXsNxW6dU5RlKQo31"")",https://cs2tokens.com/iem-cologne-2026/items/sticker-thunderdownunder-foil-cologne-2026,sticker-thunderdownunder-foil-cologne-2026,ok,,https://cs2tokens.com/iem-cologne-2026/items/sticker-thunderdownunder-foil-cologne-2026/q-data.json,Sticker | THUNDERdOWNUNDER (Foil) | Cologne 2026,https://steamcommunity.com/market/listings/730/Sticker%20%7C%20THUNDERdOWNUNDER%20%28Foil%29%20%7C%20Cologne%202026,1209,10490,5316,12,iem-cologne-2026,campaign_12,sticker,Team,,,rarity_mythical
2026-06-04 00:38:18,20260604_003818,https://cs2tokens.com/browse?sort=price-asc&finish=Gold,Gold,015d90ac1d9a,Sticker | paiN Gaming (Gold) | Cologne 2026,paiN Gaming,Cologne 2026,Team,Gold,paiN Gaming,Extraordinary,#eb4b4b,5068,50.17,1,32,0.0,https://community.akamai.steamstatic.com/economy/image/i0CoZ81Ui0m-9KwlBY1L_18myuGuq1wfhWSaZgMttyVfPaERSR0Wqmu7LAocGJai0ki7VeTHjMmuOXSQ61MnpNWipUnmSBPOmZns-WwPuqb2bfBsdfPADWXAx7p05rM8HXHkkUR_4m7RydivJS2XbwcjCsN5W6dU5VyJFgBr,"=IMAGE(""https://community.akamai.steamstatic.com/economy/image/i0CoZ81Ui0m-9KwlBY1L_18myuGuq1wfhWSaZgMttyVfPaERSR0Wqmu7LAocGJai0ki7VeTHjMmuOXSQ61MnpNWipUnmSBPOmZns-WwPuqb2bfBsdfPADWXAx7p05rM8HXHkkUR_4m7RydivJS2XbwcjCsN5W6dU5VyJFgBr"")",https://cs2tokens.com/iem-cologne-2026/items/sticker-pain-gaming-gold-cologne-2026,sticker-pain-gaming-gold-cologne-2026,ok,,https://cs2tokens.com/iem-cologne-2026/items/sticker-pain-gaming-gold-cologne-2026/q-data.json,Sticker | paiN Gaming (Gold) | Cologne 2026,https://steamcommunity.com/market/listings/730/Sticker%20%7C%20paiN%20Gaming%20%28Gold%29%20%7C%20Cologne%202026,1209,10424,5316,12,iem-cologne-2026,campaign_12,sticker,Team,,paiN Gaming,rarity_ancient
2026-06-04 00:38:18,20260604_003818,https://cs2tokens.com/browse?sort=price-asc&finish=Gold,Gold,cd45e9ec2b4a,Sticker | The Mongolz (Gold) | Cologne 2026,The Mongolz,Cologne 2026,Team,Gold,The MongolZ,Extraordinary,#eb4b4b,6026,59.66,2,32,0.0323,https://community.akamai.steamstatic.com/economy/image/i0CoZ81Ui0m-9KwlBY1L_18myuGuq1wfhWSaZgMttyVfPaERSR0Wqmu7LAocGJai0ki7VeTHjMmuOXSQ61MnpNWipVTpRgfOmZns-WwDtvT3baI7dvTHXTLGlOwj4OUxTnDjkRsltz6EnN__dnvCawIhDJYjW6dU5dJT_S2W,"=IMAGE(""https://community.akamai.steamstatic.com/economy/image/i0CoZ81Ui0m-9KwlBY1L_18myuGuq1wfhWSaZgMttyVfPaERSR0Wqmu7LAocGJai0ki7VeTHjMmuOXSQ61MnpNWipVTpRgfOmZns-WwDtvT3baI7dvTHXTLGlOwj4OUxTnDjkRsltz6EnN__dnvCawIhDJYjW6dU5dJT_S2W"")",https://cs2tokens.com/iem-cologne-2026/items/sticker-the-mongolz-gold-cologne-2026,sticker-the-mongolz-gold-cologne-2026,ok,,https://cs2tokens.com/iem-cologne-2026/items/sticker-the-mongolz-gold-cologne-2026/q-data.json,Sticker | The Mongolz (Gold) | Cologne 2026,https://steamcommunity.com/market/listings/730/Sticker%20%7C%20The%20Mongolz%20%28Gold%29%20%7C%20Cologne%202026,1209,10384,5316,12,iem-cologne-2026,campaign_12,sticker,Team,,The MongolZ,rarity_ancient
2026-06-04 00:38:18,20260604_003818,https://cs2tokens.com/browse?sort=price-asc&finish=Gold,Gold,bd8640da79f4,Sticker | 9z Team (Gold) | Cologne 2026,9z Team,Cologne 2026,Team,Gold,9z Team,Extraordinary,#eb4b4b,6327,62.64,3,32,0.0645,https://community.akamai.steamstatic.com/economy/image/i0CoZ81Ui0m-9KwlBY1L_18myuGuq1wfhWSaZgMttyVfPaERSR0Wqmu7LAocGJai0ki7VeTHjMmuOXSQ61MnpNWipVfuTxjOmZns-WwPvKWvOPU7IqfAXmGSmb0n5rQ7Tn61w0wm42zTnN38JH3GaVcjD8YkW6dU5XJjvUZS,"=IMAGE(""https://community.akamai.steamstatic.com/economy/image/i0CoZ81Ui0m-9KwlBY1L_18myuGuq1wfhWSaZgMttyVfPaERSR0Wqmu7LAocGJai0ki7VeTHjMmuOXSQ61MnpNWipVfuTxjOmZns-WwPvKWvOPU7IqfAXmGSmb0n5rQ7Tn61w0wm42zTnN38JH3GaVcjD8YkW6dU5XJjvUZS"")",https://cs2tokens.com/iem-cologne-2026/items/sticker-9z-team-gold-cologne-2026,sticker-9z-team-gold-cologne-2026,ok,,https://cs2tokens.com/iem-cologne-2026/items/sticker-9z-team-gold-cologne-2026/q-data.json,Sticker | 9z Team (Gold) | Cologne 2026,https://steamcommunity.com/market/listings/730/Sticker%20%7C%209z%20Team%20%28Gold%29%20%7C%20Cologne%202026,1209,10432,5316,12,iem-cologne-2026,campaign_12,sticker,Team,,9z Team,rarity_ancient
2026-06-04 00:38:18,20260604_003818,https://cs2tokens.com/browse?sort=price-asc&finish=Gold,Gold,6b7ba0d6f621,Sticker | Monte (Gold) | Cologne 2026,Monte,Cologne 2026,Team,Gold,Monte,Extraordinary,#eb4b4b,6598,65.32,4,32,0.0968,https://community.akamai.steamstatic.com/economy/image/i0CoZ81Ui0m-9KwlBY1L_18myuGuq1wfhWSaZgMttyVfPaERSR0Wqmu7LAocGJai0ki7VeTHjMmuOXSQ61MnpNWipVToTwnOmZns-Wxa7KL6P6Y9cKOVCzHAxeov4rhrTXy1wRx_5D7Szd6vcHjDaVJyCsZzW6dU5TcBUa7R,"=IMAGE(""https://community.akamai.steamstatic.com/economy/image/i0CoZ81Ui0m-9KwlBY1L_18myuGuq1wfhWSaZgMttyVfPaERSR0Wqmu7LAocGJai0ki7VeTHjMmuOXSQ61MnpNWipVToTwnOmZns-Wxa7KL6P6Y9cKOVCzHAxeov4rhrTXy1wRx_5D7Szd6vcHjDaVJyCsZzW6dU5TcBUa7R"")",https://cs2tokens.com/iem-cologne-2026/items/sticker-monte-gold-cologne-2026,sticker-monte-gold-cologne-2026,ok,,https://cs2tokens.com/iem-cologne-2026/items/sticker-monte-gold-cologne-2026/q-data.json,Sticker | Monte (Gold) | Cologne 2026,https://steamcommunity.com/market/listings/730/Sticker%20%7C%20Monte%20%28Gold%29%20%7C%20Cologne%202026,1209,10428,5316,12,iem-cologne-2026,campaign_12,sticker,Team,,Monte,rarity_ancient
2026-06-04 00:38:18,20260604_003818,https://cs2tokens.com/browse?sort=price-asc&finish=Gold,Gold,4275cd4de1f0,Sticker | Legacy (Gold) | Cologne 2026,Legacy,Cologne 2026,Team,Gold,Legacy,Extraordinary,#eb4b4b,7230,71.58,5,32,0.129,https://community.akamai.steamstatic.com/economy/image/i0CoZ81Ui0m-9KwlBY1L_18myuGuq1wfhWSaZgMttyVfPaERSR0Wqmu7LAocGJai0ki7VeTHjMmuOXSQ61MnpNWipVXgQgTOmZns-WxetqH-P_Q0cKTBXGPFxOwl5rQwHy3hlkh3t2uDyNz7I3OQaVRzApd4W6dU5Q5vnbzJ,"=IMAGE(""https://community.akamai.steamstatic.com/economy/image/i0CoZ81Ui0m-9KwlBY1L_18myuGuq1wfhWSaZgMttyVfPaERSR0Wqmu7LAocGJai0ki7VeTHjMmuOXSQ61MnpNWipVXgQgTOmZns-WxetqH-P_Q0cKTBXGPFxOwl5rQwHy3hlkh3t2uDyNz7I3OQaVRzApd4W6dU5Q5vnbzJ"")",https://cs2tokens.com/iem-cologne-2026/items/sticker-legacy-gold-cologne-2026,sticker-legacy-gold-cologne-2026,ok,,https://cs2tokens.com/iem-cologne-2026/items/sticker-legacy-gold-cologne-2026/q-data.json,Sticker | Legacy (Gold) | Cologne 2026,https://steamcommunity.com/market/listings/730/Sticker%20%7C%20Legacy%20%28Gold%29%20%7C%20Cologne%202026,1209,10420,5316,12,iem-cologne-2026,campaign_12,sticker,Team,,Legacy,rarity_ancient
2026-06-04 00:38:18,20260604_003818,https://cs2tokens.com/browse?sort=price-asc&finish=Gold,Gold,9646f2804bb2,Sticker | MOUZ (Gold) | Cologne 2026,MOUZ,Cologne 2026,Team,Gold,MOUZ,Extraordinary,#eb4b4b,7264,71.91,6,32,0.1613,https://community.akamai.steamstatic.com/economy/image/i0CoZ81Ui0m-9KwlBY1L_18myuGuq1wfhWSaZgMttyVfPaERSR0Wqmu7LAocGJai0ki7VeTHjMmuOXSQ61MnpNWipVToVAfOmZns-WwNuPD-PP09JanCWjCVxLYjtrkwSX7lwBt3sTuHnompcnySPAJzWZUjW6dU5QvFMuIt,"=IMAGE(""https://community.akamai.steamstatic.com/economy/image/i0CoZ81Ui0m-9KwlBY1L_18myuGuq1wfhWSaZgMttyVfPaERSR0Wqmu7LAocGJai0ki7VeTHjMmuOXSQ61MnpNWipVToVAfOmZns-WwNuPD-PP09JanCWjCVxLYjtrkwSX7lwBt3sTuHnompcnySPAJzWZUjW6dU5QvFMuIt"")",https://cs2tokens.com/iem-cologne-2026/items/sticker-mouz-gold-cologne-2026,sticker-mouz-gold-cologne-2026,ok,,https://cs2tokens.com/iem-cologne-2026/items/sticker-mouz-gold-cologne-2026/q-data.json,Sticker | MOUZ (Gold) | Cologne 2026,https://steamcommunity.com/market/listings/730/Sticker%20%7C%20MOUZ%20%28Gold%29%20%7C%20Cologne%202026,1209,10400,5316,12,iem-cologne-2026,campaign_12,sticker,Team,,MOUZ,rarity_ancient
2026-06-04 00:38:18,20260604_003818,https://cs2tokens.com/browse?sort=price-asc&finish=Gold,Gold,26165fb33392,Sticker | PARIVISION (Gold) | Cologne 2026,PARIVISION,Cologne 2026,Team,Gold,PARIVISION,Extraordinary,#eb4b4b,7397,73.23,7,32,0.1935,https://community.akamai.steamstatic.com/economy/image/i0CoZ81Ui0m-9KwlBY1L_18myuGuq1wfhWSaZgMttyVfPaERSR0Wqmu7LAocGJai0ki7VeTHjMmuOXSQ61MnpNWipUnmUxTOmZns-WwNt6P4P_Q8IajDXTTGl78l47ZvTnqwkR9w4zzRyoqrICjCbVUhApRxW6dU5UT1MFme,"=IMAGE(""https://community.akamai.steamstatic.com/economy/image/i0CoZ81Ui0m-9KwlBY1L_18myuGuq1wfhWSaZgMttyVfPaERSR0Wqmu7LAocGJai0ki7VeTHjMmuOXSQ61MnpNWipUnmUxTOmZns-WwNt6P4P_Q8IajDXTTGl78l47ZvTnqwkR9w4zzRyoqrICjCbVUhApRxW6dU5UT1MFme"")",https://cs2tokens.com/iem-cologne-2026/items/sticker-parivision-gold-cologne-2026,sticker-parivision-gold-cologne-2026,ok,,https://cs2tokens.com/iem-cologne-2026/items/sticker-parivision-gold-cologne-2026/q-data.json,Sticker | PARIVISION (Gold) | Cologne 2026,https://steamcommunity.com/market/listings/730/Sticker%20%7C%20PARIVISION%20%28Gold%29%20%7C%20Cologne%202026,1209,10388,5316,12,iem-cologne-2026,campaign_12,sticker,Team,,PARIVISION,rarity_ancient
2026-06-04 00:38:18,20260604_003818,https://cs2tokens.com/browse?sort=price-asc&finish=Gold,Gold,9f8abee3bd6f,Sticker | Aurora (Gold) | Cologne 2026,Aurora,Cologne 2026,Team,Gold,Aurora,Extraordinary,#eb4b4b,7562,74.86,8,32,0.2258,https://community.akamai.steamstatic.com/economy/image/i0CoZ81Ui0m-9KwlBY1L_18myuGuq1wfhWSaZgMttyVfPaERSR0Wqmu7LAocGJai0ki7VeTHjMmuOXSQ61MnpNWipVjyUxzOmZns-WwPu6T-bvM1IfSQXDaUwux34eBoH3DiwEsh4DmBn9z6d3mfZ1IhCZBwW6dU5UnsFht2,"=IMAGE(""https://community.akamai.steamstatic.com/economy/image/i0CoZ81Ui0m-9KwlBY1L_18myuGuq1wfhWSaZgMttyVfPaERSR0Wqmu7LAocGJai0ki7VeTHjMmuOXSQ61MnpNWipVjyUxzOmZns-WwPu6T-bvM1IfSQXDaUwux34eBoH3DiwEsh4DmBn9z6d3mfZ1IhCZBwW6dU5UnsFht2"")",https://cs2tokens.com/iem-cologne-2026/items/sticker-aurora-gold-cologne-2026,sticker-aurora-gold-cologne-2026,ok,,https://cs2tokens.com/iem-cologne-2026/items/sticker-aurora-gold-cologne-2026/q-data.json,Sticker | Aurora (Gold) | Cologne 2026,https://steamcommunity.com/market/listings/730/Sticker%20%7C%20Aurora%20%28Gold%29%20%7C%20Cologne%202026,1209,10392,5316,12,iem-cologne-2026,campaign_12,sticker,Team,,Aurora,rarity_ancient
2026-06-04 00:38:18,20260604_003818,https://cs2tokens.com/browse?sort=price-asc&finish=Gold,Gold,e1883de990ac,Sticker | FUT (Gold) | Cologne 2026,FUT,Cologne 2026,Team,Gold,,Extraordinary,#eb4b4b,8690,86.03,9,32,0.2581,https://community.akamai.steamstatic.com/economy/image/i0CoZ81Ui0m-9KwlBY1L_18myuGuq1wfhWSaZgMttyVfPaERSR0Wqmu7LAocGJai0ki7VeTHjMmuOXSQ61MnpNWipV_yVSL2kZrksyMN7KP3PvY5dfLGX2SRk-11s7E8TXzrxUUisTvcmdf8dX-UbQcpDpVuBbld-dllhww,"=IMAGE(""https://community.akamai.steamstatic.com/economy/image/i0CoZ81Ui0m-9KwlBY1L_18myuGuq1wfhWSaZgMttyVfPaERSR0Wqmu7LAocGJai0ki7VeTHjMmuOXSQ61MnpNWipV_yVSL2kZrksyMN7KP3PvY5dfLGX2SRk-11s7E8TXzrxUUisTvcmdf8dX-UbQcpDpVuBbld-dllhww"")",https://cs2tokens.com/iem-cologne-2026/items/sticker-fut-gold-cologne-2026,sticker-fut-gold-cologne-2026,ok,,https://cs2tokens.com/iem-cologne-2026/items/sticker-fut-gold-cologne-2026/q-data.json,Sticker | FUT (Gold) | Cologne 2026,https://steamcommunity.com/market/listings/730/Sticker%20%7C%20FUT%20%28Gold%29%20%7C%20Cologne%202026,1209,10404,5316,12,iem-cologne-2026,campaign_12,sticker,Team,,,rarity_ancient
2026-06-04 00:38:18,20260604_003818,https://cs2tokens.com/browse?sort=price-asc&finish=Gold,Gold,f1d121f01b6a,Sticker | Astralis (Gold) | Cologne 2026,Astralis,Cologne 2026,Team,Gold,Astralis,Extraordinary,#eb4b4b,8959,88.69,10,32,0.2903,https://community.akamai.steamstatic.com/economy/image/i0CoZ81Ui0m-9KwlBY1L_18myuGuq1wfhWSaZgMttyVfPaERSR0Wqmu7LAocGJai0ki7VeTHjMmuOXSQ61MnpNWipVj0VQ_OmZns-Wxf6aX2PPY9cPaSWWbDwu0u6eJrSnrrxRh252mBmdutJ3KWOwEhD8MmW6dU5RhcUeD9,"=IMAGE(""https://community.akamai.steamstatic.com/economy/image/i0CoZ81Ui0m-9KwlBY1L_18myuGuq1wfhWSaZgMttyVfPaERSR0Wqmu7LAocGJai0ki7VeTHjMmuOXSQ61MnpNWipVj0VQ_OmZns-Wxf6aX2PPY9cPaSWWbDwu0u6eJrSnrrxRh252mBmdutJ3KWOwEhD8MmW6dU5RhcUeD9"")",https://cs2tokens.com/iem-cologne-2026/items/sticker-astralis-gold-cologne-2026,sticker-astralis-gold-cologne-2026,ok,,https://cs2tokens.com/iem-cologne-2026/items/sticker-astralis-gold-cologne-2026/q-data.json,Sticker | Astralis (Gold) | Cologne 2026,https://steamcommunity.com/market/listings/730/Sticker%20%7C%20Astralis%20%28Gold%29%20%7C%20Cologne%202026,1209,10412,5316,12,iem-cologne-2026,campaign_12,sticker,Team,,Astralis,rarity_ancient
2026-06-04 00:38:18,20260604_003818,https://cs2tokens.com/browse?sort=price-asc&finish=Gold,Gold,b17dac08b47b,Sticker | G2 esports (Gold) | Cologne 2026,G2 esports,Cologne 2026,Team,Gold,G2 Esports,Extraordinary,#eb4b4b,10888,107.79,11,32,0.3226,https://community.akamai.steamstatic.com/economy/image/i0CoZ81Ui0m-9KwlBY1L_18myuGuq1wfhWSaZgMttyVfPaERSR0Wqmu7LAocGJai0ki7VeTHjMmuOXSQ61MnpNWipV61fhr-kpKurCQPuPf6a6Y1d6TCXDGSluovtbI5HCuxzEUh5G2By4v7I3_FZg5yXowwG7A4RXlLyw,"=IMAGE(""https://community.akamai.steamstatic.com/economy/image/i0CoZ81Ui0m-9KwlBY1L_18myuGuq1wfhWSaZgMttyVfPaERSR0Wqmu7LAocGJai0ki7VeTHjMmuOXSQ61MnpNWipV61fhr-kpKurCQPuPf6a6Y1d6TCXDGSluovtbI5HCuxzEUh5G2By4v7I3_FZg5yXowwG7A4RXlLyw"")",https://cs2tokens.com/iem-cologne-2026/items/sticker-g2-esports-gold-cologne-2026,sticker-g2-esports-gold-cologne-2026,ok,,https://cs2tokens.com/iem-cologne-2026/items/sticker-g2-esports-gold-cologne-2026/q-data.json,Sticker | G2 esports (Gold) | Cologne 2026,https://steamcommunity.com/market/listings/730/Sticker%20%7C%20G2%20esports%20%28Gold%29%20%7C%20Cologne%202026,1209,10416,5316,12,iem-cologne-2026,campaign_12,sticker,Team,,G2 Esports,rarity_ancient
2026-06-04 00:38:18,20260604_003818,https://cs2tokens.com/browse?sort=price-asc&finish=Gold,Gold,cefbfcf491e6,Sticker | FURIA (Gold) | Cologne 2026,FURIA,Cologne 2026,Team,Gold,FURIA,Extraordinary,#eb4b4b,10914,108.05,12,32,0.3548,https://community.akamai.steamstatic.com/economy/image/i0CoZ81Ui0m-9KwlBY1L_18myuGuq1wfhWSaZgMttyVfPaERSR0Wqmu7LAocGJai0ki7VeTHjMmuOXSQ61MnpNWipV_yUxTOmZns-WxYvqH5MfVudqPDXWPDxbsvsuRqTHi2wkR26j6Azdf_dH7GOFAkD8dxW6dU5dUoi94N,"=IMAGE(""https://community.akamai.steamstatic.com/economy/image/i0CoZ81Ui0m-9KwlBY1L_18myuGuq1wfhWSaZgMttyVfPaERSR0Wqmu7LAocGJai0ki7VeTHjMmuOXSQ61MnpNWipV_yUxTOmZns-WxYvqH5MfVudqPDXWPDxbsvsuRqTHi2wkR26j6Azdf_dH7GOFAkD8dxW6dU5dUoi94N"")",https://cs2tokens.com/iem-cologne-2026/items/sticker-furia-gold-cologne-2026,sticker-furia-gold-cologne-2026,ok,,https://cs2tokens.com/iem-cologne-2026/items/sticker-furia-gold-cologne-2026/q-data.json,Sticker | FURIA (Gold) | Cologne 2026,https://steamcommunity.com/market/listings/730/Sticker%20%7C%20FURIA%20%28Gold%29%20%7C%20Cologne%202026,1209,10396,5316,12,iem-cologne-2026,campaign_12,sticker,Team,,FURIA,rarity_ancient
2026-06-04 00:38:18,20260604_003818,https://cs2tokens.com/browse?sort=price-asc&finish=Gold,Gold,550efcfec2c3,Sticker | Natus Vincere (Gold) | Cologne 2026,Natus Vincere,Cologne 2026,Team,Gold,Natus Vincere,Extraordinary,#eb4b4b,11203,110.91,13,32,0.3871,https://community.akamai.steamstatic.com/economy/image/i0CoZ81Ui0m-9KwlBY1L_18myuGuq1wfhWSaZgMttyVfPaERSR0Wqmu7LAocGJai0ki7VeTHjMmuOXSQ61MnpNWipVfmVxTOmZns-Wxdvaf-baU7IqHGDWXBxb4n5LJrG3_jk0t36m_SzY6gcinDZgEnCZR4W6dU5dXbj-69,"=IMAGE(""https://community.akamai.steamstatic.com/economy/image/i0CoZ81Ui0m-9KwlBY1L_18myuGuq1wfhWSaZgMttyVfPaERSR0Wqmu7LAocGJai0ki7VeTHjMmuOXSQ61MnpNWipVfmVxTOmZns-Wxdvaf-baU7IqHGDWXBxb4n5LJrG3_jk0t36m_SzY6gcinDZgEnCZR4W6dU5dXbj-69"")",https://cs2tokens.com/iem-cologne-2026/items/sticker-natus-vincere-gold-cologne-2026,sticker-natus-vincere-gold-cologne-2026,ok,,https://cs2tokens.com/iem-cologne-2026/items/sticker-natus-vincere-gold-cologne-2026/q-data.json,Sticker | Natus Vincere (Gold) | Cologne 2026,https://steamcommunity.com/market/listings/730/Sticker%20%7C%20Natus%20Vincere%20%28Gold%29%20%7C%20Cologne%202026,1209,10376,5316,12,iem-cologne-2026,campaign_12,sticker,Team,,Natus Vincere,rarity_ancient
2026-06-04 00:38:18,20260604_003818,https://cs2tokens.com/browse?sort=price-asc&finish=Gold,Gold,4b34f1091c50,Sticker | Falcons (Gold) | Cologne 2026,Falcons,Cologne 2026,Team,Gold,Falcons,Extraordinary,#eb4b4b,16031,158.71,14,32,0.4194,https://community.akamai.steamstatic.com/economy/image/i0CoZ81Ui0m-9KwlBY1L_18myuGuq1wfhWSaZgMttyVfPaERSR0Wqmu7LAocGJai0ki7VeTHjMmuOXSQ61MnpNWipV_mTSL2kZrks3ADu6r3baI7eKnLCjHClexz6LQ6HXrlxEkmtWSDnon_dymXaQJzCMBuBbld38vKSOc,"=IMAGE(""https://community.akamai.steamstatic.com/economy/image/i0CoZ81Ui0m-9KwlBY1L_18myuGuq1wfhWSaZgMttyVfPaERSR0Wqmu7LAocGJai0ki7VeTHjMmuOXSQ61MnpNWipV_mTSL2kZrks3ADu6r3baI7eKnLCjHClexz6LQ6HXrlxEkmtWSDnon_dymXaQJzCMBuBbld38vKSOc"")",https://cs2tokens.com/iem-cologne-2026/items/sticker-falcons-gold-cologne-2026,sticker-falcons-gold-cologne-2026,ok,,https://cs2tokens.com/iem-cologne-2026/items/sticker-falcons-gold-cologne-2026/q-data.json,Sticker | Falcons (Gold) | Cologne 2026,https://steamcommunity.com/market/listings/730/Sticker%20%7C%20Falcons%20%28Gold%29%20%7C%20Cologne%202026,1209,10380,5316,12,iem-cologne-2026,campaign_12,sticker,Team,,Falcons,rarity_ancient
2026-06-04 00:38:18,20260604_003818,https://cs2tokens.com/browse?sort=price-asc&finish=Gold,Gold,8265f162beaa,Sticker | Vitality (Gold) | Cologne 2026,Vitality,Cologne 2026,Team,Gold,Vitality,Extraordinary,#eb4b4b,16916,167.47,15,32,0.4516,https://community.akamai.steamstatic.com/economy/image/i0CoZ81Ui0m-9KwlBY1L_18myuGuq1wfhWSaZgMttyVfPaERSR0Wqmu7LAocGJai0ki7VeTHjMmuOXSQ61MnpNWipU_uVRzOmZns-WxauaSqa6c5dPWVVmKVmL4k5rVvTXrjkBh_4DzQzd-vIH-SOFd2WMN1W6dU5T8DJOLj,"=IMAGE(""https://community.akamai.steamstatic.com/economy/image/i0CoZ81Ui0m-9KwlBY1L_18myuGuq1wfhWSaZgMttyVfPaERSR0Wqmu7LAocGJai0ki7VeTHjMmuOXSQ61MnpNWipU_uVRzOmZns-WxauaSqa6c5dPWVVmKVmL4k5rVvTXrjkBh_4DzQzd-vIH-SOFd2WMN1W6dU5T8DJOLj"")",https://cs2tokens.com/iem-cologne-2026/items/sticker-vitality-gold-cologne-2026,sticker-vitality-gold-cologne-2026,ok,,https://cs2tokens.com/iem-cologne-2026/items/sticker-vitality-gold-cologne-2026/q-data.json,Sticker | Vitality (Gold) | Cologne 2026,https://steamcommunity.com/market/listings/730/Sticker%20%7C%20Vitality%20%28Gold%29%20%7C%20Cologne%202026,1209,10372,5316,12,iem-cologne-2026,campaign_12,sticker,Team,,Vitality,rarity_ancient
2026-06-04 00:38:18,20260604_003818,https://cs2tokens.com/browse?sort=price-asc&finish=Gold,Gold,3491f6835cb6,Sticker | Team Spirit (Gold) | Cologne 2026,Team Spirit,Cologne 2026,Team,Gold,Team Spirit,Extraordinary,#eb4b4b,24028,237.88,16,32,0.4839,https://community.akamai.steamstatic.com/economy/image/i0CoZ81Ui0m-9KwlBY1L_18myuGuq1wfhWSaZgMttyVfPaERSR0Wqmu7LAocGJai0ki7VeTHjMmuOXSQ61MnpNWipUr3SA_OmZns-WwD7ar2PKE1I6WSXWKSlrkv6Lc8SS3hzE4jtjjWn46vJX7FaAFyDMFwW6dU5UffrHPu,"=IMAGE(""https://community.akamai.steamstatic.com/economy/image/i0CoZ81Ui0m-9KwlBY1L_18myuGuq1wfhWSaZgMttyVfPaERSR0Wqmu7LAocGJai0ki7VeTHjMmuOXSQ61MnpNWipUr3SA_OmZns-WwD7ar2PKE1I6WSXWKSlrkv6Lc8SS3hzE4jtjjWn46vJX7FaAFyDMFwW6dU5UffrHPu"")",https://cs2tokens.com/iem-cologne-2026/items/sticker-team-spirit-gold-cologne-2026,sticker-team-spirit-gold-cologne-2026,ok,,https://cs2tokens.com/iem-cologne-2026/items/sticker-team-spirit-gold-cologne-2026/q-data.json,Sticker | Team Spirit (Gold) | Cologne 2026,https://steamcommunity.com/market/listings/730/Sticker%20%7C%20Team%20Spirit%20%28Gold%29%20%7C%20Cologne%202026,1209,10408,5316,12,iem-cologne-2026,campaign_12,sticker,Team,,Team Spirit,rarity_ancient
2026-06-04 00:38:18,20260604_003818,https://cs2tokens.com/browse?sort=price-asc&finish=Gold,Gold,65a03b06ffe8,Sticker | B8 (Gold) | Cologne 2026,B8,Cologne 2026,Team,Gold,B8,Extraordinary,#eb4b4b,46564,460.98,17,32,0.5161,https://community.akamai.steamstatic.com/economy/image/i0CoZ81Ui0m-9KwlBY1L_18myuGuq1wfhWSaZgMttyVfPaERSR0Wqmu7LAocGJai0ki7VeTHjMmuOXSQ61MnpNWipVu_fhr-kpKu-3AN6qD5bPJsIvaRVzaTwLYjtOQxTnuywE1zsDjXm4utc3mfZ1UhXowwG7CKJKTlHA,"=IMAGE(""https://community.akamai.steamstatic.com/economy/image/i0CoZ81Ui0m-9KwlBY1L_18myuGuq1wfhWSaZgMttyVfPaERSR0Wqmu7LAocGJai0ki7VeTHjMmuOXSQ61MnpNWipVu_fhr-kpKu-3AN6qD5bPJsIvaRVzaTwLYjtOQxTnuywE1zsDjXm4utc3mfZ1UhXowwG7CKJKTlHA"")",https://cs2tokens.com/iem-cologne-2026/items/sticker-b8-gold-cologne-2026,sticker-b8-gold-cologne-2026,ok,,https://cs2tokens.com/iem-cologne-2026/items/sticker-b8-gold-cologne-2026/q-data.json,Sticker | B8 (Gold) | Cologne 2026,https://steamcommunity.com/market/listings/730/Sticker%20%7C%20B8%20%28Gold%29%20%7C%20Cologne%202026,1209,10440,5316,12,iem-cologne-2026,campaign_12,sticker,Team,,B8,rarity_ancient
2026-06-04 00:38:18,20260604_003818,https://cs2tokens.com/browse?sort=price-asc&finish=Gold,Gold,2e43fd0b594f,Sticker | HEROIC (Gold) | Cologne 2026,HEROIC,Cologne 2026,Team,Gold,HEROIC,Extraordinary,#eb4b4b,50278,497.75,18,32,0.5484,https://community.akamai.steamstatic.com/economy/image/i0CoZ81Ui0m-9KwlBY1L_18myuGuq1wfhWSaZgMttyVfPaERSR0Wqmu7LAocGJai0ki7VeTHjMmuOXSQ61MnpNWipVHiUxLOmZns-WwCuqv9Pqc8dKDDWDSUlrwi5-NvHSiywBl1tmWGmNqqd3iSaQ8gWJBzW6dU5UMGpeLE,"=IMAGE(""https://community.akamai.steamstatic.com/economy/image/i0CoZ81Ui0m-9KwlBY1L_18myuGuq1wfhWSaZgMttyVfPaERSR0Wqmu7LAocGJai0ki7VeTHjMmuOXSQ61MnpNWipVHiUxLOmZns-WwCuqv9Pqc8dKDDWDSUlrwi5-NvHSiywBl1tmWGmNqqd3iSaQ8gWJBzW6dU5UMGpeLE"")",https://cs2tokens.com/iem-cologne-2026/items/sticker-heroic-gold-cologne-2026,sticker-heroic-gold-cologne-2026,ok,,https://cs2tokens.com/iem-cologne-2026/items/sticker-heroic-gold-cologne-2026/q-data.json,Sticker | HEROIC (Gold) | Cologne 2026,https://steamcommunity.com/market/listings/730/Sticker%20%7C%20HEROIC%20%28Gold%29%20%7C%20Cologne%202026,1209,10444,5316,12,iem-cologne-2026,campaign_12,sticker,Team,,HEROIC,rarity_ancient
2026-06-04 00:38:18,20260604_003818,https://cs2tokens.com/browse?sort=price-asc&finish=Gold,Gold,4f919691cc90,Sticker | Gaimin Gladiators (Gold) | Cologne 2026,Gaimin Gladiators,Cologne 2026,Team,Gold,,Extraordinary,#eb4b4b,65009,643.59,19,32,0.5806,https://community.akamai.steamstatic.com/economy/image/i0CoZ81Ui0m-9KwlBY1L_18myuGuq1wfhWSaZgMttyVfPaERSR0Wqmu7LAocGJai0ki7VeTHjMmuOXSQ61MnpNWipV7mSBDOmZns-WwP6fb7a_doePOXXWKUx78i6bVvFyvnx093tWnWzd_7JHyXbA5yD5sjW6dU5c2EPYOU,"=IMAGE(""https://community.akamai.steamstatic.com/economy/image/i0CoZ81Ui0m-9KwlBY1L_18myuGuq1wfhWSaZgMttyVfPaERSR0Wqmu7LAocGJai0ki7VeTHjMmuOXSQ61MnpNWipV7mSBDOmZns-WwP6fb7a_doePOXXWKUx78i6bVvFyvnx093tWnWzd_7JHyXbA5yD5sjW6dU5c2EPYOU"")",https://cs2tokens.com/iem-cologne-2026/items/sticker-gaimin-gladiators-gold-cologne-2026,sticker-gaimin-gladiators-gold-cologne-2026,ok,,https://cs2tokens.com/iem-cologne-2026/items/sticker-gaimin-gladiators-gold-cologne-2026/q-data.json,Sticker | Gaimin Gladiators (Gold) | Cologne 2026,https://steamcommunity.com/market/listings/730/Sticker%20%7C%20Gaimin%20Gladiators%20%28Gold%29%20%7C%20Cologne%202026,1209,10480,5316,12,iem-cologne-2026,campaign_12,sticker,Team,,,rarity_ancient
2026-06-04 00:38:18,20260604_003818,https://cs2tokens.com/browse?sort=price-asc&finish=Gold,Gold,0b6cf4bf7e9a,Sticker | NRG (Gold) | Cologne 2026,NRG,Cologne 2026,Team,Gold,NRG,Extraordinary,#eb4b4b,68844,681.56,20,32,0.6129,https://community.akamai.steamstatic.com/economy/image/i0CoZ81Ui0m-9KwlBY1L_18myuGuq1wfhWSaZgMttyVfPaERSR0Wqmu7LAocGJai0ki7VeTHjMmuOXSQ61MnpNWipVf1RiL2kZrksycOv6aqaqZpc6HBC2HAw75y5ec-FiqxxkQhsT-DzNr8ci2UPw5zCptuBbld9JKcoSc,"=IMAGE(""https://community.akamai.steamstatic.com/economy/image/i0CoZ81Ui0m-9KwlBY1L_18myuGuq1wfhWSaZgMttyVfPaERSR0Wqmu7LAocGJai0ki7VeTHjMmuOXSQ61MnpNWipVf1RiL2kZrksycOv6aqaqZpc6HBC2HAw75y5ec-FiqxxkQhsT-DzNr8ci2UPw5zCptuBbld9JKcoSc"")",https://cs2tokens.com/iem-cologne-2026/items/sticker-nrg-gold-cologne-2026,sticker-nrg-gold-cologne-2026,ok,,https://cs2tokens.com/iem-cologne-2026/items/sticker-nrg-gold-cologne-2026/q-data.json,Sticker | NRG (Gold) | Cologne 2026,https://steamcommunity.com/market/listings/730/Sticker%20%7C%20NRG%20%28Gold%29%20%7C%20Cologne%202026,1209,10468,5316,12,iem-cologne-2026,campaign_12,sticker,Team,,NRG,rarity_ancient
2026-06-04 00:38:18,20260604_003818,https://cs2tokens.com/browse?sort=price-asc&finish=Gold,Gold,875a247a1e9f,Sticker | Sharks Esports (Gold) | Cologne 2026,Sharks Esports,Cologne 2026,Team,Gold,Sharks Esports,Extraordinary,#eb4b4b,71814,710.96,21,32,0.6452,https://community.akamai.steamstatic.com/economy/image/i0CoZ81Ui0m-9KwlBY1L_18myuGuq1wfhWSaZgMttyVfPaERSR0Wqmu7LAocGJai0ki7VeTHjMmuOXSQ61MnpNWipUrvUxbOmZns-WwJt_b8O6VvcaDLWT_JxbghtOA8HXjgl04j5jvXy9j8eHufZ1NzW8B0W6dU5WSXdjfV,"=IMAGE(""https://community.akamai.steamstatic.com/economy/image/i0CoZ81Ui0m-9KwlBY1L_18myuGuq1wfhWSaZgMttyVfPaERSR0Wqmu7LAocGJai0ki7VeTHjMmuOXSQ61MnpNWipUrvUxbOmZns-WwJt_b8O6VvcaDLWT_JxbghtOA8HXjgl04j5jvXy9j8eHufZ1NzW8B0W6dU5WSXdjfV"")",https://cs2tokens.com/iem-cologne-2026/items/sticker-sharks-esports-gold-cologne-2026,sticker-sharks-esports-gold-cologne-2026,ok,,https://cs2tokens.com/iem-cologne-2026/items/sticker-sharks-esports-gold-cologne-2026/q-data.json,Sticker | Sharks Esports (Gold) | Cologne 2026,https://steamcommunity.com/market/listings/730/Sticker%20%7C%20Sharks%20Esports%20%28Gold%29%20%7C%20Cologne%202026,1209,10476,5316,12,iem-cologne-2026,campaign_12,sticker,Team,,Sharks Esports,rarity_ancient
2026-06-04 00:38:18,20260604_003818,https://cs2tokens.com/browse?sort=price-asc&finish=Gold,Gold,06c88581be49,Sticker | FlyQuest (Gold) | Cologne 2026,FlyQuest,Cologne 2026,Team,Gold,Flyquest,Extraordinary,#eb4b4b,74493,737.48,22,32,0.6774,https://community.akamai.steamstatic.com/economy/image/i0CoZ81Ui0m-9KwlBY1L_18myuGuq1wfhWSaZgMttyVfPaERSR0Wqmu7LAocGJai0ki7VeTHjMmuOXSQ61MnpNWipV_2fhr-kpKu_3YOvPb8a6ZoJKnHWGOTkLou4OVvGHjiwUQj6m2Dz4ytcnOQOlcgAowwG7BBEN2KkA,"=IMAGE(""https://community.akamai.steamstatic.com/economy/image/i0CoZ81Ui0m-9KwlBY1L_18myuGuq1wfhWSaZgMttyVfPaERSR0Wqmu7LAocGJai0ki7VeTHjMmuOXSQ61MnpNWipV_2fhr-kpKu_3YOvPb8a6ZoJKnHWGOTkLou4OVvGHjiwUQj6m2Dz4ytcnOQOlcgAowwG7BBEN2KkA"")",https://cs2tokens.com/iem-cologne-2026/items/sticker-flyquest-gold-cologne-2026,sticker-flyquest-gold-cologne-2026,ok,,https://cs2tokens.com/iem-cologne-2026/items/sticker-flyquest-gold-cologne-2026/q-data.json,Sticker | FlyQuest (Gold) | Cologne 2026,https://steamcommunity.com/market/listings/730/Sticker%20%7C%20FlyQuest%20%28Gold%29%20%7C%20Cologne%202026,1209,10496,5316,12,iem-cologne-2026,campaign_12,sticker,Team,,Flyquest,rarity_ancient
2026-06-04 00:38:18,20260604_003818,https://cs2tokens.com/browse?sort=price-asc&finish=Gold,Gold,ed66de8b1d4b,Sticker | BetBoom (Gold) | Cologne 2026,BetBoom,Cologne 2026,Team,Gold,BetBoom,Extraordinary,#eb4b4b,79854,790.55,23,32,0.7097,https://community.akamai.steamstatic.com/economy/image/i0CoZ81Ui0m-9KwlBY1L_18myuGuq1wfhWSaZgMttyVfPaERSR0Wqmu7LAocGJai0ki7VeTHjMmuOXSQ61MnpNWipVvlfhr-kpKu-SBduKWobaE8JvHCD2GRmO136bk8THDjkB914Dndydmoc3qTOgZ2W4wwG7AYenAR2Q,"=IMAGE(""https://community.akamai.steamstatic.com/economy/image/i0CoZ81Ui0m-9KwlBY1L_18myuGuq1wfhWSaZgMttyVfPaERSR0Wqmu7LAocGJai0ki7VeTHjMmuOXSQ61MnpNWipVvlfhr-kpKu-SBduKWobaE8JvHCD2GRmO136bk8THDjkB914Dndydmoc3qTOgZ2W4wwG7AYenAR2Q"")",https://cs2tokens.com/iem-cologne-2026/items/sticker-betboom-gold-cologne-2026,sticker-betboom-gold-cologne-2026,ok,,https://cs2tokens.com/iem-cologne-2026/items/sticker-betboom-gold-cologne-2026/q-data.json,Sticker | BetBoom (Gold) | Cologne 2026,https://steamcommunity.com/market/listings/730/Sticker%20%7C%20BetBoom%20%28Gold%29%20%7C%20Cologne%202026,1209,10448,5316,12,iem-cologne-2026,campaign_12,sticker,Team,,BetBoom,rarity_ancient
2026-06-04 00:38:18,20260604_003818,https://cs2tokens.com/browse?sort=price-asc&finish=Gold,Gold,a23f77240bcb,Sticker | MIBR (Gold) | Cologne 2026,MIBR,Cologne 2026,Team,Gold,MIBR,Extraordinary,#eb4b4b,88321,874.38,24,32,0.7419,https://community.akamai.steamstatic.com/economy/image/i0CoZ81Ui0m-9KwlBY1L_18myuGuq1wfhWSaZgMttyVfPaERSR0Wqmu7LAocGJai0ki7VeTHjMmuOXSQ61MnpNWipVTuQw_OmZns-WwNuaKvMPBvI6DEWz_DxL5zsec4GH3klk8m627cntupJS-WPVUoDZcjW6dU5fc0n42h,"=IMAGE(""https://community.akamai.steamstatic.com/economy/image/i0CoZ81Ui0m-9KwlBY1L_18myuGuq1wfhWSaZgMttyVfPaERSR0Wqmu7LAocGJai0ki7VeTHjMmuOXSQ61MnpNWipVTuQw_OmZns-WwNuaKvMPBvI6DEWz_DxL5zsec4GH3klk8m627cntupJS-WPVUoDZcjW6dU5fc0n42h"")",https://cs2tokens.com/iem-cologne-2026/items/sticker-mibr-gold-cologne-2026,sticker-mibr-gold-cologne-2026,ok,,https://cs2tokens.com/iem-cologne-2026/items/sticker-mibr-gold-cologne-2026/q-data.json,Sticker | MIBR (Gold) | Cologne 2026,https://steamcommunity.com/market/listings/730/Sticker%20%7C%20MIBR%20%28Gold%29%20%7C%20Cologne%202026,1209,10460,5316,12,iem-cologne-2026,campaign_12,sticker,Team,,MIBR,rarity_ancient
2026-06-04 00:38:18,20260604_003818,https://cs2tokens.com/browse?sort=price-asc&finish=Gold,Gold,749b44647010,Sticker | GamerLegion (Gold) | Cologne 2026,GamerLegion,Cologne 2026,Team,Gold,GamerLegion,Extraordinary,#eb4b4b,88707,878.2,25,32,0.7742,https://community.akamai.steamstatic.com/economy/image/i0CoZ81Ui0m-9KwlBY1L_18myuGuq1wfhWSaZgMttyVfPaERSR0Wqmu7LAocGJai0ki7VeTHjMmuOXSQ61MnpNWipV7rfhr-kpKur3oJ6aX8OKE8cPKRCGTCkLgmsrY4H3m3zR935GnRn92tInrEPFAjCYwwG7ALTOlaWw,"=IMAGE(""https://community.akamai.steamstatic.com/economy/image/i0CoZ81Ui0m-9KwlBY1L_18myuGuq1wfhWSaZgMttyVfPaERSR0Wqmu7LAocGJai0ki7VeTHjMmuOXSQ61MnpNWipV7rfhr-kpKur3oJ6aX8OKE8cPKRCGTCkLgmsrY4H3m3zR935GnRn92tInrEPFAjCYwwG7ALTOlaWw"")",https://cs2tokens.com/iem-cologne-2026/items/sticker-gamerlegion-gold-cologne-2026,sticker-gamerlegion-gold-cologne-2026,ok,,https://cs2tokens.com/iem-cologne-2026/items/sticker-gamerlegion-gold-cologne-2026/q-data.json,Sticker | GamerLegion (Gold) | Cologne 2026,https://steamcommunity.com/market/listings/730/Sticker%20%7C%20GamerLegion%20%28Gold%29%20%7C%20Cologne%202026,1209,10436,5316,12,iem-cologne-2026,campaign_12,sticker,Team,,GamerLegion,rarity_ancient
2026-06-04 00:38:18,20260604_003818,https://cs2tokens.com/browse?sort=price-asc&finish=Gold,Gold,408210cbfba4,Sticker | M80 (Gold) | Cologne 2026,M80,Cologne 2026,Team,Gold,M80,Extraordinary,#eb4b4b,90293,893.9,26,32,0.8065,https://community.akamai.steamstatic.com/economy/image/i0CoZ81Ui0m-9KwlBY1L_18myuGuq1wfhWSaZgMttyVfPaERSR0Wqmu7LAocGJai0ki7VeTHjMmuOXSQ61MnpNWipVS_ESL2kZrksydY6vf8OvU7c_THDDDJlrwisrExSyvhxB905GnXmIqveSiWO1MkWZNuBbldLMvLj0s,"=IMAGE(""https://community.akamai.steamstatic.com/economy/image/i0CoZ81Ui0m-9KwlBY1L_18myuGuq1wfhWSaZgMttyVfPaERSR0Wqmu7LAocGJai0ki7VeTHjMmuOXSQ61MnpNWipVS_ESL2kZrksydY6vf8OvU7c_THDDDJlrwisrExSyvhxB905GnXmIqveSiWO1MkWZNuBbldLMvLj0s"")",https://cs2tokens.com/iem-cologne-2026/items/sticker-m80-gold-cologne-2026,sticker-m80-gold-cologne-2026,ok,,https://cs2tokens.com/iem-cologne-2026/items/sticker-m80-gold-cologne-2026/q-data.json,Sticker | M80 (Gold) | Cologne 2026,https://steamcommunity.com/market/listings/730/Sticker%20%7C%20M80%20%28Gold%29%20%7C%20Cologne%202026,1209,10456,5316,12,iem-cologne-2026,campaign_12,sticker,Team,,M80,rarity_ancient
2026-06-04 00:38:18,20260604_003818,https://cs2tokens.com/browse?sort=price-asc&finish=Gold,Gold,ce46de36d5e4,Sticker | Lynn Vision (Gold) | Cologne 2026,Lynn Vision,Cologne 2026,Team,Gold,Lynn Vision,Extraordinary,#eb4b4b,98915,979.26,27,32,0.8387,https://community.akamai.steamstatic.com/economy/image/i0CoZ81Ui0m-9KwlBY1L_18myuGuq1wfhWSaZgMttyVfPaERSR0Wqmu7LAocGJai0ki7VeTHjMmuOXSQ61MnpNWipVX-TxPOmZns-WwLu6v6bqBud6HBXWaSmLkntLE-GS2yxE0m5D6AyNugdyifaQAkCpd5W6dU5Wtq-NMs,"=IMAGE(""https://community.akamai.steamstatic.com/economy/image/i0CoZ81Ui0m-9KwlBY1L_18myuGuq1wfhWSaZgMttyVfPaERSR0Wqmu7LAocGJai0ki7VeTHjMmuOXSQ61MnpNWipVX-TxPOmZns-WwLu6v6bqBud6HBXWaSmLkntLE-GS2yxE0m5D6AyNugdyifaQAkCpd5W6dU5Wtq-NMs"")",https://cs2tokens.com/iem-cologne-2026/items/sticker-lynn-vision-gold-cologne-2026,sticker-lynn-vision-gold-cologne-2026,ok,,https://cs2tokens.com/iem-cologne-2026/items/sticker-lynn-vision-gold-cologne-2026/q-data.json,Sticker | Lynn Vision (Gold) | Cologne 2026,https://steamcommunity.com/market/listings/730/Sticker%20%7C%20Lynn%20Vision%20%28Gold%29%20%7C%20Cologne%202026,1209,10488,5316,12,iem-cologne-2026,campaign_12,sticker,Team,,Lynn Vision,rarity_ancient
2026-06-04 00:38:18,20260604_003818,https://cs2tokens.com/browse?sort=price-asc&finish=Gold,Gold,f12409d08252,Sticker | BIG (Gold) | Cologne 2026,BIG,Cologne 2026,Team,Gold,BIG,Extraordinary,#eb4b4b,101307,1002.94,28,32,0.871,https://community.akamai.steamstatic.com/economy/image/i0CoZ81Ui0m-9KwlBY1L_18myuGuq1wfhWSaZgMttyVfPaERSR0Wqmu7LAocGJai0ki7VeTHjMmuOXSQ61MnpNWipVvuRiL2kZrksycOtvP6OfY8IfbKXjXJlOp1s7A7SX7qzRl3sTvdyIz6JX2XagcmX8FuBbldj8MPj7U,"=IMAGE(""https://community.akamai.steamstatic.com/economy/image/i0CoZ81Ui0m-9KwlBY1L_18myuGuq1wfhWSaZgMttyVfPaERSR0Wqmu7LAocGJai0ki7VeTHjMmuOXSQ61MnpNWipVvuRiL2kZrksycOtvP6OfY8IfbKXjXJlOp1s7A7SX7qzRl3sTvdyIz6JX2XagcmX8FuBbldj8MPj7U"")",https://cs2tokens.com/iem-cologne-2026/items/sticker-big-gold-cologne-2026,sticker-big-gold-cologne-2026,ok,,https://cs2tokens.com/iem-cologne-2026/items/sticker-big-gold-cologne-2026/q-data.json,Sticker | BIG (Gold) | Cologne 2026,https://steamcommunity.com/market/listings/730/Sticker%20%7C%20BIG%20%28Gold%29%20%7C%20Cologne%202026,1209,10452,5316,12,iem-cologne-2026,campaign_12,sticker,Team,,BIG,rarity_ancient
2026-06-04 00:38:18,20260604_003818,https://cs2tokens.com/browse?sort=price-asc&finish=Gold,Gold,fd2bbc66e853,Sticker | TYLOO (Gold) | Cologne 2026,TYLOO,Cologne 2026,Team,Gold,TYLOO,Extraordinary,#eb4b4b,108073,1069.92,29,32,0.9032,https://community.akamai.steamstatic.com/economy/image/i0CoZ81Ui0m-9KwlBY1L_18myuGuq1wfhWSaZgMttyVfPaERSR0Wqmu7LAocGJai0ki7VeTHjMmuOXSQ61MnpNWipU3-TSL2kZrks3sKvqKtafA_caKXXGHCxOsktrY9SS_nwEgh4WXUydepeX7DPQYmWcRuBbldia-hnm4,"=IMAGE(""https://community.akamai.steamstatic.com/economy/image/i0CoZ81Ui0m-9KwlBY1L_18myuGuq1wfhWSaZgMttyVfPaERSR0Wqmu7LAocGJai0ki7VeTHjMmuOXSQ61MnpNWipU3-TSL2kZrks3sKvqKtafA_caKXXGHCxOsktrY9SS_nwEgh4WXUydepeX7DPQYmWcRuBbldia-hnm4"")",https://cs2tokens.com/iem-cologne-2026/items/sticker-tyloo-gold-cologne-2026,sticker-tyloo-gold-cologne-2026,ok,,https://cs2tokens.com/iem-cologne-2026/items/sticker-tyloo-gold-cologne-2026/q-data.json,Sticker | TYLOO (Gold) | Cologne 2026,https://steamcommunity.com/market/listings/730/Sticker%20%7C%20TYLOO%20%28Gold%29%20%7C%20Cologne%202026,1209,10472,5316,12,iem-cologne-2026,campaign_12,sticker,Team,,TYLOO,rarity_ancient
2026-06-04 00:38:18,20260604_003818,https://cs2tokens.com/browse?sort=price-asc&finish=Gold,Gold,0e5c12a8f417,Sticker | THUNDERdOWNUNDER (Gold) | Cologne 2026,THUNDERdOWNUNDER,Cologne 2026,Team,Gold,,Extraordinary,#eb4b4b,112624,1114.98,30,32,0.9355,https://community.akamai.steamstatic.com/economy/image/i0CoZ81Ui0m-9KwlBY1L_18myuGuq1wfhWSaZgMttyVfPaERSR0Wqmu7LAocGJai0ki7VeTHjMmuOXSQ61MnpNWipU3vVBPOmZns-WwKuvD_PvZvdqPGCzLDxOp15OdqSy_kx0124m_Xn4n8cniROlAkX8AjW6dU5cW6LuAZ,"=IMAGE(""https://community.akamai.steamstatic.com/economy/image/i0CoZ81Ui0m-9KwlBY1L_18myuGuq1wfhWSaZgMttyVfPaERSR0Wqmu7LAocGJai0ki7VeTHjMmuOXSQ61MnpNWipU3vVBPOmZns-WwKuvD_PvZvdqPGCzLDxOp15OdqSy_kx0124m_Xn4n8cniROlAkX8AjW6dU5cW6LuAZ"")",https://cs2tokens.com/iem-cologne-2026/items/sticker-thunderdownunder-gold-cologne-2026,sticker-thunderdownunder-gold-cologne-2026,ok,,https://cs2tokens.com/iem-cologne-2026/items/sticker-thunderdownunder-gold-cologne-2026/q-data.json,Sticker | THUNDERdOWNUNDER (Gold) | Cologne 2026,https://steamcommunity.com/market/listings/730/Sticker%20%7C%20THUNDERdOWNUNDER%20%28Gold%29%20%7C%20Cologne%202026,1209,10492,5316,12,iem-cologne-2026,campaign_12,sticker,Team,,,rarity_ancient
2026-06-04 00:38:18,20260604_003818,https://cs2tokens.com/browse?sort=price-asc&finish=Gold,Gold,7b767971be6d,Sticker | Team Liquid (Gold) | Cologne 2026,Team Liquid,Cologne 2026,Team,Gold,Team Liquid,Extraordinary,#eb4b4b,115524,1143.69,31,32,0.9677,https://community.akamai.steamstatic.com/economy/image/i0CoZ81Ui0m-9KwlBY1L_18myuGuq1wfhWSaZgMttyVfPaERSR0Wqmu7LAocGJai0ki7VeTHjMmuOXSQ61MnpNWipVXuUCL2kZrks3oJuveoMaE8dPKQVjPGk7Z34rExSXjlkU8msD-Hmdj9dXiTbFNxX8NuBbldDo9_ocQ,"=IMAGE(""https://community.akamai.steamstatic.com/economy/image/i0CoZ81Ui0m-9KwlBY1L_18myuGuq1wfhWSaZgMttyVfPaERSR0Wqmu7LAocGJai0ki7VeTHjMmuOXSQ61MnpNWipVXuUCL2kZrks3oJuveoMaE8dPKQVjPGk7Z34rExSXjlkU8msD-Hmdj9dXiTbFNxX8NuBbldDo9_ocQ"")",https://cs2tokens.com/iem-cologne-2026/items/sticker-team-liquid-gold-cologne-2026,sticker-team-liquid-gold-cologne-2026,ok,,https://cs2tokens.com/iem-cologne-2026/items/sticker-team-liquid-gold-cologne-2026/q-data.json,Sticker | Team Liquid (Gold) | Cologne 2026,https://steamcommunity.com/market/listings/730/Sticker%20%7C%20Team%20Liquid%20%28Gold%29%20%7C%20Cologne%202026,1209,10484,5316,12,iem-cologne-2026,campaign_12,sticker,Team,,Team Liquid,rarity_ancient
2026-06-04 00:38:18,20260604_003818,https://cs2tokens.com/browse?sort=price-asc&finish=Gold,Gold,8ccaa9836e7f,Sticker | SINNERS (Gold) | Cologne 2026,SINNERS,Cologne 2026,Team,Gold,,Extraordinary,#eb4b4b,136621,1352.55,32,32,1.0,https://community.akamai.steamstatic.com/economy/image/i0CoZ81Ui0m-9KwlBY1L_18myuGuq1wfhWSaZgMttyVfPaERSR0Wqmu7LAocGJai0ki7VeTHjMmuOXSQ61MnpNWipUruTxPOmZns-WxfuvP8PaVveaLCCGPHlbsk47I7Fiq2xEh_6m3UzI6hdC6RbAcnWJV1W6dU5cQuowCD,"=IMAGE(""https://community.akamai.steamstatic.com/economy/image/i0CoZ81Ui0m-9KwlBY1L_18myuGuq1wfhWSaZgMttyVfPaERSR0Wqmu7LAocGJai0ki7VeTHjMmuOXSQ61MnpNWipUruTxPOmZns-WxfuvP8PaVveaLCCGPHlbsk47I7Fiq2xEh_6m3UzI6hdC6RbAcnWJV1W6dU5cQuowCD"")",https://cs2tokens.com/iem-cologne-2026/items/sticker-sinners-gold-cologne-2026,sticker-sinners-gold-cologne-2026,ok,,https://cs2tokens.com/iem-cologne-2026/items/sticker-sinners-gold-cologne-2026/q-data.json,Sticker | SINNERS (Gold) | Cologne 2026,https://steamcommunity.com/market/listings/730/Sticker%20%7C%20SINNERS%20%28Gold%29%20%7C%20Cologne%202026,1209,10464,5316,12,iem-cologne-2026,campaign_12,sticker,Team,,,rarity_ancient
2026-06-04 00:38:18,20260604_003818,https://cs2tokens.com/browse?sort=price-asc&finish=Holo,Holo,0927c21045c2,Sticker | paiN Gaming (Holo) | Cologne 2026,paiN Gaming,Cologne 2026,Team,Holo,paiN Gaming,Exotic,#d32ce6,645,6.39,1,32,0.0,https://community.akamai.steamstatic.com/economy/image/i0CoZ81Ui0m-9KwlBY1L_18myuGuq1wfhWSaZgMttyVfPaERSR0Wqmu7LAocGJai0ki7VeTHjMmuOXSQ61MnpNWipUnmSBPOlpns8mwP6af2OPc1cKPCCjDEkbcg4LM8GSrkzE1-tWrcy9esJy2Qa1MhA5p4W6dU5YUkc1d6,"=IMAGE(""https://community.akamai.steamstatic.com/economy/image/i0CoZ81Ui0m-9KwlBY1L_18myuGuq1wfhWSaZgMttyVfPaERSR0Wqmu7LAocGJai0ki7VeTHjMmuOXSQ61MnpNWipUnmSBPOlpns8mwP6af2OPc1cKPCCjDEkbcg4LM8GSrkzE1-tWrcy9esJy2Qa1MhA5p4W6dU5YUkc1d6"")",https://cs2tokens.com/iem-cologne-2026/items/sticker-pain-gaming-holo-cologne-2026,sticker-pain-gaming-holo-cologne-2026,ok,,https://cs2tokens.com/iem-cologne-2026/items/sticker-pain-gaming-holo-cologne-2026/q-data.json,Sticker | paiN Gaming (Holo) | Cologne 2026,https://steamcommunity.com/market/listings/730/Sticker%20%7C%20paiN%20Gaming%20%28Holo%29%20%7C%20Cologne%202026,1209,10423,5316,12,iem-cologne-2026,campaign_12,sticker,Team,,paiN Gaming,rarity_legendary
2026-06-04 00:38:18,20260604_003818,https://cs2tokens.com/browse?sort=price-asc&finish=Holo,Holo,396de15d3b80,Sticker | HEROIC (Holo) | Cologne 2026,HEROIC,Cologne 2026,Team,Holo,HEROIC,Exotic,#d32ce6,694,6.87,2,32,0.0323,https://community.akamai.steamstatic.com/economy/image/i0CoZ81Ui0m-9KwlBY1L_18myuGuq1wfhWSaZgMttyVfPaERSR0Wqmu7LAocGJai0ki7VeTHjMmuOXSQ61MnpNWipVHiUxLOlpns8mwD7fT2bqY8JafKXTCTlrZ357UxTSyyxk9wsWTUzYz6cyqfOA4lD8NyW6dU5QI_AUHN,"=IMAGE(""https://community.akamai.steamstatic.com/economy/image/i0CoZ81Ui0m-9KwlBY1L_18myuGuq1wfhWSaZgMttyVfPaERSR0Wqmu7LAocGJai0ki7VeTHjMmuOXSQ61MnpNWipVHiUxLOlpns8mwD7fT2bqY8JafKXTCTlrZ357UxTSyyxk9wsWTUzYz6cyqfOA4lD8NyW6dU5QI_AUHN"")",https://cs2tokens.com/iem-cologne-2026/items/sticker-heroic-holo-cologne-2026,sticker-heroic-holo-cologne-2026,ok,,https://cs2tokens.com/iem-cologne-2026/items/sticker-heroic-holo-cologne-2026/q-data.json,Sticker | HEROIC (Holo) | Cologne 2026,https://steamcommunity.com/market/listings/730/Sticker%20%7C%20HEROIC%20%28Holo%29%20%7C%20Cologne%202026,1209,10443,5316,12,iem-cologne-2026,campaign_12,sticker,Team,,HEROIC,rarity_legendary
2026-06-04 00:38:18,20260604_003818,https://cs2tokens.com/browse?sort=price-asc&finish=Holo,Holo,91f1a6b88f72,Sticker | MIBR (Holo) | Cologne 2026,MIBR,Cologne 2026,Team,Holo,MIBR,Exotic,#d32ce6,777,7.69,3,32,0.0645,https://community.akamai.steamstatic.com/economy/image/i0CoZ81Ui0m-9KwlBY1L_18myuGuq1wfhWSaZgMttyVfPaERSR0Wqmu7LAocGJai0ki7VeTHjMmuOXSQ61MnpNWipVTuQw_Olpns8mwNuKP5aqc8ePLGD2LFluoltuc-HX7nxBhysmmAnN_6ICqUa1QjCpJ4W6dU5fBS-4xg,"=IMAGE(""https://community.akamai.steamstatic.com/economy/image/i0CoZ81Ui0m-9KwlBY1L_18myuGuq1wfhWSaZgMttyVfPaERSR0Wqmu7LAocGJai0ki7VeTHjMmuOXSQ61MnpNWipVTuQw_Olpns8mwNuKP5aqc8ePLGD2LFluoltuc-HX7nxBhysmmAnN_6ICqUa1QjCpJ4W6dU5fBS-4xg"")",https://cs2tokens.com/iem-cologne-2026/items/sticker-mibr-holo-cologne-2026,sticker-mibr-holo-cologne-2026,ok,,https://cs2tokens.com/iem-cologne-2026/items/sticker-mibr-holo-cologne-2026/q-data.json,Sticker | MIBR (Holo) | Cologne 2026,https://steamcommunity.com/market/listings/730/Sticker%20%7C%20MIBR%20%28Holo%29%20%7C%20Cologne%202026,1209,10459,5316,12,iem-cologne-2026,campaign_12,sticker,Team,,MIBR,rarity_legendary
2026-06-04 00:38:18,20260604_003818,https://cs2tokens.com/browse?sort=price-asc&finish=Holo,Holo,666f5b8f180f,Sticker | Gaimin Gladiators (Holo) | Cologne 2026,Gaimin Gladiators,Cologne 2026,Team,Holo,,Exotic,#d32ce6,784,7.76,4,32,0.0968,https://community.akamai.steamstatic.com/economy/image/i0CoZ81Ui0m-9KwlBY1L_18myuGuq1wfhWSaZgMttyVfPaERSR0Wqmu7LAocGJai0ki7VeTHjMmuOXSQ61MnpNWipV7mSBDOlpns8mwL7Kr9PqFvJfbLC2TBkr8utLI9Fn7qk00h62_Xwtuodn6XZlchDsRxW6dU5crLSAYN,"=IMAGE(""https://community.akamai.steamstatic.com/economy/image/i0CoZ81Ui0m-9KwlBY1L_18myuGuq1wfhWSaZgMttyVfPaERSR0Wqmu7LAocGJai0ki7VeTHjMmuOXSQ61MnpNWipV7mSBDOlpns8mwL7Kr9PqFvJfbLC2TBkr8utLI9Fn7qk00h62_Xwtuodn6XZlchDsRxW6dU5crLSAYN"")",https://cs2tokens.com/iem-cologne-2026/items/sticker-gaimin-gladiators-holo-cologne-2026,sticker-gaimin-gladiators-holo-cologne-2026,ok,,https://cs2tokens.com/iem-cologne-2026/items/sticker-gaimin-gladiators-holo-cologne-2026/q-data.json,Sticker | Gaimin Gladiators (Holo) | Cologne 2026,https://steamcommunity.com/market/listings/730/Sticker%20%7C%20Gaimin%20Gladiators%20%28Holo%29%20%7C%20Cologne%202026,1209,10479,5316,12,iem-cologne-2026,campaign_12,sticker,Team,,,rarity_legendary
2026-06-04 00:38:18,20260604_003818,https://cs2tokens.com/browse?sort=price-asc&finish=Holo,Holo,08012c24edef,Sticker | 9z Team (Holo) | Cologne 2026,9z Team,Cologne 2026,Team,Holo,9z Team,Exotic,#d32ce6,860,8.51,5,32,0.129,https://community.akamai.steamstatic.com/economy/image/i0CoZ81Ui0m-9KwlBY1L_18myuGuq1wfhWSaZgMttyVfPaERSR0Wqmu7LAocGJai0ki7VeTHjMmuOXSQ61MnpNWipVfuTxjOlpns8mwLt6eta6FseKXBWGaTx-gu4rBoF3vrzRxw4m2En47_JC6SOgMjXpd0W6dU5UBjs29Q,"=IMAGE(""https://community.akamai.steamstatic.com/economy/image/i0CoZ81Ui0m-9KwlBY1L_18myuGuq1wfhWSaZgMttyVfPaERSR0Wqmu7LAocGJai0ki7VeTHjMmuOXSQ61MnpNWipVfuTxjOlpns8mwLt6eta6FseKXBWGaTx-gu4rBoF3vrzRxw4m2En47_JC6SOgMjXpd0W6dU5UBjs29Q"")",https://cs2tokens.com/iem-cologne-2026/items/sticker-9z-team-holo-cologne-2026,sticker-9z-team-holo-cologne-2026,ok,,https://cs2tokens.com/iem-cologne-2026/items/sticker-9z-team-holo-cologne-2026/q-data.json,Sticker | 9z Team (Holo) | Cologne 2026,https://steamcommunity.com/market/listings/730/Sticker%20%7C%209z%20Team%20%28Holo%29%20%7C%20Cologne%202026,1209,10431,5316,12,iem-cologne-2026,campaign_12,sticker,Team,,9z Team,rarity_legendary
2026-06-04 00:38:18,20260604_003818,https://cs2tokens.com/browse?sort=price-asc&finish=Holo,Holo,fae9152c9494,Sticker | Monte (Holo) | Cologne 2026,Monte,Cologne 2026,Team,Holo,Monte,Exotic,#d32ce6,915,9.06,6,32,0.1613,https://community.akamai.steamstatic.com/economy/image/i0CoZ81Ui0m-9KwlBY1L_18myuGuq1wfhWSaZgMttyVfPaERSR0Wqmu7LAocGJai0ki7VeTHjMmuOXSQ61MnpNWipVToTwnOlpns8mwP7KGrbqc_c_bGDT_Aw7Z0tbQ6Hirlw0Qi4TiAmYn8JXqXZwRzA5N0W6dU5eFj74qs,"=IMAGE(""https://community.akamai.steamstatic.com/economy/image/i0CoZ81Ui0m-9KwlBY1L_18myuGuq1wfhWSaZgMttyVfPaERSR0Wqmu7LAocGJai0ki7VeTHjMmuOXSQ61MnpNWipVToTwnOlpns8mwP7KGrbqc_c_bGDT_Aw7Z0tbQ6Hirlw0Qi4TiAmYn8JXqXZwRzA5N0W6dU5eFj74qs"")",https://cs2tokens.com/iem-cologne-2026/items/sticker-monte-holo-cologne-2026,sticker-monte-holo-cologne-2026,ok,,https://cs2tokens.com/iem-cologne-2026/items/sticker-monte-holo-cologne-2026/q-data.json,Sticker | Monte (Holo) | Cologne 2026,https://steamcommunity.com/market/listings/730/Sticker%20%7C%20Monte%20%28Holo%29%20%7C%20Cologne%202026,1209,10427,5316,12,iem-cologne-2026,campaign_12,sticker,Team,,Monte,rarity_legendary
2026-06-04 00:38:18,20260604_003818,https://cs2tokens.com/browse?sort=price-asc&finish=Holo,Holo,97fa3a994577,Sticker | B8 (Holo) | Cologne 2026,B8,Cologne 2026,Team,Holo,B8,Exotic,#d32ce6,995,9.85,7,32,0.1935,https://community.akamai.steamstatic.com/economy/image/i0CoZ81Ui0m-9KwlBY1L_18myuGuq1wfhWSaZgMttyVfPaERSR0Wqmu7LAocGJai0ki7VeTHjMmuOXSQ61MnpNWipVu_fhX-kpmurnEM6qf-afRrJKHHCDSWxbkntrAxHSy1w0h-5zvWyNatJXLDOFNzCowwG7DkX1LtYg,"=IMAGE(""https://community.akamai.steamstatic.com/economy/image/i0CoZ81Ui0m-9KwlBY1L_18myuGuq1wfhWSaZgMttyVfPaERSR0Wqmu7LAocGJai0ki7VeTHjMmuOXSQ61MnpNWipVu_fhX-kpmurnEM6qf-afRrJKHHCDSWxbkntrAxHSy1w0h-5zvWyNatJXLDOFNzCowwG7DkX1LtYg"")",https://cs2tokens.com/iem-cologne-2026/items/sticker-b8-holo-cologne-2026,sticker-b8-holo-cologne-2026,ok,,https://cs2tokens.com/iem-cologne-2026/items/sticker-b8-holo-cologne-2026/q-data.json,Sticker | B8 (Holo) | Cologne 2026,https://steamcommunity.com/market/listings/730/Sticker%20%7C%20B8%20%28Holo%29%20%7C%20Cologne%202026,1209,10439,5316,12,iem-cologne-2026,campaign_12,sticker,Team,,B8,rarity_legendary
2026-06-04 00:38:18,20260604_003818,https://cs2tokens.com/browse?sort=price-asc&finish=Holo,Holo,888e02ff13ff,Sticker | FUT (Holo) | Cologne 2026,FUT,Cologne 2026,Team,Holo,,Exotic,#d32ce6,1008,9.98,8,32,0.2258,https://community.akamai.steamstatic.com/economy/image/i0CoZ81Ui0m-9KwlBY1L_18myuGuq1wfhWSaZgMttyVfPaERSR0Wqmu7LAocGJai0ki7VeTHjMmuOXSQ61MnpNWipV_yVSL5kZrvsyZYtqqtOvE7IqmRCDfBl74j47k7SXDnwU9z5z7dzNb8c3zGPwMjXJVuBbld2OGCxuY,"=IMAGE(""https://community.akamai.steamstatic.com/economy/image/i0CoZ81Ui0m-9KwlBY1L_18myuGuq1wfhWSaZgMttyVfPaERSR0Wqmu7LAocGJai0ki7VeTHjMmuOXSQ61MnpNWipV_yVSL5kZrvsyZYtqqtOvE7IqmRCDfBl74j47k7SXDnwU9z5z7dzNb8c3zGPwMjXJVuBbld2OGCxuY"")",https://cs2tokens.com/iem-cologne-2026/items/sticker-fut-holo-cologne-2026,sticker-fut-holo-cologne-2026,ok,,https://cs2tokens.com/iem-cologne-2026/items/sticker-fut-holo-cologne-2026/q-data.json,Sticker | FUT (Holo) | Cologne 2026,https://steamcommunity.com/market/listings/730/Sticker%20%7C%20FUT%20%28Holo%29%20%7C%20Cologne%202026,1209,10403,5316,12,iem-cologne-2026,campaign_12,sticker,Team,,,rarity_legendary
2026-06-04 00:38:18,20260604_003818,https://cs2tokens.com/browse?sort=price-asc&finish=Holo,Holo,7aad5666deed,Sticker | Legacy (Holo) | Cologne 2026,Legacy,Cologne 2026,Team,Holo,Legacy,Exotic,#d32ce6,1019,10.09,9,32,0.2581,https://community.akamai.steamstatic.com/economy/image/i0CoZ81Ui0m-9KwlBY1L_18myuGuq1wfhWSaZgMttyVfPaERSR0Wqmu7LAocGJai0ki7VeTHjMmuOXSQ61MnpNWipVXgQgTOlpns8mwNu_SrbfA_JPGWV2TEmbsntLNoTiywl0hz5T-An92ueC-Qag8nDpR4W6dU5ZVZFWNE,"=IMAGE(""https://community.akamai.steamstatic.com/economy/image/i0CoZ81Ui0m-9KwlBY1L_18myuGuq1wfhWSaZgMttyVfPaERSR0Wqmu7LAocGJai0ki7VeTHjMmuOXSQ61MnpNWipVXgQgTOlpns8mwNu_SrbfA_JPGWV2TEmbsntLNoTiywl0hz5T-An92ueC-Qag8nDpR4W6dU5ZVZFWNE"")",https://cs2tokens.com/iem-cologne-2026/items/sticker-legacy-holo-cologne-2026,sticker-legacy-holo-cologne-2026,ok,,https://cs2tokens.com/iem-cologne-2026/items/sticker-legacy-holo-cologne-2026/q-data.json,Sticker | Legacy (Holo) | Cologne 2026,https://steamcommunity.com/market/listings/730/Sticker%20%7C%20Legacy%20%28Holo%29%20%7C%20Cologne%202026,1209,10419,5316,12,iem-cologne-2026,campaign_12,sticker,Team,,Legacy,rarity_legendary
2026-06-04 00:38:18,20260604_003818,https://cs2tokens.com/browse?sort=price-asc&finish=Holo,Holo,3621c3a87cd4,Sticker | Sharks Esports (Holo) | Cologne 2026,Sharks Esports,Cologne 2026,Team,Holo,Sharks Esports,Exotic,#d32ce6,1126,11.15,10,32,0.2903,https://community.akamai.steamstatic.com/economy/image/i0CoZ81Ui0m-9KwlBY1L_18myuGuq1wfhWSaZgMttyVfPaERSR0Wqmu7LAocGJai0ki7VeTHjMmuOXSQ61MnpNWipUrvUxbOlpns8mwNt_etPvA6dfLDV2TCl71147EwS3i2lE9-5m3UntuheX6fbwEiCsN3W6dU5dR_4qF1,"=IMAGE(""https://community.akamai.steamstatic.com/economy/image/i0CoZ81Ui0m-9KwlBY1L_18myuGuq1wfhWSaZgMttyVfPaERSR0Wqmu7LAocGJai0ki7VeTHjMmuOXSQ61MnpNWipUrvUxbOlpns8mwNt_etPvA6dfLDV2TCl71147EwS3i2lE9-5m3UntuheX6fbwEiCsN3W6dU5dR_4qF1"")",https://cs2tokens.com/iem-cologne-2026/items/sticker-sharks-esports-holo-cologne-2026,sticker-sharks-esports-holo-cologne-2026,ok,,https://cs2tokens.com/iem-cologne-2026/items/sticker-sharks-esports-holo-cologne-2026/q-data.json,Sticker | Sharks Esports (Holo) | Cologne 2026,https://steamcommunity.com/market/listings/730/Sticker%20%7C%20Sharks%20Esports%20%28Holo%29%20%7C%20Cologne%202026,1209,10475,5316,12,iem-cologne-2026,campaign_12,sticker,Team,,Sharks Esports,rarity_legendary
2026-06-04 00:38:18,20260604_003818,https://cs2tokens.com/browse?sort=price-asc&finish=Holo,Holo,d6ec81bd977b,Sticker | NRG (Holo) | Cologne 2026,NRG,Cologne 2026,Team,Holo,NRG,Exotic,#d32ce6,1133,11.22,11,32,0.3226,https://community.akamai.steamstatic.com/economy/image/i0CoZ81Ui0m-9KwlBY1L_18myuGuq1wfhWSaZgMttyVfPaERSR0Wqmu7LAocGJai0ki7VeTHjMmuOXSQ61MnpNWipVf1RiL5kZrvsydf6av4MPQ6ePaRXmKVlr11s-A-SSjhkxkh5mWBn4ytd3qWPQN1WcZuBbldLjdNwYo,"=IMAGE(""https://community.akamai.steamstatic.com/economy/image/i0CoZ81Ui0m-9KwlBY1L_18myuGuq1wfhWSaZgMttyVfPaERSR0Wqmu7LAocGJai0ki7VeTHjMmuOXSQ61MnpNWipVf1RiL5kZrvsydf6av4MPQ6ePaRXmKVlr11s-A-SSjhkxkh5mWBn4ytd3qWPQN1WcZuBbldLjdNwYo"")",https://cs2tokens.com/iem-cologne-2026/items/sticker-nrg-holo-cologne-2026,sticker-nrg-holo-cologne-2026,ok,,https://cs2tokens.com/iem-cologne-2026/items/sticker-nrg-holo-cologne-2026/q-data.json,Sticker | NRG (Holo) | Cologne 2026,https://steamcommunity.com/market/listings/730/Sticker%20%7C%20NRG%20%28Holo%29%20%7C%20Cologne%202026,1209,10467,5316,12,iem-cologne-2026,campaign_12,sticker,Team,,NRG,rarity_legendary
2026-06-04 00:38:18,20260604_003818,https://cs2tokens.com/browse?sort=price-asc&finish=Holo,Holo,b970a24dac58,Sticker | G2 esports (Holo) | Cologne 2026,G2 esports,Cologne 2026,Team,Holo,G2 Esports,Exotic,#d32ce6,1141,11.3,12,32,0.3548,https://community.akamai.steamstatic.com/economy/image/i0CoZ81Ui0m-9KwlBY1L_18myuGuq1wfhWSaZgMttyVfPaERSR0Wqmu7LAocGJai0ki7VeTHjMmuOXSQ61MnpNWipV61fhX-kpmurnFZ7KT8avFvd_TLDDCTwrwutrBtGH_rxR8mtjjRmdmpdX6UPQ91WYwwG7CGoAbOjA,"=IMAGE(""https://community.akamai.steamstatic.com/economy/image/i0CoZ81Ui0m-9KwlBY1L_18myuGuq1wfhWSaZgMttyVfPaERSR0Wqmu7LAocGJai0ki7VeTHjMmuOXSQ61MnpNWipV61fhX-kpmurnFZ7KT8avFvd_TLDDCTwrwutrBtGH_rxR8mtjjRmdmpdX6UPQ91WYwwG7CGoAbOjA"")",https://cs2tokens.com/iem-cologne-2026/items/sticker-g2-esports-holo-cologne-2026,sticker-g2-esports-holo-cologne-2026,ok,,https://cs2tokens.com/iem-cologne-2026/items/sticker-g2-esports-holo-cologne-2026/q-data.json,Sticker | G2 esports (Holo) | Cologne 2026,https://steamcommunity.com/market/listings/730/Sticker%20%7C%20G2%20esports%20%28Holo%29%20%7C%20Cologne%202026,1209,10415,5316,12,iem-cologne-2026,campaign_12,sticker,Team,,G2 Esports,rarity_legendary
2026-06-04 00:38:18,20260604_003818,https://cs2tokens.com/browse?sort=price-asc&finish=Holo,Holo,cb066e4e5b7e,Sticker | BIG (Holo) | Cologne 2026,BIG,Cologne 2026,Team,Holo,BIG,Exotic,#d32ce6,1164,11.52,13,32,0.3871,https://community.akamai.steamstatic.com/economy/image/i0CoZ81Ui0m-9KwlBY1L_18myuGuq1wfhWSaZgMttyVfPaERSR0Wqmu7LAocGJai0ki7VeTHjMmuOXSQ61MnpNWipVvuRiL5kZrvsyYNu6P_OfI-JaWSV2aTlLZwtLBvHnvklE0l62qEyoz4dHyQPwRxWJRuBbldNARaptc,"=IMAGE(""https://community.akamai.steamstatic.com/economy/image/i0CoZ81Ui0m-9KwlBY1L_18myuGuq1wfhWSaZgMttyVfPaERSR0Wqmu7LAocGJai0ki7VeTHjMmuOXSQ61MnpNWipVvuRiL5kZrvsyYNu6P_OfI-JaWSV2aTlLZwtLBvHnvklE0l62qEyoz4dHyQPwRxWJRuBbldNARaptc"")",https://cs2tokens.com/iem-cologne-2026/items/sticker-big-holo-cologne-2026,sticker-big-holo-cologne-2026,ok,,https://cs2tokens.com/iem-cologne-2026/items/sticker-big-holo-cologne-2026/q-data.json,Sticker | BIG (Holo) | Cologne 2026,https://steamcommunity.com/market/listings/730/Sticker%20%7C%20BIG%20%28Holo%29%20%7C%20Cologne%202026,1209,10451,5316,12,iem-cologne-2026,campaign_12,sticker,Team,,BIG,rarity_legendary
2026-06-04 00:38:18,20260604_003818,https://cs2tokens.com/browse?sort=price-asc&finish=Holo,Holo,a6f5dfa82c23,Sticker | Lynn Vision (Holo) | Cologne 2026,Lynn Vision,Cologne 2026,Team,Holo,Lynn Vision,Exotic,#d32ce6,1164,11.52,14,32,0.4194,https://community.akamai.steamstatic.com/economy/image/i0CoZ81Ui0m-9KwlBY1L_18myuGuq1wfhWSaZgMttyVfPaERSR0Wqmu7LAocGJai0ki7VeTHjMmuOXSQ61MnpNWipVX-TxPOlpns8mxauPH4MPFodaiWXT-SmOxzteQxF37hw0t24DmDmNepcX6VOlIgWJcmW6dU5bXC5oSB,"=IMAGE(""https://community.akamai.steamstatic.com/economy/image/i0CoZ81Ui0m-9KwlBY1L_18myuGuq1wfhWSaZgMttyVfPaERSR0Wqmu7LAocGJai0ki7VeTHjMmuOXSQ61MnpNWipVX-TxPOlpns8mxauPH4MPFodaiWXT-SmOxzteQxF37hw0t24DmDmNepcX6VOlIgWJcmW6dU5bXC5oSB"")",https://cs2tokens.com/iem-cologne-2026/items/sticker-lynn-vision-holo-cologne-2026,sticker-lynn-vision-holo-cologne-2026,ok,,https://cs2tokens.com/iem-cologne-2026/items/sticker-lynn-vision-holo-cologne-2026/q-data.json,Sticker | Lynn Vision (Holo) | Cologne 2026,https://steamcommunity.com/market/listings/730/Sticker%20%7C%20Lynn%20Vision%20%28Holo%29%20%7C%20Cologne%202026,1209,10487,5316,12,iem-cologne-2026,campaign_12,sticker,Team,,Lynn Vision,rarity_legendary
2026-06-04 00:38:18,20260604_003818,https://cs2tokens.com/browse?sort=price-asc&finish=Holo,Holo,3292ee18e768,Sticker | PARIVISION (Holo) | Cologne 2026,PARIVISION,Cologne 2026,Team,Holo,PARIVISION,Exotic,#d32ce6,1234,12.22,15,32,0.4516,https://community.akamai.steamstatic.com/economy/image/i0CoZ81Ui0m-9KwlBY1L_18myuGuq1wfhWSaZgMttyVfPaERSR0Wqmu7LAocGJai0ki7VeTHjMmuOXSQ61MnpNWipUnmUxTOlpns8mwKvKqqbvM5cPTLWWLAwu0i6eMwSyrrxh9-5TiGyN_6eC_FbAdzApt4W6dU5dUDv2Fv,"=IMAGE(""https://community.akamai.steamstatic.com/economy/image/i0CoZ81Ui0m-9KwlBY1L_18myuGuq1wfhWSaZgMttyVfPaERSR0Wqmu7LAocGJai0ki7VeTHjMmuOXSQ61MnpNWipUnmUxTOlpns8mwKvKqqbvM5cPTLWWLAwu0i6eMwSyrrxh9-5TiGyN_6eC_FbAdzApt4W6dU5dUDv2Fv"")",https://cs2tokens.com/iem-cologne-2026/items/sticker-parivision-holo-cologne-2026,sticker-parivision-holo-cologne-2026,ok,,https://cs2tokens.com/iem-cologne-2026/items/sticker-parivision-holo-cologne-2026/q-data.json,Sticker | PARIVISION (Holo) | Cologne 2026,https://steamcommunity.com/market/listings/730/Sticker%20%7C%20PARIVISION%20%28Holo%29%20%7C%20Cologne%202026,1209,10387,5316,12,iem-cologne-2026,campaign_12,sticker,Team,,PARIVISION,rarity_legendary
2026-06-04 00:38:18,20260604_003818,https://cs2tokens.com/browse?sort=price-asc&finish=Holo,Holo,39d3a2e2d65e,Sticker | M80 (Holo) | Cologne 2026,M80,Cologne 2026,Team,Holo,M80,Exotic,#d32ce6,1316,13.03,16,32,0.4839,https://community.akamai.steamstatic.com/economy/image/i0CoZ81Ui0m-9KwlBY1L_18myuGuq1wfhWSaZgMttyVfPaERSR0Wqmu7LAocGJai0ki7VeTHjMmuOXSQ61MnpNWipVS_ESL5kZrvs3ddtqP4P_Q-cqfHXz7HkbpwtOAwGCqxxBt-4znVzo2gI3PFaFUlA8NuBbldPjDlc7A,"=IMAGE(""https://community.akamai.steamstatic.com/economy/image/i0CoZ81Ui0m-9KwlBY1L_18myuGuq1wfhWSaZgMttyVfPaERSR0Wqmu7LAocGJai0ki7VeTHjMmuOXSQ61MnpNWipVS_ESL5kZrvs3ddtqP4P_Q-cqfHXz7HkbpwtOAwGCqxxBt-4znVzo2gI3PFaFUlA8NuBbldPjDlc7A"")",https://cs2tokens.com/iem-cologne-2026/items/sticker-m80-holo-cologne-2026,sticker-m80-holo-cologne-2026,ok,,https://cs2tokens.com/iem-cologne-2026/items/sticker-m80-holo-cologne-2026/q-data.json,Sticker | M80 (Holo) | Cologne 2026,https://steamcommunity.com/market/listings/730/Sticker%20%7C%20M80%20%28Holo%29%20%7C%20Cologne%202026,1209,10455,5316,12,iem-cologne-2026,campaign_12,sticker,Team,,M80,rarity_legendary
2026-06-04 00:38:18,20260604_003818,https://cs2tokens.com/browse?sort=price-asc&finish=Holo,Holo,a4a3936c731b,Sticker | MOUZ (Holo) | Cologne 2026,MOUZ,Cologne 2026,Team,Holo,MOUZ,Exotic,#d32ce6,1390,13.76,17,32,0.5161,https://community.akamai.steamstatic.com/economy/image/i0CoZ81Ui0m-9KwlBY1L_18myuGuq1wfhWSaZgMttyVfPaERSR0Wqmu7LAocGJai0ki7VeTHjMmuOXSQ61MnpNWipVToVAfOlpns8mxf7fStavw4cPXKVzWTwr0g6LQ4Si-xxhh-tzvUzN6ueHmTbwMnDMN3W6dU5R_nIK_f,"=IMAGE(""https://community.akamai.steamstatic.com/economy/image/i0CoZ81Ui0m-9KwlBY1L_18myuGuq1wfhWSaZgMttyVfPaERSR0Wqmu7LAocGJai0ki7VeTHjMmuOXSQ61MnpNWipVToVAfOlpns8mxf7fStavw4cPXKVzWTwr0g6LQ4Si-xxhh-tzvUzN6ueHmTbwMnDMN3W6dU5R_nIK_f"")",https://cs2tokens.com/iem-cologne-2026/items/sticker-mouz-holo-cologne-2026,sticker-mouz-holo-cologne-2026,ok,,https://cs2tokens.com/iem-cologne-2026/items/sticker-mouz-holo-cologne-2026/q-data.json,Sticker | MOUZ (Holo) | Cologne 2026,https://steamcommunity.com/market/listings/730/Sticker%20%7C%20MOUZ%20%28Holo%29%20%7C%20Cologne%202026,1209,10399,5316,12,iem-cologne-2026,campaign_12,sticker,Team,,MOUZ,rarity_legendary
2026-06-04 00:38:18,20260604_003818,https://cs2tokens.com/browse?sort=price-asc&finish=Holo,Holo,8cddaf065473,Sticker | Aurora (Holo) | Cologne 2026,Aurora,Cologne 2026,Team,Holo,Aurora,Exotic,#d32ce6,1406,13.92,18,32,0.5484,https://community.akamai.steamstatic.com/economy/image/i0CoZ81Ui0m-9KwlBY1L_18myuGuq1wfhWSaZgMttyVfPaERSR0Wqmu7LAocGJai0ki7VeTHjMmuOXSQ61MnpNWipVjyUxzOlpns8mxevqH9a_BvdPTCCDPDx-sk5ONqGHq2w09y4m_SmIuuJHqTOFQgDpF2W6dU5fBrLrQX,"=IMAGE(""https://community.akamai.steamstatic.com/economy/image/i0CoZ81Ui0m-9KwlBY1L_18myuGuq1wfhWSaZgMttyVfPaERSR0Wqmu7LAocGJai0ki7VeTHjMmuOXSQ61MnpNWipVjyUxzOlpns8mxevqH9a_BvdPTCCDPDx-sk5ONqGHq2w09y4m_SmIuuJHqTOFQgDpF2W6dU5fBrLrQX"")",https://cs2tokens.com/iem-cologne-2026/items/sticker-aurora-holo-cologne-2026,sticker-aurora-holo-cologne-2026,ok,,https://cs2tokens.com/iem-cologne-2026/items/sticker-aurora-holo-cologne-2026/q-data.json,Sticker | Aurora (Holo) | Cologne 2026,https://steamcommunity.com/market/listings/730/Sticker%20%7C%20Aurora%20%28Holo%29%20%7C%20Cologne%202026,1209,10391,5316,12,iem-cologne-2026,campaign_12,sticker,Team,,Aurora,rarity_legendary
2026-06-04 00:38:18,20260604_003818,https://cs2tokens.com/browse?sort=price-asc&finish=Holo,Holo,ac189711479a,Sticker | The Mongolz (Holo) | Cologne 2026,The Mongolz,Cologne 2026,Team,Holo,The MongolZ,Exotic,#d32ce6,1420,14.06,19,32,0.5806,https://community.akamai.steamstatic.com/economy/image/i0CoZ81Ui0m-9KwlBY1L_18myuGuq1wfhWSaZgMttyVfPaERSR0Wqmu7LAocGJai0ki7VeTHjMmuOXSQ61MnpNWipVTpRgfOlpns8mwLuaL7OvE1IaKSXDTAxewh4bIxHijqwkQj4TvQno2qeH6QbwYhW5ElW6dU5SomOZ23,"=IMAGE(""https://community.akamai.steamstatic.com/economy/image/i0CoZ81Ui0m-9KwlBY1L_18myuGuq1wfhWSaZgMttyVfPaERSR0Wqmu7LAocGJai0ki7VeTHjMmuOXSQ61MnpNWipVTpRgfOlpns8mwLuaL7OvE1IaKSXDTAxewh4bIxHijqwkQj4TvQno2qeH6QbwYhW5ElW6dU5SomOZ23"")",https://cs2tokens.com/iem-cologne-2026/items/sticker-the-mongolz-holo-cologne-2026,sticker-the-mongolz-holo-cologne-2026,ok,,https://cs2tokens.com/iem-cologne-2026/items/sticker-the-mongolz-holo-cologne-2026/q-data.json,Sticker | The Mongolz (Holo) | Cologne 2026,https://steamcommunity.com/market/listings/730/Sticker%20%7C%20The%20Mongolz%20%28Holo%29%20%7C%20Cologne%202026,1209,10383,5316,12,iem-cologne-2026,campaign_12,sticker,Team,,The MongolZ,rarity_legendary
2026-06-04 00:38:18,20260604_003818,https://cs2tokens.com/browse?sort=price-asc&finish=Holo,Holo,8df88522d91a,Sticker | TYLOO (Holo) | Cologne 2026,TYLOO,Cologne 2026,Team,Holo,TYLOO,Exotic,#d32ce6,1849,18.31,20,32,0.6129,https://community.akamai.steamstatic.com/economy/image/i0CoZ81Ui0m-9KwlBY1L_18myuGuq1wfhWSaZgMttyVfPaERSR0Wqmu7LAocGJai0ki7VeTHjMmuOXSQ61MnpNWipU3-TSL5kZrvs3UC66L5avNpc_LBCzeSluwnsuA6THjmw0Qm62_XzN77JHuQPQAgDpFuBbld93AhKcs,"=IMAGE(""https://community.akamai.steamstatic.com/economy/image/i0CoZ81Ui0m-9KwlBY1L_18myuGuq1wfhWSaZgMttyVfPaERSR0Wqmu7LAocGJai0ki7VeTHjMmuOXSQ61MnpNWipU3-TSL5kZrvs3UC66L5avNpc_LBCzeSluwnsuA6THjmw0Qm62_XzN77JHuQPQAgDpFuBbld93AhKcs"")",https://cs2tokens.com/iem-cologne-2026/items/sticker-tyloo-holo-cologne-2026,sticker-tyloo-holo-cologne-2026,ok,,https://cs2tokens.com/iem-cologne-2026/items/sticker-tyloo-holo-cologne-2026/q-data.json,Sticker | TYLOO (Holo) | Cologne 2026,https://steamcommunity.com/market/listings/730/Sticker%20%7C%20TYLOO%20%28Holo%29%20%7C%20Cologne%202026,1209,10471,5316,12,iem-cologne-2026,campaign_12,sticker,Team,,TYLOO,rarity_legendary
2026-06-04 00:38:18,20260604_003818,https://cs2tokens.com/browse?sort=price-asc&finish=Holo,Holo,05e866d13d83,Sticker | BetBoom (Holo) | Cologne 2026,BetBoom,Cologne 2026,Team,Holo,BetBoom,Exotic,#d32ce6,1866,18.47,21,32,0.6452,https://community.akamai.steamstatic.com/economy/image/i0CoZ81Ui0m-9KwlBY1L_18myuGuq1wfhWSaZgMttyVfPaERSR0Wqmu7LAocGJai0ki7VeTHjMmuOXSQ61MnpNWipVvlfhX-kpmu_nEMuKX9bPY9dKjDWDPBlLhw57Q5Hiy2kBwi4GrQyo7_eXyRZlVzCowwG7D_EYXNLw,"=IMAGE(""https://community.akamai.steamstatic.com/economy/image/i0CoZ81Ui0m-9KwlBY1L_18myuGuq1wfhWSaZgMttyVfPaERSR0Wqmu7LAocGJai0ki7VeTHjMmuOXSQ61MnpNWipVvlfhX-kpmu_nEMuKX9bPY9dKjDWDPBlLhw57Q5Hiy2kBwi4GrQyo7_eXyRZlVzCowwG7D_EYXNLw"")",https://cs2tokens.com/iem-cologne-2026/items/sticker-betboom-holo-cologne-2026,sticker-betboom-holo-cologne-2026,ok,,https://cs2tokens.com/iem-cologne-2026/items/sticker-betboom-holo-cologne-2026/q-data.json,Sticker | BetBoom (Holo) | Cologne 2026,https://steamcommunity.com/market/listings/730/Sticker%20%7C%20BetBoom%20%28Holo%29%20%7C%20Cologne%202026,1209,10447,5316,12,iem-cologne-2026,campaign_12,sticker,Team,,BetBoom,rarity_legendary
2026-06-04 00:38:18,20260604_003818,https://cs2tokens.com/browse?sort=price-asc&finish=Holo,Holo,84bea33324ce,Sticker | Astralis (Holo) | Cologne 2026,Astralis,Cologne 2026,Team,Holo,Astralis,Exotic,#d32ce6,2019,19.99,22,32,0.6774,https://community.akamai.steamstatic.com/economy/image/i0CoZ81Ui0m-9KwlBY1L_18myuGuq1wfhWSaZgMttyVfPaERSR0Wqmu7LAocGJai0ki7VeTHjMmuOXSQ61MnpNWipVj0VQ_Olpns8mxd7fCvaaE4eKHAWmORlL934Lc7Hy-1wRh-t2rTmdj9Iy2XPVcmCpskW6dU5aolUX23,"=IMAGE(""https://community.akamai.steamstatic.com/economy/image/i0CoZ81Ui0m-9KwlBY1L_18myuGuq1wfhWSaZgMttyVfPaERSR0Wqmu7LAocGJai0ki7VeTHjMmuOXSQ61MnpNWipVj0VQ_Olpns8mxd7fCvaaE4eKHAWmORlL934Lc7Hy-1wRh-t2rTmdj9Iy2XPVcmCpskW6dU5aolUX23"")",https://cs2tokens.com/iem-cologne-2026/items/sticker-astralis-holo-cologne-2026,sticker-astralis-holo-cologne-2026,ok,,https://cs2tokens.com/iem-cologne-2026/items/sticker-astralis-holo-cologne-2026/q-data.json,Sticker | Astralis (Holo) | Cologne 2026,https://steamcommunity.com/market/listings/730/Sticker%20%7C%20Astralis%20%28Holo%29%20%7C%20Cologne%202026,1209,10411,5316,12,iem-cologne-2026,campaign_12,sticker,Team,,Astralis,rarity_legendary
2026-06-04 00:38:18,20260604_003818,https://cs2tokens.com/browse?sort=price-asc&finish=Holo,Holo,83e4230ec809,Sticker | SINNERS (Holo) | Cologne 2026,SINNERS,Cologne 2026,Team,Holo,,Exotic,#d32ce6,2063,20.42,23,32,0.7097,https://community.akamai.steamstatic.com/economy/image/i0CoZ81Ui0m-9KwlBY1L_18myuGuq1wfhWSaZgMttyVfPaERSR0Wqmu7LAocGJai0ki7VeTHjMmuOXSQ61MnpNWipUruTxPOlpns8mwLt6f4PPRsJKDBC2TEwL4mtLA_Sy23lE1w4TnUmIqrdSqROwFzC8Z1W6dU5SsfnKbJ,"=IMAGE(""https://community.akamai.steamstatic.com/economy/image/i0CoZ81Ui0m-9KwlBY1L_18myuGuq1wfhWSaZgMttyVfPaERSR0Wqmu7LAocGJai0ki7VeTHjMmuOXSQ61MnpNWipUruTxPOlpns8mwLt6f4PPRsJKDBC2TEwL4mtLA_Sy23lE1w4TnUmIqrdSqROwFzC8Z1W6dU5SsfnKbJ"")",https://cs2tokens.com/iem-cologne-2026/items/sticker-sinners-holo-cologne-2026,sticker-sinners-holo-cologne-2026,ok,,https://cs2tokens.com/iem-cologne-2026/items/sticker-sinners-holo-cologne-2026/q-data.json,Sticker | SINNERS (Holo) | Cologne 2026,https://steamcommunity.com/market/listings/730/Sticker%20%7C%20SINNERS%20%28Holo%29%20%7C%20Cologne%202026,1209,10463,5316,12,iem-cologne-2026,campaign_12,sticker,Team,,,rarity_legendary
2026-06-04 00:38:18,20260604_003818,https://cs2tokens.com/browse?sort=price-asc&finish=Holo,Holo,bd59bc928757,Sticker | GamerLegion (Holo) | Cologne 2026,GamerLegion,Cologne 2026,Team,Holo,GamerLegion,Exotic,#d32ce6,2115,20.94,24,32,0.7419,https://community.akamai.steamstatic.com/economy/image/i0CoZ81Ui0m-9KwlBY1L_18myuGuq1wfhWSaZgMttyVfPaERSR0Wqmu7LAocGJai0ki7VeTHjMmuOXSQ61MnpNWipV7rfhX-kpmuqXEMu6f5O6FveaKWCGKWw7oks7E6HSy3w0hwt2TQydr9d3qUagMpWIwwG7CYQOGv5w,"=IMAGE(""https://community.akamai.steamstatic.com/economy/image/i0CoZ81Ui0m-9KwlBY1L_18myuGuq1wfhWSaZgMttyVfPaERSR0Wqmu7LAocGJai0ki7VeTHjMmuOXSQ61MnpNWipV7rfhX-kpmuqXEMu6f5O6FveaKWCGKWw7oks7E6HSy3w0hwt2TQydr9d3qUagMpWIwwG7CYQOGv5w"")",https://cs2tokens.com/iem-cologne-2026/items/sticker-gamerlegion-holo-cologne-2026,sticker-gamerlegion-holo-cologne-2026,ok,,https://cs2tokens.com/iem-cologne-2026/items/sticker-gamerlegion-holo-cologne-2026/q-data.json,Sticker | GamerLegion (Holo) | Cologne 2026,https://steamcommunity.com/market/listings/730/Sticker%20%7C%20GamerLegion%20%28Holo%29%20%7C%20Cologne%202026,1209,10435,5316,12,iem-cologne-2026,campaign_12,sticker,Team,,GamerLegion,rarity_legendary
2026-06-04 00:38:18,20260604_003818,https://cs2tokens.com/browse?sort=price-asc&finish=Holo,Holo,f77e24374b2b,Sticker | FURIA (Holo) | Cologne 2026,FURIA,Cologne 2026,Team,Holo,FURIA,Exotic,#d32ce6,2428,24.04,25,32,0.7742,https://community.akamai.steamstatic.com/economy/image/i0CoZ81Ui0m-9KwlBY1L_18myuGuq1wfhWSaZgMttyVfPaERSR0Wqmu7LAocGJai0ki7VeTHjMmuOXSQ61MnpNWipV_yUxTOlpns8mxe7aH9baA4JKbLCj_Ale935-I9HHGwwUVytm7Rw9qheCiTO1RzD5clW6dU5W4hlzbO,"=IMAGE(""https://community.akamai.steamstatic.com/economy/image/i0CoZ81Ui0m-9KwlBY1L_18myuGuq1wfhWSaZgMttyVfPaERSR0Wqmu7LAocGJai0ki7VeTHjMmuOXSQ61MnpNWipV_yUxTOlpns8mxe7aH9baA4JKbLCj_Ale935-I9HHGwwUVytm7Rw9qheCiTO1RzD5clW6dU5W4hlzbO"")",https://cs2tokens.com/iem-cologne-2026/items/sticker-furia-holo-cologne-2026,sticker-furia-holo-cologne-2026,ok,,https://cs2tokens.com/iem-cologne-2026/items/sticker-furia-holo-cologne-2026/q-data.json,Sticker | FURIA (Holo) | Cologne 2026,https://steamcommunity.com/market/listings/730/Sticker%20%7C%20FURIA%20%28Holo%29%20%7C%20Cologne%202026,1209,10395,5316,12,iem-cologne-2026,campaign_12,sticker,Team,,FURIA,rarity_legendary
2026-06-04 00:38:18,20260604_003818,https://cs2tokens.com/browse?sort=price-asc&finish=Holo,Holo,573724344225,Sticker | FlyQuest (Holo) | Cologne 2026,FlyQuest,Cologne 2026,Team,Holo,Flyquest,Exotic,#d32ce6,2536,25.11,26,32,0.8065,https://community.akamai.steamstatic.com/economy/image/i0CoZ81Ui0m-9KwlBY1L_18myuGuq1wfhWSaZgMttyVfPaERSR0Wqmu7LAocGJai0ki7VeTHjMmuOXSQ61MnpNWipV_2fhX-kpmu-SMLv_f5PaI7JqHGWzDBk-ol5OU4Gn3mwE4isTmHntv_c3iVaQ4lWIwwG7DkFEPQng,"=IMAGE(""https://community.akamai.steamstatic.com/economy/image/i0CoZ81Ui0m-9KwlBY1L_18myuGuq1wfhWSaZgMttyVfPaERSR0Wqmu7LAocGJai0ki7VeTHjMmuOXSQ61MnpNWipV_2fhX-kpmu-SMLv_f5PaI7JqHGWzDBk-ol5OU4Gn3mwE4isTmHntv_c3iVaQ4lWIwwG7DkFEPQng"")",https://cs2tokens.com/iem-cologne-2026/items/sticker-flyquest-holo-cologne-2026,sticker-flyquest-holo-cologne-2026,ok,,https://cs2tokens.com/iem-cologne-2026/items/sticker-flyquest-holo-cologne-2026/q-data.json,Sticker | FlyQuest (Holo) | Cologne 2026,https://steamcommunity.com/market/listings/730/Sticker%20%7C%20FlyQuest%20%28Holo%29%20%7C%20Cologne%202026,1209,10495,5316,12,iem-cologne-2026,campaign_12,sticker,Team,,Flyquest,rarity_legendary
2026-06-04 00:38:18,20260604_003818,https://cs2tokens.com/browse?sort=price-asc&finish=Holo,Holo,902f2e3f6274,Sticker | Team Liquid (Holo) | Cologne 2026,Team Liquid,Cologne 2026,Team,Holo,Team Liquid,Exotic,#d32ce6,2954,29.24,27,32,0.8387,https://community.akamai.steamstatic.com/economy/image/i0CoZ81Ui0m-9KwlBY1L_18myuGuq1wfhWSaZgMttyVfPaERSR0Wqmu7LAocGJai0ki7VeTHjMmuOXSQ61MnpNWipVXuUCL5kZrvsyQOuKH5P_NrcqaSXjSSwu0u4uM8FyvkwkV342yDy4qtdXqVZgd1DcZuBbld5ln7v6I,"=IMAGE(""https://community.akamai.steamstatic.com/economy/image/i0CoZ81Ui0m-9KwlBY1L_18myuGuq1wfhWSaZgMttyVfPaERSR0Wqmu7LAocGJai0ki7VeTHjMmuOXSQ61MnpNWipVXuUCL5kZrvsyQOuKH5P_NrcqaSXjSSwu0u4uM8FyvkwkV342yDy4qtdXqVZgd1DcZuBbld5ln7v6I"")",https://cs2tokens.com/iem-cologne-2026/items/sticker-team-liquid-holo-cologne-2026,sticker-team-liquid-holo-cologne-2026,ok,,https://cs2tokens.com/iem-cologne-2026/items/sticker-team-liquid-holo-cologne-2026/q-data.json,Sticker | Team Liquid (Holo) | Cologne 2026,https://steamcommunity.com/market/listings/730/Sticker%20%7C%20Team%20Liquid%20%28Holo%29%20%7C%20Cologne%202026,1209,10483,5316,12,iem-cologne-2026,campaign_12,sticker,Team,,Team Liquid,rarity_legendary
2026-06-04 00:38:18,20260604_003818,https://cs2tokens.com/browse?sort=price-asc&finish=Holo,Holo,51ce27fe1b8c,Sticker | Vitality (Holo) | Cologne 2026,Vitality,Cologne 2026,Team,Holo,Vitality,Exotic,#d32ce6,3010,29.8,28,32,0.871,https://community.akamai.steamstatic.com/economy/image/i0CoZ81Ui0m-9KwlBY1L_18myuGuq1wfhWSaZgMttyVfPaERSR0Wqmu7LAocGJai0ki7VeTHjMmuOXSQ61MnpNWipU_uVRzOlpns8mwNvaT2bfU5dvOVCDXJk7wn6Lk6F3-wzEV0t27cztuodHKWblQnD5F2W6dU5SFzx_IX,"=IMAGE(""https://community.akamai.steamstatic.com/economy/image/i0CoZ81Ui0m-9KwlBY1L_18myuGuq1wfhWSaZgMttyVfPaERSR0Wqmu7LAocGJai0ki7VeTHjMmuOXSQ61MnpNWipU_uVRzOlpns8mwNvaT2bfU5dvOVCDXJk7wn6Lk6F3-wzEV0t27cztuodHKWblQnD5F2W6dU5SFzx_IX"")",https://cs2tokens.com/iem-cologne-2026/items/sticker-vitality-holo-cologne-2026,sticker-vitality-holo-cologne-2026,ok,,https://cs2tokens.com/iem-cologne-2026/items/sticker-vitality-holo-cologne-2026/q-data.json,Sticker | Vitality (Holo) | Cologne 2026,https://steamcommunity.com/market/listings/730/Sticker%20%7C%20Vitality%20%28Holo%29%20%7C%20Cologne%202026,1209,10371,5316,12,iem-cologne-2026,campaign_12,sticker,Team,,Vitality,rarity_legendary
2026-06-04 00:38:18,20260604_003818,https://cs2tokens.com/browse?sort=price-asc&finish=Holo,Holo,98bd56df9591,Sticker | Natus Vincere (Holo) | Cologne 2026,Natus Vincere,Cologne 2026,Team,Holo,Natus Vincere,Exotic,#d32ce6,3537,35.02,29,32,0.9032,https://community.akamai.steamstatic.com/economy/image/i0CoZ81Ui0m-9KwlBY1L_18myuGuq1wfhWSaZgMttyVfPaERSR0Wqmu7LAocGJai0ki7VeTHjMmuOXSQ61MnpNWipVfmVxTOlpns8mxevqKrPKVrdPWXXzPHkb8v5ec6F3myxhl_4m3SntmqdS6TPwcnCMMiW6dU5aZkvRN0,"=IMAGE(""https://community.akamai.steamstatic.com/economy/image/i0CoZ81Ui0m-9KwlBY1L_18myuGuq1wfhWSaZgMttyVfPaERSR0Wqmu7LAocGJai0ki7VeTHjMmuOXSQ61MnpNWipVfmVxTOlpns8mxevqKrPKVrdPWXXzPHkb8v5ec6F3myxhl_4m3SntmqdS6TPwcnCMMiW6dU5aZkvRN0"")",https://cs2tokens.com/iem-cologne-2026/items/sticker-natus-vincere-holo-cologne-2026,sticker-natus-vincere-holo-cologne-2026,ok,,https://cs2tokens.com/iem-cologne-2026/items/sticker-natus-vincere-holo-cologne-2026/q-data.json,Sticker | Natus Vincere (Holo) | Cologne 2026,https://steamcommunity.com/market/listings/730/Sticker%20%7C%20Natus%20Vincere%20%28Holo%29%20%7C%20Cologne%202026,1209,10375,5316,12,iem-cologne-2026,campaign_12,sticker,Team,,Natus Vincere,rarity_legendary
2026-06-04 00:38:18,20260604_003818,https://cs2tokens.com/browse?sort=price-asc&finish=Holo,Holo,55f0bea61a2c,Sticker | Falcons (Holo) | Cologne 2026,Falcons,Cologne 2026,Team,Holo,Falcons,Exotic,#d32ce6,3597,35.61,30,32,0.9355,https://community.akamai.steamstatic.com/economy/image/i0CoZ81Ui0m-9KwlBY1L_18myuGuq1wfhWSaZgMttyVfPaERSR0Wqmu7LAocGJai0ki7VeTHjMmuOXSQ61MnpNWipV_mTSL5kZrvs3sP7varaaA9JafHCDbCk7sisedsSXrilk92sW6BmI2veXOfbQZyW5puBbldBOTUCQ4,"=IMAGE(""https://community.akamai.steamstatic.com/economy/image/i0CoZ81Ui0m-9KwlBY1L_18myuGuq1wfhWSaZgMttyVfPaERSR0Wqmu7LAocGJai0ki7VeTHjMmuOXSQ61MnpNWipV_mTSL5kZrvs3sP7varaaA9JafHCDbCk7sisedsSXrilk92sW6BmI2veXOfbQZyW5puBbldBOTUCQ4"")",https://cs2tokens.com/iem-cologne-2026/items/sticker-falcons-holo-cologne-2026,sticker-falcons-holo-cologne-2026,ok,,https://cs2tokens.com/iem-cologne-2026/items/sticker-falcons-holo-cologne-2026/q-data.json,Sticker | Falcons (Holo) | Cologne 2026,https://steamcommunity.com/market/listings/730/Sticker%20%7C%20Falcons%20%28Holo%29%20%7C%20Cologne%202026,1209,10379,5316,12,iem-cologne-2026,campaign_12,sticker,Team,,Falcons,rarity_legendary
2026-06-04 00:38:18,20260604_003818,https://cs2tokens.com/browse?sort=price-asc&finish=Holo,Holo,cc8283a1d435,Sticker | Team Spirit (Holo) | Cologne 2026,Team Spirit,Cologne 2026,Team,Holo,Team Spirit,Exotic,#d32ce6,4004,39.64,31,32,0.9677,https://community.akamai.steamstatic.com/economy/image/i0CoZ81Ui0m-9KwlBY1L_18myuGuq1wfhWSaZgMttyVfPaERSR0Wqmu7LAocGJai0ki7VeTHjMmuOXSQ61MnpNWipUr3SA_Olpns8mwKvqD6avU0d6aRXzWUw-wktrFqGC_kzBx-tmyHmY6qeSqea1cnXJNxW6dU5Z7lc9Nd,"=IMAGE(""https://community.akamai.steamstatic.com/economy/image/i0CoZ81Ui0m-9KwlBY1L_18myuGuq1wfhWSaZgMttyVfPaERSR0Wqmu7LAocGJai0ki7VeTHjMmuOXSQ61MnpNWipUr3SA_Olpns8mwKvqD6avU0d6aRXzWUw-wktrFqGC_kzBx-tmyHmY6qeSqea1cnXJNxW6dU5Z7lc9Nd"")",https://cs2tokens.com/iem-cologne-2026/items/sticker-team-spirit-holo-cologne-2026,sticker-team-spirit-holo-cologne-2026,ok,,https://cs2tokens.com/iem-cologne-2026/items/sticker-team-spirit-holo-cologne-2026/q-data.json,Sticker | Team Spirit (Holo) | Cologne 2026,https://steamcommunity.com/market/listings/730/Sticker%20%7C%20Team%20Spirit%20%28Holo%29%20%7C%20Cologne%202026,1209,10407,5316,12,iem-cologne-2026,campaign_12,sticker,Team,,Team Spirit,rarity_legendary
2026-06-04 00:38:18,20260604_003818,https://cs2tokens.com/browse?sort=price-asc&finish=Holo,Holo,224ba8b64dda,Sticker | THUNDERdOWNUNDER (Holo) | Cologne 2026,THUNDERdOWNUNDER,Cologne 2026,Team,Holo,,Exotic,#d32ce6,5980,59.2,32,32,1.0,https://community.akamai.steamstatic.com/economy/image/i0CoZ81Ui0m-9KwlBY1L_18myuGuq1wfhWSaZgMttyVfPaERSR0Wqmu7LAocGJai0ki7VeTHjMmuOXSQ61MnpNWipU3vVBPOlpns8mwO66f7bfM8IvPBCmPBkbYv5rg6SS3ql0l34WqDn96qeHnDOANzX8ckW6dU5QWzvqkh,"=IMAGE(""https://community.akamai.steamstatic.com/economy/image/i0CoZ81Ui0m-9KwlBY1L_18myuGuq1wfhWSaZgMttyVfPaERSR0Wqmu7LAocGJai0ki7VeTHjMmuOXSQ61MnpNWipU3vVBPOlpns8mwO66f7bfM8IvPBCmPBkbYv5rg6SS3ql0l34WqDn96qeHnDOANzX8ckW6dU5QWzvqkh"")",https://cs2tokens.com/iem-cologne-2026/items/sticker-thunderdownunder-holo-cologne-2026,sticker-thunderdownunder-holo-cologne-2026,ok,,https://cs2tokens.com/iem-cologne-2026/items/sticker-thunderdownunder-holo-cologne-2026/q-data.json,Sticker | THUNDERdOWNUNDER (Holo) | Cologne 2026,https://steamcommunity.com/market/listings/730/Sticker%20%7C%20THUNDERdOWNUNDER%20%28Holo%29%20%7C%20Cologne%202026,1209,10491,5316,12,iem-cologne-2026,campaign_12,sticker,Team,,,rarity_legendary
2026-06-04 00:38:18,20260604_003818,https://cs2tokens.com/browse?sort=price-asc,Paper,ab468fcb855a,Sticker | paiN Gaming | Cologne 2026,paiN Gaming,Cologne 2026,Team,Paper,paiN Gaming,High Grade,#4b69ff,7,0.07,1,32,0.0,https://community.akamai.steamstatic.com/economy/image/i0CoZ81Ui0m-9KwlBY1L_18myuGuq1wfhWSaZgMttyVfPaERSR0Wqmu7LAocGJai0ki7VeTHjMmuOXSQ61MnpNWipUnmSBO_nZC5rXAL6av8PPw9I_bGWjPFkrkitrI8HH7nxE5_sm2Ay938IHrCPxhgVMV-DT0uLg,"=IMAGE(""https://community.akamai.steamstatic.com/economy/image/i0CoZ81Ui0m-9KwlBY1L_18myuGuq1wfhWSaZgMttyVfPaERSR0Wqmu7LAocGJai0ki7VeTHjMmuOXSQ61MnpNWipUnmSBO_nZC5rXAL6av8PPw9I_bGWjPFkrkitrI8HH7nxE5_sm2Ay938IHrCPxhgVMV-DT0uLg"")",https://cs2tokens.com/iem-cologne-2026/items/sticker-pain-gaming-cologne-2026,sticker-pain-gaming-cologne-2026,ok,,https://cs2tokens.com/iem-cologne-2026/items/sticker-pain-gaming-cologne-2026/q-data.json,Sticker | paiN Gaming | Cologne 2026,https://steamcommunity.com/market/listings/730/Sticker%20%7C%20paiN%20Gaming%20%7C%20Cologne%202026,1209,10421,5316,12,iem-cologne-2026,campaign_12,sticker,Team,,paiN Gaming,rarity_rare
2026-06-04 00:38:18,20260604_003818,https://cs2tokens.com/browse?sort=price-asc,Paper,107246164795,Sticker | MIBR | Cologne 2026,MIBR,Cologne 2026,Team,Paper,MIBR,High Grade,#4b69ff,7,0.07,2,32,0.0323,https://community.akamai.steamstatic.com/economy/image/i0CoZ81Ui0m-9KwlBY1L_18myuGuq1wfhWSaZgMttyVfPaERSR0Wqmu7LAocGJai0ki7VeTHjMmuOXSQ61MnpNWipVTuQw-_y8Hmq3cDvaT5MPw4IqXEXjTFx-xytrA8H322lk9w5jnWnNuvcH_DaxhgVMWFQhDvfw,"=IMAGE(""https://community.akamai.steamstatic.com/economy/image/i0CoZ81Ui0m-9KwlBY1L_18myuGuq1wfhWSaZgMttyVfPaERSR0Wqmu7LAocGJai0ki7VeTHjMmuOXSQ61MnpNWipVTuQw-_y8Hmq3cDvaT5MPw4IqXEXjTFx-xytrA8H322lk9w5jnWnNuvcH_DaxhgVMWFQhDvfw"")",https://cs2tokens.com/iem-cologne-2026/items/sticker-mibr-cologne-2026,sticker-mibr-cologne-2026,ok,,https://cs2tokens.com/iem-cologne-2026/items/sticker-mibr-cologne-2026/q-data.json,Sticker | MIBR | Cologne 2026,https://steamcommunity.com/market/listings/730/Sticker%20%7C%20MIBR%20%7C%20Cologne%202026,1209,10457,5316,12,iem-cologne-2026,campaign_12,sticker,Team,,MIBR,rarity_rare
2026-06-04 00:38:18,20260604_003818,https://cs2tokens.com/browse?sort=price-asc,Paper,49ef9156e01d,Sticker | Gaimin Gladiators | Cologne 2026,Gaimin Gladiators,Cologne 2026,Team,Paper,,High Grade,#4b69ff,7,0.07,3,32,0.0645,https://community.akamai.steamstatic.com/economy/image/i0CoZ81Ui0m-9KwlBY1L_18myuGuq1wfhWSaZgMttyVfPaERSR0Wqmu7LAocGJai0ki7VeTHjMmuOXSQ61MnpNWipV7mSBC_yZW5_iMD7vetMPw9eaCXVzKRl7t34-QwHC22xRtx4TvSzoqrJ32RbhhgVMX3Wvc4VA,"=IMAGE(""https://community.akamai.steamstatic.com/economy/image/i0CoZ81Ui0m-9KwlBY1L_18myuGuq1wfhWSaZgMttyVfPaERSR0Wqmu7LAocGJai0ki7VeTHjMmuOXSQ61MnpNWipV7mSBC_yZW5_iMD7vetMPw9eaCXVzKRl7t34-QwHC22xRtx4TvSzoqrJ32RbhhgVMX3Wvc4VA"")",https://cs2tokens.com/iem-cologne-2026/items/sticker-gaimin-gladiators-cologne-2026,sticker-gaimin-gladiators-cologne-2026,ok,,https://cs2tokens.com/iem-cologne-2026/items/sticker-gaimin-gladiators-cologne-2026/q-data.json,Sticker | Gaimin Gladiators | Cologne 2026,https://steamcommunity.com/market/listings/730/Sticker%20%7C%20Gaimin%20Gladiators%20%7C%20Cologne%202026,1209,10477,5316,12,iem-cologne-2026,campaign_12,sticker,Team,,,rarity_rare
2026-06-04 00:38:18,20260604_003818,https://cs2tokens.com/browse?sort=price-asc,Paper,6b37b08c1192,Sticker | B8 | Cologne 2026,B8,Cologne 2026,Team,Paper,B8,High Grade,#4b69ff,8,0.08,4,32,0.0968,https://community.akamai.steamstatic.com/economy/image/i0CoZ81Ui0m-9KwlBY1L_18myuGuq1wfhWSaZgMttyVfPaERSR0Wqmu7LAocGJai0ki7VeTHjMmuOXSQ61MnpNWipVu_D0vwmpWwqntfvKL2MPU7I6LDXzPDw7d357JvH3rnxRx_tz6DntaudHyJLlh3GlgROew,"=IMAGE(""https://community.akamai.steamstatic.com/economy/image/i0CoZ81Ui0m-9KwlBY1L_18myuGuq1wfhWSaZgMttyVfPaERSR0Wqmu7LAocGJai0ki7VeTHjMmuOXSQ61MnpNWipVu_D0vwmpWwqntfvKL2MPU7I6LDXzPDw7d357JvH3rnxRx_tz6DntaudHyJLlh3GlgROew"")",https://cs2tokens.com/iem-cologne-2026/items/sticker-b8-cologne-2026,sticker-b8-cologne-2026,ok,,https://cs2tokens.com/iem-cologne-2026/items/sticker-b8-cologne-2026/q-data.json,Sticker | B8 | Cologne 2026,https://steamcommunity.com/market/listings/730/Sticker%20%7C%20B8%20%7C%20Cologne%202026,1209,10437,5316,12,iem-cologne-2026,campaign_12,sticker,Team,,B8,rarity_rare
2026-06-04 00:38:18,20260604_003818,https://cs2tokens.com/browse?sort=price-asc,Paper,f0076f7c657a,Sticker | HEROIC | Cologne 2026,HEROIC,Cologne 2026,Team,Paper,HEROIC,High Grade,#4b69ff,8,0.08,5,32,0.129,https://community.akamai.steamstatic.com/economy/image/i0CoZ81Ui0m-9KwlBY1L_18myuGuq1wfhWSaZgMttyVfPaERSR0Wqmu7LAocGJai0ki7VeTHjMmuOXSQ61MnpNWipVHiUxK_y8_hryNet6erPvc-IaPLDWLIw-11trBrTnHglx9z42jWmIz_cijDPxhgVMWul1UPIQ,"=IMAGE(""https://community.akamai.steamstatic.com/economy/image/i0CoZ81Ui0m-9KwlBY1L_18myuGuq1wfhWSaZgMttyVfPaERSR0Wqmu7LAocGJai0ki7VeTHjMmuOXSQ61MnpNWipVHiUxK_y8_hryNet6erPvc-IaPLDWLIw-11trBrTnHglx9z42jWmIz_cijDPxhgVMWul1UPIQ"")",https://cs2tokens.com/iem-cologne-2026/items/sticker-heroic-cologne-2026,sticker-heroic-cologne-2026,ok,,https://cs2tokens.com/iem-cologne-2026/items/sticker-heroic-cologne-2026/q-data.json,Sticker | HEROIC | Cologne 2026,https://steamcommunity.com/market/listings/730/Sticker%20%7C%20HEROIC%20%7C%20Cologne%202026,1209,10441,5316,12,iem-cologne-2026,campaign_12,sticker,Team,,HEROIC,rarity_rare
2026-06-04 00:38:18,20260604_003818,https://cs2tokens.com/browse?sort=price-asc,Paper,ff20bf7704f9,Sticker | NRG | Cologne 2026,NRG,Cologne 2026,Team,Paper,NRG,High Grade,#4b69ff,9,0.09,6,32,0.1613,https://community.akamai.steamstatic.com/economy/image/i0CoZ81Ui0m-9KwlBY1L_18myuGuq1wfhWSaZgMttyVfPaERSR0Wqmu7LAocGJai0ki7VeTHjMmuOXSQ61MnpNWipVf1RlOhz8e0qScPuferavVsePXKVj_Iwr4h6LU4Fn7lxE1_t2iHztv9J3uTcEZ-XRTt_MCV,"=IMAGE(""https://community.akamai.steamstatic.com/economy/image/i0CoZ81Ui0m-9KwlBY1L_18myuGuq1wfhWSaZgMttyVfPaERSR0Wqmu7LAocGJai0ki7VeTHjMmuOXSQ61MnpNWipVf1RlOhz8e0qScPuferavVsePXKVj_Iwr4h6LU4Fn7lxE1_t2iHztv9J3uTcEZ-XRTt_MCV"")",https://cs2tokens.com/iem-cologne-2026/items/sticker-nrg-cologne-2026,sticker-nrg-cologne-2026,ok,,https://cs2tokens.com/iem-cologne-2026/items/sticker-nrg-cologne-2026/q-data.json,Sticker | NRG | Cologne 2026,https://steamcommunity.com/market/listings/730/Sticker%20%7C%20NRG%20%7C%20Cologne%202026,1209,10465,5316,12,iem-cologne-2026,campaign_12,sticker,Team,,NRG,rarity_rare
2026-06-04 00:38:18,20260604_003818,https://cs2tokens.com/browse?sort=price-asc,Paper,a262f8451bfa,Sticker | BIG | Cologne 2026,BIG,Cologne 2026,Team,Paper,BIG,High Grade,#4b69ff,10,0.1,7,32,0.1935,https://community.akamai.steamstatic.com/economy/image/i0CoZ81Ui0m-9KwlBY1L_18myuGuq1wfhWSaZgMttyVfPaERSR0Wqmu7LAocGJai0ki7VeTHjMmuOXSQ61MnpNWipVvuRlOjnZewricCtqD5PqBvcKDHCDKUkrwj5bQ-Snmywksk4TzVyN2oc3-UcEZ-Xa6MemyA,"=IMAGE(""https://community.akamai.steamstatic.com/economy/image/i0CoZ81Ui0m-9KwlBY1L_18myuGuq1wfhWSaZgMttyVfPaERSR0Wqmu7LAocGJai0ki7VeTHjMmuOXSQ61MnpNWipVvuRlOjnZewricCtqD5PqBvcKDHCDKUkrwj5bQ-Snmywksk4TzVyN2oc3-UcEZ-Xa6MemyA"")",https://cs2tokens.com/iem-cologne-2026/items/sticker-big-cologne-2026,sticker-big-cologne-2026,ok,,https://cs2tokens.com/iem-cologne-2026/items/sticker-big-cologne-2026/q-data.json,Sticker | BIG | Cologne 2026,https://steamcommunity.com/market/listings/730/Sticker%20%7C%20BIG%20%7C%20Cologne%202026,1209,10449,5316,12,iem-cologne-2026,campaign_12,sticker,Team,,BIG,rarity_rare
2026-06-04 00:38:18,20260604_003818,https://cs2tokens.com/browse?sort=price-asc,Paper,24c52fd85720,Sticker | FUT | Cologne 2026,FUT,Cologne 2026,Team,Paper,,High Grade,#4b69ff,11,0.11,8,32,0.2258,https://community.akamai.steamstatic.com/economy/image/i0CoZ81Ui0m-9KwlBY1L_18myuGuq1wfhWSaZgMttyVfPaERSR0Wqmu7LAocGJai0ki7VeTHjMmuOXSQ61MnpNWipV_yVVOnxpDjpHcJtqD3OaY7JqaSXzaWkLwu5uRtSX3mkEtztjzdnt_9cH-fcEZ-XcunQ5j6,"=IMAGE(""https://community.akamai.steamstatic.com/economy/image/i0CoZ81Ui0m-9KwlBY1L_18myuGuq1wfhWSaZgMttyVfPaERSR0Wqmu7LAocGJai0ki7VeTHjMmuOXSQ61MnpNWipV_yVVOnxpDjpHcJtqD3OaY7JqaSXzaWkLwu5uRtSX3mkEtztjzdnt_9cH-fcEZ-XcunQ5j6"")",https://cs2tokens.com/iem-cologne-2026/items/sticker-fut-cologne-2026,sticker-fut-cologne-2026,ok,,https://cs2tokens.com/iem-cologne-2026/items/sticker-fut-cologne-2026/q-data.json,Sticker | FUT | Cologne 2026,https://steamcommunity.com/market/listings/730/Sticker%20%7C%20FUT%20%7C%20Cologne%202026,1209,10401,5316,12,iem-cologne-2026,campaign_12,sticker,Team,,,rarity_rare
2026-06-04 00:38:18,20260604_003818,https://cs2tokens.com/browse?sort=price-asc,Paper,ca428439db72,Sticker | G2 esports | Cologne 2026,G2 esports,Cologne 2026,Team,Paper,G2 Esports,High Grade,#4b69ff,11,0.11,9,32,0.2581,https://community.akamai.steamstatic.com/economy/image/i0CoZ81Ui0m-9KwlBY1L_18myuGuq1wfhWSaZgMttyVfPaERSR0Wqmu7LAocGJai0ki7VeTHjMmuOXSQ61MnpNWipV61DxnwnZCxpXcCuKqoP6U4c6HLWTDBkrkj4eNqG3u1wk5y4T-GmNv_dH2JLlh3LZ1Bsm8,"=IMAGE(""https://community.akamai.steamstatic.com/economy/image/i0CoZ81Ui0m-9KwlBY1L_18myuGuq1wfhWSaZgMttyVfPaERSR0Wqmu7LAocGJai0ki7VeTHjMmuOXSQ61MnpNWipV61DxnwnZCxpXcCuKqoP6U4c6HLWTDBkrkj4eNqG3u1wk5y4T-GmNv_dH2JLlh3LZ1Bsm8"")",https://cs2tokens.com/iem-cologne-2026/items/sticker-g2-esports-cologne-2026,sticker-g2-esports-cologne-2026,ok,,https://cs2tokens.com/iem-cologne-2026/items/sticker-g2-esports-cologne-2026/q-data.json,Sticker | G2 esports | Cologne 2026,https://steamcommunity.com/market/listings/730/Sticker%20%7C%20G2%20esports%20%7C%20Cologne%202026,1209,10413,5316,12,iem-cologne-2026,campaign_12,sticker,Team,,G2 Esports,rarity_rare
2026-06-04 00:38:18,20260604_003818,https://cs2tokens.com/browse?sort=price-asc,Paper,2686a2e354c2,Sticker | 9z Team | Cologne 2026,9z Team,Cologne 2026,Team,Paper,9z Team,High Grade,#4b69ff,12,0.12,10,32,0.2903,https://community.akamai.steamstatic.com/economy/image/i0CoZ81Ui0m-9KwlBY1L_18myuGuq1wfhWSaZgMttyVfPaERSR0Wqmu7LAocGJai0ki7VeTHjMmuOXSQ61MnpNWipVfuTxi_m5Swr3UC7vD9aaA8JKCQCjPIkrcgtLU6GXzrxk0l4zyGztisdH2UbBhgVMWY30Fc8w,"=IMAGE(""https://community.akamai.steamstatic.com/economy/image/i0CoZ81Ui0m-9KwlBY1L_18myuGuq1wfhWSaZgMttyVfPaERSR0Wqmu7LAocGJai0ki7VeTHjMmuOXSQ61MnpNWipVfuTxi_m5Swr3UC7vD9aaA8JKCQCjPIkrcgtLU6GXzrxk0l4zyGztisdH2UbBhgVMWY30Fc8w"")",https://cs2tokens.com/iem-cologne-2026/items/sticker-9z-team-cologne-2026,sticker-9z-team-cologne-2026,ok,,https://cs2tokens.com/iem-cologne-2026/items/sticker-9z-team-cologne-2026/q-data.json,Sticker | 9z Team | Cologne 2026,https://steamcommunity.com/market/listings/730/Sticker%20%7C%209z%20Team%20%7C%20Cologne%202026,1209,10429,5316,12,iem-cologne-2026,campaign_12,sticker,Team,,9z Team,rarity_rare
2026-06-04 00:38:18,20260604_003818,https://cs2tokens.com/browse?sort=price-asc,Paper,437d7fce6d6d,Sticker | M80 | Cologne 2026,M80,Cologne 2026,Team,Paper,M80,High Grade,#4b69ff,12,0.12,11,32,0.3226,https://community.akamai.steamstatic.com/economy/image/i0CoZ81Ui0m-9KwlBY1L_18myuGuq1wfhWSaZgMttyVfPaERSR0Wqmu7LAocGJai0ki7VeTHjMmuOXSQ61MnpNWipVS_EVOmmpThqHteuausbPA1cvXEXTSSlugl4rA_GHHilkxw5WTUyN78dy_DcEZ-XQoqK6Oe,"=IMAGE(""https://community.akamai.steamstatic.com/economy/image/i0CoZ81Ui0m-9KwlBY1L_18myuGuq1wfhWSaZgMttyVfPaERSR0Wqmu7LAocGJai0ki7VeTHjMmuOXSQ61MnpNWipVS_EVOmmpThqHteuausbPA1cvXEXTSSlugl4rA_GHHilkxw5WTUyN78dy_DcEZ-XQoqK6Oe"")",https://cs2tokens.com/iem-cologne-2026/items/sticker-m80-cologne-2026,sticker-m80-cologne-2026,ok,,https://cs2tokens.com/iem-cologne-2026/items/sticker-m80-cologne-2026/q-data.json,Sticker | M80 | Cologne 2026,https://steamcommunity.com/market/listings/730/Sticker%20%7C%20M80%20%7C%20Cologne%202026,1209,10453,5316,12,iem-cologne-2026,campaign_12,sticker,Team,,M80,rarity_rare
2026-06-04 00:38:18,20260604_003818,https://cs2tokens.com/browse?sort=price-asc,Paper,c0716389d1c2,Sticker | Monte | Cologne 2026,Monte,Cologne 2026,Team,Paper,Monte,High Grade,#4b69ff,13,0.13,12,32,0.3548,https://community.akamai.steamstatic.com/economy/image/i0CoZ81Ui0m-9KwlBY1L_18myuGuq1wfhWSaZgMttyVfPaERSR0Wqmu7LAocGJai0ki7VeTHjMmuOXSQ61MnpNWipVToTwm_z5C2-CYK7qH6O6I0IqfBDTaUwrwj4bA8GXrklx5ztj_Ty9-gdS6WaBhgVMUmQLoW1g,"=IMAGE(""https://community.akamai.steamstatic.com/economy/image/i0CoZ81Ui0m-9KwlBY1L_18myuGuq1wfhWSaZgMttyVfPaERSR0Wqmu7LAocGJai0ki7VeTHjMmuOXSQ61MnpNWipVToTwm_z5C2-CYK7qH6O6I0IqfBDTaUwrwj4bA8GXrklx5ztj_Ty9-gdS6WaBhgVMUmQLoW1g"")",https://cs2tokens.com/iem-cologne-2026/items/sticker-monte-cologne-2026,sticker-monte-cologne-2026,ok,,https://cs2tokens.com/iem-cologne-2026/items/sticker-monte-cologne-2026/q-data.json,Sticker | Monte | Cologne 2026,https://steamcommunity.com/market/listings/730/Sticker%20%7C%20Monte%20%7C%20Cologne%202026,1209,10425,5316,12,iem-cologne-2026,campaign_12,sticker,Team,,Monte,rarity_rare
2026-06-04 00:38:18,20260604_003818,https://cs2tokens.com/browse?sort=price-asc,Paper,0806ef17781d,Sticker | Legacy | Cologne 2026,Legacy,Cologne 2026,Team,Paper,Legacy,High Grade,#4b69ff,14,0.14,13,32,0.3871,https://community.akamai.steamstatic.com/economy/image/i0CoZ81Ui0m-9KwlBY1L_18myuGuq1wfhWSaZgMttyVfPaERSR0Wqmu7LAocGJai0ki7VeTHjMmuOXSQ61MnpNWipVXgQgS_zZW4rXADtqGraqI5I_GXW2LAw70k6ONoSy3lx0t_62iBzNj4eSqTbxhgVMVfQ59e-w,"=IMAGE(""https://community.akamai.steamstatic.com/economy/image/i0CoZ81Ui0m-9KwlBY1L_18myuGuq1wfhWSaZgMttyVfPaERSR0Wqmu7LAocGJai0ki7VeTHjMmuOXSQ61MnpNWipVXgQgS_zZW4rXADtqGraqI5I_GXW2LAw70k6ONoSy3lx0t_62iBzNj4eSqTbxhgVMVfQ59e-w"")",https://cs2tokens.com/iem-cologne-2026/items/sticker-legacy-cologne-2026,sticker-legacy-cologne-2026,ok,,https://cs2tokens.com/iem-cologne-2026/items/sticker-legacy-cologne-2026/q-data.json,Sticker | Legacy | Cologne 2026,https://steamcommunity.com/market/listings/730/Sticker%20%7C%20Legacy%20%7C%20Cologne%202026,1209,10417,5316,12,iem-cologne-2026,campaign_12,sticker,Team,,Legacy,rarity_rare
2026-06-04 00:38:18,20260604_003818,https://cs2tokens.com/browse?sort=price-asc,Paper,fb2fb5383aac,Sticker | The Mongolz | Cologne 2026,The Mongolz,Cologne 2026,Team,Paper,The MongolZ,High Grade,#4b69ff,17,0.17,14,32,0.4194,https://community.akamai.steamstatic.com/economy/image/i0CoZ81Ui0m-9KwlBY1L_18myuGuq1wfhWSaZgMttyVfPaERSR0Wqmu7LAocGJai0ki7VeTHjMmuOXSQ61MnpNWipVTpRge_nJS2pXAJuKv3bPw4IqeQCmPDw-tz57c8Hiq3wht2tzjVyditcHqRPRhgVMXjghP7kg,"=IMAGE(""https://community.akamai.steamstatic.com/economy/image/i0CoZ81Ui0m-9KwlBY1L_18myuGuq1wfhWSaZgMttyVfPaERSR0Wqmu7LAocGJai0ki7VeTHjMmuOXSQ61MnpNWipVTpRge_nJS2pXAJuKv3bPw4IqeQCmPDw-tz57c8Hiq3wht2tzjVyditcHqRPRhgVMXjghP7kg"")",https://cs2tokens.com/iem-cologne-2026/items/sticker-the-mongolz-cologne-2026,sticker-the-mongolz-cologne-2026,ok,,https://cs2tokens.com/iem-cologne-2026/items/sticker-the-mongolz-cologne-2026/q-data.json,Sticker | The Mongolz | Cologne 2026,https://steamcommunity.com/market/listings/730/Sticker%20%7C%20The%20Mongolz%20%7C%20Cologne%202026,1209,10381,5316,12,iem-cologne-2026,campaign_12,sticker,Team,,The MongolZ,rarity_rare
2026-06-04 00:38:18,20260604_003818,https://cs2tokens.com/browse?sort=price-asc,Paper,15ee8e255dfd,Sticker | Aurora | Cologne 2026,Aurora,Cologne 2026,Team,Paper,Aurora,High Grade,#4b69ff,17,0.17,15,32,0.4516,https://community.akamai.steamstatic.com/economy/image/i0CoZ81Ui0m-9KwlBY1L_18myuGuq1wfhWSaZgMttyVfPaERSR0Wqmu7LAocGJai0ki7VeTHjMmuOXSQ61MnpNWipVjyUxy_mM_irnJdt6b_MfI5c6mSDDTGmbwh4OQxTirmkE0j4GSBmYmgeCqXZxhgVMUxzE-_zA,"=IMAGE(""https://community.akamai.steamstatic.com/economy/image/i0CoZ81Ui0m-9KwlBY1L_18myuGuq1wfhWSaZgMttyVfPaERSR0Wqmu7LAocGJai0ki7VeTHjMmuOXSQ61MnpNWipVjyUxy_mM_irnJdt6b_MfI5c6mSDDTGmbwh4OQxTirmkE0j4GSBmYmgeCqXZxhgVMUxzE-_zA"")",https://cs2tokens.com/iem-cologne-2026/items/sticker-aurora-cologne-2026,sticker-aurora-cologne-2026,ok,,https://cs2tokens.com/iem-cologne-2026/items/sticker-aurora-cologne-2026/q-data.json,Sticker | Aurora | Cologne 2026,https://steamcommunity.com/market/listings/730/Sticker%20%7C%20Aurora%20%7C%20Cologne%202026,1209,10389,5316,12,iem-cologne-2026,campaign_12,sticker,Team,,Aurora,rarity_rare
2026-06-04 00:38:18,20260604_003818,https://cs2tokens.com/browse?sort=price-asc,Paper,94b0a837abc1,Sticker | MOUZ | Cologne 2026,MOUZ,Cologne 2026,Team,Paper,MOUZ,High Grade,#4b69ff,19,0.19,16,32,0.4839,https://community.akamai.steamstatic.com/economy/image/i0CoZ81Ui0m-9KwlBY1L_18myuGuq1wfhWSaZgMttyVfPaERSR0Wqmu7LAocGJai0ki7VeTHjMmuOXSQ61MnpNWipVToVAe_nMa5-HoO7aH3a_JrI6nGDDXJwL4j4LI_Fy3jzRhx4jmDmdmgdnKXPRhgVMXu5b9vwg,"=IMAGE(""https://community.akamai.steamstatic.com/economy/image/i0CoZ81Ui0m-9KwlBY1L_18myuGuq1wfhWSaZgMttyVfPaERSR0Wqmu7LAocGJai0ki7VeTHjMmuOXSQ61MnpNWipVToVAe_nMa5-HoO7aH3a_JrI6nGDDXJwL4j4LI_Fy3jzRhx4jmDmdmgdnKXPRhgVMXu5b9vwg"")",https://cs2tokens.com/iem-cologne-2026/items/sticker-mouz-cologne-2026,sticker-mouz-cologne-2026,ok,,https://cs2tokens.com/iem-cologne-2026/items/sticker-mouz-cologne-2026/q-data.json,Sticker | MOUZ | Cologne 2026,https://steamcommunity.com/market/listings/730/Sticker%20%7C%20MOUZ%20%7C%20Cologne%202026,1209,10397,5316,12,iem-cologne-2026,campaign_12,sticker,Team,,MOUZ,rarity_rare
2026-06-04 00:38:18,20260604_003818,https://cs2tokens.com/browse?sort=price-asc,Paper,102ac6a48cb6,Sticker | Astralis | Cologne 2026,Astralis,Cologne 2026,Team,Paper,Astralis,High Grade,#4b69ff,20,0.2,17,32,0.5161,https://community.akamai.steamstatic.com/economy/image/i0CoZ81Ui0m-9KwlBY1L_18myuGuq1wfhWSaZgMttyVfPaERSR0Wqmu7LAocGJai0ki7VeTHjMmuOXSQ61MnpNWipVj0VQ-_mse2rCYPufP6OfU6I_OXXj-UmbZw4eQ5SnzlzE0k62-By9qqcH6XPRhgVMUdhwlxbg,"=IMAGE(""https://community.akamai.steamstatic.com/economy/image/i0CoZ81Ui0m-9KwlBY1L_18myuGuq1wfhWSaZgMttyVfPaERSR0Wqmu7LAocGJai0ki7VeTHjMmuOXSQ61MnpNWipVj0VQ-_mse2rCYPufP6OfU6I_OXXj-UmbZw4eQ5SnzlzE0k62-By9qqcH6XPRhgVMUdhwlxbg"")",https://cs2tokens.com/iem-cologne-2026/items/sticker-astralis-cologne-2026,sticker-astralis-cologne-2026,ok,,https://cs2tokens.com/iem-cologne-2026/items/sticker-astralis-cologne-2026/q-data.json,Sticker | Astralis | Cologne 2026,https://steamcommunity.com/market/listings/730/Sticker%20%7C%20Astralis%20%7C%20Cologne%202026,1209,10409,5316,12,iem-cologne-2026,campaign_12,sticker,Team,,Astralis,rarity_rare
2026-06-04 00:38:18,20260604_003818,https://cs2tokens.com/browse?sort=price-asc,Paper,f117c20cdfe9,Sticker | BetBoom | Cologne 2026,BetBoom,Cologne 2026,Team,Paper,BetBoom,High Grade,#4b69ff,20,0.2,18,32,0.5484,https://community.akamai.steamstatic.com/economy/image/i0CoZ81Ui0m-9KwlBY1L_18myuGuq1wfhWSaZgMttyVfPaERSR0Wqmu7LAocGJai0ki7VeTHjMmuOXSQ61MnpNWipVvlD0mnzZW0-XoCv6KvafE5JqTHDDWTk-9357Y8SX_llEQltWuBn9mueC-JLlh3jTSrANk,"=IMAGE(""https://community.akamai.steamstatic.com/economy/image/i0CoZ81Ui0m-9KwlBY1L_18myuGuq1wfhWSaZgMttyVfPaERSR0Wqmu7LAocGJai0ki7VeTHjMmuOXSQ61MnpNWipVvlD0mnzZW0-XoCv6KvafE5JqTHDDWTk-9357Y8SX_llEQltWuBn9mueC-JLlh3jTSrANk"")",https://cs2tokens.com/iem-cologne-2026/items/sticker-betboom-cologne-2026,sticker-betboom-cologne-2026,ok,,https://cs2tokens.com/iem-cologne-2026/items/sticker-betboom-cologne-2026/q-data.json,Sticker | BetBoom | Cologne 2026,https://steamcommunity.com/market/listings/730/Sticker%20%7C%20BetBoom%20%7C%20Cologne%202026,1209,10445,5316,12,iem-cologne-2026,campaign_12,sticker,Team,,BetBoom,rarity_rare
2026-06-04 00:38:18,20260604_003818,https://cs2tokens.com/browse?sort=price-asc,Paper,0d7174e4a725,Sticker | Sharks Esports | Cologne 2026,Sharks Esports,Cologne 2026,Team,Paper,Sharks Esports,High Grade,#4b69ff,20,0.2,19,32,0.5806,https://community.akamai.steamstatic.com/economy/image/i0CoZ81Ui0m-9KwlBY1L_18myuGuq1wfhWSaZgMttyVfPaERSR0Wqmu7LAocGJai0ki7VeTHjMmuOXSQ61MnpNWipUrvUxa_nc-yrXFfvqT-Pqc9eaKWCzfDwr1w6bI9Gnm3xB9y42_Tztn9JX3GaRhgVMWUqzgO0g,"=IMAGE(""https://community.akamai.steamstatic.com/economy/image/i0CoZ81Ui0m-9KwlBY1L_18myuGuq1wfhWSaZgMttyVfPaERSR0Wqmu7LAocGJai0ki7VeTHjMmuOXSQ61MnpNWipUrvUxa_nc-yrXFfvqT-Pqc9eaKWCzfDwr1w6bI9Gnm3xB9y42_Tztn9JX3GaRhgVMWUqzgO0g"")",https://cs2tokens.com/iem-cologne-2026/items/sticker-sharks-esports-cologne-2026,sticker-sharks-esports-cologne-2026,ok,,https://cs2tokens.com/iem-cologne-2026/items/sticker-sharks-esports-cologne-2026/q-data.json,Sticker | Sharks Esports | Cologne 2026,https://steamcommunity.com/market/listings/730/Sticker%20%7C%20Sharks%20Esports%20%7C%20Cologne%202026,1209,10473,5316,12,iem-cologne-2026,campaign_12,sticker,Team,,Sharks Esports,rarity_rare
2026-06-04 00:38:18,20260604_003818,https://cs2tokens.com/browse?sort=price-asc,Paper,2d624393c51f,Sticker | FlyQuest | Cologne 2026,FlyQuest,Cologne 2026,Team,Paper,Flyquest,High Grade,#4b69ff,21,0.21,20,32,0.6129,https://community.akamai.steamstatic.com/economy/image/i0CoZ81Ui0m-9KwlBY1L_18myuGuq1wfhWSaZgMttyVfPaERSR0Wqmu7LAocGJai0ki7VeTHjMmuOXSQ61MnpNWipV_2D0z3yZO2pCRfuKv5MfZvJKfDW2OUx-hz5uQ9Ti3mxBl14WzWzNn9c3qJLlh3qHI1Dus,"=IMAGE(""https://community.akamai.steamstatic.com/economy/image/i0CoZ81Ui0m-9KwlBY1L_18myuGuq1wfhWSaZgMttyVfPaERSR0Wqmu7LAocGJai0ki7VeTHjMmuOXSQ61MnpNWipV_2D0z3yZO2pCRfuKv5MfZvJKfDW2OUx-hz5uQ9Ti3mxBl14WzWzNn9c3qJLlh3qHI1Dus"")",https://cs2tokens.com/iem-cologne-2026/items/sticker-flyquest-cologne-2026,sticker-flyquest-cologne-2026,ok,,https://cs2tokens.com/iem-cologne-2026/items/sticker-flyquest-cologne-2026/q-data.json,Sticker | FlyQuest | Cologne 2026,https://steamcommunity.com/market/listings/730/Sticker%20%7C%20FlyQuest%20%7C%20Cologne%202026,1209,10493,5316,12,iem-cologne-2026,campaign_12,sticker,Team,,Flyquest,rarity_rare
2026-06-04 00:38:18,20260604_003818,https://cs2tokens.com/browse?sort=price-asc,Paper,38ecaa59308d,Sticker | Lynn Vision | Cologne 2026,Lynn Vision,Cologne 2026,Team,Paper,Lynn Vision,High Grade,#4b69ff,22,0.22,21,32,0.6452,https://community.akamai.steamstatic.com/economy/image/i0CoZ81Ui0m-9KwlBY1L_18myuGuq1wfhWSaZgMttyVfPaERSR0Wqmu7LAocGJai0ki7VeTHjMmuOXSQ61MnpNWipVX-TxO_mMe0pHVe66qoPaA_dvaWCjDJlr4isuJoSirixUp042nRn9muJXrEPBhgVMXnhNyFKA,"=IMAGE(""https://community.akamai.steamstatic.com/economy/image/i0CoZ81Ui0m-9KwlBY1L_18myuGuq1wfhWSaZgMttyVfPaERSR0Wqmu7LAocGJai0ki7VeTHjMmuOXSQ61MnpNWipVX-TxO_mMe0pHVe66qoPaA_dvaWCjDJlr4isuJoSirixUp042nRn9muJXrEPBhgVMXnhNyFKA"")",https://cs2tokens.com/iem-cologne-2026/items/sticker-lynn-vision-cologne-2026,sticker-lynn-vision-cologne-2026,ok,,https://cs2tokens.com/iem-cologne-2026/items/sticker-lynn-vision-cologne-2026/q-data.json,Sticker | Lynn Vision | Cologne 2026,https://steamcommunity.com/market/listings/730/Sticker%20%7C%20Lynn%20Vision%20%7C%20Cologne%202026,1209,10485,5316,12,iem-cologne-2026,campaign_12,sticker,Team,,Lynn Vision,rarity_rare
2026-06-04 00:38:18,20260604_003818,https://cs2tokens.com/browse?sort=price-asc,Paper,4c5e3a5b589e,Sticker | GamerLegion | Cologne 2026,GamerLegion,Cologne 2026,Team,Paper,GamerLegion,High Grade,#4b69ff,24,0.24,22,32,0.6774,https://community.akamai.steamstatic.com/economy/image/i0CoZ81Ui0m-9KwlBY1L_18myuGuq1wfhWSaZgMttyVfPaERSR0Wqmu7LAocGJai0ki7VeTHjMmuOXSQ61MnpNWipV7rDx7wyM-yrXpat_SqP6I9cqHBCGaWkuon4OBvSnG2lxtxsTiGzo77d36JLlh3CtRKAXA,"=IMAGE(""https://community.akamai.steamstatic.com/economy/image/i0CoZ81Ui0m-9KwlBY1L_18myuGuq1wfhWSaZgMttyVfPaERSR0Wqmu7LAocGJai0ki7VeTHjMmuOXSQ61MnpNWipV7rDx7wyM-yrXpat_SqP6I9cqHBCGaWkuon4OBvSnG2lxtxsTiGzo77d36JLlh3CtRKAXA"")",https://cs2tokens.com/iem-cologne-2026/items/sticker-gamerlegion-cologne-2026,sticker-gamerlegion-cologne-2026,ok,,https://cs2tokens.com/iem-cologne-2026/items/sticker-gamerlegion-cologne-2026/q-data.json,Sticker | GamerLegion | Cologne 2026,https://steamcommunity.com/market/listings/730/Sticker%20%7C%20GamerLegion%20%7C%20Cologne%202026,1209,10433,5316,12,iem-cologne-2026,campaign_12,sticker,Team,,GamerLegion,rarity_rare
2026-06-04 00:38:18,20260604_003818,https://cs2tokens.com/browse?sort=price-asc,Paper,abb753bfaa6e,Sticker | FURIA | Cologne 2026,FURIA,Cologne 2026,Team,Paper,FURIA,High Grade,#4b69ff,30,0.3,23,32,0.7097,https://community.akamai.steamstatic.com/economy/image/i0CoZ81Ui0m-9KwlBY1L_18myuGuq1wfhWSaZgMttyVfPaERSR0Wqmu7LAocGJai0ki7VeTHjMmuOXSQ61MnpNWipV_yUxS_ypLmpCYOvKX4OPM4I6aVXWaWkLYltLU4Syuwxh52sDyDnIyqdn-XbhhgVMVAAZFeaw,"=IMAGE(""https://community.akamai.steamstatic.com/economy/image/i0CoZ81Ui0m-9KwlBY1L_18myuGuq1wfhWSaZgMttyVfPaERSR0Wqmu7LAocGJai0ki7VeTHjMmuOXSQ61MnpNWipV_yUxS_ypLmpCYOvKX4OPM4I6aVXWaWkLYltLU4Syuwxh52sDyDnIyqdn-XbhhgVMVAAZFeaw"")",https://cs2tokens.com/iem-cologne-2026/items/sticker-furia-cologne-2026,sticker-furia-cologne-2026,ok,,https://cs2tokens.com/iem-cologne-2026/items/sticker-furia-cologne-2026/q-data.json,Sticker | FURIA | Cologne 2026,https://steamcommunity.com/market/listings/730/Sticker%20%7C%20FURIA%20%7C%20Cologne%202026,1209,10393,5316,12,iem-cologne-2026,campaign_12,sticker,Team,,FURIA,rarity_rare
2026-06-04 00:38:18,20260604_003818,https://cs2tokens.com/browse?sort=price-asc,Paper,88d9a7fe443f,Sticker | SINNERS | Cologne 2026,SINNERS,Cologne 2026,Team,Paper,,High Grade,#4b69ff,34,0.34,24,32,0.7419,https://community.akamai.steamstatic.com/economy/image/i0CoZ81Ui0m-9KwlBY1L_18myuGuq1wfhWSaZgMttyVfPaERSR0Wqmu7LAocGJai0ki7VeTHjMmuOXSQ61MnpNWipUruTxO_zM7lr3FYvaX-P6dsdfKQXDLIkLt06eI4SS_nl0sitjuAmY6qdHKWZxhgVMVxVjoUBQ,"=IMAGE(""https://community.akamai.steamstatic.com/economy/image/i0CoZ81Ui0m-9KwlBY1L_18myuGuq1wfhWSaZgMttyVfPaERSR0Wqmu7LAocGJai0ki7VeTHjMmuOXSQ61MnpNWipUruTxO_zM7lr3FYvaX-P6dsdfKQXDLIkLt06eI4SS_nl0sitjuAmY6qdHKWZxhgVMVxVjoUBQ"")",https://cs2tokens.com/iem-cologne-2026/items/sticker-sinners-cologne-2026,sticker-sinners-cologne-2026,ok,,https://cs2tokens.com/iem-cologne-2026/items/sticker-sinners-cologne-2026/q-data.json,Sticker | SINNERS | Cologne 2026,https://steamcommunity.com/market/listings/730/Sticker%20%7C%20SINNERS%20%7C%20Cologne%202026,1209,10461,5316,12,iem-cologne-2026,campaign_12,sticker,Team,,,rarity_rare
2026-06-04 00:38:18,20260604_003818,https://cs2tokens.com/browse?sort=price-asc,Paper,8b3a5af52ea5,Sticker | TYLOO | Cologne 2026,TYLOO,Cologne 2026,Team,Paper,TYLOO,High Grade,#4b69ff,35,0.35,25,32,0.7742,https://community.akamai.steamstatic.com/economy/image/i0CoZ81Ui0m-9KwlBY1L_18myuGuq1wfhWSaZgMttyVfPaERSR0Wqmu7LAocGJai0ki7VeTHjMmuOXSQ61MnpNWipU3-TVOjy5LkrHNd7ab_bfM4d6KXXzLIkb1wtrA4SXGxzBh05DmEn4v7eCnDcEZ-XS4c0-O0,"=IMAGE(""https://community.akamai.steamstatic.com/economy/image/i0CoZ81Ui0m-9KwlBY1L_18myuGuq1wfhWSaZgMttyVfPaERSR0Wqmu7LAocGJai0ki7VeTHjMmuOXSQ61MnpNWipU3-TVOjy5LkrHNd7ab_bfM4d6KXXzLIkb1wtrA4SXGxzBh05DmEn4v7eCnDcEZ-XS4c0-O0"")",https://cs2tokens.com/iem-cologne-2026/items/sticker-tyloo-cologne-2026,sticker-tyloo-cologne-2026,ok,,https://cs2tokens.com/iem-cologne-2026/items/sticker-tyloo-cologne-2026/q-data.json,Sticker | TYLOO | Cologne 2026,https://steamcommunity.com/market/listings/730/Sticker%20%7C%20TYLOO%20%7C%20Cologne%202026,1209,10469,5316,12,iem-cologne-2026,campaign_12,sticker,Team,,TYLOO,rarity_rare
2026-06-04 00:38:18,20260604_003818,https://cs2tokens.com/browse?sort=price-asc,Paper,249530d20770,Sticker | Team Liquid | Cologne 2026,Team Liquid,Cologne 2026,Team,Paper,Team Liquid,High Grade,#4b69ff,35,0.35,26,32,0.8065,https://community.akamai.steamstatic.com/economy/image/i0CoZ81Ui0m-9KwlBY1L_18myuGuq1wfhWSaZgMttyVfPaERSR0Wqmu7LAocGJai0ki7VeTHjMmuOXSQ61MnpNWipVXuUFOixpS2qyBevauvbac7IvORXGPCmegvsblrSX21zR5-62mEzI79IHLGcEZ-XfzqmZk4,"=IMAGE(""https://community.akamai.steamstatic.com/economy/image/i0CoZ81Ui0m-9KwlBY1L_18myuGuq1wfhWSaZgMttyVfPaERSR0Wqmu7LAocGJai0ki7VeTHjMmuOXSQ61MnpNWipVXuUFOixpS2qyBevauvbac7IvORXGPCmegvsblrSX21zR5-62mEzI79IHLGcEZ-XfzqmZk4"")",https://cs2tokens.com/iem-cologne-2026/items/sticker-team-liquid-cologne-2026,sticker-team-liquid-cologne-2026,ok,,https://cs2tokens.com/iem-cologne-2026/items/sticker-team-liquid-cologne-2026/q-data.json,Sticker | Team Liquid | Cologne 2026,https://steamcommunity.com/market/listings/730/Sticker%20%7C%20Team%20Liquid%20%7C%20Cologne%202026,1209,10481,5316,12,iem-cologne-2026,campaign_12,sticker,Team,,Team Liquid,rarity_rare
2026-06-04 00:38:18,20260604_003818,https://cs2tokens.com/browse?sort=price-asc,Paper,ba856219673f,Sticker | PARIVISION | Cologne 2026,PARIVISION,Cologne 2026,Team,Paper,PARIVISION,High Grade,#4b69ff,41,0.41,27,32,0.8387,https://community.akamai.steamstatic.com/economy/image/i0CoZ81Ui0m-9KwlBY1L_18myuGuq1wfhWSaZgMttyVfPaERSR0Wqmu7LAocGJai0ki7VeTHjMmuOXSQ61MnpNWipUnmUxS_zMK5_HcMvqT-bPZoeaGVCzTGk7ghs7lsGy-wwRwmtWvWw4yrdn3GbBhgVMVqGMe0yQ,"=IMAGE(""https://community.akamai.steamstatic.com/economy/image/i0CoZ81Ui0m-9KwlBY1L_18myuGuq1wfhWSaZgMttyVfPaERSR0Wqmu7LAocGJai0ki7VeTHjMmuOXSQ61MnpNWipUnmUxS_zMK5_HcMvqT-bPZoeaGVCzTGk7ghs7lsGy-wwRwmtWvWw4yrdn3GbBhgVMVqGMe0yQ"")",https://cs2tokens.com/iem-cologne-2026/items/sticker-parivision-cologne-2026,sticker-parivision-cologne-2026,ok,,https://cs2tokens.com/iem-cologne-2026/items/sticker-parivision-cologne-2026/q-data.json,Sticker | PARIVISION | Cologne 2026,https://steamcommunity.com/market/listings/730/Sticker%20%7C%20PARIVISION%20%7C%20Cologne%202026,1209,10385,5316,12,iem-cologne-2026,campaign_12,sticker,Team,,PARIVISION,rarity_rare
2026-06-04 00:38:18,20260604_003818,https://cs2tokens.com/browse?sort=price-asc,Paper,3c7175779353,Sticker | Falcons | Cologne 2026,Falcons,Cologne 2026,Team,Paper,Falcons,High Grade,#4b69ff,64,0.63,28,32,0.871,https://community.akamai.steamstatic.com/economy/image/i0CoZ81Ui0m-9KwlBY1L_18myuGuq1wfhWSaZgMttyVfPaERSR0Wqmu7LAocGJai0ki7VeTHjMmuOXSQ61MnpNWipV_mTVOhyMPhrHsM7ff5PaY1dqnGCz_JmLoh4rBsGXq3kUUm5WyBn96sdSiXcEZ-Xf5YaOOq,"=IMAGE(""https://community.akamai.steamstatic.com/economy/image/i0CoZ81Ui0m-9KwlBY1L_18myuGuq1wfhWSaZgMttyVfPaERSR0Wqmu7LAocGJai0ki7VeTHjMmuOXSQ61MnpNWipV_mTVOhyMPhrHsM7ff5PaY1dqnGCz_JmLoh4rBsGXq3kUUm5WyBn96sdSiXcEZ-Xf5YaOOq"")",https://cs2tokens.com/iem-cologne-2026/items/sticker-falcons-cologne-2026,sticker-falcons-cologne-2026,ok,,https://cs2tokens.com/iem-cologne-2026/items/sticker-falcons-cologne-2026/q-data.json,Sticker | Falcons | Cologne 2026,https://steamcommunity.com/market/listings/730/Sticker%20%7C%20Falcons%20%7C%20Cologne%202026,1209,10377,5316,12,iem-cologne-2026,campaign_12,sticker,Team,,Falcons,rarity_rare
2026-06-04 00:38:18,20260604_003818,https://cs2tokens.com/browse?sort=price-asc,Paper,95c8c690e685,Sticker | Vitality | Cologne 2026,Vitality,Cologne 2026,Team,Paper,Vitality,High Grade,#4b69ff,67,0.66,29,32,0.9032,https://community.akamai.steamstatic.com/economy/image/i0CoZ81Ui0m-9KwlBY1L_18myuGuq1wfhWSaZgMttyVfPaERSR0Wqmu7LAocGJai0ki7VeTHjMmuOXSQ61MnpNWipU_uVRy_yMa1-CNevPD_bPE-JKSQX2XEk7Zw4uMwSnvhx0shtznRw92udy6UOBhgVMXFFNEOnw,"=IMAGE(""https://community.akamai.steamstatic.com/economy/image/i0CoZ81Ui0m-9KwlBY1L_18myuGuq1wfhWSaZgMttyVfPaERSR0Wqmu7LAocGJai0ki7VeTHjMmuOXSQ61MnpNWipU_uVRy_yMa1-CNevPD_bPE-JKSQX2XEk7Zw4uMwSnvhx0shtznRw92udy6UOBhgVMXFFNEOnw"")",https://cs2tokens.com/iem-cologne-2026/items/sticker-vitality-cologne-2026,sticker-vitality-cologne-2026,ok,,https://cs2tokens.com/iem-cologne-2026/items/sticker-vitality-cologne-2026/q-data.json,Sticker | Vitality | Cologne 2026,https://steamcommunity.com/market/listings/730/Sticker%20%7C%20Vitality%20%7C%20Cologne%202026,1209,10369,5316,12,iem-cologne-2026,campaign_12,sticker,Team,,Vitality,rarity_rare
2026-06-04 00:38:18,20260604_003818,https://cs2tokens.com/browse?sort=price-asc,Paper,b3102c698fdf,Sticker | Team Spirit | Cologne 2026,Team Spirit,Cologne 2026,Team,Paper,Team Spirit,High Grade,#4b69ff,69,0.68,30,32,0.9355,https://community.akamai.steamstatic.com/economy/image/i0CoZ81Ui0m-9KwlBY1L_18myuGuq1wfhWSaZgMttyVfPaERSR0Wqmu7LAocGJai0ki7VeTHjMmuOXSQ61MnpNWipUr3SA-_ysfm_yYLvqH_PqZpJfOXWjTClOtz5OcwGi3mk0Ui62-GmdiueCmXaxhgVMV9DWOrqA,"=IMAGE(""https://community.akamai.steamstatic.com/economy/image/i0CoZ81Ui0m-9KwlBY1L_18myuGuq1wfhWSaZgMttyVfPaERSR0Wqmu7LAocGJai0ki7VeTHjMmuOXSQ61MnpNWipUr3SA-_ysfm_yYLvqH_PqZpJfOXWjTClOtz5OcwGi3mk0Ui62-GmdiueCmXaxhgVMV9DWOrqA"")",https://cs2tokens.com/iem-cologne-2026/items/sticker-team-spirit-cologne-2026,sticker-team-spirit-cologne-2026,ok,,https://cs2tokens.com/iem-cologne-2026/items/sticker-team-spirit-cologne-2026/q-data.json,Sticker | Team Spirit | Cologne 2026,https://steamcommunity.com/market/listings/730/Sticker%20%7C%20Team%20Spirit%20%7C%20Cologne%202026,1209,10405,5316,12,iem-cologne-2026,campaign_12,sticker,Team,,Team Spirit,rarity_rare
2026-06-04 00:38:18,20260604_003818,https://cs2tokens.com/browse?sort=price-asc,Paper,7817f8d7debb,Sticker | Natus Vincere | Cologne 2026,Natus Vincere,Cologne 2026,Team,Paper,Natus Vincere,High Grade,#4b69ff,70,0.69,31,32,0.9677,https://community.akamai.steamstatic.com/economy/image/i0CoZ81Ui0m-9KwlBY1L_18myuGuq1wfhWSaZgMttyVfPaERSR0Wqmu7LAocGJai0ki7VeTHjMmuOXSQ61MnpNWipVfmVxS_ycOyqXVfuqesaqI1dqHLDDXHxLwm5-NoTi2xxh4jsGzczYmudyjDaBhgVMWwKW-ZJg,"=IMAGE(""https://community.akamai.steamstatic.com/economy/image/i0CoZ81Ui0m-9KwlBY1L_18myuGuq1wfhWSaZgMttyVfPaERSR0Wqmu7LAocGJai0ki7VeTHjMmuOXSQ61MnpNWipVfmVxS_ycOyqXVfuqesaqI1dqHLDDXHxLwm5-NoTi2xxh4jsGzczYmudyjDaBhgVMWwKW-ZJg"")",https://cs2tokens.com/iem-cologne-2026/items/sticker-natus-vincere-cologne-2026,sticker-natus-vincere-cologne-2026,ok,,https://cs2tokens.com/iem-cologne-2026/items/sticker-natus-vincere-cologne-2026/q-data.json,Sticker | Natus Vincere | Cologne 2026,https://steamcommunity.com/market/listings/730/Sticker%20%7C%20Natus%20Vincere%20%7C%20Cologne%202026,1209,10373,5316,12,iem-cologne-2026,campaign_12,sticker,Team,,Natus Vincere,rarity_rare
2026-06-04 00:38:18,20260604_003818,https://cs2tokens.com/browse?sort=price-asc,Paper,3b70c2da5f24,Sticker | THUNDERdOWNUNDER | Cologne 2026,THUNDERdOWNUNDER,Cologne 2026,Team,Paper,,High Grade,#4b69ff,124,1.23,32,32,1.0,https://community.akamai.steamstatic.com/economy/image/i0CoZ81Ui0m-9KwlBY1L_18myuGuq1wfhWSaZgMttyVfPaERSR0Wqmu7LAocGJai0ki7VeTHjMmuOXSQ61MnpNWipU3vVBO_mpOzpSMOu6KtafM4eabEXGSSwOhy57cwHizqx05z5G7SntihcHqfOhhgVMU2zJoIZQ,"=IMAGE(""https://community.akamai.steamstatic.com/economy/image/i0CoZ81Ui0m-9KwlBY1L_18myuGuq1wfhWSaZgMttyVfPaERSR0Wqmu7LAocGJai0ki7VeTHjMmuOXSQ61MnpNWipU3vVBO_mpOzpSMOu6KtafM4eabEXGSSwOhy57cwHizqx05z5G7SntihcHqfOhhgVMU2zJoIZQ"")",https://cs2tokens.com/iem-cologne-2026/items/sticker-thunderdownunder-cologne-2026,sticker-thunderdownunder-cologne-2026,ok,,https://cs2tokens.com/iem-cologne-2026/items/sticker-thunderdownunder-cologne-2026/q-data.json,Sticker | THUNDERdOWNUNDER | Cologne 2026,https://steamcommunity.com/market/listings/730/Sticker%20%7C%20THUNDERdOWNUNDER%20%7C%20Cologne%202026,1209,10489,5316,12,iem-cologne-2026,campaign_12,sticker,Team,,,rarity_rare
