priority_rank,priority_score,priority_tier,verdict,sticker,category,variant,team,price_tokens,usd_price,effective_price_tokens,effective_usd_price,effective_price_source,effective_uses_second_market,effective_discount_to_steam_pct,buy_from,suggested_size,entry_tier,effective_entry_tier,flood_risk,quality_score,history_score,decision_score,discovery_score,value_edge_score,trend_score,expected_return_pct,expected_return_score,effective_expected_return_pct,effective_expected_return_score,robust_reference_price,robust_peak_price,discount_from_robust_peak_pct,downside_to_floor_pct,downside_risk_score,demand_momentum_score,demand_price_divergence_score,falling_demand_penalty,prediction_confidence,score_confidence,manual_score_count,history_coverage_score,entry_change_score,discount_from_high_pct,upside_to_high_pct,position_in_range,effective_discount_from_high_pct,effective_upside_to_high_pct,effective_position_in_range,effective_downside_to_floor_pct,effective_downside_risk_score,effective_entry_score,effective_entry_change_score,effective_price_percentile,trend_signal,quick_reason,risk_note,action_note,scored,launch_price,launch_gap_pct,early_avg_price,early_avg_gap_pct,max_previous_bounce_pct,lower_high_count,recent_return_pct,price_slope_full,price_slope_recent,snapshot_points,snapshot_span_hours,snapshot_price_change_pct,snapshot_price_velocity_pct_per_day,snapshot_price_slope,snapshot_price_acceleration,rank_change,rank_percentile_change,rank_improvement_score,price_drop_opportunity_score,positive_popularity_sum,absolute_popularity_pressure,peak_positive_popularity,latest_popularity,avg_relative_demand_share,latest_relative_demand_share,relative_demand_share_change_pct,relative_demand_share_slope_full,relative_demand_share_slope_recent,demand_share_acceleration,avg_positive_demand_share,latest_positive_demand_share,second_market_points,second_market_latest_low_usd,second_market_previous_low_usd,second_market_low_usd,second_market_high_usd,second_market_change_pct,second_market_slope_pct,second_market_position,second_market_new_low,second_market_discount_to_steam_pct,second_market_true_edge_pct,second_market_wait_penalty,second_market_score,csfloat_latest_usd,uuskins_latest_usd,crowding_percentile,entry_score,flood_risk_score,price_percentile,hist_min,hist_max,hist_median,recent_avg_price,hist_points,history_span_hours,last_point_time,visual_score,craft_score,demand_score,color_score,readability_score,notes,note_positive_flag,note_negative_flag,note_hype_flag,note_avoid_flag,note_score_adjustment,portfolio_group,portfolio_group_count,portfolio_variant_count,team_exposure_score,image_formula,image_url,item_url,market_hash_name,steam_market_url,metadata_status,paint_index,volatile_item_id,campaign_id,campaign_slug,token_key,catalog_type,sticker_type,player_name,team_name,rarity_id,sticker_id
32,78.5,P1,CHEAP HISTORY PUNT,Starry,Player,Paper,Lynn Vision,3,0.03,3.0,0.03,Steam,False,0.0,Steam around $0.03,1-2 max,Very Cheap,Very Cheap,Low,6.0,0.7825,0.5518,0.7839,0.7888,0.4079,132.66666666666666,1.0,132.66666666666666,1.0,6.98,18.0,83.33333333333334,0.0,0.0,0.6622,1.0,0.0,0.65,0.0,0,1.0,0.9286,83.33333333333334,500.0,0.0,83.33333333333334,500.0,0.0,0.0,0.0,1.0,0.9286,0.3125,Demand rising while price soft,+133% expected | 0.66 demand | 83% below high | 500% upside | -83% vs launch,"lower highs, 2P new low, unscored",Cheap punt; prefer Steam around $0.03; small size is acceptable even before full scoring.,False,18.0,-83.33333333333334,17.33,-82.68897864974033,16.67,10,0.0,-1.13,0.0,63,232.42,-25.0,-61.66,-1.72,-13.64,-49.0,-0.3063,1.0,0.7143,45121.0,424155.0,2834.0,1335.0,0.000545,0.000467,-34.72,-0.41,67.77,72.17,0.000232,0.000669,,,,,,,,,,,,0.1,0.0,,,0.09937888198757763,1.0,0.1333,0.3125,3.0,18.0,6.0,3.0,116,321.31,2026-06-05T01:14:16.782000,,,,,,,0,0,0,0,0.0,Lynn Vision,24,6,1.0,"=IMAGE(""https://community.akamai.steamstatic.com/economy/image/i0CoZ81Ui0m-9KwlBY1L_18myuGuq1wfhWSaZgMttyVfPaERSR0Wqmu7LAocGJai0ki7VeTHjMmuOXSQ61MnpNWipUruRiLiipfy7zsVvfb9OaY8dKLKXTbClr936bltHCy2xBh_52vWmIz7JCiVaVcjCsd0TPlK7EdZfjzf1A"")",https://community.akamai.steamstatic.com/economy/image/i0CoZ81Ui0m-9KwlBY1L_18myuGuq1wfhWSaZgMttyVfPaERSR0Wqmu7LAocGJai0ki7VeTHjMmuOXSQ61MnpNWipUruRiLiipfy7zsVvfb9OaY8dKLKXTbClr936bltHCy2xBh_52vWmIz7JCiVaVcjCsd0TPlK7EdZfjzf1A,https://cs2tokens.com/iem-cologne-2026/items/sticker-starry-cologne-2026,Sticker | Starry | Cologne 2026,https://steamcommunity.com/market/listings/730/Sticker%20%7C%20Starry%20%7C%20Cologne%202026,ok,11122.0,5316.0,12.0,iem-cologne-2026,campaign_12,sticker,Autograph,Starry,Lynn Vision,rarity_rare,993daeacf9e5
33,71.1,P2,CHEAP HISTORY PUNT,JDC (Foil),Player,Foil,BIG,20,0.2,20.0,0.2,Steam,False,0.0,Steam around $0.20,1-2 max,Very Cheap,Very Cheap,Low,6.0,0.7333,0.4236,0.7044,0.6285,0.4471,114.6,0.955,114.6,0.955,42.92,128.0,84.375,-15.000000000000002,0.1875,0.7105,0.0,0.0,0.65,0.0,0,1.0,0.5188,84.375,540.0,0.02702702702702703,84.375,540.0,0.02702702702702703,-15.000000000000002,0.1875,1.0,0.5188,0.15625,Neutral,+115% expected | 0.71 demand | 84% below high | 540% upside | -84% vs launch,"lower highs, 2P new low, unscored",2P is cheaper than current Steam but still above Steam's recorded low; wait for a stronger entry.,False,125.0,-84.0,121.67,-83.5620941892003,25.71,5,0.0,-1.4,2.54,62,232.41,5.26,12.98,-2.06,2.43,-3.0,-0.0187,0.075,0.0,78070.0,503822.0,5471.0,5471.0,0.000665,0.001913,303.13,0.12,48.55,80.63,0.000375,0.00274,1.0,20.96,,20.96,20.96,,,0.0,True,-10380.0,-12229.411764705881,0.1,0.0252,20.96,,0.2422360248447205,1.0,0.2297,0.15625,17.0,128.0,38.0,19.67,116,321.31,2026-06-05T01:14:16.782000,,,,,,,0,0,0,0,0.0,BIG,24,6,1.0,"=IMAGE(""https://community.akamai.steamstatic.com/economy/image/i0CoZ81Ui0m-9KwlBY1L_18myuGuq1wfhWSaZgMttyVfPaERSR0Wqmu7LAocGJai0ki7VeTHjMmuOXSQ61MnpNWipUruRiL7mpXf-y1S47z8O6c9efPAXWWWwr0m6bA-Fyq2kRh06znWzdf_cyjDbwcgA5slQeFerFDmxcI98m-l"")",https://community.akamai.steamstatic.com/economy/image/i0CoZ81Ui0m-9KwlBY1L_18myuGuq1wfhWSaZgMttyVfPaERSR0Wqmu7LAocGJai0ki7VeTHjMmuOXSQ61MnpNWipUruRiL7mpXf-y1S47z8O6c9efPAXWWWwr0m6bA-Fyq2kRh06znWzdf_cyjDbwcgA5slQeFerFDmxcI98m-l,https://cs2tokens.com/iem-cologne-2026/items/sticker-jdc-foil-cologne-2026,Sticker | JDC (Foil) | Cologne 2026,https://steamcommunity.com/market/listings/730/Sticker%20%7C%20JDC%20%28Foil%29%20%7C%20Cologne%202026,ok,10939.0,5316.0,12.0,iem-cologne-2026,campaign_12,sticker,Autograph,JDC,BIG,rarity_mythical,95cd8db81130
34,70.9,P2,CHEAP HISTORY PUNT,huNter-,Player,Paper,G2 Esports,3,0.03,3.0,0.03,Steam,False,0.0,Steam around $0.03,1-2 max,Very Cheap,Very Cheap,Low,6.0,0.7601,0.4209,0.7002,0.646,0.455,137.0,1.0,137.0,1.0,7.11,25.0,88.0,0.0,0.0,0.6045,0.0,0.0,0.65,0.0,0,1.0,0.525,88.0,733.3333333333334,0.0,88.0,733.3333333333334,0.0,0.0,0.0,1.0,0.525,0.05625,Demand rising while price soft,+137% expected | 0.60 demand | 88% below high | 733% upside | -88% vs launch,"lower highs, 2P new low, unscored",Cheap punt; prefer Steam around $0.03; small size is acceptable even before full scoring.,False,25.0,-88.0,24.0,-87.5,50.0,10,0.0,-1.66,0.0,61,232.42,0.0,0.0,-2.62,0.0,-4.0,-0.025,0.1,0.0,45612.0,552802.0,4767.0,1309.0,0.000769,0.000458,-45.18,-0.71,37.65,86.41,0.000262,0.000656,,,,,,,,,,,,0.1,0.0,,,0.36024844720496896,1.0,0.278,0.05625,3.0,25.0,5.0,3.0,116,321.31,2026-06-05T01:14:16.782000,,,,,,,0,0,0,0,0.0,G2 Esports,24,6,1.0,"=IMAGE(""https://community.akamai.steamstatic.com/economy/image/i0CoZ81Ui0m-9KwlBY1L_18myuGuq1wfhWSaZgMttyVfPaERSR0Wqmu7LAocGJai0ki7VeTHjMmuOXSQ61MnpNWipUruRiL5i5j0-DAVuqqraqZpcKPLWGXHl-wjtONsHi_ilkVysmuEydepJymWaQMkDZR0TflK7Ec48L2iYQ"")",https://community.akamai.steamstatic.com/economy/image/i0CoZ81Ui0m-9KwlBY1L_18myuGuq1wfhWSaZgMttyVfPaERSR0Wqmu7LAocGJai0ki7VeTHjMmuOXSQ61MnpNWipUruRiL5i5j0-DAVuqqraqZpcKPLWGXHl-wjtONsHi_ilkVysmuEydepJymWaQMkDZR0TflK7Ec48L2iYQ,https://cs2tokens.com/iem-cologne-2026/items/sticker-hunter-cologne-2026,Sticker | huNter- | Cologne 2026,https://steamcommunity.com/market/listings/730/Sticker%20%7C%20huNter-%20%7C%20Cologne%202026,ok,10754.0,5316.0,12.0,iem-cologne-2026,campaign_12,sticker,Autograph,huNter-,G2 Esports,rarity_rare,8685ad1f7757
35,70.8,P2,CHEAP HISTORY PUNT,Bymas,Player,Paper,Monte,3,0.03,3.0,0.03,Steam,False,0.0,Steam around $0.03,1-2 max,Very Cheap,Very Cheap,Medium,6.0,0.7623,0.4165,0.6993,0.6412,0.435,120.33333333333336,1.0,120.33333333333336,1.0,6.61,23.0,86.95652173913044,0.0,0.0,0.7175,0.0,0.0,0.65,0.0,0,1.0,0.5,86.95652173913044,666.6666666666667,0.0,86.95652173913044,666.6666666666667,0.0,0.0,0.0,1.0,0.5,0.11875,Demand rising while price soft,+120% expected | 0.72 demand | 87% below high | 667% upside | -87% vs launch,"lower highs, 2P new low, unscored",Cheap punt; prefer Steam around $0.03; small size is acceptable even before full scoring.,False,23.0,-86.95652173913044,21.33,-85.93530239099859,25.0,11,0.0,-1.56,0.0,61,232.42,0.0,0.0,-2.48,0.0,1.0,0.0062,0.0,0.0,65228.0,562217.0,5797.0,5458.0,0.00077,0.001909,104.61,-0.92,59.11,28.1,0.000315,0.002734,,,,,,,,,,,,0.1,0.0,,,0.40372670807453415,1.0,0.356,0.11875,3.0,23.0,5.0,3.0,116,321.31,2026-06-05T01:14:16.782000,,,,,,,0,0,0,0,0.0,Monte,24,6,1.0,"=IMAGE(""https://community.akamai.steamstatic.com/economy/image/i0CoZ81Ui0m-9KwlBY1L_18myuGuq1wfhWSaZgMttyVfPaERSR0Wqmu7LAocGJai0ki7VeTHjMmuOXSQ61MnpNWipUruRiLzh5vh7mxZvPf7bvY-JqWQCmTBxbwhtLI4GXC2xE9z5WzXmY2odX7COAZzX5RyW6dU5a_o9OOL"")",https://community.akamai.steamstatic.com/economy/image/i0CoZ81Ui0m-9KwlBY1L_18myuGuq1wfhWSaZgMttyVfPaERSR0Wqmu7LAocGJai0ki7VeTHjMmuOXSQ61MnpNWipUruRiLzh5vh7mxZvPf7bvY-JqWQCmTBxbwhtLI4GXC2xE9z5WzXmY2odX7COAZzX5RyW6dU5a_o9OOL,https://cs2tokens.com/iem-cologne-2026/items/sticker-bymas-cologne-2026,Sticker | Bymas | Cologne 2026,https://steamcommunity.com/market/listings/730/Sticker%20%7C%20Bymas%20%7C%20Cologne%202026,ok,10818.0,5316.0,12.0,iem-cologne-2026,campaign_12,sticker,Autograph,Bymas,Monte,rarity_rare,19c7f1398599
36,70.3,P2,CHEAP HISTORY PUNT,cmtry (Foil),Player,Foil,,16,0.16,16.0,0.16,Steam,False,0.0,Steam around $0.16,1-2 max,Very Cheap,Very Cheap,Low,6.0,0.7622,0.421,0.701,0.6297,0.4768,163.49999999999997,1.0,163.49999999999997,1.0,42.16,149.0,89.26174496644296,-12.5,0.1562,0.5717,0.0,0.0,0.65,0.0,0,1.0,0.5,89.26174496644296,831.25,0.014814814814814815,89.26174496644296,831.25,0.014814814814814815,-12.5,0.1562,1.0,0.5,0.05625,Neutral,+163% expected | 0.57 demand | 89% below high | 831% upside | -89% vs launch,"lower highs, 2P new low, unscored",2P is cheaper than current Steam but still above Steam's recorded low; wait for a stronger entry.,False,149.0,-89.26174496644296,138.33,-88.43345622786092,25.71,6,6.67,-1.58,3.26,60,232.41,14.29,35.24,-2.28,10.23,4.0,0.025,0.0,0.0,66964.0,550374.0,7308.0,2699.0,0.000713,0.000944,40.19,-0.07,16.95,24.26,0.000325,0.001352,2.0,697.39,697.39,697.39,697.39,0.0,,0.0,True,-435768.75,-498035.7142857142,0.0,0.054,697.39,,0.42857142857142855,1.0,0.346,0.05625,14.0,149.0,37.0,15.33,116,321.31,2026-06-05T01:14:16.782000,,,,,,,0,0,0,0,0.0,cmtry,4,1,0.25,"=IMAGE(""https://community.akamai.steamstatic.com/economy/image/i0CoZ81Ui0m-9KwlBY1L_18myuGuq1wfhWSaZgMttyVfPaERSR0Wqmu7LAocGJai0ki7VeTHjMmuOXSQ61MnpNWipUruRiLyk4Ly5B1d4PuiJvU6caHLCjGUx-0i6bY5HCvhlkp0tmvRwtioeHnBOlMpD5ZzE-ICshGm0oqwo7ao84k"")",https://community.akamai.steamstatic.com/economy/image/i0CoZ81Ui0m-9KwlBY1L_18myuGuq1wfhWSaZgMttyVfPaERSR0Wqmu7LAocGJai0ki7VeTHjMmuOXSQ61MnpNWipUruRiLyk4Ly5B1d4PuiJvU6caHLCjGUx-0i6bY5HCvhlkp0tmvRwtioeHnBOlMpD5ZzE-ICshGm0oqwo7ao84k,https://cs2tokens.com/iem-cologne-2026/items/sticker-cmtry-foil-cologne-2026,Sticker | cmtry (Foil) | Cologne 2026,https://steamcommunity.com/market/listings/730/Sticker%20%7C%20cmtry%20%28Foil%29%20%7C%20Cologne%202026,ok,10707.0,5316.0,12.0,iem-cologne-2026,campaign_12,sticker,Autograph,cmtry,,rarity_mythical,8144736cc432
37,69.7,P2,CHEAP HISTORY PUNT,xfl0ud (Foil),Player,Foil,HEROIC,15,0.15,15.0,0.15,Steam,False,0.0,Steam around $0.15,1-2 max,Very Cheap,Very Cheap,Low,6.0,0.7495,0.413,0.691,0.6229,0.448,124.86666666666663,1.0,124.86666666666663,1.0,33.73,120.0,87.5,-13.33333333333333,0.1667,0.5971,0.0,0.0,0.65,0.0,0,1.0,0.5312,87.5,700.0,0.018691588785046728,87.5,700.0,0.018691588785046728,-13.33333333333333,0.1667,1.0,0.5312,0.04375,Demand rising while price soft,+125% expected | 0.60 demand | 88% below high | 700% upside | -88% vs launch,"lower highs, 2P new low, unscored",2P is cheaper than current Steam but still above Steam's recorded low; wait for a stronger entry.,False,120.0,-87.5,110.33,-86.4044230943533,43.48,7,0.0,-1.46,0.0,62,232.41,0.0,0.0,-2.1,3.41,-5.0,-0.0313,0.125,0.0,93184.0,565011.0,6699.0,1880.0,0.000789,0.000657,-0.98,-0.46,70.19,10.03,0.000454,0.000942,1.0,0.31,,0.31,0.31,,,0.0,True,-106.66666666666667,-138.46153846153845,0.1,0.0252,,,0.45962732919254656,1.0,0.3108,0.04375,13.0,120.0,26.0,15.0,116,321.31,2026-06-05T01:14:16.782000,,,,,,,0,0,0,0,0.0,HEROIC,24,6,1.0,"=IMAGE(""https://community.akamai.steamstatic.com/economy/image/i0CoZ81Ui0m-9KwlBY1L_18myuGuq1wfhWSaZgMttyVfPaERSR0Wqmu7LAocGJai0ki7VeTHjMmuOXSQ61MnpNWipUruRiLpmJqw6CZk6f2nZOo7eKiRD2bBl-h1s7IwTnjkxU5x6m3Sz9iqdnORbFQnXpRxReNc40SxjJS5YFNySt6L"")",https://community.akamai.steamstatic.com/economy/image/i0CoZ81Ui0m-9KwlBY1L_18myuGuq1wfhWSaZgMttyVfPaERSR0Wqmu7LAocGJai0ki7VeTHjMmuOXSQ61MnpNWipUruRiLpmJqw6CZk6f2nZOo7eKiRD2bBl-h1s7IwTnjkxU5x6m3Sz9iqdnORbFQnXpRxReNc40SxjJS5YFNySt6L,https://cs2tokens.com/iem-cologne-2026/items/sticker-xfl0ud-foil-cologne-2026,Sticker | xfl0ud (Foil) | Cologne 2026,https://steamcommunity.com/market/listings/730/Sticker%20%7C%20xfl0ud%20%28Foil%29%20%7C%20Cologne%202026,ok,10895.0,5316.0,12.0,iem-cologne-2026,campaign_12,sticker,Autograph,xfl0ud,HEROIC,rarity_mythical,3fab67c23e28
38,69.4,P2,CHEAP HISTORY PUNT,Staehr,Player,Paper,Astralis,3,0.03,3.0,0.03,Steam,False,0.0,Steam around $0.03,1-2 max,Very Cheap,Very Cheap,High,6.0,0.7763,0.3988,0.6824,0.6014,0.6098,132.66666666666666,1.0,132.66666666666666,1.0,6.98,24.0,87.5,0.0,0.0,0.6547,0.0,0.0,0.65,0.0,0,1.0,0.5062,87.5,700.0,0.0,87.5,700.0,0.0,0.0,0.0,1.0,0.5062,0.05,Demand rising while price soft,+133% expected | 0.65 demand | 88% below high | 700% upside | -88% vs launch,"High crowding, lower highs, 2P new low, unscored",Cheap punt; prefer Steam around $0.03; small size is acceptable even before full scoring.,False,24.0,-87.5,22.67,-86.76665196294663,300.0,16,0.0,-0.86,0.0,63,232.42,0.0,0.0,-1.32,-3.46,-1.0,-0.0063,0.025,0.0,196336.0,880529.0,31093.0,1632.0,0.001599,0.000571,-39.76,0.84,63.64,100.38,0.001163,0.000817,,,,,,,,,,,,0.1,0.0,,,0.9254658385093167,1.0,0.6752,0.05,3.0,24.0,5.0,3.0,116,321.31,2026-06-05T01:14:16.782000,,,,,,,0,0,0,0,0.0,Astralis,24,6,1.0,"=IMAGE(""https://community.akamai.steamstatic.com/economy/image/i0CoZ81Ui0m-9KwlBY1L_18myuGuq1wfhWSaZgMttyVfPaERSR0Wqmu7LAocGJai0ki7VeTHjMmuOXSQ61MnpNWipUruRiLiipfl9TAVufesP6JuJKmVXjbFlOshtOI-Hy_il08ktjyAyouscnqeaQUlD8MhE_lK7Edni8WCHg"")",https://community.akamai.steamstatic.com/economy/image/i0CoZ81Ui0m-9KwlBY1L_18myuGuq1wfhWSaZgMttyVfPaERSR0Wqmu7LAocGJai0ki7VeTHjMmuOXSQ61MnpNWipUruRiLiipfl9TAVufesP6JuJKmVXjbFlOshtOI-Hy_il08ktjyAyouscnqeaQUlD8MhE_lK7Edni8WCHg,https://cs2tokens.com/iem-cologne-2026/items/sticker-staehr-cologne-2026,Sticker | Staehr | Cologne 2026,https://steamcommunity.com/market/listings/730/Sticker%20%7C%20Staehr%20%7C%20Cologne%202026,ok,10750.0,5316.0,12.0,iem-cologne-2026,campaign_12,sticker,Autograph,Staehr,Astralis,rarity_rare,662b74aaed7f
39,69.3,P2,CHEAP HISTORY PUNT,soulfly,Player,Paper,Aurora,3,0.03,3.0,0.03,Steam,False,0.0,Steam around $0.03,1-2 max,Very Cheap,Very Cheap,Low,6.0,0.7616,0.4045,0.683,0.6344,0.3987,143.00000000000003,1.0,143.00000000000003,1.0,7.29,27.0,88.88888888888889,0.0,0.0,0.6117,0.0,0.0,0.65,0.0,0,1.0,0.5062,88.88888888888889,800.0,0.0,88.88888888888889,800.0,0.0,0.0,0.0,1.0,0.5062,0.0125,Demand rising while price soft,+143% expected | 0.61 demand | 89% below high | 800% upside | -89% vs launch,"lower highs, 2P new low, unscored",Cheap punt; prefer Steam around $0.03; small size is acceptable even before full scoring.,False,27.0,-88.88888888888889,25.33,-88.15633636004738,33.33,11,0.0,-1.67,0.0,61,232.42,0.0,0.0,-2.66,-28.64,-1.0,-0.0063,0.025,0.0,69914.0,579787.0,4926.0,1299.0,0.000792,0.000454,-49.39,-0.63,81.56,111.95,0.000342,0.000651,,,,,,,,,,,,0.1,0.0,,,0.4782608695652174,1.0,0.3298,0.0125,3.0,27.0,5.0,3.0,116,321.31,2026-06-05T01:14:16.782000,,,,,,,0,0,0,0,0.0,Aurora,24,6,1.0,"=IMAGE(""https://community.akamai.steamstatic.com/economy/image/i0CoZ81Ui0m-9KwlBY1L_18myuGuq1wfhWSaZgMttyVfPaERSR0Wqmu7LAocGJai0ki7VeTHjMmuOXSQ61MnpNWipUruRiLikYPs-y5CoaWtP6VrcfTFXTTJlL5wtrlrTizqwhly4WqGyI6peC7BPA92DpdzQeMU8k7vWLNBeGA"")",https://community.akamai.steamstatic.com/economy/image/i0CoZ81Ui0m-9KwlBY1L_18myuGuq1wfhWSaZgMttyVfPaERSR0Wqmu7LAocGJai0ki7VeTHjMmuOXSQ61MnpNWipUruRiLikYPs-y5CoaWtP6VrcfTFXTTJlL5wtrlrTizqwhly4WqGyI6peC7BPA92DpdzQeMU8k7vWLNBeGA,https://cs2tokens.com/iem-cologne-2026/items/sticker-soulfly-cologne-2026,Sticker | soulfly | Cologne 2026,https://steamcommunity.com/market/listings/730/Sticker%20%7C%20soulfly%20%7C%20Cologne%202026,ok,10638.0,5316.0,12.0,iem-cologne-2026,campaign_12,sticker,Autograph,soulfly,Aurora,rarity_rare,6f1b62fee62f
40,69.3,P2,CHEAP HISTORY PUNT,NEKiZ (Foil),Player,Foil,,12,0.12,12.0,0.12,Steam,False,0.0,Steam around $0.12,1-2 max,Very Cheap,Very Cheap,High,6.0,0.8083,0.3946,0.6819,0.6001,0.6173,185.5,1.0,185.5,1.0,34.26,154.0,92.20779220779221,0.0,0.0,0.6734,0.0,0.0,0.65,0.0,0,1.0,0.5,92.20779220779221,1183.3333333333335,0.0,92.20779220779221,1183.3333333333335,0.0,0.0,0.0,1.0,0.5,0.0,Demand rising while price soft,+186% expected | 0.67 demand | 92% below high | 1183% upside | -87% vs launch,"High crowding, lower highs, 2P new low, unscored",2P is cheaper than current Steam but still above Steam's recorded low; wait for a stronger entry.,False,94.0,-87.2340425531915,86.33,-86.09984941503532,710.53,9,0.0,-0.24,0.0,62,232.41,0.0,0.0,0.59,10.47,0.0,0.0,0.0,0.0,476595.0,1219446.0,40998.0,2691.0,0.002646,0.000941,38.34,0.3,25.6,19.53,0.002574,0.001348,1.0,1.0,,1.0,1.0,,,0.0,True,-733.3333333333334,-733.3333333333334,0.1,0.0252,,,0.9813664596273292,1.0,0.7885,0.0,12.0,154.0,30.0,12.0,116,321.31,2026-06-05T01:14:16.782000,,,,,,,0,0,0,0,0.0,NEKiZ,4,1,0.25,"=IMAGE(""https://raw.githubusercontent.com/ByMykel/counter-strike-image-tracker/main/static/panorama/images/econ/stickers/cologne2026/sig_nekiz_foil_png.png"")",https://raw.githubusercontent.com/ByMykel/counter-strike-image-tracker/main/static/panorama/images/econ/stickers/cologne2026/sig_nekiz_foil_png.png,https://cs2tokens.com/iem-cologne-2026/items/sticker-nekiz-foil-cologne-2026,Sticker | NEKiZ (Foil) | Cologne 2026,https://steamcommunity.com/market/listings/730/Sticker%20%7C%20NEKiZ%20%28Foil%29%20%7C%20Cologne%202026,ok,11083.0,5316.0,12.0,iem-cologne-2026,campaign_12,sticker,Autograph,NEKiZ,,rarity_mythical,dc743ba632f3
41,69.1,P2,CHEAP HISTORY PUNT,NertZ (Foil),Player,Foil,G2 Esports,15,0.15,15.0,0.15,Steam,False,0.0,Steam around $0.15,1-2 max,Very Cheap,Very Cheap,Medium,6.0,0.7414,0.4041,0.69,0.5918,0.4745,129.73333333333335,1.0,129.73333333333335,1.0,34.46,135.0,88.88888888888889,-33.333333333333336,0.4167,0.722,0.0,0.0,0.65,0.0,0,1.0,0.5,88.88888888888889,800.0,0.04,88.88888888888889,800.0,0.04,-33.333333333333336,0.4167,1.0,0.5,0.03125,Neutral,+130% expected | 0.72 demand | 89% below high | 800% upside | -89% vs launch,"lower highs, 2P new low, unscored",2P is cheaper than current Steam but still above Steam's recorded low; wait for a stronger entry.,False,135.0,-88.88888888888889,125.33,-88.03159658501556,50.0,5,0.0,-1.64,3.41,62,232.41,7.14,17.62,-2.34,6.69,1.0,0.0062,0.0,0.0,155104.0,700807.0,6406.0,5214.0,0.000976,0.001823,164.53,0.23,60.34,106.19,0.000718,0.002611,1.0,0.29,,0.29,0.29,,,0.0,True,-93.33333333333333,-190.0,0.1,0.0252,,,0.7329192546583851,1.0,0.4501,0.03125,10.0,135.0,25.0,14.67,116,321.31,2026-06-05T01:14:16.782000,,,,,,,0,0,0,0,0.0,G2 Esports,24,6,1.0,"=IMAGE(""https://community.akamai.steamstatic.com/economy/image/i0CoZ81Ui0m-9KwlBY1L_18myuGuq1wfhWSaZgMttyVfPaERSR0Wqmu7LAocGJai0ki7VeTHjMmuOXSQ61MnpNWipUruRiL_m4T05x1d4PuiJv04IqfCXTaVwOxw4OVvFyzrkBh2tWmBw9aqeC6eP1UhAsYkQuBc4BWm0oqwkmY3oGM"")",https://community.akamai.steamstatic.com/economy/image/i0CoZ81Ui0m-9KwlBY1L_18myuGuq1wfhWSaZgMttyVfPaERSR0Wqmu7LAocGJai0ki7VeTHjMmuOXSQ61MnpNWipUruRiL_m4T05x1d4PuiJv04IqfCXTaVwOxw4OVvFyzrkBh2tWmBw9aqeC6eP1UhAsYkQuBc4BWm0oqwkmY3oGM,https://cs2tokens.com/iem-cologne-2026/items/sticker-nertz-foil-cologne-2026,Sticker | NertZ (Foil) | Cologne 2026,https://steamcommunity.com/market/listings/730/Sticker%20%7C%20NertZ%20%28Foil%29%20%7C%20Cologne%202026,ok,10763.0,5316.0,12.0,iem-cologne-2026,campaign_12,sticker,Autograph,NertZ,G2 Esports,rarity_mythical,3d4b4a04ec90
42,69.0,P2,CHEAP HISTORY PUNT,dziugss,Player,Paper,,3,0.03,3.0,0.03,Steam,False,0.0,Steam around $0.03,1-2 max,Very Cheap,Very Cheap,High,6.0,0.7761,0.3947,0.6791,0.5924,0.6355,165.33333333333334,1.0,165.33333333333334,1.0,7.96,26.0,88.46153846153845,0.0,0.0,0.6096,0.0,0.0,0.65,0.0,0,1.0,0.5,88.46153846153845,766.6666666666666,0.0,88.46153846153845,766.6666666666666,0.0,0.0,0.0,1.0,0.5,0.04375,Demand rising while price soft,+165% expected | 0.61 demand | 88% below high | 767% upside | -88% vs launch,"High crowding, lower highs, 2P new low, unscored",Cheap punt; prefer Steam around $0.03; small size is acceptable even before full scoring.,False,26.0,-88.46153846153845,24.33,-87.66954377311961,325.0,13,0.0,-0.84,-15.0,61,232.42,0.0,0.0,-0.96,13.64,2.0,0.0125,0.0,0.0,346046.0,1025444.0,33829.0,-530.0,0.001986,0.000185,-79.68,-0.41,65.68,112.97,0.001784,0.0,,,,,,,,,,,,0.1,0.0,,,0.9503105590062112,1.0,0.6954,0.04375,3.0,26.0,6.0,3.33,116,321.31,2026-06-05T01:14:16.782000,,,,,,,0,0,0,0,0.0,dziugss,4,1,0.25,"=IMAGE(""https://community.akamai.steamstatic.com/economy/image/i0CoZ81Ui0m-9KwlBY1L_18myuGuq1wfhWSaZgMttyVfPaERSR0Wqmu7LAocGJai0ki7VeTHjMmuOXSQ61MnpNWipUruRiL1hJ_1-jFIofP4Pfw8dqWQDDaVlrwjtrEwHCrnlEkm5GuEwtn9dC3CPQQhCMchE-UU8k7vtZd-iJg"")",https://community.akamai.steamstatic.com/economy/image/i0CoZ81Ui0m-9KwlBY1L_18myuGuq1wfhWSaZgMttyVfPaERSR0Wqmu7LAocGJai0ki7VeTHjMmuOXSQ61MnpNWipUruRiL1hJ_1-jFIofP4Pfw8dqWQDDaVlrwjtrEwHCrnlEkm5GuEwtn9dC3CPQQhCMchE-UU8k7vtZd-iJg,https://cs2tokens.com/iem-cologne-2026/items/sticker-dziugss-cologne-2026,Sticker | dziugss | Cologne 2026,https://steamcommunity.com/market/listings/730/Sticker%20%7C%20dziugss%20%7C%20Cologne%202026,ok,10710.0,5316.0,12.0,iem-cologne-2026,campaign_12,sticker,Autograph,dziugss,,rarity_rare,2e8e4a83e784
43,68.9,P2,CHEAP HISTORY PUNT,NQZ (Foil),Player,Foil,paiN Gaming,15,0.15,15.0,0.15,Steam,False,0.0,Steam around $0.15,1-2 max,Very Cheap,Very Cheap,Medium,6.0,0.7383,0.4035,0.6874,0.594,0.4875,120.00000000000001,1.0,120.00000000000001,1.0,33.0,127.0,88.18897637795276,-26.66666666666667,0.3333,0.632,0.0,0.0,0.65,0.0,0,1.0,0.5,88.18897637795276,746.6666666666666,0.034482758620689655,88.18897637795276,746.6666666666666,0.034482758620689655,-26.66666666666667,0.3333,1.0,0.5,0.0375,Neutral,+120% expected | 0.63 demand | 88% below high | 747% upside | -88% vs launch,"lower highs, 2P new low, unscored",2P is cheaper than current Steam but still above Steam's recorded low; wait for a stronger entry.,False,127.0,-88.18897637795276,117.67,-87.25248576527578,40.91,6,7.14,-1.61,3.49,62,232.41,15.38,37.95,-2.31,11.25,7.0,0.0438,0.0,0.0,125189.0,631898.0,5598.0,5598.0,0.000856,0.001957,163.28,0.01,16.92,14.62,0.000587,0.002804,1.0,0.29,,0.29,0.29,,,0.0,True,-93.33333333333333,-163.63636363636365,0.1,0.0252,,,0.639751552795031,1.0,0.3986,0.0375,11.0,127.0,24.0,14.33,116,321.31,2026-06-05T01:14:16.782000,,,,,,,0,0,0,0,0.0,paiN Gaming,24,6,1.0,"=IMAGE(""https://raw.githubusercontent.com/ByMykel/counter-strike-image-tracker/main/static/panorama/images/econ/stickers/cologne2026/sig_nqz_foil_png.png"")",https://raw.githubusercontent.com/ByMykel/counter-strike-image-tracker/main/static/panorama/images/econ/stickers/cologne2026/sig_nqz_foil_png.png,https://cs2tokens.com/iem-cologne-2026/items/sticker-nqz-foil-cologne-2026,Sticker | NQZ (Foil) | Cologne 2026,https://steamcommunity.com/market/listings/730/Sticker%20%7C%20NQZ%20%28Foil%29%20%7C%20Cologne%202026,ok,10799.0,5316.0,12.0,iem-cologne-2026,campaign_12,sticker,Autograph,NQZ,paiN Gaming,rarity_mythical,4522f5c72f9b
44,68.8,P2,CHEAP HISTORY PUNT,beastik (Foil),Player,Foil,,29,0.29,29.0,0.29,Steam,False,0.0,Steam around $0.29,1-2 max,Very Cheap,Very Cheap,Low,6.0,0.7207,0.4137,0.6734,0.6094,0.4626,111.03448275862071,0.9253,111.03448275862071,0.9253,61.2,136.0,78.67647058823529,0.0,0.0,0.5818,0.1644,0.0,0.65,0.0,0,1.0,0.5926,78.67647058823529,368.96551724137925,0.0,78.67647058823529,368.96551724137925,0.0,0.0,0.0,1.0,0.5926,0.26875,Demand rising while price soft,+111% expected | 0.58 demand | 79% below high | 369% upside | -78% vs launch,"lower highs, 2P new low, unscored",2P is cheaper than current Steam but still above Steam's recorded low; wait for a stronger entry.,False,129.0,-77.51937984496125,130.67,-77.80668860488252,65.91,6,-3.33,-1.15,-1.69,60,232.41,-3.33,-8.22,-1.9,-3.39,-11.0,-0.0688,0.275,0.0952,125111.0,538333.0,11019.0,-1031.0,0.000951,0.000361,58.94,-0.72,109.2,61.33,0.000571,0.0,1.0,0.65,,0.65,0.65,,,0.0,True,-124.13793103448279,-124.13793103448279,0.1,0.0252,,,0.38509316770186336,1.0,0.3372,0.2625,29.0,136.0,61.5,29.67,116,321.31,2026-06-05T01:14:16.782000,,,,,,,0,0,0,0,0.0,beastik,4,1,0.25,"=IMAGE(""https://community.akamai.steamstatic.com/economy/image/i0CoZ81Ui0m-9KwlBY1L_18myuGuq1wfhWSaZgMttyVfPaERSR0Wqmu7LAocGJai0ki7VeTHjMmuOXSQ61MnpNWipUruRiLzm5fz6StQ0PShYagjc6LGVzbDk-x3tbRsGHjjwk8m4GXVntitcH3Dbg8oAptyRrIC50Htmsqnab3aXrfG0A"")",https://community.akamai.steamstatic.com/economy/image/i0CoZ81Ui0m-9KwlBY1L_18myuGuq1wfhWSaZgMttyVfPaERSR0Wqmu7LAocGJai0ki7VeTHjMmuOXSQ61MnpNWipUruRiLzm5fz6StQ0PShYagjc6LGVzbDk-x3tbRsGHjjwk8m4GXVntitcH3Dbg8oAptyRrIC50Htmsqnab3aXrfG0A,https://cs2tokens.com/iem-cologne-2026/items/sticker-beastik-foil-cologne-2026,Sticker | beastik (Foil) | Cologne 2026,https://steamcommunity.com/market/listings/730/Sticker%20%7C%20beastik%20%28Foil%29%20%7C%20Cologne%202026,ok,10995.0,5316.0,12.0,iem-cologne-2026,campaign_12,sticker,Autograph,beastik,,rarity_mythical,2decf2c99c17
45,68.7,P2,CHEAP HISTORY PUNT,Heavygod,Player,Paper,G2 Esports,3,0.03,3.0,0.03,Steam,False,0.0,Steam around $0.03,1-2 max,Very Cheap,Very Cheap,Medium,6.0,0.7662,0.3987,0.674,0.6208,0.4203,131.66666666666669,1.0,131.66666666666669,1.0,6.95,24.0,87.5,0.0,0.0,0.6923,0.0,0.0,0.65,0.0,0,1.0,0.5312,87.5,700.0,0.0,87.5,700.0,0.0,0.0,0.0,1.0,0.5312,0.0625,Demand rising while price soft,+132% expected | 0.69 demand | 88% below high | 700% upside | -88% vs launch,"lower highs, 2P new low, unscored",Cheap punt; prefer Steam around $0.03; small size is acceptable even before full scoring.,False,24.0,-87.5,22.67,-86.76665196294663,20.0,11,0.0,-1.61,0.0,61,232.42,0.0,0.0,-2.52,0.0,-5.0,-0.0312,0.125,0.0,99351.0,616092.0,7445.0,7445.0,0.000884,0.002603,173.33,-0.04,27.49,7.74,0.000501,0.003729,,,,,,,,,,,,0.1,0.0,,,0.6086956521739131,1.0,0.4921,0.0625,3.0,24.0,5.0,3.0,116,321.31,2026-06-05T01:14:16.782000,,,,,,,0,0,0,0,0.0,G2 Esports,24,6,1.0,"=IMAGE(""https://community.akamai.steamstatic.com/economy/image/i0CoZ81Ui0m-9KwlBY1L_18myuGuq1wfhWSaZgMttyVfPaERSR0Wqmu7LAocGJai0ki7VeTHjMmuOXSQ61MnpNWipUruRiL5m5f25CVU67yrO6drJKDHWGHBx7kgsbJoSXrllEx-6jndytj9eHnDbFd2DZYmF-dYrFDmxXGSXf2X"")",https://community.akamai.steamstatic.com/economy/image/i0CoZ81Ui0m-9KwlBY1L_18myuGuq1wfhWSaZgMttyVfPaERSR0Wqmu7LAocGJai0ki7VeTHjMmuOXSQ61MnpNWipUruRiL5m5f25CVU67yrO6drJKDHWGHBx7kgsbJoSXrllEx-6jndytj9eHnDbFd2DZYmF-dYrFDmxXGSXf2X,https://cs2tokens.com/iem-cologne-2026/items/sticker-heavygod-cologne-2026,Sticker | Heavygod | Cologne 2026,https://steamcommunity.com/market/listings/730/Sticker%20%7C%20Heavygod%20%7C%20Cologne%202026,ok,10758.0,5316.0,12.0,iem-cologne-2026,campaign_12,sticker,Autograph,Heavygod,G2 Esports,rarity_rare,a90e52620313
46,68.2,P2,CHEAP HISTORY PUNT,HUASOPEEK,Player,Paper,9z Team,3,0.03,3.0,0.03,Steam,False,0.0,Steam around $0.03,1-2 max,Very Cheap,Very Cheap,Low,6.0,0.7376,0.4018,0.675,0.6139,0.3983,178.66666666666666,1.0,178.66666666666666,1.0,8.36,27.0,88.88888888888889,0.0,0.0,0.4981,0.0,0.0,0.65,0.0,0,1.0,0.525,88.88888888888889,800.0,0.0,88.88888888888889,800.0,0.0,0.0,0.0,1.0,0.525,0.15625,Demand rising while price soft,+179% expected | 0.50 demand | 89% below high | 800% upside | -88% vs launch,"lower highs, 2P new low, unscored",Cheap punt; prefer Steam around $0.03; small size is acceptable even before full scoring.,False,26.0,-88.46153846153845,26.0,-88.46153846153845,16.67,17,0.0,-1.86,0.0,61,232.42,0.0,0.0,-2.85,0.0,-4.0,-0.025,0.1,0.0,34338.0,546344.0,2472.0,1034.0,0.000734,0.000362,-56.48,-0.48,13.96,60.38,0.000168,0.000518,,,,,,,,,,,,0.1,0.0,,,0.32919254658385094,1.0,0.2393,0.15625,3.0,27.0,6.0,3.0,116,321.31,2026-06-05T01:14:16.782000,,,,,,,0,0,0,0,0.0,9z Team,24,6,1.0,"=IMAGE(""https://community.akamai.steamstatic.com/economy/image/i0CoZ81Ui0m-9KwlBY1L_18myuGuq1wfhWSaZgMttyVfPaERSR0Wqmu7LAocGJai0ki7VeTHjMmuOXSQ61MnpNWipUruRiL5i5fz8jJe6vngafw9IvLLV2XClugu5LlsHCvmxEx-4GyDydigdymQO1QoW5cmR-YIsg74zIMvrWY1Qw"")",https://community.akamai.steamstatic.com/economy/image/i0CoZ81Ui0m-9KwlBY1L_18myuGuq1wfhWSaZgMttyVfPaERSR0Wqmu7LAocGJai0ki7VeTHjMmuOXSQ61MnpNWipUruRiL5i5fz8jJe6vngafw9IvLLV2XClugu5LlsHCvmxEx-4GyDydigdymQO1QoW5cmR-YIsg74zIMvrWY1Qw,https://cs2tokens.com/iem-cologne-2026/items/sticker-huasopeek-cologne-2026,Sticker | HUASOPEEK | Cologne 2026,https://steamcommunity.com/market/listings/730/Sticker%20%7C%20HUASOPEEK%20%7C%20Cologne%202026,ok,10850.0,5316.0,12.0,iem-cologne-2026,campaign_12,sticker,Autograph,HUASOPEEK,9z Team,rarity_rare,c3c37c2f3e7d
47,68.2,P2,CHEAP HISTORY PUNT,blameF,Player,Paper,BIG,3,0.03,3.0,0.03,Steam,False,0.0,Steam around $0.03,1-2 max,Very Cheap,Very Cheap,High,6.0,0.7527,0.3903,0.6681,0.5831,0.535,116.00000000000001,0.9667,116.00000000000001,0.9667,6.48,20.0,85.0,0.0,0.0,0.7232,0.0,0.0,0.65,0.0,0,1.0,0.5125,85.0,566.6666666666667,0.0,85.0,566.6666666666667,0.0,0.0,0.0,1.0,0.5125,0.21875,Demand rising while price soft,+116% expected | 0.72 demand | 85% below high | 567% upside | -85% vs launch,"High crowding, lower highs, 2P new low, unscored",Cheap punt; prefer Steam around $0.03; small size is acceptable even before full scoring.,False,20.0,-85.0,19.33,-84.48008277289188,150.0,14,0.0,-1.1,0.0,65,232.42,0.0,0.0,-1.64,0.0,-2.0,-0.0125,0.05,0.0,202100.0,785388.0,19532.0,2865.0,0.001372,0.001002,15.72,0.23,53.9,116.48,0.001166,0.001435,,,,,,,,,,,,0.1,0.0,,,0.8509316770186336,1.0,0.642,0.21875,3.0,20.0,5.0,3.0,116,321.31,2026-06-05T01:14:16.782000,,,,,,,0,0,0,0,0.0,BIG,24,6,1.0,"=IMAGE(""https://community.akamai.steamstatic.com/economy/image/i0CoZ81Ui0m-9KwlBY1L_18myuGuq1wfhWSaZgMttyVfPaERSR0Wqmu7LAocGJai0ki7VeTHjMmuOXSQ61MnpNWipUruRiLzkpft-CQVu6f4bqY9JaeRCmXEl-tz5bFvHirqxx5y623Rw9ipdHKVOAUgCZcjQflK7EdBT-iXxg"")",https://community.akamai.steamstatic.com/economy/image/i0CoZ81Ui0m-9KwlBY1L_18myuGuq1wfhWSaZgMttyVfPaERSR0Wqmu7LAocGJai0ki7VeTHjMmuOXSQ61MnpNWipUruRiLzkpft-CQVu6f4bqY9JaeRCmXEl-tz5bFvHirqxx5y623Rw9ipdHKVOAUgCZcjQflK7EdBT-iXxg,https://cs2tokens.com/iem-cologne-2026/items/sticker-blamef-cologne-2026,Sticker | blameF | Cologne 2026,https://steamcommunity.com/market/listings/730/Sticker%20%7C%20blameF%20%7C%20Cologne%202026,ok,10946.0,5316.0,12.0,iem-cologne-2026,campaign_12,sticker,Autograph,blameF,BIG,rarity_rare,750f633fb164
48,68.0,P2,CHEAP HISTORY PUNT,MATYS (Foil),Player,Foil,G2 Esports,16,0.16,16.0,0.16,Steam,False,0.0,Steam around $0.16,1-2 max,Very Cheap,Very Cheap,Medium,6.0,0.738,0.3948,0.6771,0.5763,0.4866,126.43749999999999,1.0,126.43749999999999,1.0,36.23,134.0,88.05970149253731,-31.25,0.3906,0.7008,0.0,0.0,0.65,0.0,0,1.0,0.5125,88.05970149253731,737.5,0.04065040650406504,88.05970149253731,737.5,0.04065040650406504,-31.25,0.3906,1.0,0.5125,0.0625,Neutral,+126% expected | 0.70 demand | 88% below high | 738% upside | -88% vs launch,"lower highs, 2P new low, unscored",2P is cheaper than current Steam but still above Steam's recorded low; wait for a stronger entry.,False,134.0,-88.05970149253731,125.67,-87.26824222169174,61.9,9,0.0,-1.64,0.0,62,232.41,6.67,16.44,-2.36,9.67,-2.0,-0.0125,0.05,0.0,183983.0,748086.0,10560.0,3894.0,0.001228,0.001362,89.66,0.03,70.61,119.71,0.000823,0.00195,1.0,58.11,,58.11,58.11,,,0.0,True,-36218.75,-52727.27272727273,0.1,0.0252,58.11,,0.7639751552795031,1.0,0.5249,0.0625,11.0,134.0,26.0,16.0,116,321.31,2026-06-05T01:14:16.782000,,,,,,,0,0,0,0,0.0,G2 Esports,24,6,1.0,"=IMAGE(""https://raw.githubusercontent.com/ByMykel/counter-strike-image-tracker/main/static/panorama/images/econ/stickers/cologne2026/sig_matys_foil_png.png"")",https://raw.githubusercontent.com/ByMykel/counter-strike-image-tracker/main/static/panorama/images/econ/stickers/cologne2026/sig_matys_foil_png.png,https://cs2tokens.com/iem-cologne-2026/items/sticker-matys-foil-cologne-2026,Sticker | MATYS (Foil) | Cologne 2026,https://steamcommunity.com/market/listings/730/Sticker%20%7C%20MATYS%20%28Foil%29%20%7C%20Cologne%202026,ok,10771.0,5316.0,12.0,iem-cologne-2026,campaign_12,sticker,Autograph,MATYS,G2 Esports,rarity_mythical,8b12f6157fde
49,67.7,P2,CHEAP HISTORY PUNT,slaxz-,Player,Paper,M80,3,0.03,3.0,0.03,Steam,False,0.0,Steam around $0.03,1-2 max,Very Cheap,Very Cheap,Low,6.0,0.7073,0.384,0.6545,0.5684,0.4775,93.33333333333333,0.7778,93.33333333333333,0.7778,5.8,19.0,84.21052631578947,0.0,0.0,0.6583,0.0,0.0,0.65,0.0,0,1.0,0.5,84.21052631578947,533.3333333333333,0.0,84.21052631578947,533.3333333333333,0.0,0.0,0.0,1.0,0.5,0.2375,Demand rising while price soft,+93% expected | 0.66 demand | 84% below high | 533% upside | -84% vs launch,"lower highs, 2P new low, unscored",Cheap punt; prefer Steam around $0.03; small size is acceptable even before full scoring.,False,19.0,-84.21052631578947,17.67,-83.02207130730051,50.0,9,0.0,-1.15,0.0,65,232.42,0.0,0.0,-1.76,15.0,3.0,0.0188,0.0,0.0,90517.0,545699.0,6867.0,1893.0,0.000889,0.000662,-31.85,-0.43,62.73,63.74,0.000509,0.000948,,,,,,,,,,,,0.1,0.0,,,0.32298136645962733,1.0,0.3113,0.2375,3.0,19.0,4.0,3.0,116,321.31,2026-06-05T01:14:16.782000,,,,,,,0,0,0,0,0.0,M80,24,6,1.0,"=IMAGE(""https://community.akamai.steamstatic.com/economy/image/i0CoZ81Ui0m-9KwlBY1L_18myuGuq1wfhWSaZgMttyVfPaERSR0Wqmu7LAocGJai0ki7VeTHjMmuOXSQ61MnpNWipUruRiLikpf452xZv6L6Mfc1camXCjDAwrgh5-QxGXvizB5xsDjTy4urJX_EaVNyC5JwW6dU5bjrIsMH"")",https://community.akamai.steamstatic.com/economy/image/i0CoZ81Ui0m-9KwlBY1L_18myuGuq1wfhWSaZgMttyVfPaERSR0Wqmu7LAocGJai0ki7VeTHjMmuOXSQ61MnpNWipUruRiLikpf452xZv6L6Mfc1camXCjDAwrgh5-QxGXvizB5xsDjTy4urJX_EaVNyC5JwW6dU5bjrIsMH,https://cs2tokens.com/iem-cologne-2026/items/sticker-slaxz-cologne-2026,Sticker | slaxz- | Cologne 2026,https://steamcommunity.com/market/listings/730/Sticker%20%7C%20slaxz-%20%7C%20Cologne%202026,ok,10970.0,5316.0,12.0,iem-cologne-2026,campaign_12,sticker,Autograph,slaxz-,M80,rarity_rare,426a73f683f4
50,67.5,P2,CHEAP HISTORY PUNT,xiELO,Player,Paper,PARIVISION,3,0.03,3.0,0.03,Steam,False,0.0,Steam around $0.03,1-2 max,Very Cheap,Very Cheap,High,6.0,0.774,0.3841,0.6603,0.5943,0.5072,141.33333333333334,1.0,141.33333333333334,1.0,7.24,27.0,88.88888888888889,0.0,0.0,0.6288,0.0,0.0,0.65,0.0,0,1.0,0.525,88.88888888888889,800.0,0.0,88.88888888888889,800.0,0.0,0.0,0.0,1.0,0.525,0.00625,Demand rising while price soft,+141% expected | 0.63 demand | 89% below high | 800% upside | -89% vs launch,"High crowding, lower highs, 2P new low, unscored",Cheap punt; prefer Steam around $0.03; small size is acceptable even before full scoring.,False,27.0,-88.88888888888889,25.0,-88.0,150.0,14,0.0,-1.35,0.0,63,232.42,0.0,0.0,-1.99,0.0,-4.0,-0.025,0.1,0.0,232569.0,885075.0,16908.0,2604.0,0.001547,0.000911,-5.49,0.32,15.53,24.14,0.001315,0.001304,,,,,,,,,,,,0.1,0.0,,,0.9316770186335404,1.0,0.6635,0.00625,3.0,27.0,5.0,3.0,116,321.31,2026-06-05T01:14:16.782000,,,,,,,0,0,0,0,0.0,PARIVISION,24,6,1.0,"=IMAGE(""https://community.akamai.steamstatic.com/economy/image/i0CoZ81Ui0m-9KwlBY1L_18myuGuq1wfhWSaZgMttyVfPaERSR0Wqmu7LAocGJai0ki7VeTHjMmuOXSQ61MnpNWipUruRiLpl5Ps8mwKvPb9bKY_IqeWCmGWl-xztLNtHHrkwE8it2iDnImvc3qUPw4lC5J4W6dU5Ut7mLCg"")",https://community.akamai.steamstatic.com/economy/image/i0CoZ81Ui0m-9KwlBY1L_18myuGuq1wfhWSaZgMttyVfPaERSR0Wqmu7LAocGJai0ki7VeTHjMmuOXSQ61MnpNWipUruRiLpl5Ps8mwKvPb9bKY_IqeWCmGWl-xztLNtHHrkwE8it2iDnImvc3qUPw4lC5J4W6dU5Ut7mLCg,https://cs2tokens.com/iem-cologne-2026/items/sticker-xielo-cologne-2026,Sticker | xiELO | Cologne 2026,https://steamcommunity.com/market/listings/730/Sticker%20%7C%20xiELO%20%7C%20Cologne%202026,ok,10622.0,5316.0,12.0,iem-cologne-2026,campaign_12,sticker,Autograph,xiELO,PARIVISION,rarity_rare,b0d1d368cabc
51,67.3,P2,CHEAP HISTORY PUNT,yxngstxr (Foil),Player,Foil,HEROIC,17,0.17,17.0,0.17,Steam,False,0.0,Steam around $0.17,1-2 max,Very Cheap,Very Cheap,Medium,6.0,0.7318,0.3949,0.6661,0.5909,0.4172,133.1764705882353,1.0,133.1764705882353,1.0,39.64,127.0,86.61417322834646,-17.647058823529417,0.2206,0.5733,0.0,0.0,0.65,0.0,0,1.0,0.55,86.61417322834646,647.0588235294118,0.02654867256637168,86.61417322834646,647.0588235294118,0.02654867256637168,-17.647058823529417,0.2206,1.0,0.55,0.09375,Demand rising while price soft,+133% expected | 0.57 demand | 87% below high | 647% upside | -87% vs launch,"lower highs, 2P new low, unscored",2P is cheaper than current Steam but still above Steam's recorded low; wait for a stronger entry.,False,127.0,-86.61417322834646,118.33,-85.63339812389081,30.0,5,0.0,-1.39,0.0,62,232.41,0.0,0.0,-1.99,-3.52,-8.0,-0.05,0.2,0.0,104800.0,577401.0,8073.0,-2574.0,0.000812,0.0009,79.13,0.1,30.3,20.41,0.00048,0.0,1.0,0.37,,0.37,0.37,,,0.0,True,-117.64705882352939,-164.28571428571425,0.1,0.0252,,,0.5093167701863354,1.0,0.3789,0.09375,14.0,127.0,36.0,17.0,116,321.31,2026-06-05T01:14:16.782000,,,,,,,0,0,0,0,0.0,HEROIC,24,6,1.0,"=IMAGE(""https://community.akamai.steamstatic.com/economy/image/i0CoZ81Ui0m-9KwlBY1L_18myuGuq1wfhWSaZgMttyVfPaERSR0Wqmu7LAocGJai0ki7VeTHjMmuOXSQ61MnpNWipUruRiLohpjn7jZD_c2oZ61hbvWVWTHDkesksrNrSS2wxUQm5z-Hm9v7JXuVZlNxApV2QOJf4EKxwNX5d7S10le5RWI"")",https://community.akamai.steamstatic.com/economy/image/i0CoZ81Ui0m-9KwlBY1L_18myuGuq1wfhWSaZgMttyVfPaERSR0Wqmu7LAocGJai0ki7VeTHjMmuOXSQ61MnpNWipUruRiLohpjn7jZD_c2oZ61hbvWVWTHDkesksrNrSS2wxUQm5z-Hm9v7JXuVZlNxApV2QOJf4EKxwNX5d7S10le5RWI,https://cs2tokens.com/iem-cologne-2026/items/sticker-yxngstxr-foil-cologne-2026,Sticker | yxngstxr (Foil) | Cologne 2026,https://steamcommunity.com/market/listings/730/Sticker%20%7C%20yxngstxr%20%28Foil%29%20%7C%20Cologne%202026,ok,10911.0,5316.0,12.0,iem-cologne-2026,campaign_12,sticker,Autograph,yxngstxr,HEROIC,rarity_mythical,08ec9dd8c3ad
52,67.0,P2,CHEAP HISTORY PUNT,siuhy,Player,Paper,Team Liquid,3,0.03,3.0,0.03,Steam,False,0.0,Steam around $0.03,1-2 max,Very Cheap,Very Cheap,Low,6.0,0.698,0.3864,0.6516,0.568,0.4559,101.00000000000003,0.8417,101.00000000000003,0.8417,6.03,17.0,82.35294117647058,0.0,0.0,0.5934,0.0,0.0,0.65,0.0,0,1.0,0.5312,82.35294117647058,466.6666666666667,0.0,82.35294117647058,466.6666666666667,0.0,0.0,0.0,1.0,0.5312,0.30625,Demand rising while price soft,+101% expected | 0.59 demand | 82% below high | 467% upside | -82% vs launch,"lower highs, 2P new low, unscored",Cheap punt; prefer Steam around $0.03; small size is acceptable even before full scoring.,False,17.0,-82.35294117647058,16.0,-81.25,75.0,11,0.0,-1.17,0.0,65,232.42,0.0,0.0,-1.79,0.0,-5.0,-0.0312,0.125,0.0,65893.0,518107.0,7007.0,2243.0,0.00073,0.000784,-9.65,-0.38,21.63,6.52,0.000359,0.001123,,,,,,,,,,,,0.1,0.0,,,0.2360248447204969,1.0,0.2902,0.30625,3.0,17.0,5.0,3.0,116,321.31,2026-06-05T01:14:16.782000,,,,,,,0,0,0,0,0.0,Team Liquid,24,6,1.0,"=IMAGE(""https://community.akamai.steamstatic.com/economy/image/i0CoZ81Ui0m-9KwlBY1L_18myuGuq1wfhWSaZgMttyVfPaERSR0Wqmu7LAocGJai0ki7VeTHjMmuOXSQ61MnpNWipUruRiLil4Po5GxYuaKsMPM_IqTADTDEwugu5OA4SiqwzEt2tzjQz4r8cS7DPQAhWJIkW6dU5QUOV2Wj"")",https://community.akamai.steamstatic.com/economy/image/i0CoZ81Ui0m-9KwlBY1L_18myuGuq1wfhWSaZgMttyVfPaERSR0Wqmu7LAocGJai0ki7VeTHjMmuOXSQ61MnpNWipUruRiLil4Po5GxYuaKsMPM_IqTADTDEwugu5OA4SiqwzEt2tzjQz4r8cS7DPQAhWJIkW6dU5QUOV2Wj,https://cs2tokens.com/iem-cologne-2026/items/sticker-siuhy-cologne-2026,Sticker | siuhy | Cologne 2026,https://steamcommunity.com/market/listings/730/Sticker%20%7C%20siuhy%20%7C%20Cologne%202026,ok,11106.0,5316.0,12.0,iem-cologne-2026,campaign_12,sticker,Autograph,siuhy,Team Liquid,rarity_rare,a4c2c97a06f4
53,67.0,P2,CHEAP HISTORY PUNT,malbsMd,Player,Paper,Team Liquid,3,0.03,3.0,0.03,Steam,False,0.0,Steam around $0.03,1-2 max,Very Cheap,Very Cheap,Low,6.0,0.6929,0.3821,0.6449,0.5652,0.4164,91.33333333333333,0.7611,91.33333333333333,0.7611,5.74,17.0,82.35294117647058,0.0,0.0,0.674,0.0,0.0,0.65,0.0,0,1.0,0.5312,82.35294117647058,466.6666666666667,0.0,82.35294117647058,466.6666666666667,0.0,0.0,0.0,1.0,0.5312,0.3,Demand rising while price soft,+91% expected | 0.67 demand | 82% below high | 467% upside | -82% vs launch,"lower highs, 2P new low, unscored",Cheap punt; prefer Steam around $0.03; small size is acceptable even before full scoring.,False,17.0,-82.35294117647058,16.0,-81.25,25.0,9,0.0,-1.26,0.0,65,232.42,0.0,0.0,-1.91,0.0,-5.0,-0.0312,0.125,0.0,79759.0,538695.0,3946.0,3923.0,0.000768,0.001372,58.91,-0.75,21.95,35.22,0.000397,0.001965,,,,,,,,,,,,0.1,0.0,,,0.3105590062111801,1.0,0.2565,0.3,3.0,17.0,4.0,3.0,116,321.31,2026-06-05T01:14:16.782000,,,,,,,0,0,0,0,0.0,Team Liquid,24,6,1.0,"=IMAGE(""https://community.akamai.steamstatic.com/economy/image/i0CoZ81Ui0m-9KwlBY1L_18myuGuq1wfhWSaZgMttyVfPaERSR0Wqmu7LAocGJai0ki7VeTHjMmuOXSQ61MnpNWipUruRiL8n5ri7i9foautPfQ_d_GWVzaVw70h6eA7Hyrkxhh_sT7cmd6rdnqfPFckC5J4E7QU8k7vphMT-pk"")",https://community.akamai.steamstatic.com/economy/image/i0CoZ81Ui0m-9KwlBY1L_18myuGuq1wfhWSaZgMttyVfPaERSR0Wqmu7LAocGJai0ki7VeTHjMmuOXSQ61MnpNWipUruRiL8n5ri7i9foautPfQ_d_GWVzaVw70h6eA7Hyrkxhh_sT7cmd6rdnqfPFckC5J4E7QU8k7vphMT-pk,https://cs2tokens.com/iem-cologne-2026/items/sticker-malbsmd-cologne-2026,Sticker | malbsMd | Cologne 2026,https://steamcommunity.com/market/listings/730/Sticker%20%7C%20malbsMd%20%7C%20Cologne%202026,ok,11102.0,5316.0,12.0,iem-cologne-2026,campaign_12,sticker,Autograph,malbsMd,Team Liquid,rarity_rare,ccc90b74f86c
54,66.7,P2,CHEAP HISTORY PUNT,gr1ks,Player,Paper,BIG,3,0.03,3.0,0.03,Steam,False,0.0,Steam around $0.03,1-2 max,Very Cheap,Very Cheap,Low,6.0,0.704,0.3813,0.646,0.5652,0.4575,97.66666666666666,0.8139,97.66666666666666,0.8139,5.93,20.0,85.0,0.0,0.0,0.555,0.0,0.0,0.65,0.0,0,1.0,0.5312,85.0,566.6666666666667,0.0,85.0,566.6666666666667,0.0,0.0,0.0,1.0,0.5312,0.225,Demand rising while price soft,+98% expected | 0.56 demand | 85% below high | 567% upside | -85% vs launch,"lower highs, 2P new low, unscored",Cheap punt; prefer Steam around $0.03; small size is acceptable even before full scoring.,False,20.0,-85.0,19.0,-84.21052631578947,25.0,10,0.0,-1.23,0.0,65,232.42,0.0,0.0,-1.92,15.0,-5.0,-0.0312,0.125,0.0,63199.0,529570.0,8322.0,-437.0,0.000733,0.000153,-83.4,-0.32,59.91,65.06,0.000261,0.0,,,,,,,,,,,,0.1,0.0,,,0.2795031055900621,1.0,0.2865,0.225,3.0,20.0,4.0,3.0,116,321.31,2026-06-05T01:14:16.782000,,,,,,,0,0,0,0,0.0,BIG,24,6,1.0,"=IMAGE(""https://community.akamai.steamstatic.com/economy/image/i0CoZ81Ui0m-9KwlBY1L_18myuGuq1wfhWSaZgMttyVfPaERSR0Wqmu7LAocGJai0ki7VeTHjMmuOXSQ61MnpNWipUruRiL2jMfr7mwMvveva6A6IanDD2SVx-ty4LVvTCzqw0h25m_Tm9ygeHPEOwQmApMiW6dU5di_nLpT"")",https://community.akamai.steamstatic.com/economy/image/i0CoZ81Ui0m-9KwlBY1L_18myuGuq1wfhWSaZgMttyVfPaERSR0Wqmu7LAocGJai0ki7VeTHjMmuOXSQ61MnpNWipUruRiL2jMfr7mwMvveva6A6IanDD2SVx-ty4LVvTCzqw0h25m_Tm9ygeHPEOwQmApMiW6dU5di_nLpT,https://cs2tokens.com/iem-cologne-2026/items/sticker-gr1ks-cologne-2026,Sticker | gr1ks | Cologne 2026,https://steamcommunity.com/market/listings/730/Sticker%20%7C%20gr1ks%20%7C%20Cologne%202026,ok,10950.0,5316.0,12.0,iem-cologne-2026,campaign_12,sticker,Autograph,gr1ks,BIG,rarity_rare,cbcb0b5ca428
55,66.7,P2,CHEAP HISTORY PUNT,MAJ3R,Player,Paper,Aurora,4,0.04,4.0,0.04,Steam,False,0.0,Steam around $0.04,1-2 max,Very Cheap,Very Cheap,Medium,6.0,0.6951,0.3781,0.658,0.5177,0.5961,103.25000000000001,0.8604,103.25000000000001,0.8604,8.13,27.0,85.18518518518519,-25.0,0.3125,0.748,0.0,0.0,0.65,0.0,0,1.0,0.5,85.18518518518519,575.0,0.041666666666666664,85.18518518518519,575.0,0.041666666666666664,-25.0,0.3125,1.0,0.5,0.35625,"Floor + prior bounce, but lower highs",+103% expected | 0.75 demand | 85% below high | 575% upside | -85% vs launch,"lower highs, 2P new low, unscored",Cheap punt; prefer Steam around $0.04; small size is acceptable even before full scoring.,False,27.0,-85.18518518518519,26.0,-84.61538461538461,80.0,15,0.0,-1.45,0.0,61,232.42,33.33,82.22,-2.29,15.0,42.0,0.2625,0.0,0.0,154580.0,721928.0,9821.0,6520.0,0.001171,0.00228,147.69,-0.07,51.53,27.81,0.000802,0.003266,,,,,,,,,,,,0.1,0.0,,,0.8136645962732919,1.0,0.5924,0.35625,3.0,27.0,6.0,4.0,116,321.31,2026-06-05T01:14:16.782000,,,,,,,0,0,0,0,0.0,Aurora,24,6,1.0,"=IMAGE(""https://community.akamai.steamstatic.com/economy/image/i0CoZ81Ui0m-9KwlBY1L_18myuGuq1wfhWSaZgMttyVfPaERSR0Wqmu7LAocGJai0ki7VeTHjMmuOXSQ61MnpNWipUruRiL8n5yz72wJuab9O_1vd_KRXmTHwL5w5rZoGi3hx08j4WWHzYv8cnOSagV0ApV4W6dU5Ugqo1iU"")",https://community.akamai.steamstatic.com/economy/image/i0CoZ81Ui0m-9KwlBY1L_18myuGuq1wfhWSaZgMttyVfPaERSR0Wqmu7LAocGJai0ki7VeTHjMmuOXSQ61MnpNWipUruRiL8n5yz72wJuab9O_1vd_KRXmTHwL5w5rZoGi3hx08j4WWHzYv8cnOSagV0ApV4W6dU5Ugqo1iU,https://cs2tokens.com/iem-cologne-2026/items/sticker-maj3r-cologne-2026,Sticker | MAJ3R | Cologne 2026,https://steamcommunity.com/market/listings/730/Sticker%20%7C%20MAJ3R%20%7C%20Cologne%202026,ok,10646.0,5316.0,12.0,iem-cologne-2026,campaign_12,sticker,Autograph,MAJ3R,Aurora,rarity_rare,93307723259f
56,66.5,P2,CHEAP HISTORY PUNT,Gizmy,Player,Paper,Monte,3,0.03,3.0,0.03,Steam,False,0.0,Steam around $0.03,1-2 max,Very Cheap,Very Cheap,Medium,6.0,0.7452,0.3792,0.6539,0.5845,0.4357,121.66666666666669,1.0,121.66666666666669,1.0,6.65,23.0,86.95652173913044,0.0,0.0,0.5824,0.0,0.0,0.65,0.0,0,1.0,0.5,86.95652173913044,666.6666666666667,0.0,86.95652173913044,666.6666666666667,0.0,0.0,0.0,1.0,0.5,0.13125,Demand rising while price soft,+122% expected | 0.58 demand | 87% below high | 667% upside | -87% vs launch,"lower highs, 2P new low, unscored",Cheap punt; prefer Steam around $0.03; small size is acceptable even before full scoring.,False,23.0,-86.95652173913044,21.33,-85.93530239099859,50.0,11,0.0,-1.45,0.0,61,232.42,0.0,0.0,-2.19,0.0,0.0,0.0,0.0,0.0,107700.0,636239.0,7929.0,2968.0,0.000951,0.001038,14.8,-0.45,21.51,-88.57,0.00053,0.001487,,,,,,,,,,,,0.1,0.0,,,0.6770186335403726,1.0,0.5108,0.13125,3.0,23.0,5.0,3.0,116,321.31,2026-06-05T01:14:16.782000,,,,,,,0,0,0,0,0.0,Monte,24,6,1.0,"=IMAGE(""https://community.akamai.steamstatic.com/economy/image/i0CoZ81Ui0m-9KwlBY1L_18myuGuq1wfhWSaZgMttyVfPaERSR0Wqmu7LAocGJai0ki7VeTHjMmuOXSQ61MnpNWipUruRiL2l4zt5GwO7fH7OPw8c6HFCzGUl7ki4LE8HnDmxUok4z7Qm9uuJ3rGa1MjCJVxW6dU5cVdB6B7"")",https://community.akamai.steamstatic.com/economy/image/i0CoZ81Ui0m-9KwlBY1L_18myuGuq1wfhWSaZgMttyVfPaERSR0Wqmu7LAocGJai0ki7VeTHjMmuOXSQ61MnpNWipUruRiL2l4zt5GwO7fH7OPw8c6HFCzGUl7ki4LE8HnDmxUok4z7Qm9uuJ3rGa1MjCJVxW6dU5cVdB6B7,https://cs2tokens.com/iem-cologne-2026/items/sticker-gizmy-cologne-2026,Sticker | Gizmy | Cologne 2026,https://steamcommunity.com/market/listings/730/Sticker%20%7C%20Gizmy%20%7C%20Cologne%202026,ok,10826.0,5316.0,12.0,iem-cologne-2026,campaign_12,sticker,Autograph,Gizmy,Monte,rarity_rare,0ccd6df664f6
57,66.5,P2,CHEAP HISTORY PUNT,beastik,Player,Paper,,4,0.04,4.0,0.04,Steam,False,0.0,Steam around $0.04,1-2 max,Very Cheap,Very Cheap,Medium,6.0,0.6687,0.3844,0.6623,0.5181,0.5372,107.24999999999997,0.8937,107.24999999999997,0.8937,8.29,25.0,84.0,-25.0,0.3125,0.6743,0.0,0.0,0.65,0.0,0,1.0,0.5,84.0,525.0,0.045454545454545456,84.0,525.0,0.045454545454545456,-25.0,0.3125,1.0,0.5,0.525,Neutral,+107% expected | 0.67 demand | 84% below high | 525% upside | -83% vs launch,"lower highs, 2P new low, unscored",Cheap punt; prefer Steam around $0.04; small size is acceptable even before full scoring.,False,23.0,-82.6086956521739,23.67,-83.1009716941276,33.33,13,0.0,-1.82,13.64,61,232.42,33.33,82.22,-2.76,15.0,41.0,0.2562,0.0,0.0,78977.0,555936.0,7882.0,7882.0,0.000878,0.002756,468.91,0.47,20.89,16.96,0.000348,0.003948,,,,,,,,,,,,0.1,0.0,,,0.38509316770186336,1.0,0.4033,0.525,3.0,25.0,6.0,3.67,116,321.31,2026-06-05T01:14:16.782000,,,,,,,0,0,0,0,0.0,beastik,4,1,0.25,"=IMAGE(""https://community.akamai.steamstatic.com/economy/image/i0CoZ81Ui0m-9KwlBY1L_18myuGuq1wfhWSaZgMttyVfPaERSR0Wqmu7LAocGJai0ki7VeTHjMmuOXSQ61MnpNWipUruRiLzm5fz6StQoaKtP_M9I6nED2SWkbxw5uA6GHDlx0si4DyAmd2oJX6TbVAoApdyF-AU8k7vVjFInmo"")",https://community.akamai.steamstatic.com/economy/image/i0CoZ81Ui0m-9KwlBY1L_18myuGuq1wfhWSaZgMttyVfPaERSR0Wqmu7LAocGJai0ki7VeTHjMmuOXSQ61MnpNWipUruRiLzm5fz6StQoaKtP_M9I6nED2SWkbxw5uA6GHDlx0si4DyAmd2oJX6TbVAoApdyF-AU8k7vVjFInmo,https://cs2tokens.com/iem-cologne-2026/items/sticker-beastik-cologne-2026,Sticker | beastik | Cologne 2026,https://steamcommunity.com/market/listings/730/Sticker%20%7C%20beastik%20%7C%20Cologne%202026,ok,10994.0,5316.0,12.0,iem-cologne-2026,campaign_12,sticker,Autograph,beastik,,rarity_rare,c4d015f54c11
58,66.2,P2,CHEAP HISTORY PUNT,PR,Player,Paper,GamerLegion,3,0.03,3.0,0.03,Steam,False,0.0,Steam around $0.03,1-2 max,Very Cheap,Very Cheap,Low,6.0,0.7213,0.383,0.654,0.5888,0.3818,133.66666666666666,1.0,133.66666666666666,1.0,7.01,22.0,86.36363636363636,0.0,0.0,0.4592,0.0,0.0,0.65,0.0,0,1.0,0.5,86.36363636363636,633.3333333333333,0.0,86.36363636363636,633.3333333333333,0.0,0.0,0.0,1.0,0.5,0.16875,Neutral,+134% expected | 0.46 demand | 86% below high | 633% upside | -86% vs launch,"lower highs, 2P new low, unscored",Cheap punt; prefer Steam around $0.03; small size is acceptable even before full scoring.,False,22.0,-86.36363636363636,21.33,-85.93530239099859,16.67,11,0.0,-1.41,0.0,61,232.42,0.0,0.0,-2.15,0.0,2.0,0.0125,0.0,0.0,63906.0,533817.0,4639.0,3307.0,0.000725,0.001156,33.31,0.09,2.4,-81.11,0.000349,0.001656,,,,,,,,,,,,0.1,0.0,,,0.2857142857142857,1.0,0.2845,0.16875,3.0,22.0,6.0,3.0,116,321.31,2026-06-05T01:14:16.782000,,,,,,,0,0,0,0,0.0,GamerLegion,24,6,1.0,"=IMAGE(""https://community.akamai.steamstatic.com/economy/image/i0CoZ81Ui0m-9KwlBY1L_18myuGuq1wfhWSaZgMttyVfPaERSR0Wqmu7LAocGJai0ki7VeTHjMmuOXSQ61MnpNWipUruRiLhjNi3_iYCu_P2PvBrdfbLXz-WmL8vtLM6Gy3hkUQlsmSDzdyreCiSZgAhFNIuEsLhyHds"")",https://community.akamai.steamstatic.com/economy/image/i0CoZ81Ui0m-9KwlBY1L_18myuGuq1wfhWSaZgMttyVfPaERSR0Wqmu7LAocGJai0ki7VeTHjMmuOXSQ61MnpNWipUruRiLhjNi3_iYCu_P2PvBrdfbLXz-WmL8vtLM6Gy3hkUQlsmSDzdyreCiSZgAhFNIuEsLhyHds,https://cs2tokens.com/iem-cologne-2026/items/sticker-pr-cologne-2026,Sticker | PR | Cologne 2026,https://steamcommunity.com/market/listings/730/Sticker%20%7C%20PR%20%7C%20Cologne%202026,ok,10866.0,5316.0,12.0,iem-cologne-2026,campaign_12,sticker,Autograph,PR,GamerLegion,rarity_rare,308227f5506a
59,66.2,P2,CHEAP HISTORY PUNT,SHOCK,Player,Paper,,4,0.04,4.0,0.04,Steam,False,0.0,Steam around $0.04,1-2 max,Very Cheap,Very Cheap,Low,6.0,0.6656,0.388,0.6637,0.5373,0.4291,115.75000000000001,0.9646,115.75000000000001,0.9646,8.63,24.0,83.33333333333334,-25.0,0.3125,0.6529,0.0,0.0,0.65,0.0,0,1.0,0.5062,83.33333333333334,500.0,0.047619047619047616,83.33333333333334,500.0,0.047619047619047616,-25.0,0.3125,1.0,0.5062,0.53125,Demand rising while price soft,+116% expected | 0.65 demand | 83% below high | 500% upside | -82% vs launch,"lower highs, 2P new low, unscored",Cheap punt; prefer Steam around $0.04; small size is acceptable even before full scoring.,False,22.0,-81.81818181818181,22.67,-82.35553595059551,33.33,16,0.0,-1.59,0.0,61,232.42,0.0,0.0,-2.53,13.64,-1.0,-0.0062,0.025,0.0,87257.0,562239.0,3783.0,2348.0,0.000915,0.000821,54.47,-0.12,24.2,42.31,0.000432,0.001176,,,,,,,,,,,,0.1,0.0,,,0.40993788819875776,1.0,0.2992,0.53125,3.0,24.0,7.0,4.0,116,321.31,2026-06-05T01:14:16.782000,,,,,,,0,0,0,0,0.0,SHOCK,4,1,0.25,"=IMAGE(""https://community.akamai.steamstatic.com/economy/image/i0CoZ81Ui0m-9KwlBY1L_18myuGuq1wfhWSaZgMttyVfPaERSR0Wqmu7LAocGJai0ki7VeTHjMmuOXSQ61MnpNWipUruRiLilpnj9mwN7KCvOfU8IfKQDDDJmbck5LNqHn_qwk5_sD6Emd-geCmebg4pCMMiW6dU5WG2Xjh6"")",https://community.akamai.steamstatic.com/economy/image/i0CoZ81Ui0m-9KwlBY1L_18myuGuq1wfhWSaZgMttyVfPaERSR0Wqmu7LAocGJai0ki7VeTHjMmuOXSQ61MnpNWipUruRiLilpnj9mwN7KCvOfU8IfKQDDDJmbck5LNqHn_qwk5_sD6Emd-geCmebg4pCMMiW6dU5WG2Xjh6,https://cs2tokens.com/iem-cologne-2026/items/sticker-shock-cologne-2026,Sticker | SHOCK | Cologne 2026,https://steamcommunity.com/market/listings/730/Sticker%20%7C%20SHOCK%20%7C%20Cologne%202026,ok,10998.0,5316.0,12.0,iem-cologne-2026,campaign_12,sticker,Autograph,SHOCK,,rarity_rare,ce3e4bcc3e01
60,66.1,P2,CHEAP HISTORY PUNT,snow,Player,Paper,paiN Gaming,3,0.03,3.0,0.03,Steam,False,0.0,Steam around $0.03,1-2 max,Very Cheap,Very Cheap,Low,6.0,0.7316,0.3826,0.6511,0.5914,0.3977,125.66666666666664,1.0,125.66666666666664,1.0,6.77,24.0,87.5,0.0,0.0,0.4426,0.0,0.0,0.65,0.0,0,1.0,0.525,87.5,700.0,0.0,87.5,700.0,0.0,0.0,0.0,1.0,0.525,0.09375,Neutral,+126% expected | 0.44 demand | 88% below high | 700% upside | -88% vs launch,"lower highs, 2P new low, unscored",Cheap punt; prefer Steam around $0.03; small size is acceptable even before full scoring.,False,24.0,-87.5,22.33,-86.56515897895208,40.0,10,0.0,-1.49,0.0,61,232.42,0.0,0.0,-2.37,0.0,-4.0,-0.025,0.1,0.0,43826.0,573094.0,4036.0,3827.0,0.000786,0.001338,52.04,0.16,0.49,-49.01,0.000218,0.001917,,,,,,,,,,,,0.1,0.0,,,0.453416149068323,1.0,0.3336,0.09375,3.0,24.0,5.0,3.0,116,321.31,2026-06-05T01:14:16.782000,,,,,,,0,0,0,0,0.0,paiN Gaming,24,6,1.0,"=IMAGE(""https://community.akamai.steamstatic.com/economy/image/i0CoZ81Ui0m-9KwlBY1L_18myuGuq1wfhWSaZgMttyVfPaERSR0Wqmu7LAocGJai0ki7VeTHjMmuOXSQ61MnpNWipUruRiLikJn3s3AKvKP6OqI9JfTKWDSUxLZz4bQ8Syrjx0t15j-Emd6seHPFPwEoXpBuBbldTWhzMZU"")",https://community.akamai.steamstatic.com/economy/image/i0CoZ81Ui0m-9KwlBY1L_18myuGuq1wfhWSaZgMttyVfPaERSR0Wqmu7LAocGJai0ki7VeTHjMmuOXSQ61MnpNWipUruRiLikJn3s3AKvKP6OqI9JfTKWDSUxLZz4bQ8Syrjx0t15j-Emd6seHPFPwEoXpBuBbldTWhzMZU,https://cs2tokens.com/iem-cologne-2026/items/sticker-snow-cologne-2026,Sticker | snow | Cologne 2026,https://steamcommunity.com/market/listings/730/Sticker%20%7C%20snow%20%7C%20Cologne%202026,ok,10802.0,5316.0,12.0,iem-cologne-2026,campaign_12,sticker,Autograph,snow,paiN Gaming,rarity_rare,beb4d04c92b4
61,65.7,P2,CHEAP HISTORY PUNT,SHOCK (Foil),Player,Foil,,37,0.37,37.0,0.37,Steam,False,0.0,Steam around $0.37,1-2 max,Very Cheap,Very Cheap,Low,6.0,0.6401,0.3796,0.6356,0.5322,0.4457,89.4864864864865,0.7457,89.4864864864865,0.7457,70.11,145.0,74.48275862068967,-8.108108108108103,0.1014,0.5853,0.0,0.0,0.65,0.0,0,1.0,0.55,74.48275862068967,291.8918918918919,0.02702702702702703,74.48275862068967,291.8918918918919,0.02702702702702703,-8.108108108108103,0.1014,1.0,0.55,0.4875,Demand rising while price soft,+89% expected | 0.59 demand | 74% below high | 292% upside | -72% vs launch,"lower highs, 2P new low, unscored",2P is cheaper than current Steam but still above Steam's recorded low; wait for a stronger entry.,False,130.0,-71.53846153846153,137.67,-73.12413743008644,48.44,5,0.0,-1.05,-0.0,60,232.41,0.0,0.0,-1.66,1.31,-8.0,-0.05,0.2,0.0,107817.0,478394.0,5186.0,-1423.0,0.000774,0.000498,102.23,0.18,52.01,155.28,0.000521,0.0,1.0,0.84,,0.84,0.84,,,0.0,True,-127.02702702702702,-147.05882352941174,0.1,0.0252,,,0.15527950310559005,1.0,0.148,0.48125,34.0,145.0,71.5,37.0,116,321.31,2026-06-05T01:14:16.782000,,,,,,,0,0,0,0,0.0,SHOCK,4,1,0.25,"=IMAGE(""https://community.akamai.steamstatic.com/economy/image/i0CoZ81Ui0m-9KwlBY1L_18myuGuq1wfhWSaZgMttyVfPaERSR0Wqmu7LAocGJai0ki7VeTHjMmuOXSQ61MnpNWipUruRiLilpnj9h1d4PuiJv1vJvXLXGKTw78ntOU_FyrkwUUjsmjWntqqJ3yeO1IjDJImE7QJthOm0oqwRFbPOT0"")",https://community.akamai.steamstatic.com/economy/image/i0CoZ81Ui0m-9KwlBY1L_18myuGuq1wfhWSaZgMttyVfPaERSR0Wqmu7LAocGJai0ki7VeTHjMmuOXSQ61MnpNWipUruRiLilpnj9h1d4PuiJv1vJvXLXGKTw78ntOU_FyrkwUUjsmjWntqqJ3yeO1IjDJImE7QJthOm0oqwRFbPOT0,https://cs2tokens.com/iem-cologne-2026/items/sticker-shock-foil-cologne-2026,Sticker | SHOCK (Foil) | Cologne 2026,https://steamcommunity.com/market/listings/730/Sticker%20%7C%20SHOCK%20%28Foil%29%20%7C%20Cologne%202026,ok,10999.0,5316.0,12.0,iem-cologne-2026,campaign_12,sticker,Autograph,SHOCK,,rarity_mythical,b2cdca55ec73
62,65.6,P2,CHEAP HISTORY PUNT,NertZ,Player,Paper,G2 Esports,3,0.03,3.0,0.03,Steam,False,0.0,Steam around $0.03,1-2 max,Very Cheap,Very Cheap,High,6.0,0.7154,0.3753,0.6522,0.5346,0.5571,127.0,1.0,127.0,1.0,6.81,24.0,87.5,-33.333333333333336,0.4167,0.5932,0.0,0.0,0.65,0.0,0,1.0,0.5312,87.5,700.0,0.045454545454545456,87.5,700.0,0.045454545454545456,-33.333333333333336,0.4167,1.0,0.5312,0.06875,Demand rising while price soft,+127% expected | 0.59 demand | 88% below high | 700% upside | -88% vs launch,"High crowding, lower highs, 2P new low, unscored",Cheap punt; prefer Steam around $0.03; small size is acceptable even before full scoring.,False,24.0,-87.5,22.33,-86.56515897895208,200.0,12,0.0,-1.32,0.0,65,232.42,0.0,0.0,-1.67,0.0,-5.0,-0.0312,0.125,0.0,287640.0,933192.0,26981.0,-276.0,0.001725,9.7e-05,-89.97,-0.73,34.22,81.81,0.001375,0.0,,,,,,,,,,,,0.1,0.0,,,0.9440993788819876,1.0,0.6395,0.06875,2.0,24.0,5.0,3.0,116,321.31,2026-06-05T01:14:16.782000,,,,,,,0,0,0,0,0.0,G2 Esports,24,6,1.0,"=IMAGE(""https://community.akamai.steamstatic.com/economy/image/i0CoZ81Ui0m-9KwlBY1L_18myuGuq1wfhWSaZgMttyVfPaERSR0Wqmu7LAocGJai0ki7VeTHjMmuOXSQ61MnpNWipUruRiL_m4T052wNu_f8MaU5JaHADT_Fkrdw4-M4GyzhzB915m3XztahIn-QbQVzDcAhW6dU5bUh2iv6"")",https://community.akamai.steamstatic.com/economy/image/i0CoZ81Ui0m-9KwlBY1L_18myuGuq1wfhWSaZgMttyVfPaERSR0Wqmu7LAocGJai0ki7VeTHjMmuOXSQ61MnpNWipUruRiL_m4T052wNu_f8MaU5JaHADT_Fkrdw4-M4GyzhzB915m3XztahIn-QbQVzDcAhW6dU5bUh2iv6,https://cs2tokens.com/iem-cologne-2026/items/sticker-nertz-cologne-2026,Sticker | NertZ | Cologne 2026,https://steamcommunity.com/market/listings/730/Sticker%20%7C%20NertZ%20%7C%20Cologne%202026,ok,10762.0,5316.0,12.0,iem-cologne-2026,campaign_12,sticker,Autograph,NertZ,G2 Esports,rarity_rare,c5c9bd76b14b
63,65.6,P2,CHEAP HISTORY PUNT,esenthial (Foil),Player,Foil,B8,16,0.16,16.0,0.16,Steam,False,0.0,Steam around $0.16,1-2 max,Very Cheap,Very Cheap,Medium,6.0,0.7036,0.3693,0.6428,0.5277,0.4849,101.62499999999999,0.8469,101.62499999999999,0.8469,32.26,117.0,86.32478632478633,-37.5,0.4688,0.7363,0.0,0.0,0.65,0.0,0,1.0,0.525,86.32478632478633,631.25,0.056074766355140186,86.32478632478633,631.25,0.056074766355140186,-37.5,0.4688,1.0,0.525,0.06875,"Floor + prior bounce, but lower highs",+102% expected | 0.74 demand | 86% below high | 631% upside | -86% vs launch,"lower highs, 2P new low, unscored",2P is cheaper than current Steam but still above Steam's recorded low; wait for a stronger entry.,False,117.0,-86.32478632478633,108.0,-85.18518518518519,90.0,8,0.0,-1.36,0.0,62,232.41,6.67,16.44,-1.84,-2.63,-4.0,-0.025,0.1,0.0,222173.0,774265.0,10852.0,5169.0,0.001274,0.001807,147.36,0.22,91.96,161.82,0.001007,0.002589,1.0,0.25,,0.25,0.25,,,0.0,True,-56.25,-149.99999999999997,0.1,0.0252,,,0.8074534161490683,1.0,0.5488,0.06875,10.0,117.0,24.0,16.0,116,321.31,2026-06-05T01:14:16.782000,,,,,,,0,0,0,0,0.0,B8,24,6,1.0,"=IMAGE(""https://raw.githubusercontent.com/ByMykel/counter-strike-image-tracker/main/static/panorama/images/econ/stickers/cologne2026/sig_esenthial_foil_png.png"")",https://raw.githubusercontent.com/ByMykel/counter-strike-image-tracker/main/static/panorama/images/econ/stickers/cologne2026/sig_esenthial_foil_png.png,https://cs2tokens.com/iem-cologne-2026/items/sticker-esenthial-foil-cologne-2026,Sticker | esenthial (Foil) | Cologne 2026,https://steamcommunity.com/market/listings/730/Sticker%20%7C%20esenthial%20%28Foil%29%20%7C%20Cologne%202026,ok,10883.0,5316.0,12.0,iem-cologne-2026,campaign_12,sticker,Autograph,esenthial,B8,rarity_mythical,d8120a88ba19
64,65.6,P2,CHEAP HISTORY PUNT,kyxsan (Foil),Player,Foil,Falcons,51,0.5,51.0,0.5,Steam,False,0.0,Steam around $0.50,1-2 max,Very Cheap,Very Cheap,Low,6.0,0.6451,0.3751,0.6432,0.5082,0.4883,92.68627450980391,0.7724,92.68627450980391,0.7724,98.27,229.0,77.72925764192141,-13.725490196078427,0.1716,0.6842,0.0,0.0,0.65,0.0,0,1.0,0.5,77.72925764192141,349.01960784313724,0.03783783783783784,77.72925764192141,349.01960784313724,0.03783783783783784,-13.725490196078427,0.1716,1.0,0.5,0.64375,Neutral,+93% expected | 0.68 demand | 78% below high | 349% upside | -78% vs launch,"lower highs, 2P new low, unscored",2P is cheaper than current Steam but still above Steam's recorded low; wait for a stronger entry.,False,227.0,-77.5330396475771,219.67,-76.78335685346201,57.14,4,4.08,-0.96,3.04,60,232.41,8.51,20.99,-1.21,9.58,1.0,0.0062,0.0,0.0,121287.0,519484.0,7636.0,4482.0,0.000804,0.001567,1831.11,0.12,30.11,17.39,0.000627,0.002245,1.0,1.32,,1.32,1.32,,,0.0,True,-164.0,-206.0,0.1,0.0252,,,0.30434782608695654,1.0,0.2886,0.6375,44.0,229.0,105.0,49.33,116,321.31,2026-06-05T01:14:16.782000,,,,,,,0,0,0,0,0.0,Falcons,24,6,1.0,"=IMAGE(""https://community.akamai.steamstatic.com/economy/image/i0CoZ81Ui0m-9KwlBY1L_18myuGuq1wfhWSaZgMttyVfPaERSR0Wqmu7LAocGJai0ki7VeTHjMmuOXSQ61MnpNWipUruRiL6h47z_Cxk6f2nZOpsJamWX2PIwO136bE4G3_mxRt-62vUmNapIy6SZlQoW8ciQ-9Zt0LpjJS5YG3ZUZ7X"")",https://community.akamai.steamstatic.com/economy/image/i0CoZ81Ui0m-9KwlBY1L_18myuGuq1wfhWSaZgMttyVfPaERSR0Wqmu7LAocGJai0ki7VeTHjMmuOXSQ61MnpNWipUruRiL6h47z_Cxk6f2nZOpsJamWX2PIwO136bE4G3_mxRt-62vUmNapIy6SZlQoW8ciQ-9Zt0LpjJS5YG3ZUZ7X,https://cs2tokens.com/iem-cologne-2026/items/sticker-kyxsan-foil-cologne-2026,Sticker | kyxsan (Foil) | Cologne 2026,https://steamcommunity.com/market/listings/730/Sticker%20%7C%20kyxsan%20%28Foil%29%20%7C%20Cologne%202026,ok,10579.0,5316.0,12.0,iem-cologne-2026,campaign_12,sticker,Autograph,kyxsan,Falcons,rarity_mythical,d340d8fa2d21
65,65.1,P2,CHEAP HISTORY PUNT,Tauson (Foil),Player,Foil,GamerLegion,20,0.2,20.0,0.2,Steam,False,0.0,Steam around $0.20,1-2 max,Very Cheap,Very Cheap,High,6.0,0.7287,0.37,0.6425,0.5402,0.5837,125.59999999999998,1.0,125.59999999999998,1.0,45.12,126.0,84.12698412698413,-9.999999999999998,0.125,0.463,0.0,0.0,0.65,0.0,0,1.0,0.5188,84.12698412698413,530.0,0.018518518518518517,84.12698412698413,530.0,0.018518518518518517,-9.999999999999998,0.125,1.0,0.5188,0.15,"Floor + prior bounce, but lower highs",+126% expected | 0.46 demand | 84% below high | 530% upside | -84% vs launch,"High crowding, lower highs, 2P new low, unscored",2P is cheaper than current Steam but still above Steam's recorded low; wait for a stronger entry.,False,126.0,-84.12698412698413,118.0,-83.05084745762711,246.67,6,0.0,-0.78,0.0,62,232.41,5.26,12.98,-0.58,10.53,-3.0,-0.0188,0.075,0.0,291279.0,863567.0,21428.0,2675.0,0.001651,0.000935,51.07,-0.09,-3.79,3.81,0.001411,0.00134,1.0,0.59,,0.59,0.59,,,0.0,True,-194.99999999999997,-227.77777777777771,0.1,0.0252,,,0.8944099378881988,1.0,0.6485,0.15,18.0,126.0,40.5,20.0,116,321.31,2026-06-05T01:14:16.782000,,,,,,,0,0,0,0,0.0,GamerLegion,24,6,1.0,"=IMAGE(""https://community.akamai.steamstatic.com/economy/image/i0CoZ81Ui0m-9KwlBY1L_18myuGuq1wfhWSaZgMttyVfPaERSR0Wqmu7LAocGJai0ki7VeTHjMmuOXSQ61MnpNWipUruRiLln4Pz8ixk6f2nZOo0eKPFVzPEk-oj5rlqSXy3wUhw5ziDw436eC6WbFVzDsQmF-ELuhSxjJS5YNtXEwRu"")",https://community.akamai.steamstatic.com/economy/image/i0CoZ81Ui0m-9KwlBY1L_18myuGuq1wfhWSaZgMttyVfPaERSR0Wqmu7LAocGJai0ki7VeTHjMmuOXSQ61MnpNWipUruRiLln4Pz8ixk6f2nZOo0eKPFVzPEk-oj5rlqSXy3wUhw5ziDw436eC6WbFVzDsQmF-ELuhSxjJS5YNtXEwRu,https://cs2tokens.com/iem-cologne-2026/items/sticker-tauson-foil-cologne-2026,Sticker | Tauson (Foil) | Cologne 2026,https://steamcommunity.com/market/listings/730/Sticker%20%7C%20Tauson%20%28Foil%29%20%7C%20Cologne%202026,ok,10863.0,5316.0,12.0,iem-cologne-2026,campaign_12,sticker,Autograph,Tauson,GamerLegion,rarity_mythical,04a43de30b50
66,65.1,P2,CHEAP HISTORY PUNT,SunPayus (Foil),Player,Foil,G2 Esports,23,0.23,23.0,0.23,Steam,False,0.0,Steam around $0.23,1-2 max,Very Cheap,Very Cheap,Medium,6.0,0.6771,0.362,0.6329,0.5006,0.5436,88.04347826086956,0.7337,88.04347826086956,0.7337,43.25,145.0,84.13793103448276,-34.78260869565217,0.4348,0.7236,0.0,0.0,0.65,0.0,0,1.0,0.5188,84.13793103448276,530.4347826086956,0.06153846153846154,84.13793103448276,530.4347826086956,0.06153846153846154,-34.78260869565217,0.4348,1.0,0.5188,0.16875,"Floor + prior bounce, but lower highs",+88% expected | 0.72 demand | 84% below high | 530% upside | -84% vs launch,"lower highs, 2P new low, unscored",2P is cheaper than current Steam but still above Steam's recorded low; wait for a stronger entry.,False,145.0,-84.13793103448276,135.0,-82.96296296296296,92.59,3,4.55,-1.36,2.24,62,232.41,15.0,37.0,-2.04,14.54,-3.0,-0.0188,0.075,0.0,203539.0,765692.0,8483.0,4841.0,0.001278,0.001693,217.14,0.73,34.12,66.82,0.001,0.002425,1.0,0.32,,0.32,0.32,,,0.0,True,-39.13043478260869,-113.33333333333331,0.1,0.0252,,,0.7950310559006211,1.0,0.5047,0.16875,15.0,145.0,33.0,22.33,116,321.31,2026-06-05T01:14:16.782000,,,,,,,0,0,0,0,0.0,G2 Esports,24,6,1.0,"=IMAGE(""https://community.akamai.steamstatic.com/economy/image/i0CoZ81Ui0m-9KwlBY1L_18myuGuq1wfhWSaZgMttyVfPaERSR0Wqmu7LAocGJai0ki7VeTHjMmuOXSQ61MnpNWipUruRiLii5jw_DtO_M2oZ61hbqHAXDaUmbl36bJvSXy1wRh25TjUztv4cHnCZwAmXpN1FOcD50G9l9H5d7S1-cc1k7w"")",https://community.akamai.steamstatic.com/economy/image/i0CoZ81Ui0m-9KwlBY1L_18myuGuq1wfhWSaZgMttyVfPaERSR0Wqmu7LAocGJai0ki7VeTHjMmuOXSQ61MnpNWipUruRiLii5jw_DtO_M2oZ61hbqHAXDaUmbl36bJvSXy1wRh25TjUztv4cHnCZwAmXpN1FOcD50G9l9H5d7S1-cc1k7w,https://cs2tokens.com/iem-cologne-2026/items/sticker-sunpayus-foil-cologne-2026,Sticker | SunPayus (Foil) | Cologne 2026,https://steamcommunity.com/market/listings/730/Sticker%20%7C%20SunPayus%20%28Foil%29%20%7C%20Cologne%202026,ok,10767.0,5316.0,12.0,iem-cologne-2026,campaign_12,sticker,Autograph,SunPayus,G2 Esports,rarity_mythical,69ea7be08472
67,65.0,P2,CHEAP HISTORY PUNT,lauNX (Foil),Player,Foil,,25,0.25,25.0,0.25,Steam,False,0.0,Steam around $0.25,1-2 max,Very Cheap,Very Cheap,Low,6.0,0.675,0.3699,0.6354,0.5269,0.4402,96.12,0.801,96.12,0.801,49.03,158.0,84.17721518987342,-28.000000000000004,0.35,0.6099,0.0,0.0,0.65,0.0,0,1.0,0.5375,84.17721518987342,532.0,0.05,84.17721518987342,532.0,0.05,-28.000000000000004,0.35,1.0,0.5375,0.19375,Neutral,+96% expected | 0.61 demand | 84% below high | 532% upside | -84% vs launch,"lower highs, 2P new low, unscored",2P is cheaper than current Steam but still above Steam's recorded low; wait for a stronger entry.,False,158.0,-84.17721518987342,149.33,-83.25855487845712,38.89,3,0.0,-1.5,2.03,60,232.41,4.17,10.28,-2.38,-1.04,-6.0,-0.0375,0.15,0.0,115836.0,568653.0,7779.0,1344.0,0.000784,0.00047,-13.53,-0.26,112.74,164.37,0.000608,0.000673,1.0,0.39,,0.39,0.39,,,0.0,True,-56.00000000000001,-116.66666666666667,0.1,0.0252,,,0.4720496894409938,1.0,0.3199,0.19375,18.0,158.0,40.0,24.67,116,321.31,2026-06-05T01:14:16.782000,,,,,,,0,0,0,0,0.0,lauNX,4,1,0.25,"=IMAGE(""https://community.akamai.steamstatic.com/economy/image/i0CoZ81Ui0m-9KwlBY1L_18myuGuq1wfhWSaZgMttyVfPaERSR0Wqmu7LAocGJai0ki7VeTHjMmuOXSQ61MnpNWipUruRiL9n4Pu5R1d4PuiJqJsIaDBVjfFmewm5uVrTSi3kEsm42XVzNr8JXifaVUmCMd4Q7VYsBOm0oqww9WWm1M"")",https://community.akamai.steamstatic.com/economy/image/i0CoZ81Ui0m-9KwlBY1L_18myuGuq1wfhWSaZgMttyVfPaERSR0Wqmu7LAocGJai0ki7VeTHjMmuOXSQ61MnpNWipUruRiL9n4Pu5R1d4PuiJqJsIaDBVjfFmewm5uVrTSi3kEsm42XVzNr8JXifaVUmCMd4Q7VYsBOm0oqww9WWm1M,https://cs2tokens.com/iem-cologne-2026/items/sticker-launx-foil-cologne-2026,Sticker | lauNX (Foil) | Cologne 2026,https://steamcommunity.com/market/listings/730/Sticker%20%7C%20lauNX%20%28Foil%29%20%7C%20Cologne%202026,ok,10699.0,5316.0,12.0,iem-cologne-2026,campaign_12,sticker,Autograph,lauNX,,rarity_mythical,ad89784bfc38
68,64.9,P2,CHEAP HISTORY PUNT,biguzera (Foil),Player,Foil,paiN Gaming,13,0.13,13.0,0.13,Steam,False,0.0,Steam around $0.13,1-2 max,Very Cheap,Very Cheap,Medium,6.0,0.7307,0.3815,0.6427,0.5697,0.3926,150.0,1.0,150.0,1.0,32.5,129.0,89.92248062015504,-23.076923076923073,0.2885,0.4467,0.0901,0.0,0.65,0.0,0,1.0,0.5948,89.92248062015504,892.3076923076924,0.025210084033613446,89.92248062015504,892.3076923076924,0.025210084033613446,-23.076923076923073,0.2885,1.0,0.5948,0.00625,Demand rising while price soft,+150% expected | 0.45 demand | 90% below high | 892% upside | -90% vs launch,"lower highs, 2P new low, unscored",2P is cheaper than current Steam but still above Steam's recorded low; wait for a stronger entry.,False,129.0,-89.92248062015504,119.33,-89.1058409452778,40.0,8,0.0,-1.64,-3.75,62,232.41,-7.14,-17.62,-2.33,-5.24,-7.0,-0.0438,0.175,0.2041,126408.0,659370.0,8048.0,-1475.0,0.000905,0.000516,-30.63,0.22,8.95,17.48,0.000561,0.0,1.0,0.22,,0.22,0.22,,,0.0,True,-69.23076923076923,-120.0,0.1,0.0252,,,0.6894409937888198,1.0,0.4377,0.00625,10.0,129.0,23.5,13.33,116,321.31,2026-06-05T01:14:16.782000,,,,,,,0,0,0,0,0.0,paiN Gaming,24,6,1.0,"=IMAGE(""https://raw.githubusercontent.com/ByMykel/counter-strike-image-tracker/main/static/panorama/images/econ/stickers/cologne2026/sig_biguzera_foil_png.png"")",https://raw.githubusercontent.com/ByMykel/counter-strike-image-tracker/main/static/panorama/images/econ/stickers/cologne2026/sig_biguzera_foil_png.png,https://cs2tokens.com/iem-cologne-2026/items/sticker-biguzera-foil-cologne-2026,Sticker | biguzera (Foil) | Cologne 2026,https://steamcommunity.com/market/listings/730/Sticker%20%7C%20biguzera%20%28Foil%29%20%7C%20Cologne%202026,ok,10795.0,5316.0,12.0,iem-cologne-2026,campaign_12,sticker,Autograph,biguzera,paiN Gaming,rarity_mythical,b30123f02c97
69,64.9,P2,CHEAP HISTORY PUNT,dziugss (Foil),Player,Foil,,32,0.32,32.0,0.32,Steam,False,0.0,Steam around $0.32,1-2 max,Very Cheap,Very Cheap,Low,6.0,0.6604,0.3732,0.6073,0.5227,0.4535,58.18749999999999,0.4849,58.18749999999999,0.4849,50.62,152.0,78.94736842105263,0.0,0.0,0.6016,0.1494,0.0,0.65,0.0,0,1.0,0.6216,78.94736842105263,375.0,0.0,78.94736842105263,375.0,0.0,0.0,0.0,1.0,0.6216,0.35,Demand rising while price soft,+58% expected | 0.60 demand | 79% below high | 375% upside | -79% vs launch,"lower highs, unscored",2P is cheaper than current Steam but still above Steam's recorded low; wait for a stronger entry.,False,152.0,-78.94736842105263,141.67,-77.41229618126633,59.38,7,-3.03,-0.89,-1.53,62,232.41,-3.03,-7.47,-1.54,-6.03,-16.0,-0.1,0.4,0.0866,109882.0,490036.0,11217.0,-1882.0,0.000736,0.000658,15.61,-0.77,35.71,102.61,0.000549,0.0,2.0,100.9,0.4,0.4,100.9,25125.0,,1.0,False,-31431.250000000007,-31431.250000000007,0.0,0.036,100.9,,0.19875776397515527,1.0,0.2455,0.34375,32.0,152.0,36.5,32.67,116,321.31,2026-06-05T01:14:16.782000,,,,,,,0,0,0,0,0.0,dziugss,4,1,0.25,"=IMAGE(""https://community.akamai.steamstatic.com/economy/image/i0CoZ81Ui0m-9KwlBY1L_18myuGuq1wfhWSaZgMttyVfPaERSR0Wqmu7LAocGJai0ki7VeTHjMmuOXSQ61MnpNWipUruRiL1hJ_1-jFI0PShYagjI_TDVz-Ww-sl6bI4GCqxl0Rz4Wrdn9z6cC3EOgApDMdzE7QL4RG8m8qnab0mNFIh8g"")",https://community.akamai.steamstatic.com/economy/image/i0CoZ81Ui0m-9KwlBY1L_18myuGuq1wfhWSaZgMttyVfPaERSR0Wqmu7LAocGJai0ki7VeTHjMmuOXSQ61MnpNWipUruRiL1hJ_1-jFI0PShYagjI_TDVz-Ww-sl6bI4GCqxl0Rz4Wrdn9z6cC3EOgApDMdzE7QL4RG8m8qnab0mNFIh8g,https://cs2tokens.com/iem-cologne-2026/items/sticker-dziugss-foil-cologne-2026,Sticker | dziugss (Foil) | Cologne 2026,https://steamcommunity.com/market/listings/730/Sticker%20%7C%20dziugss%20%28Foil%29%20%7C%20Cologne%202026,ok,10711.0,5316.0,12.0,iem-cologne-2026,campaign_12,sticker,Autograph,dziugss,,rarity_mythical,8ac7f4b00ce1
70,64.9,P2,CHEAP HISTORY PUNT,LNZ,Player,Paper,MIBR,3,0.03,3.0,0.03,Steam,False,0.0,Steam around $0.03,1-2 max,Very Cheap,Very Cheap,Medium,6.0,0.7037,0.3584,0.6214,0.5172,0.5778,90.66666666666666,0.7556,90.66666666666666,0.7556,5.72,18.0,83.33333333333334,0.0,0.0,0.6002,0.0,0.0,0.65,0.0,0,1.0,0.5312,83.33333333333334,500.0,0.0,83.33333333333334,500.0,0.0,0.0,0.0,1.0,0.5312,0.24375,Demand rising while price soft,+91% expected | 0.60 demand | 83% below high | 500% upside | -83% vs launch,"lower highs, 2P new low, unscored",Cheap punt; prefer Steam around $0.03; small size is acceptable even before full scoring.,False,18.0,-83.33333333333334,17.0,-82.35294117647058,200.0,13,0.0,-1.0,0.0,65,232.42,0.0,0.0,-1.47,15.0,-5.0,-0.0312,0.125,0.0,105585.0,734145.0,16847.0,1757.0,0.001242,0.000614,-37.69,0.53,21.19,84.31,0.000621,0.00088,,,,,,,,,,,,0.1,0.0,,,0.8260869565217391,1.0,0.5818,0.24375,3.0,18.0,4.0,3.0,116,321.31,2026-06-05T01:14:16.782000,,,,,,,0,0,0,0,0.0,MIBR,24,6,1.0,"=IMAGE(""https://community.akamai.steamstatic.com/economy/image/i0CoZ81Ui0m-9KwlBY1L_18myuGuq1wfhWSaZgMttyVfPaERSR0Wqmu7LAocGJai0ki7VeTHjMmuOXSQ61MnpNWipUruRiL9kIyuqCdY7av5Ovw8cKnHWTOUlboi5bdoGn6ww0oj4TjdzNavcS_EOwQgWYwwG7CYV--riQ"")",https://community.akamai.steamstatic.com/economy/image/i0CoZ81Ui0m-9KwlBY1L_18myuGuq1wfhWSaZgMttyVfPaERSR0Wqmu7LAocGJai0ki7VeTHjMmuOXSQ61MnpNWipUruRiL9kIyuqCdY7av5Ovw8cKnHWTOUlboi5bdoGn6ww0oj4TjdzNavcS_EOwQgWYwwG7CYV--riQ,https://cs2tokens.com/iem-cologne-2026/items/sticker-lnz-cologne-2026,Sticker | LNZ | Cologne 2026,https://steamcommunity.com/market/listings/730/Sticker%20%7C%20LNZ%20%7C%20Cologne%202026,ok,10974.0,5316.0,12.0,iem-cologne-2026,campaign_12,sticker,Autograph,LNZ,MIBR,rarity_rare,e39085d40c20
71,64.8,P2,CHEAP HISTORY PUNT,max (Foil),Player,Foil,9z Team,30,0.3,30.0,0.3,Steam,False,0.0,Steam around $0.30,1-2 max,Very Cheap,Very Cheap,Low,6.0,0.6544,0.3732,0.6351,0.528,0.4463,93.26666666666665,0.7772,93.26666666666665,0.7772,57.98,145.0,79.3103448275862,-19.999999999999996,0.25,0.5256,0.0,0.0,0.65,0.0,0,1.0,0.5,79.3103448275862,383.3333333333333,0.049586776859504134,79.3103448275862,383.3333333333333,0.049586776859504134,-19.999999999999996,0.25,1.0,0.5,0.3,Neutral,+93% expected | 0.53 demand | 79% below high | 383% upside | -79% vs launch,"lower highs, unscored",2P is cheaper than current Steam but still above Steam's recorded low; wait for a stronger entry.,False,145.0,-79.3103448275862,139.33,-78.46838441111032,20.83,8,3.45,-1.28,3.45,60,232.41,15.38,37.95,-1.92,9.26,4.0,0.025,0.0,0.0,87826.0,489578.0,6514.0,6514.0,0.000727,0.002278,333.75,0.53,8.68,-85.33,0.000383,0.003263,2.0,1.48,0.58,0.58,1.48,155.17241379310346,,1.0,False,-393.3333333333333,-516.6666666666667,0.0,0.036,,1.48,0.19254658385093168,1.0,0.2269,0.29375,24.0,145.0,57.0,29.0,116,321.31,2026-06-05T01:14:16.782000,,,,,,,0,0,0,0,0.0,9z Team,24,6,1.0,"=IMAGE(""https://community.akamai.steamstatic.com/economy/image/i0CoZ81Ui0m-9KwlBY1L_18myuGuq1wfhWSaZgMttyVfPaERSR0Wqmu7LAocGJai0ki7VeTHjMmuOXSQ61MnpNWipUruRiL8n47f-y1S47yva6JudvXBDGPFxL4v6LQwS3zgwxgi5zvXztf4I33CaA9yWMcmQrFerFDmxVGCI_te"")",https://community.akamai.steamstatic.com/economy/image/i0CoZ81Ui0m-9KwlBY1L_18myuGuq1wfhWSaZgMttyVfPaERSR0Wqmu7LAocGJai0ki7VeTHjMmuOXSQ61MnpNWipUruRiL8n47f-y1S47yva6JudvXBDGPFxL4v6LQwS3zgwxgi5zvXztf4I33CaA9yWMcmQrFerFDmxVGCI_te,https://cs2tokens.com/iem-cologne-2026/items/sticker-max-foil-cologne-2026,Sticker | max (Foil) | Cologne 2026,https://steamcommunity.com/market/listings/730/Sticker%20%7C%20max%20%28Foil%29%20%7C%20Cologne%202026,ok,10835.0,5316.0,12.0,iem-cologne-2026,campaign_12,sticker,Autograph,max,9z Team,rarity_mythical,7a39d8f52ea5
72,64.7,P2,CHEAP HISTORY PUNT,saadzin,Player,Paper,Legacy,3,0.03,3.0,0.03,Steam,False,0.0,Steam around $0.03,1-2 max,Very Cheap,Very Cheap,Medium,6.0,0.7223,0.3691,0.6377,0.5729,0.4004,119.33333333333334,0.9944,119.33333333333334,0.9944,6.58,23.0,86.95652173913044,0.0,0.0,0.3886,0.0,0.0,0.65,0.0,0,1.0,0.5,86.95652173913044,666.6666666666667,0.0,86.95652173913044,666.6666666666667,0.0,0.0,0.0,1.0,0.5,0.08125,Neutral,+119% expected | 0.39 demand | 87% below high | 667% upside | -87% vs launch,"lower highs, 2P new low, unscored",Cheap punt; prefer Steam around $0.03; small size is acceptable even before full scoring.,False,23.0,-86.95652173913044,21.33,-85.93530239099859,50.0,11,0.0,-1.44,0.0,65,232.42,0.0,0.0,-2.1,0.0,2.0,0.0125,0.0,0.0,80113.0,595537.0,4957.0,1797.0,0.000794,0.000628,-35.99,-0.63,-3.21,-15.71,0.000378,0.0009,,,,,,,,,,,,0.1,0.0,,,0.5341614906832298,1.0,0.3551,0.08125,3.0,23.0,5.0,3.0,116,321.31,2026-06-05T01:14:16.782000,,,,,,,0,0,0,0,0.0,Legacy,24,6,1.0,"=IMAGE(""https://community.akamai.steamstatic.com/economy/image/i0CoZ81Ui0m-9KwlBY1L_18myuGuq1wfhWSaZgMttyVfPaERSR0Wqmu7LAocGJai0ki7VeTHjMmuOXSQ61MnpNWipUruRiLin5fk5ytVofCqOfw7JvbGD2TJmbpy4-RtGHzlwEkj6jnVmdz8IHvBaVMlDsF2QuMU8k7vT2Ikslw"")",https://community.akamai.steamstatic.com/economy/image/i0CoZ81Ui0m-9KwlBY1L_18myuGuq1wfhWSaZgMttyVfPaERSR0Wqmu7LAocGJai0ki7VeTHjMmuOXSQ61MnpNWipUruRiLin5fk5ytVofCqOfw7JvbGD2TJmbpy4-RtGHzlwEkj6jnVmdz8IHvBaVMlDsF2QuMU8k7vT2Ikslw,https://cs2tokens.com/iem-cologne-2026/items/sticker-saadzin-cologne-2026,Sticker | saadzin | Cologne 2026,https://steamcommunity.com/market/listings/730/Sticker%20%7C%20saadzin%20%7C%20Cologne%202026,ok,10786.0,5316.0,12.0,iem-cologne-2026,campaign_12,sticker,Autograph,saadzin,Legacy,rarity_rare,2bcfc85e0a54
73,64.6,P2,CHEAP HISTORY PUNT,stressarN,Player,Paper,,3,0.03,3.0,0.03,Steam,False,0.0,Steam around $0.03,1-2 max,Very Cheap,Very Cheap,Medium,6.0,0.7139,0.3717,0.6374,0.5609,0.4082,121.0,1.0,121.0,1.0,6.63,21.0,85.71428571428571,0.0,0.0,0.4429,0.0,0.0,0.65,0.0,0,1.0,0.525,85.71428571428571,600.0,0.0,85.71428571428571,600.0,0.0,0.0,0.0,1.0,0.525,0.25625,Neutral,+121% expected | 0.44 demand | 86% below high | 600% upside | -85% vs launch,"lower highs, 2P new low, unscored",Cheap punt; prefer Steam around $0.03; small size is acceptable even before full scoring.,False,20.0,-85.0,20.0,-85.0,50.0,13,0.0,-1.57,0.0,61,232.42,0.0,0.0,-2.56,0.0,-4.0,-0.025,0.1,0.0,86272.0,605009.0,5239.0,2555.0,0.000924,0.000893,21.88,-0.53,2.21,-67.64,0.000458,0.00128,,,,,,,,,,,,0.1,0.0,,,0.5714285714285714,1.0,0.4002,0.25625,3.0,21.0,5.0,3.0,116,321.31,2026-06-05T01:14:16.782000,,,,,,,0,0,0,0,0.0,stressarN,4,1,0.25,"=IMAGE(""https://community.akamai.steamstatic.com/economy/image/i0CoZ81Ui0m-9KwlBY1L_18myuGuq1wfhWSaZgMttyVfPaERSR0Wqmu7LAocGJai0ki7VeTHjMmuOXSQ61MnpNWipUruRiLiioTl7jFa_fzgOaI4eKPBWWbJwr4i5OM_Sirnxxt0sWrSz9v8JyiVbwUlXMFzELNZ5A74zIMtObu6Pg"")",https://community.akamai.steamstatic.com/economy/image/i0CoZ81Ui0m-9KwlBY1L_18myuGuq1wfhWSaZgMttyVfPaERSR0Wqmu7LAocGJai0ki7VeTHjMmuOXSQ61MnpNWipUruRiLiioTl7jFa_fzgOaI4eKPBWWbJwr4i5OM_Sirnxxt0sWrSz9v8JyiVbwUlXMFzELNZ5A74zIMtObu6Pg,https://cs2tokens.com/iem-cologne-2026/items/sticker-stressarn-cologne-2026,Sticker | stressarN | Cologne 2026,https://steamcommunity.com/market/listings/730/Sticker%20%7C%20stressarN%20%7C%20Cologne%202026,ok,11010.0,5316.0,12.0,iem-cologne-2026,campaign_12,sticker,Autograph,stressarN,,rarity_rare,bdbefe088fab
74,64.6,P2,CHEAP HISTORY PUNT,vexite,Player,Paper,Flyquest,3,0.03,3.0,0.03,Steam,False,0.0,Steam around $0.03,1-2 max,Very Cheap,Very Cheap,Medium,6.0,0.686,0.3619,0.6217,0.5276,0.4779,94.33333333333334,0.7861,94.33333333333334,0.7861,5.83,16.0,81.25,0.0,0.0,0.5851,0.0,0.0,0.65,0.0,0,1.0,0.5312,81.25,433.3333333333333,0.0,81.25,433.3333333333333,0.0,0.0,0.0,1.0,0.5312,0.31875,Demand rising while price soft,+94% expected | 0.59 demand | 81% below high | 433% upside | -81% vs launch,"lower highs, 2P new low, unscored",Cheap punt; prefer Steam around $0.03; small size is acceptable even before full scoring.,False,16.0,-81.25,15.0,-80.0,75.0,11,0.0,-1.0,0.0,65,232.42,0.0,0.0,-1.46,15.0,-5.0,-0.0312,0.125,0.0,128878.0,569595.0,12407.0,2628.0,0.001054,0.000919,3.26,-0.18,21.31,-67.07,0.000581,0.001316,,,,,,,,,,,,0.1,0.0,,,0.43478260869565216,1.0,0.4262,0.31875,3.0,16.0,5.0,3.0,116,321.31,2026-06-05T01:14:16.782000,,,,,,,0,0,0,0,0.0,Flyquest,24,6,1.0,"=IMAGE(""https://community.akamai.steamstatic.com/economy/image/i0CoZ81Ui0m-9KwlBY1L_18myuGuq1wfhWSaZgMttyVfPaERSR0Wqmu7LAocGJai0ki7VeTHjMmuOXSQ61MnpNWipUruRiLnm47p6ScVv6T4PfY8dfWSDD-SmLsn6LhrGHHhwkp14juHz4n7d3qTalJzWMZ1EflK7EcpUPxo-w"")",https://community.akamai.steamstatic.com/economy/image/i0CoZ81Ui0m-9KwlBY1L_18myuGuq1wfhWSaZgMttyVfPaERSR0Wqmu7LAocGJai0ki7VeTHjMmuOXSQ61MnpNWipUruRiLnm47p6ScVv6T4PfY8dfWSDD-SmLsn6LhrGHHhwkp14juHz4n7d3qTalJzWMZ1EflK7EcpUPxo-w,https://cs2tokens.com/iem-cologne-2026/items/sticker-vexite-cologne-2026,Sticker | vexite | Cologne 2026,https://steamcommunity.com/market/listings/730/Sticker%20%7C%20vexite%20%7C%20Cologne%202026,ok,11162.0,5316.0,12.0,iem-cologne-2026,campaign_12,sticker,Autograph,vexite,Flyquest,rarity_rare,c9af532b8020
75,64.6,P2,CHEAP HISTORY PUNT,yuurih (Foil),Player,Foil,FURIA,26,0.26,26.0,0.26,Steam,False,0.0,Steam around $0.26,1-2 max,Very Cheap,Very Cheap,Medium,6.0,0.6714,0.3597,0.6299,0.5048,0.4747,91.46153846153847,0.7622,91.46153846153847,0.7622,49.78,154.0,83.11688311688312,-34.61538461538461,0.4327,0.7453,0.0,0.0,0.65,0.0,0,1.0,0.5125,83.11688311688312,492.3076923076923,0.06569343065693431,83.11688311688312,492.3076923076923,0.06569343065693431,-34.61538461538461,0.4327,1.0,0.5125,0.20625,Neutral,+91% expected | 0.75 demand | 83% below high | 492% upside | -83% vs launch,"lower highs, 2P new low, unscored",2P is cheaper than current Steam but still above Steam's recorded low; wait for a stronger entry.,False,154.0,-83.11688311688312,143.67,-81.90297208881464,57.89,7,4.0,-1.24,1.97,60,232.41,8.33,20.55,-1.73,2.8,-2.0,-0.0125,0.05,0.0,177224.0,668134.0,7754.0,6260.0,0.001034,0.002189,249.56,0.48,46.84,74.49,0.000815,0.003135,1.0,0.58,,0.58,0.58,,,0.0,True,-123.07692307692307,-241.17647058823525,0.1,0.0252,,,0.7080745341614907,1.0,0.4678,0.20625,17.0,154.0,44.0,25.33,116,321.31,2026-06-05T01:14:16.782000,,,,,,,0,0,0,0,0.0,FURIA,24,6,1.0,"=IMAGE(""https://community.akamai.steamstatic.com/economy/image/i0CoZ81Ui0m-9KwlBY1L_18myuGuq1wfhWSaZgMttyVfPaERSR0Wqmu7LAocGJai0ki7VeTHjMmuOXSQ61MnpNWipUruRiLoi4Py9Cpk6f2nZOo0d6GXCmHAlLwn57Q_HXHqzEght2-Gy939IijGbw4oXJUiROQOsUbrjJS5YBOKuNhm"")",https://community.akamai.steamstatic.com/economy/image/i0CoZ81Ui0m-9KwlBY1L_18myuGuq1wfhWSaZgMttyVfPaERSR0Wqmu7LAocGJai0ki7VeTHjMmuOXSQ61MnpNWipUruRiLoi4Py9Cpk6f2nZOo0d6GXCmHAlLwn57Q_HXHqzEght2-Gy939IijGbw4oXJUiROQOsUbrjJS5YBOKuNhm,https://cs2tokens.com/iem-cologne-2026/items/sticker-yuurih-foil-cologne-2026,Sticker | yuurih (Foil) | Cologne 2026,https://steamcommunity.com/market/listings/730/Sticker%20%7C%20yuurih%20%28Foil%29%20%7C%20Cologne%202026,ok,10671.0,5316.0,12.0,iem-cologne-2026,campaign_12,sticker,Autograph,yuurih,FURIA,rarity_mythical,8c66efd5d22e
76,64.4,P2,CHEAP HISTORY PUNT,luchov,Player,Paper,9z Team,3,0.03,3.0,0.03,Steam,False,0.0,Steam around $0.03,1-2 max,Very Cheap,Very Cheap,Low,6.0,0.72,0.3717,0.6358,0.5739,0.3522,172.00000000000003,1.0,172.00000000000003,1.0,8.16,27.0,88.88888888888889,0.0,0.0,0.3748,0.0,0.0,0.65,0.0,0,1.0,0.5312,88.88888888888889,800.0,0.0,88.88888888888889,800.0,0.0,0.0,0.0,1.0,0.5312,0.15,Neutral,+172% expected | 0.37 demand | 89% below high | 800% upside | -88% vs launch,"lower highs, 2P new low, unscored",Cheap punt; prefer Steam around $0.03; small size is acceptable even before full scoring.,False,26.0,-88.46153846153845,26.0,-88.46153846153845,3.85,14,0.0,-1.87,0.0,61,232.42,0.0,0.0,-2.85,0.0,-5.0,-0.0312,0.125,0.0,50757.0,571090.0,3117.0,1451.0,0.000831,0.000507,-39.31,-0.45,-11.09,30.86,0.000251,0.000727,,,,,,,,,,,,0.1,0.0,,,0.4409937888198758,1.0,0.2991,0.15,3.0,27.0,6.0,3.0,116,321.31,2026-06-05T01:14:16.782000,,,,,,,0,0,0,0,0.0,9z Team,24,6,1.0,"=IMAGE(""https://community.akamai.steamstatic.com/economy/image/i0CoZ81Ui0m-9KwlBY1L_18myuGuq1wfhWSaZgMttyVfPaERSR0Wqmu7LAocGJai0ki7VeTHjMmuOXSQ61MnpNWipUruRiL9i5Xo8jQV6qf-bPc6d_bCWWPBmLsj5uc9F3jjw01-4TzQzNz6dn6VZlQiXJFwRPlK7EeZc_3inQ"")",https://community.akamai.steamstatic.com/economy/image/i0CoZ81Ui0m-9KwlBY1L_18myuGuq1wfhWSaZgMttyVfPaERSR0Wqmu7LAocGJai0ki7VeTHjMmuOXSQ61MnpNWipUruRiL9i5Xo8jQV6qf-bPc6d_bCWWPBmLsj5uc9F3jjw01-4TzQzNz6dn6VZlQiXJFwRPlK7EeZc_3inQ,https://cs2tokens.com/iem-cologne-2026/items/sticker-luchov-cologne-2026,Sticker | luchov | Cologne 2026,https://steamcommunity.com/market/listings/730/Sticker%20%7C%20luchov%20%7C%20Cologne%202026,ok,10846.0,5316.0,12.0,iem-cologne-2026,campaign_12,sticker,Autograph,luchov,9z Team,rarity_rare,d32ebb85287f
77,64.4,P2,CHEAP HISTORY PUNT,woxic,Player,Paper,Aurora,4,0.04,4.0,0.04,Steam,False,0.0,Steam around $0.04,1-2 max,Very Cheap,Very Cheap,Low,6.0,0.6718,0.3705,0.6398,0.5246,0.4064,110.99999999999999,0.925,110.99999999999999,0.925,8.44,28.0,85.71428571428571,-25.0,0.3125,0.5779,0.0,0.0,0.65,0.0,0,1.0,0.5188,85.71428571428571,600.0,0.04,85.71428571428571,600.0,0.04,-25.0,0.3125,1.0,0.5188,0.3625,Demand rising while price soft,+111% expected | 0.58 demand | 86% below high | 600% upside | -86% vs launch,"lower highs, 2P new low, unscored",Cheap punt; prefer Steam around $0.04; small size is acceptable even before full scoring.,False,28.0,-85.71428571428572,26.67,-85.00187476565429,33.33,12,0.0,-1.64,0.0,61,232.42,0.0,0.0,-2.66,-13.64,-3.0,-0.0187,0.075,0.0,83948.0,558328.0,8308.0,492.0,0.000769,0.000172,-80.65,-0.3,43.94,37.67,0.000372,0.000246,,,,,,,,,,,,0.1,0.0,,,0.39751552795031053,1.0,0.3403,0.3625,3.0,28.0,6.0,4.0,116,321.31,2026-06-05T01:14:16.782000,,,,,,,0,0,0,0,0.0,Aurora,24,6,1.0,"=IMAGE(""https://community.akamai.steamstatic.com/economy/image/i0CoZ81Ui0m-9KwlBY1L_18myuGuq1wfhWSaZgMttyVfPaERSR0Wqmu7LAocGJai0ki7VeTHjMmuOXSQ61MnpNWipUruRiLmkY7p_mxZv_D7Mf1oIanBW2XFlup06bQ-GSrkkEsi4WuDmNz8IC7EbQQgDZFwW6dU5YjHbnsm"")",https://community.akamai.steamstatic.com/economy/image/i0CoZ81Ui0m-9KwlBY1L_18myuGuq1wfhWSaZgMttyVfPaERSR0Wqmu7LAocGJai0ki7VeTHjMmuOXSQ61MnpNWipUruRiLmkY7p_mxZv_D7Mf1oIanBW2XFlup06bQ-GSrkkEsi4WuDmNz8IC7EbQQgDZFwW6dU5YjHbnsm,https://cs2tokens.com/iem-cologne-2026/items/sticker-woxic-cologne-2026,Sticker | woxic | Cologne 2026,https://steamcommunity.com/market/listings/730/Sticker%20%7C%20woxic%20%7C%20Cologne%202026,ok,10650.0,5316.0,12.0,iem-cologne-2026,campaign_12,sticker,Autograph,woxic,Aurora,rarity_rare,7cb6ac892039
78,64.4,P2,CHEAP HISTORY PUNT,Heavygod (Foil),Player,Foil,G2 Esports,27,0.27,27.0,0.27,Steam,False,0.0,Steam around $0.27,1-2 max,Very Cheap,Very Cheap,Medium,6.0,0.6519,0.3535,0.6244,0.4804,0.5536,81.88888888888887,0.6824,81.88888888888887,0.6824,49.11,148.0,81.75675675675676,-37.03703703703704,0.463,0.7242,0.0,0.0,0.65,0.0,0,1.0,0.5,81.75675675675676,448.1481481481482,0.07633587786259542,81.75675675675676,448.1481481481482,0.07633587786259542,-37.03703703703704,0.463,1.0,0.5,0.225,Neutral,+82% expected | 0.72 demand | 82% below high | 448% upside | -82% vs launch,"lower highs, 2P new low, unscored",2P is cheaper than current Steam but still above Steam's recorded low; wait for a stronger entry.,False,146.0,-81.5068493150685,139.67,-80.6687191236486,52.94,9,3.85,-1.44,5.84,60,232.41,28.57,70.47,-2.17,25.96,4.0,0.025,0.0,0.0,142730.0,605854.0,11586.0,11586.0,0.00094,0.004051,626.6,1.23,23.56,31.22,0.000651,0.005803,1.0,100.0,,100.0,100.0,,,0.0,True,-36937.03703703704,-58723.5294117647,0.1,0.0252,120.06,,0.577639751552795,1.0,0.4652,0.225,17.0,148.0,42.5,25.67,116,321.31,2026-06-05T01:14:16.782000,,,,,,,0,0,0,0,0.0,G2 Esports,24,6,1.0,"=IMAGE(""https://community.akamai.steamstatic.com/economy/image/i0CoZ81Ui0m-9KwlBY1L_18myuGuq1wfhWSaZgMttyVfPaERSR0Wqmu7LAocGJai0ki7VeTHjMmuOXSQ61MnpNWipUruRiL5m5f25CVU682oZ61hbqfHVmPGmO0uteJrTnuwkR5-tT7cwtqgJHiebwF2X5smTecMt0HskND5d7S147IRp8U"")",https://community.akamai.steamstatic.com/economy/image/i0CoZ81Ui0m-9KwlBY1L_18myuGuq1wfhWSaZgMttyVfPaERSR0Wqmu7LAocGJai0ki7VeTHjMmuOXSQ61MnpNWipUruRiL5m5f25CVU682oZ61hbqfHVmPGmO0uteJrTnuwkR5-tT7cwtqgJHiebwF2X5smTecMt0HskND5d7S147IRp8U,https://cs2tokens.com/iem-cologne-2026/items/sticker-heavygod-foil-cologne-2026,Sticker | Heavygod (Foil) | Cologne 2026,https://steamcommunity.com/market/listings/730/Sticker%20%7C%20Heavygod%20%28Foil%29%20%7C%20Cologne%202026,ok,10759.0,5316.0,12.0,iem-cologne-2026,campaign_12,sticker,Autograph,Heavygod,G2 Esports,rarity_mythical,1b517ac4fb4e
79,64.4,P2,CHEAP HISTORY PUNT,mzinho (Foil),Player,Foil,The MongolZ,62,0.61,62.0,0.61,Steam,False,0.0,Steam around $0.61,1-2 max,Very Cheap,Very Cheap,Low,6.0,0.5915,0.3638,0.6255,0.4785,0.4681,78.11290322580646,0.6509,78.11290322580646,0.6509,110.43,225.0,72.44444444444444,-22.580645161290324,0.2823,0.7214,0.0,0.0,0.65,0.0,0,1.0,0.5125,72.44444444444444,262.9032258064516,0.07909604519774012,72.44444444444444,262.9032258064516,0.07909604519774012,-22.580645161290324,0.2823,1.0,0.5125,0.7,Neutral,+78% expected | 0.72 demand | 72% below high | 263% upside | -72% vs launch,"lower highs, 2P new low, unscored",2P is cheaper than current Steam but still above Steam's recorded low; wait for a stronger entry.,False,222.0,-72.07207207207207,219.0,-71.68949771689498,35.78,6,3.33,-0.95,2.49,60,232.41,10.71,26.43,-1.19,8.69,-2.0,-0.0125,0.05,0.0,114841.0,453013.0,5528.0,4724.0,0.000682,0.001652,19023.75,0.79,49.81,86.46,0.00054,0.002366,1.0,1.48,,1.48,1.48,,,0.0,True,-142.62295081967213,-213.38797814207652,0.1,0.0252,7.77,1.48,0.09937888198757763,1.0,0.1641,0.6875,48.0,225.0,120.0,60.33,116,321.31,2026-06-05T01:14:16.782000,,,,,,,0,0,0,0,0.0,The MongolZ,24,6,1.0,"=IMAGE(""https://community.akamai.steamstatic.com/economy/image/i0CoZ81Ui0m-9KwlBY1L_18myuGuq1wfhWSaZgMttyVfPaERSR0Wqmu7LAocGJai0ki7VeTHjMmuOXSQ61MnpNWipUruRiL8hJ_u9S1k6f2nZOpvJKGXC2TJmb506OBoHny2xRx_tW-Bwtupd3iTaQBxDcF3R7VftELrjJS5YIFO6kW8"")",https://community.akamai.steamstatic.com/economy/image/i0CoZ81Ui0m-9KwlBY1L_18myuGuq1wfhWSaZgMttyVfPaERSR0Wqmu7LAocGJai0ki7VeTHjMmuOXSQ61MnpNWipUruRiL8hJ_u9S1k6f2nZOpvJKGXC2TJmb506OBoHny2xRx_tW-Bwtupd3iTaQBxDcF3R7VftELrjJS5YIFO6kW8,https://cs2tokens.com/iem-cologne-2026/items/sticker-mzinho-foil-cologne-2026,Sticker | mzinho (Foil) | Cologne 2026,https://steamcommunity.com/market/listings/730/Sticker%20%7C%20mzinho%20%28Foil%29%20%7C%20Cologne%202026,ok,10607.0,5316.0,12.0,iem-cologne-2026,campaign_12,sticker,Autograph,mzinho,The MongolZ,rarity_mythical,ab0614d0f56d
80,64.2,P2,CHEAP HISTORY PUNT,Tauson,Player,Paper,GamerLegion,3,0.03,3.0,0.03,Steam,False,0.0,Steam around $0.03,1-2 max,Very Cheap,Very Cheap,Medium,6.0,0.712,0.3605,0.627,0.5502,0.4163,108.99999999999999,0.9083,108.99999999999999,0.9083,6.27,22.0,86.36363636363636,0.0,0.0,0.4698,0.0,0.0,0.65,0.0,0,1.0,0.5,86.36363636363636,633.3333333333333,0.0,86.36363636363636,633.3333333333333,0.0,0.0,0.0,1.0,0.5,0.1625,Neutral,+109% expected | 0.47 demand | 86% below high | 633% upside | -86% vs launch,"lower highs, 2P new low, unscored",Cheap punt; prefer Steam around $0.03; small size is acceptable even before full scoring.,False,22.0,-86.36363636363636,20.67,-85.48621190130625,50.0,11,0.0,-1.42,0.0,65,232.42,0.0,0.0,-2.13,0.0,2.0,0.0125,0.0,0.0,102868.0,625773.0,6284.0,777.0,0.000922,0.000272,-71.49,-0.59,7.89,62.93,0.000564,0.000389,,,,,,,,,,,,0.1,0.0,,,0.6273291925465838,1.0,0.4047,0.1625,3.0,22.0,4.0,3.0,116,321.31,2026-06-05T01:14:16.782000,,,,,,,0,0,0,0,0.0,GamerLegion,24,6,1.0,"=IMAGE(""https://community.akamai.steamstatic.com/economy/image/i0CoZ81Ui0m-9KwlBY1L_18myuGuq1wfhWSaZgMttyVfPaERSR0Wqmu7LAocGJai0ki7VeTHjMmuOXSQ61MnpNWipUruRiLln4Pz8iwV7aarMaE4IaWXCj7FlOoksbM-F3u3xkQl4DmDy96hJHmQOwR0WJV5FvlK7EdYLqmrFQ"")",https://community.akamai.steamstatic.com/economy/image/i0CoZ81Ui0m-9KwlBY1L_18myuGuq1wfhWSaZgMttyVfPaERSR0Wqmu7LAocGJai0ki7VeTHjMmuOXSQ61MnpNWipUruRiLln4Pz8iwV7aarMaE4IaWXCj7FlOoksbM-F3u3xkQl4DmDy96hJHmQOwR0WJV5FvlK7EdYLqmrFQ,https://cs2tokens.com/iem-cologne-2026/items/sticker-tauson-cologne-2026,Sticker | Tauson | Cologne 2026,https://steamcommunity.com/market/listings/730/Sticker%20%7C%20Tauson%20%7C%20Cologne%202026,ok,10862.0,5316.0,12.0,iem-cologne-2026,campaign_12,sticker,Autograph,Tauson,GamerLegion,rarity_rare,3a6f926123a0
81,64.0,P2,CHEAP HISTORY PUNT,kyxsan,Player,Paper,Falcons,6,0.06,6.0,0.06,Steam,False,0.0,Steam around $0.06,1-2 max,Very Cheap,Very Cheap,Low,6.0,0.6638,0.3651,0.6303,0.507,0.439,105.00000000000003,0.875,105.00000000000003,0.875,12.3,35.0,82.85714285714286,0.0,0.0,0.5473,0.0,0.0,0.65,0.0,0,1.0,0.5,82.85714285714286,483.3333333333333,0.0,82.85714285714286,483.3333333333333,0.0,0.0,0.0,1.0,0.5,0.70625,Demand rising while price soft,+105% expected | 0.55 demand | 83% below high | 483% upside | -83% vs launch,"lower highs, 2P new low, unscored",Cheap punt; prefer Steam around $0.06; small size is acceptable even before full scoring.,False,35.0,-82.85714285714285,34.33,-82.52257500728226,66.67,15,0.0,-1.27,0.0,61,232.42,0.0,0.0,-2.09,0.0,2.0,0.0125,0.0,0.0,110810.0,582631.0,5001.0,1346.0,0.000942,0.000471,-0.43,-0.11,14.48,59.48,0.000594,0.000674,,,,,,,,,,,,0.1,0.0,,,0.5093167701863354,1.0,0.3429,0.70625,6.0,35.0,10.0,6.0,116,321.31,2026-06-05T01:14:16.782000,,,,,,,0,0,0,0,0.0,Falcons,24,6,1.0,"=IMAGE(""https://community.akamai.steamstatic.com/economy/image/i0CoZ81Ui0m-9KwlBY1L_18myuGuq1wfhWSaZgMttyVfPaERSR0Wqmu7LAocGJai0ki7VeTHjMmuOXSQ61MnpNWipUruRiL6h47z_CwVuvaqaqA1JaTEDDWSmLsktLM6FnqwxU8lt2yGmNyrIHOUOgVyD8YkQ_lK7EesjvrOOQ"")",https://community.akamai.steamstatic.com/economy/image/i0CoZ81Ui0m-9KwlBY1L_18myuGuq1wfhWSaZgMttyVfPaERSR0Wqmu7LAocGJai0ki7VeTHjMmuOXSQ61MnpNWipUruRiL6h47z_CwVuvaqaqA1JaTEDDWSmLsktLM6FnqwxU8lt2yGmNyrIHOUOgVyD8YkQ_lK7EesjvrOOQ,https://cs2tokens.com/iem-cologne-2026/items/sticker-kyxsan-cologne-2026,Sticker | kyxsan | Cologne 2026,https://steamcommunity.com/market/listings/730/Sticker%20%7C%20kyxsan%20%7C%20Cologne%202026,ok,10578.0,5316.0,12.0,iem-cologne-2026,campaign_12,sticker,Autograph,kyxsan,Falcons,rarity_rare,1a7d7ad13a59
82,63.9,P2,CHEAP HISTORY PUNT,YEKINDAR,Player,Paper,FURIA,6,0.06,6.0,0.06,Steam,False,0.0,Steam around $0.06,1-2 max,Very Cheap,Very Cheap,Low,6.0,0.6133,0.3578,0.6219,0.466,0.5096,80.5,0.6708,80.5,0.6708,10.83,29.0,79.3103448275862,-16.666666666666664,0.2083,0.667,0.0,0.0,0.65,0.0,0,1.0,0.5,79.3103448275862,383.3333333333333,0.041666666666666664,79.3103448275862,383.3333333333333,0.041666666666666664,-16.666666666666664,0.2083,1.0,0.5,0.71875,Neutral,+80% expected | 0.67 demand | 79% below high | 383% upside | -79% vs launch,"lower highs, 2P new low, unscored",Cheap punt; prefer Steam around $0.06; small size is acceptable even before full scoring.,False,29.0,-79.3103448275862,28.67,-79.07220090687129,50.0,14,0.0,-1.28,0.0,61,232.42,20.0,49.33,-2.09,9.38,12.0,0.075,0.0,0.0,95888.0,553667.0,3986.0,2673.0,0.000836,0.000935,17.49,0.14,26.65,22.81,0.000494,0.001339,,,,,,,,,,,,0.1,0.0,,,0.36645962732919257,1.0,0.2732,0.71875,5.0,29.0,9.0,6.0,116,321.31,2026-06-05T01:14:16.782000,,,,,,,0,0,0,0,0.0,FURIA,24,6,1.0,"=IMAGE(""https://community.akamai.steamstatic.com/economy/image/i0CoZ81Ui0m-9KwlBY1L_18myuGuq1wfhWSaZgMttyVfPaERSR0Wqmu7LAocGJai0ki7VeTHjMmuOXSQ61MnpNWipUruRiLom53p8yZa_bz7OPdrJaiVWGGWw-xwtrBtHX_hwUohtzyGztipeCiXbVV1XJByR-ZcrFDmxYBAYuil"")",https://community.akamai.steamstatic.com/economy/image/i0CoZ81Ui0m-9KwlBY1L_18myuGuq1wfhWSaZgMttyVfPaERSR0Wqmu7LAocGJai0ki7VeTHjMmuOXSQ61MnpNWipUruRiLom53p8yZa_bz7OPdrJaiVWGGWw-xwtrBtHX_hwUohtzyGztipeCiXbVV1XJByR-ZcrFDmxYBAYuil,https://cs2tokens.com/iem-cologne-2026/items/sticker-yekindar-cologne-2026,Sticker | YEKINDAR | Cologne 2026,https://steamcommunity.com/market/listings/730/Sticker%20%7C%20YEKINDAR%20%7C%20Cologne%202026,ok,10654.0,5316.0,12.0,iem-cologne-2026,campaign_12,sticker,Autograph,YEKINDAR,FURIA,rarity_rare,35bd1646d728
83,63.8,P2,CHEAP HISTORY PUNT,Spinx,Player,Paper,MOUZ,3,0.03,3.0,0.03,Steam,False,0.0,Steam around $0.03,1-2 max,Very Cheap,Very Cheap,Low,6.0,0.7112,0.382,0.5955,0.5927,0.34,142.66666666666669,1.0,142.66666666666669,1.0,7.28,26.0,88.46153846153845,0.0,0.0,0.2746,0.0,0.4106,0.65,0.0,0,1.0,0.9286,88.46153846153845,766.6666666666666,0.0,88.46153846153845,766.6666666666666,0.0,0.0,0.0,1.0,0.9286,0.01875,Falling / demand weak,+143% expected | 0.27 demand | 88% below high | 767% upside | -88% vs launch,"lower highs, 2P new low, unscored",Cheap punt; prefer Steam around $0.03; small size is acceptable even before full scoring.,False,26.0,-88.46153846153845,24.33,-87.66954377311961,20.0,9,-25.0,-1.37,-13.64,61,232.42,-25.0,-61.66,-2.3,-13.64,-54.0,-0.3375,1.0,0.7143,62193.0,527690.0,3572.0,-2160.0,0.000733,0.000755,-19.78,-0.33,-14.37,-14.26,0.000422,0.0,,,,,,,,,,,,0.1,0.0,,,0.2608695652173913,1.0,0.228,0.01875,3.0,26.0,5.0,3.67,116,321.31,2026-06-05T01:14:16.782000,,,,,,,0,0,0,0,0.0,MOUZ,24,6,1.0,"=IMAGE(""https://community.akamai.steamstatic.com/economy/image/i0CoZ81Ui0m-9KwlBY1L_18myuGuq1wfhWSaZgMttyVfPaERSR0Wqmu7LAocGJai0ki7VeTHjMmuOXSQ61MnpNWipUruRiLijp_u5WwDvaP2OfI_cfGQXWPJx-t06LI-G3rgkxlz5zjXmI6ucnPFP1IpWJRwW6dU5SkEsvTm"")",https://community.akamai.steamstatic.com/economy/image/i0CoZ81Ui0m-9KwlBY1L_18myuGuq1wfhWSaZgMttyVfPaERSR0Wqmu7LAocGJai0ki7VeTHjMmuOXSQ61MnpNWipUruRiLijp_u5WwDvaP2OfI_cfGQXWPJx-t06LI-G3rgkxlz5zjXmI6ucnPFP1IpWJRwW6dU5SkEsvTm,https://cs2tokens.com/iem-cologne-2026/items/sticker-spinx-cologne-2026,Sticker | Spinx | Cologne 2026,https://steamcommunity.com/market/listings/730/Sticker%20%7C%20Spinx%20%7C%20Cologne%202026,ok,10682.0,5316.0,12.0,iem-cologne-2026,campaign_12,sticker,Autograph,Spinx,MOUZ,rarity_rare,1470604af2ed
84,63.8,P2,CHEAP HISTORY PUNT,AZUWU (Foil),Player,Foil,Monte,33,0.33,33.0,0.33,Steam,False,0.0,Steam around $0.33,1-2 max,Very Cheap,Very Cheap,High,6.0,0.7319,0.3617,0.6335,0.5073,0.5901,130.45454545454547,1.0,130.45454545454547,1.0,76.05,320.0,89.6875,-9.090909090909093,0.1136,0.4637,0.0,0.0,0.65,0.0,0,1.0,0.5312,89.6875,869.6969696969697,0.010344827586206896,89.6875,869.6969696969697,0.010344827586206896,-9.090909090909093,0.1136,1.0,0.5312,0.375,"Floor + prior bounce, but lower highs",+130% expected | 0.46 demand | 90% below high | 870% upside | -78% vs launch,"High crowding, lower highs, 2P new low, unscored",2P is cheaper than current Steam but still above Steam's recorded low; wait for a stronger entry.,False,152.0,-78.28947368421053,145.33,-77.29305718021055,700.0,5,0.0,-0.34,0.0,60,232.41,3.12,7.71,0.94,14.02,-5.0,-0.0312,0.125,0.0,499138.0,1152113.0,48249.0,1109.0,0.002539,0.000388,24.6,-0.47,-1.92,29.14,0.002394,0.000555,1.0,1.5,,1.5,1.5,,,0.0,True,-354.5454545454545,-400.0,0.1,0.0252,1.89,,0.968944099378882,1.0,0.7424,0.36875,30.0,320.0,79.0,33.0,116,321.31,2026-06-05T01:14:16.782000,,,,,,,0,0,0,0,0.0,Monte,24,6,1.0,"=IMAGE(""https://community.akamai.steamstatic.com/economy/image/i0CoZ81Ui0m-9KwlBY1L_18myuGuq1wfhWSaZgMttyVfPaERSR0Wqmu7LAocGJai0ki7VeTHjMmuOXSQ61MnpNWipUruRiLwhIP36B1d4PuiJvU_cfbEDzfEwrYg47NqGXnixkQh4G7cwo78eXnDbVQgWcR0FuIIsBGm0oqw7ufCHTU"")",https://community.akamai.steamstatic.com/economy/image/i0CoZ81Ui0m-9KwlBY1L_18myuGuq1wfhWSaZgMttyVfPaERSR0Wqmu7LAocGJai0ki7VeTHjMmuOXSQ61MnpNWipUruRiLwhIP36B1d4PuiJvU_cfbEDzfEwrYg47NqGXnixkQh4G7cwo78eXnDbVQgWcR0FuIIsBGm0oqw7ufCHTU,https://cs2tokens.com/iem-cologne-2026/items/sticker-azuwu-foil-cologne-2026,Sticker | AZUWU (Foil) | Cologne 2026,https://steamcommunity.com/market/listings/730/Sticker%20%7C%20AZUWU%20%28Foil%29%20%7C%20Cologne%202026,ok,10831.0,5316.0,12.0,iem-cologne-2026,campaign_12,sticker,Autograph,AZUWU,Monte,rarity_mythical,a2e2ed4f17e5
85,63.5,P2,CHEAP HISTORY PUNT,cobra,Player,Paper,The MongolZ,4,0.04,4.0,0.04,Steam,False,0.0,Steam around $0.04,1-2 max,Very Cheap,Very Cheap,Medium,6.0,0.6684,0.3624,0.6261,0.5115,0.4117,106.25,0.8854,106.25,0.8854,8.25,28.0,85.71428571428571,-25.0,0.3125,0.5662,0.0,0.0,0.65,0.0,0,1.0,0.5438,85.71428571428571,600.0,0.04,85.71428571428571,600.0,0.04,-25.0,0.3125,1.0,0.5438,0.3375,Demand rising while price soft,+106% expected | 0.57 demand | 86% below high | 600% upside | -86% vs launch,"lower highs, 2P new low, unscored",Cheap punt; prefer Steam around $0.04; small size is acceptable even before full scoring.,False,28.0,-85.71428571428572,26.67,-85.00187476565429,40.0,14,0.0,-1.53,0.0,61,232.42,0.0,0.0,-2.45,-13.64,-7.0,-0.0438,0.175,0.0,105810.0,600249.0,6910.0,-354.0,0.000857,0.000124,-86.29,-0.23,68.37,92.62,0.000495,0.0,,,,,,,,,,,,0.1,0.0,,,0.5590062111801242,1.0,0.3804,0.3375,3.0,28.0,6.0,4.0,116,321.31,2026-06-05T01:14:16.782000,,,,,,,0,0,0,0,0.0,The MongolZ,24,6,1.0,"=IMAGE(""https://community.akamai.steamstatic.com/economy/image/i0CoZ81Ui0m-9KwlBY1L_18myuGuq1wfhWSaZgMttyVfPaERSR0Wqmu7LAocGJai0ki7VeTHjMmuOXSQ61MnpNWipUruRiLykZTy_GwDvar4P6I1cqjGV2aWwrgm57JrG3i3zRkh6z-Hnt-sdHvFbFInX5MiW6dU5VwWHmZQ"")",https://community.akamai.steamstatic.com/economy/image/i0CoZ81Ui0m-9KwlBY1L_18myuGuq1wfhWSaZgMttyVfPaERSR0Wqmu7LAocGJai0ki7VeTHjMmuOXSQ61MnpNWipUruRiLykZTy_GwDvar4P6I1cqjGV2aWwrgm57JrG3i3zRkh6z-Hnt-sdHvFbFInX5MiW6dU5VwWHmZQ,https://cs2tokens.com/iem-cologne-2026/items/sticker-cobra-cologne-2026,Sticker | cobra | Cologne 2026,https://steamcommunity.com/market/listings/730/Sticker%20%7C%20cobra%20%7C%20Cologne%202026,ok,10602.0,5316.0,12.0,iem-cologne-2026,campaign_12,sticker,Autograph,cobra,The MongolZ,rarity_rare,4d35d848dd26
86,63.4,P2,CHEAP HISTORY PUNT,cobra (Foil),Player,Foil,The MongolZ,32,0.32,32.0,0.32,Steam,False,0.0,Steam around $0.32,1-2 max,Very Cheap,Very Cheap,Low,6.0,0.6478,0.3557,0.6108,0.4985,0.4454,85.625,0.7135,85.625,0.7135,59.4,162.0,80.24691358024691,-18.75,0.2344,0.573,0.0,0.0,0.65,0.0,0,1.0,0.5562,80.24691358024691,406.25,0.04411764705882353,80.24691358024691,406.25,0.04411764705882353,-18.75,0.2344,1.0,0.5562,0.3375,Demand rising while price soft,+86% expected | 0.57 demand | 80% below high | 406% upside | -80% vs launch,"lower highs, 2P new low, unscored",2P is cheaper than current Steam but still above Steam's recorded low; wait for a stronger entry.,False,162.0,-80.24691358024691,154.33,-79.26521091168276,53.19,5,-3.03,-1.09,-1.53,60,232.41,0.0,0.0,-1.62,2.77,-9.0,-0.0562,0.225,0.0,138321.0,569256.0,7168.0,-886.0,0.00086,0.00031,-51.74,0.12,50.33,111.8,0.00064,0.0,1.0,0.59,,0.59,0.59,,,0.0,True,-84.37499999999999,-126.92307692307689,0.1,0.0252,,,0.4782608695652174,1.0,0.3012,0.33125,26.0,162.0,54.5,32.67,116,321.31,2026-06-05T01:14:16.782000,,,,,,,0,0,0,0,0.0,The MongolZ,24,6,1.0,"=IMAGE(""https://community.akamai.steamstatic.com/economy/image/i0CoZ81Ui0m-9KwlBY1L_18myuGuq1wfhWSaZgMttyVfPaERSR0Wqmu7LAocGJai0ki7VeTHjMmuOXSQ61MnpNWipUruRiLykZTy_B1d4PuiJv1vdKbEV2aRx-wmsbNtGyjizUslsWWGno6vdCrBbgV0CJNxE-YIsBCm0oqwKlEbSQs"")",https://community.akamai.steamstatic.com/economy/image/i0CoZ81Ui0m-9KwlBY1L_18myuGuq1wfhWSaZgMttyVfPaERSR0Wqmu7LAocGJai0ki7VeTHjMmuOXSQ61MnpNWipUruRiLykZTy_B1d4PuiJv1vdKbEV2aRx-wmsbNtGyjizUslsWWGno6vdCrBbgV0CJNxE-YIsBCm0oqwKlEbSQs,https://cs2tokens.com/iem-cologne-2026/items/sticker-cobra-foil-cologne-2026,Sticker | cobra (Foil) | Cologne 2026,https://steamcommunity.com/market/listings/730/Sticker%20%7C%20cobra%20%28Foil%29%20%7C%20Cologne%202026,ok,10603.0,5316.0,12.0,iem-cologne-2026,campaign_12,sticker,Autograph,cobra,The MongolZ,rarity_mythical,23812acce07e
87,63.3,P2,CHEAP HISTORY PUNT,yuurih,Player,Paper,FURIA,4,0.04,4.0,0.04,Steam,False,0.0,Steam around $0.04,1-2 max,Very Cheap,Very Cheap,Medium,6.0,0.6727,0.3592,0.629,0.5091,0.4117,113.24999999999999,0.9437,113.24999999999999,0.9437,8.53,28.0,85.71428571428571,-25.0,0.3125,0.569,0.0,0.0,0.65,0.0,0,1.0,0.5062,85.71428571428571,600.0,0.04,85.71428571428571,600.0,0.04,-25.0,0.3125,1.0,0.5062,0.36875,Demand rising while price soft,+113% expected | 0.57 demand | 86% below high | 600% upside | -86% vs launch,"lower highs, 2P new low, unscored",Cheap punt; prefer Steam around $0.04; small size is acceptable even before full scoring.,False,28.0,-85.71428571428572,27.33,-85.3640687888767,40.0,14,0.0,-1.61,0.0,61,232.42,0.0,0.0,-2.61,-13.64,-1.0,-0.0062,0.025,0.0,115992.0,649778.0,6458.0,-418.0,0.001007,0.000146,-82.45,-0.09,68.44,140.02,0.000563,0.0,,,,,,,,,,,,0.1,0.0,,,0.7018633540372671,1.0,0.4337,0.36875,3.0,28.0,6.0,4.0,116,321.31,2026-06-05T01:14:16.782000,,,,,,,0,0,0,0,0.0,FURIA,24,6,1.0,"=IMAGE(""https://community.akamai.steamstatic.com/economy/image/i0CoZ81Ui0m-9KwlBY1L_18myuGuq1wfhWSaZgMttyVfPaERSR0Wqmu7LAocGJai0ki7VeTHjMmuOXSQ61MnpNWipUruRiLoi4Py9CoV6aP-P_VrJaiRWDKSlrt157BsSijgzBgm423dmYz6dXzBag8nWMN0RPlK7Ee2l597iA"")",https://community.akamai.steamstatic.com/economy/image/i0CoZ81Ui0m-9KwlBY1L_18myuGuq1wfhWSaZgMttyVfPaERSR0Wqmu7LAocGJai0ki7VeTHjMmuOXSQ61MnpNWipUruRiLoi4Py9CoV6aP-P_VrJaiRWDKSlrt157BsSijgzBgm423dmYz6dXzBag8nWMN0RPlK7Ee2l597iA,https://cs2tokens.com/iem-cologne-2026/items/sticker-yuurih-cologne-2026,Sticker | yuurih | Cologne 2026,https://steamcommunity.com/market/listings/730/Sticker%20%7C%20yuurih%20%7C%20Cologne%202026,ok,10670.0,5316.0,12.0,iem-cologne-2026,campaign_12,sticker,Autograph,yuurih,FURIA,rarity_rare,da17a3d622d5
88,63.2,P2,CHEAP HISTORY PUNT,insani (Foil),Player,Foil,MIBR,20,0.2,20.0,0.2,Steam,False,0.0,Steam around $0.20,1-2 max,Very Cheap,Very Cheap,Low,6.0,0.6757,0.3619,0.621,0.5333,0.4118,104.5,0.8708,104.5,0.8708,40.9,108.0,81.48148148148148,-15.000000000000002,0.1875,0.379,0.0,0.0,0.65,0.0,0,1.0,0.5,81.48148148148148,440.00000000000006,0.03296703296703297,81.48148148148148,440.00000000000006,0.03296703296703297,-15.000000000000002,0.1875,1.0,0.5,0.1625,Neutral,+104% expected | 0.38 demand | 81% below high | 440% upside | -81% vs launch,"lower highs, unscored",2P is cheaper than current Steam but still above Steam's recorded low; wait for a stronger entry.,False,108.0,-81.4814814814815,101.67,-80.32851381921904,28.57,8,0.0,-1.18,0.0,62,232.41,11.11,27.41,-1.68,11.07,0.0,0.0,0.0,0.0,94858.0,536053.0,6934.0,4016.0,0.000796,0.001404,98.05,0.45,-12.7,-12.16,0.000447,0.002011,3.0,1.33,1.33,0.43,1.33,0.0,104.65116279069773,1.0,False,-565.0,-682.3529411764706,0.0,0.054,1.33,1.48,0.37267080745341613,1.0,0.3006,0.1625,17.0,108.0,41.0,20.0,116,321.31,2026-06-05T01:14:16.782000,,,,,,,0,0,0,0,0.0,MIBR,24,6,1.0,"=IMAGE(""https://community.akamai.steamstatic.com/economy/image/i0CoZ81Ui0m-9KwlBY1L_18myuGuq1wfhWSaZgMttyVfPaERSR0Wqmu7LAocGJai0ki7VeTHjMmuOXSQ61MnpNWipUruRiL4kIXh8ytk6f2nZOo1JPORDzCUw7hwsuQ8TCzrzE4j62iHyYn4dnLFOg91D5JxRLFbshbqjJS5YAGZ8RJP"")",https://community.akamai.steamstatic.com/economy/image/i0CoZ81Ui0m-9KwlBY1L_18myuGuq1wfhWSaZgMttyVfPaERSR0Wqmu7LAocGJai0ki7VeTHjMmuOXSQ61MnpNWipUruRiL4kIXh8ytk6f2nZOo1JPORDzCUw7hwsuQ8TCzrzE4j62iHyYn4dnLFOg91D5JxRLFbshbqjJS5YAGZ8RJP,https://cs2tokens.com/iem-cologne-2026/items/sticker-insani-foil-cologne-2026,Sticker | insani (Foil) | Cologne 2026,https://steamcommunity.com/market/listings/730/Sticker%20%7C%20insani%20%28Foil%29%20%7C%20Cologne%202026,ok,10979.0,5316.0,12.0,iem-cologne-2026,campaign_12,sticker,Autograph,insani,MIBR,rarity_mythical,6857437f27b9
89,63.1,P2,CHEAP HISTORY PUNT,cmtry,Player,Paper,,3,0.03,3.0,0.03,Steam,False,0.0,Steam around $0.03,1-2 max,Very Cheap,Very Cheap,Medium,6.0,0.7357,0.3533,0.6174,0.5491,0.44,123.99999999999997,1.0,123.99999999999997,1.0,6.72,26.0,88.46153846153845,0.0,0.0,0.3834,0.0,0.0,0.65,0.0,0,1.0,0.5312,88.46153846153845,766.6666666666666,0.0,88.46153846153845,766.6666666666666,0.0,0.0,0.0,1.0,0.5312,0.0375,"Floor + prior bounce, but lower highs",+124% expected | 0.38 demand | 88% below high | 767% upside | -88% vs launch,"lower highs, 2P new low, unscored",Cheap punt; prefer Steam around $0.03; small size is acceptable even before full scoring.,False,26.0,-88.46153846153845,24.33,-87.66954377311961,100.0,14,0.0,-1.52,0.0,61,232.42,0.0,0.0,-2.43,0.0,-5.0,-0.0312,0.125,0.0,147870.0,773676.0,13623.0,1145.0,0.001268,0.0004,-54.66,-0.07,-3.52,-1.09,0.000842,0.000573,,,,,,,,,,,,0.1,0.0,,,0.8385093167701864,1.0,0.5746,0.0375,3.0,26.0,4.0,3.0,116,321.31,2026-06-05T01:14:16.782000,,,,,,,0,0,0,0,0.0,cmtry,4,1,0.25,"=IMAGE(""https://community.akamai.steamstatic.com/economy/image/i0CoZ81Ui0m-9KwlBY1L_18myuGuq1wfhWSaZgMttyVfPaERSR0Wqmu7LAocGJai0ki7VeTHjMmuOXSQ61MnpNWipUruRiLyk4Ly5GwMt_P6OvQ-JvXDW2PAmOp36ORsS3zqxEQlsTnRmdf4cinEPQ8hDsZ5W6dU5cT3NEUT"")",https://community.akamai.steamstatic.com/economy/image/i0CoZ81Ui0m-9KwlBY1L_18myuGuq1wfhWSaZgMttyVfPaERSR0Wqmu7LAocGJai0ki7VeTHjMmuOXSQ61MnpNWipUruRiLyk4Ly5GwMt_P6OvQ-JvXDW2PAmOp36ORsS3zqxEQlsTnRmdf4cinEPQ8hDsZ5W6dU5cT3NEUT,https://cs2tokens.com/iem-cologne-2026/items/sticker-cmtry-cologne-2026,Sticker | cmtry | Cologne 2026,https://steamcommunity.com/market/listings/730/Sticker%20%7C%20cmtry%20%7C%20Cologne%202026,ok,10706.0,5316.0,12.0,iem-cologne-2026,campaign_12,sticker,Autograph,cmtry,,rarity_rare,ca0df0983c1d
90,63.1,P2,CHEAP HISTORY PUNT,Techno4K,Player,Paper,The MongolZ,4,0.04,4.0,0.04,Steam,False,0.0,Steam around $0.04,1-2 max,Very Cheap,Very Cheap,Medium,6.0,0.6963,0.3565,0.6163,0.5178,0.4867,107.75000000000001,0.8979,107.75000000000001,0.8979,8.31,28.0,85.71428571428571,0.0,0.0,0.4122,0.0,0.0,0.65,0.0,0,1.0,0.5438,85.71428571428571,600.0,0.0,85.71428571428571,600.0,0.0,0.0,0.0,1.0,0.5438,0.33125,Demand rising while price soft,+108% expected | 0.41 demand | 86% below high | 600% upside | -86% vs launch,"lower highs, 2P new low, unscored",Cheap punt; prefer Steam around $0.04; small size is acceptable even before full scoring.,False,28.0,-85.71428571428572,26.67,-85.00187476565429,100.0,16,0.0,-1.32,0.0,61,232.42,0.0,0.0,-2.19,11.54,-7.0,-0.0438,0.175,0.0,70668.0,631474.0,13857.0,-797.0,0.000947,0.000279,-69.22,0.06,17.07,-41.71,0.000412,0.0,,,,,,,,,,,,0.1,0.0,,,0.6335403726708074,1.0,0.4773,0.33125,4.0,28.0,6.0,4.0,116,321.31,2026-06-05T01:14:16.782000,,,,,,,0,0,0,0,0.0,The MongolZ,24,6,1.0,"=IMAGE(""https://community.akamai.steamstatic.com/economy/image/i0CoZ81Ui0m-9KwlBY1L_18myuGuq1wfhWSaZgMttyVfPaERSR0Wqmu7LAocGJai0ki7VeTHjMmuOXSQ61MnpNWipUruRiLlm5Xo8y0P5Lz9OfQ9cvTBCjHDkLZ16LIxTiixlht-5z6Dmd2gJXzDbFJzCJBwE7MMrFDmxcmTPGOO"")",https://community.akamai.steamstatic.com/economy/image/i0CoZ81Ui0m-9KwlBY1L_18myuGuq1wfhWSaZgMttyVfPaERSR0Wqmu7LAocGJai0ki7VeTHjMmuOXSQ61MnpNWipUruRiLlm5Xo8y0P5Lz9OfQ9cvTBCjHDkLZ16LIxTiixlht-5z6Dmd2gJXzDbFJzCJBwE7MMrFDmxcmTPGOO,https://cs2tokens.com/iem-cologne-2026/items/sticker-techno4k-cologne-2026,Sticker | Techno4K | Cologne 2026,https://steamcommunity.com/market/listings/730/Sticker%20%7C%20Techno4K%20%7C%20Cologne%202026,ok,10598.0,5316.0,12.0,iem-cologne-2026,campaign_12,sticker,Autograph,Techno4K,The MongolZ,rarity_rare,5061498f9f01
91,63.0,P2,CHEAP HISTORY PUNT,9z Team,Team,Paper,9z Team,15,0.15,15.0,0.15,Steam,False,0.0,Steam around $0.15,1-2 max,Very Cheap,Very Cheap,Medium,6.0,0.6573,0.3377,0.5999,0.483,0.4978,80.26666666666667,0.6689,80.26666666666667,0.6689,27.04,53.0,71.69811320754717,-19.999999999999996,0.25,0.7694,0.0,0.0,0.65,0.0,0,1.0,0.5,71.69811320754717,253.33333333333331,0.07317073170731707,71.69811320754717,253.33333333333331,0.07317073170731707,-19.999999999999996,0.25,1.0,0.5,0.25806451612903225,Neutral,+80% expected | 0.77 demand | 72% below high | 253% upside | -61% vs launch,"lower highs, 2P new low, unscored",2P is cheaper than current Steam but still above Steam's recorded low; wait for a stronger entry.,False,38.0,-60.526315789473685,41.67,-64.00287976961843,39.47,10,7.14,-1.12,3.49,61,232.42,15.38,37.95,-1.72,11.25,0.0,0.0,0.0,0.0,160547.0,526051.0,17271.0,11370.0,0.000851,0.003976,1564.17,0.54,49.66,19.62,0.000547,0.005695,1.0,0.29,,0.29,0.29,,,0.0,True,-93.33333333333333,-141.66666666666666,0.1,0.0252,,,0.6875,1.0,0.556,0.25806451612903225,12.0,53.0,29.0,14.33,116,321.31,2026-06-05T01:14:16.782000,,,,,,,0,0,0,0,0.0,9z Team,24,6,1.0,"=IMAGE(""https://community.akamai.steamstatic.com/economy/image/i0CoZ81Ui0m-9KwlBY1L_18myuGuq1wfhWSaZgMttyVfPaERSR0Wqmu7LAocGJai0ki7VeTHjMmuOXSQ61MnpNWipVfuTxi_m5Swr3UC7vD9aaA8JKCQCjPIkrcgtLU6GXzrxk0l4zyGztisdH2UbBhgVMWY30Fc8w"")",https://community.akamai.steamstatic.com/economy/image/i0CoZ81Ui0m-9KwlBY1L_18myuGuq1wfhWSaZgMttyVfPaERSR0Wqmu7LAocGJai0ki7VeTHjMmuOXSQ61MnpNWipVfuTxi_m5Swr3UC7vD9aaA8JKCQCjPIkrcgtLU6GXzrxk0l4zyGztisdH2UbBhgVMWY30Fc8w,https://cs2tokens.com/iem-cologne-2026/items/sticker-9z-team-cologne-2026,Sticker | 9z Team | Cologne 2026,https://steamcommunity.com/market/listings/730/Sticker%20%7C%209z%20Team%20%7C%20Cologne%202026,ok,10429.0,5316.0,12.0,iem-cologne-2026,campaign_12,sticker,Team,,9z Team,rarity_rare,2686a2e354c2
92,62.8,P2,CHEAP HISTORY PUNT,kensizor (Foil),Player,Foil,B8,17,0.17,17.0,0.17,Steam,False,0.0,Steam around $0.17,1-2 max,Very Cheap,Very Cheap,Medium,6.0,0.6741,0.3425,0.6095,0.482,0.469,89.88235294117648,0.749,89.88235294117648,0.749,32.28,117.0,85.47008547008546,-41.17647058823529,0.5147,0.713,0.0,0.0,0.65,0.0,0,1.0,0.5188,85.47008547008546,588.2352941176471,0.06542056074766354,85.47008547008546,588.2352941176471,0.06542056074766354,-41.17647058823529,0.5147,1.0,0.5188,0.0875,Neutral,+90% expected | 0.71 demand | 85% below high | 588% upside | -85% vs launch,"lower highs, 2P new low, unscored",2P is cheaper than current Steam but still above Steam's recorded low; wait for a stronger entry.,False,117.0,-85.47008547008546,108.0,-84.25925925925925,71.43,14,0.0,-1.38,3.0,62,232.41,6.25,15.42,-1.84,4.71,-3.0,-0.0188,0.075,0.0,224591.0,772075.0,16375.0,4445.0,0.001359,0.001554,112.71,0.36,29.98,47.18,0.00099,0.002226,1.0,0.25,,0.25,0.25,,,0.0,True,-47.058823529411754,-149.99999999999997,0.1,0.0252,,,0.8012422360248447,1.0,0.5671,0.0875,10.0,117.0,24.0,16.67,116,321.31,2026-06-05T01:14:16.782000,,,,,,,0,0,0,0,0.0,B8,24,6,1.0,"=IMAGE(""https://community.akamai.steamstatic.com/economy/image/i0CoZ81Ui0m-9KwlBY1L_18myuGuq1wfhWSaZgMttyVfPaERSR0Wqmu7LAocGJai0ki7VeTHjMmuOXSQ61MnpNWipUruRiL6m5jz9DhU_c2oZ61hbqOSWzWVlr5ws7AxHXq3xh4j4WTUy9ypcy_COlUlDpUmEeIC4UXqkoL5d7S14DtSs4U"")",https://community.akamai.steamstatic.com/economy/image/i0CoZ81Ui0m-9KwlBY1L_18myuGuq1wfhWSaZgMttyVfPaERSR0Wqmu7LAocGJai0ki7VeTHjMmuOXSQ61MnpNWipUruRiL6m5jz9DhU_c2oZ61hbqOSWzWVlr5ws7AxHXq3xh4j4WTUy9ypcy_COlUlDpUmEeIC4UXqkoL5d7S14DtSs4U,https://cs2tokens.com/iem-cologne-2026/items/sticker-kensizor-foil-cologne-2026,Sticker | kensizor (Foil) | Cologne 2026,https://steamcommunity.com/market/listings/730/Sticker%20%7C%20kensizor%20%28Foil%29%20%7C%20Cologne%202026,ok,10891.0,5316.0,12.0,iem-cologne-2026,campaign_12,sticker,Autograph,kensizor,B8,rarity_mythical,ef5525788453
93,62.3,P2,CHEAP HISTORY PUNT,meyern,Player,Paper,9z Team,3,0.03,3.0,0.03,Steam,False,0.0,Steam around $0.03,1-2 max,Very Cheap,Very Cheap,Low,6.0,0.7044,0.3522,0.6156,0.5458,0.3517,161.66666666666666,1.0,161.66666666666666,1.0,7.85,27.0,88.88888888888889,0.0,0.0,0.2573,0.0,0.0,0.65,0.0,0,1.0,0.5,88.88888888888889,800.0,0.0,88.88888888888889,800.0,0.0,0.0,0.0,1.0,0.5,0.14375,Neutral,+162% expected | 0.26 demand | 89% below high | 800% upside | -88% vs launch,"lower highs, 2P new low, unscored",Cheap punt; prefer Steam around $0.03; small size is acceptable even before full scoring.,False,26.0,-88.46153846153845,26.0,-88.46153846153845,3.85,12,0.0,-1.96,0.0,61,232.42,0.0,0.0,-3.03,0.0,1.0,0.0062,0.0,0.0,42009.0,551688.0,4772.0,-1925.0,0.000794,0.000673,-17.34,-0.46,-11.44,-35.06,0.000186,0.0,,,,,,,,,,,,0.1,0.0,,,0.35403726708074534,1.0,0.3024,0.14375,3.0,27.0,5.0,3.0,116,321.31,2026-06-05T01:14:16.782000,,,,,,,0,0,0,0,0.0,9z Team,24,6,1.0,"=IMAGE(""https://community.akamai.steamstatic.com/economy/image/i0CoZ81Ui0m-9KwlBY1L_18myuGuq1wfhWSaZgMttyVfPaERSR0Wqmu7LAocGJai0ki7VeTHjMmuOXSQ61MnpNWipUruRiL8m4_l7ywV6ff5a_07cajLXzTElbp34OI-HyrnwU114WnSmd-gIHufbg51W8d1RPlK7EdJXPlZgg"")",https://community.akamai.steamstatic.com/economy/image/i0CoZ81Ui0m-9KwlBY1L_18myuGuq1wfhWSaZgMttyVfPaERSR0Wqmu7LAocGJai0ki7VeTHjMmuOXSQ61MnpNWipUruRiL8m4_l7ywV6ff5a_07cajLXzTElbp34OI-HyrnwU114WnSmd-gIHufbg51W8d1RPlK7EdJXPlZgg,https://cs2tokens.com/iem-cologne-2026/items/sticker-meyern-cologne-2026,Sticker | meyern | Cologne 2026,https://steamcommunity.com/market/listings/730/Sticker%20%7C%20meyern%20%7C%20Cologne%202026,ok,10842.0,5316.0,12.0,iem-cologne-2026,campaign_12,sticker,Autograph,meyern,9z Team,rarity_rare,269e1dfc3edd
94,62.2,P2,CHEAP HISTORY PUNT,n1ssim,Player,Paper,Legacy,4,0.04,4.0,0.04,Steam,False,0.0,Steam around $0.04,1-2 max,Very Cheap,Very Cheap,Low,6.0,0.6208,0.3371,0.5978,0.4556,0.4617,73.50000000000001,0.6125,73.50000000000001,0.6125,6.94,23.0,82.6086956521739,-25.0,0.3125,0.652,0.0,0.0,0.65,0.0,0,1.0,0.5,82.6086956521739,475.0,0.05,82.6086956521739,475.0,0.05,-25.0,0.3125,1.0,0.5,0.425,Recent bounce,+74% expected | 0.65 demand | 83% below high | 475% upside | -83% vs launch,"lower highs, 2P new low, unscored",Cheap punt; prefer Steam around $0.04; small size is acceptable even before full scoring.,False,23.0,-82.6086956521739,21.33,-81.24706985466479,50.0,12,33.33,-1.38,15.0,63,232.42,33.33,82.22,-2.17,-15.0,43.0,0.2688,0.0,0.0,90682.0,569076.0,5787.0,2029.0,0.000807,0.000709,-28.31,-0.68,31.06,95.25,0.00044,0.001016,,,,,,,,,,,,0.1,0.0,,,0.42857142857142855,1.0,0.3195,0.425,3.0,23.0,5.0,3.33,116,321.31,2026-06-05T01:14:16.782000,,,,,,,0,0,0,0,0.0,Legacy,24,6,1.0,"=IMAGE(""https://community.akamai.steamstatic.com/economy/image/i0CoZ81Ui0m-9KwlBY1L_18myuGuq1wfhWSaZgMttyVfPaERSR0Wqmu7LAocGJai0ki7VeTHjMmuOXSQ61MnpNWipUruRiL_z4Xz9C8V7aT-MPI0dvHLDDHDlLx0srY-TX3jlBh-42yBmIqueS-fZwMnDMR0EPlK7Ef8SzMOUg"")",https://community.akamai.steamstatic.com/economy/image/i0CoZ81Ui0m-9KwlBY1L_18myuGuq1wfhWSaZgMttyVfPaERSR0Wqmu7LAocGJai0ki7VeTHjMmuOXSQ61MnpNWipUruRiL_z4Xz9C8V7aT-MPI0dvHLDDHDlLx0srY-TX3jlBh-42yBmIqueS-fZwMnDMR0EPlK7Ef8SzMOUg,https://cs2tokens.com/iem-cologne-2026/items/sticker-n1ssim-cologne-2026,Sticker | n1ssim | Cologne 2026,https://steamcommunity.com/market/listings/730/Sticker%20%7C%20n1ssim%20%7C%20Cologne%202026,ok,10790.0,5316.0,12.0,iem-cologne-2026,campaign_12,sticker,Autograph,n1ssim,Legacy,rarity_rare,855463143a08
95,62.0,P2,CHEAP HISTORY PUNT,Krabeni (Foil),Player,Foil,,18,0.18,18.0,0.18,Steam,False,0.0,Steam around $0.18,1-2 max,Very Cheap,Very Cheap,Medium,6.0,0.7045,0.3515,0.6146,0.5279,0.4135,134.77777777777774,1.0,134.77777777777774,1.0,42.26,152.0,88.1578947368421,-11.111111111111116,0.1389,0.2556,0.0,0.0,0.65,0.0,0,1.0,0.5188,88.1578947368421,744.4444444444445,0.014705882352941176,88.1578947368421,744.4444444444445,0.014705882352941176,-11.111111111111116,0.1389,1.0,0.5188,0.11875,Neutral,+135% expected | 0.26 demand | 88% below high | 744% upside | -88% vs launch,"lower highs, 2P new low, unscored",2P is cheaper than current Steam but still above Steam's recorded low; wait for a stronger entry.,False,152.0,-88.1578947368421,142.67,-87.3834723487769,46.67,7,0.0,-1.53,0.0,60,232.41,5.88,14.51,-2.28,5.88,-3.0,-0.0187,0.075,0.0,106974.0,594450.0,10415.0,-449.0,0.000835,0.000157,-74.12,-0.55,-8.49,32.25,0.000513,0.0,1.0,0.31,,0.31,0.31,,,0.0,True,-72.22222222222223,-93.75000000000003,0.1,0.0252,,,0.5590062111801242,1.0,0.3964,0.11875,16.0,152.0,33.0,18.0,116,321.31,2026-06-05T01:14:16.782000,,,,,,,0,0,0,0,0.0,Krabeni,4,1,0.25,"=IMAGE(""https://community.akamai.steamstatic.com/economy/image/i0CoZ81Ui0m-9KwlBY1L_18myuGuq1wfhWSaZgMttyVfPaERSR0Wqmu7LAocGJai0ki7VeTHjMmuOXSQ61MnpNWipUruRiL6jJfi-CxS0PShYagjI6mVWT_Dk-t06LA_Fy3nxkkl5W2Az9yoJ3iWaQEjXJp4QeMJ4BO-msqnab2tzR3Zgg"")",https://community.akamai.steamstatic.com/economy/image/i0CoZ81Ui0m-9KwlBY1L_18myuGuq1wfhWSaZgMttyVfPaERSR0Wqmu7LAocGJai0ki7VeTHjMmuOXSQ61MnpNWipUruRiL6jJfi-CxS0PShYagjI6mVWT_Dk-t06LA_Fy3nxkkl5W2Az9yoJ3iWaQEjXJp4QeMJ4BO-msqnab2tzR3Zgg,https://cs2tokens.com/iem-cologne-2026/items/sticker-krabeni-foil-cologne-2026,Sticker | Krabeni (Foil) | Cologne 2026,https://steamcommunity.com/market/listings/730/Sticker%20%7C%20Krabeni%20%28Foil%29%20%7C%20Cologne%202026,ok,10703.0,5316.0,12.0,iem-cologne-2026,campaign_12,sticker,Autograph,Krabeni,,rarity_mythical,5362dfbc88a8
96,62.0,P2,CHEAP HISTORY PUNT,npl,Player,Paper,B8,3,0.03,3.0,0.03,Steam,False,0.0,Steam around $0.03,1-2 max,Very Cheap,Very Cheap,Medium,6.0,0.6875,0.34,0.599,0.5169,0.3958,98.66666666666666,0.8222,98.66666666666666,0.8222,5.96,21.0,85.71428571428571,0.0,0.0,0.4118,0.0,0.0,0.65,0.0,0,1.0,0.5,85.71428571428571,600.0,0.0,85.71428571428571,600.0,0.0,0.0,0.0,1.0,0.5,0.175,Neutral,+99% expected | 0.41 demand | 86% below high | 600% upside | -86% vs launch,"lower highs, 2P new low, unscored",Cheap punt; prefer Steam around $0.03; small size is acceptable even before full scoring.,False,21.0,-85.71428571428572,19.33,-84.48008277289188,33.33,9,0.0,-1.36,0.0,65,232.42,0.0,0.0,-2.05,0.0,0.0,0.0,0.0,0.0,96929.0,579600.0,7336.0,-1654.0,0.000838,0.000578,-40.1,0.21,2.92,9.38,0.000497,0.0,,,,,,,,,,,,0.1,0.0,,,0.4658385093167702,1.0,0.3739,0.175,3.0,21.0,4.0,3.0,116,321.31,2026-06-05T01:14:16.782000,,,,,,,0,0,0,0,0.0,B8,24,6,1.0,"=IMAGE(""https://community.akamai.steamstatic.com/economy/image/i0CoZ81Ui0m-9KwlBY1L_18myuGuq1wfhWSaZgMttyVfPaERSR0Wqmu7LAocGJai0ki7VeTHjMmuOXSQ61MnpNWipUruRiL_jpqu-XJavaD4a_NodPKRX2PIkOsks-c8Fi_qxRty5D-EnN6tcCrBbFQpWIwwG7AAIHL7NA"")",https://community.akamai.steamstatic.com/economy/image/i0CoZ81Ui0m-9KwlBY1L_18myuGuq1wfhWSaZgMttyVfPaERSR0Wqmu7LAocGJai0ki7VeTHjMmuOXSQ61MnpNWipUruRiL_jpqu-XJavaD4a_NodPKRX2PIkOsks-c8Fi_qxRty5D-EnN6tcCrBbFQpWIwwG7AAIHL7NA,https://cs2tokens.com/iem-cologne-2026/items/sticker-npl-cologne-2026,Sticker | npl | Cologne 2026,https://steamcommunity.com/market/listings/730/Sticker%20%7C%20npl%20%7C%20Cologne%202026,ok,10878.0,5316.0,12.0,iem-cologne-2026,campaign_12,sticker,Autograph,npl,B8,rarity_rare,08ef1eea6932
97,62.0,P2,CHEAP HISTORY PUNT,AZUWU,Player,Paper,Monte,4,0.04,4.0,0.04,Steam,False,0.0,Steam around $0.04,1-2 max,Very Cheap,Very Cheap,High,6.0,0.7206,0.3466,0.6125,0.4908,0.5731,219.0,1.0,219.0,1.0,12.76,38.0,89.47368421052632,0.0,0.0,0.3982,0.0,0.0,0.65,0.0,0,1.0,0.5375,89.47368421052632,850.0,0.0,89.47368421052632,850.0,0.0,0.0,0.0,1.0,0.5375,0.4375,"Floor + prior bounce, but lower highs",+219% expected | 0.40 demand | 89% below high | 850% upside | -87% vs launch,"High crowding, lower highs, 2P new low, unscored",2P is cheaper than current Steam but still above Steam's recorded low; wait for a stronger entry.,False,31.0,-87.09677419354838,29.67,-86.51836872261543,442.86,19,0.0,-0.75,0.0,61,232.42,0.0,0.0,-0.06,10.71,-6.0,-0.0375,0.15,0.0,384077.0,1088656.0,37857.0,-962.0,0.002311,0.000336,-53.97,-0.54,-5.57,18.49,0.001933,0.0,1.0,0.36,,0.36,0.36,,,0.0,True,-800.0,-800.0,0.1,0.0252,,,0.968944099378882,1.0,0.7811,0.4375,4.0,38.0,14.0,4.0,116,321.31,2026-06-05T01:14:16.782000,,,,,,,0,0,0,0,0.0,Monte,24,6,1.0,"=IMAGE(""https://community.akamai.steamstatic.com/economy/image/i0CoZ81Ui0m-9KwlBY1L_18myuGuq1wfhWSaZgMttyVfPaERSR0Wqmu7LAocGJai0ki7VeTHjMmuOXSQ61MnpNWipUruRiLwhIP36GwM7aevafNscPaWDT7Hkrxw47dsGSi2lE8j52jczNf7cSjDZwMhCJojW6dU5SEC0KdB"")",https://community.akamai.steamstatic.com/economy/image/i0CoZ81Ui0m-9KwlBY1L_18myuGuq1wfhWSaZgMttyVfPaERSR0Wqmu7LAocGJai0ki7VeTHjMmuOXSQ61MnpNWipUruRiLwhIP36GwM7aevafNscPaWDT7Hkrxw47dsGSi2lE8j52jczNf7cSjDZwMhCJojW6dU5SEC0KdB,https://cs2tokens.com/iem-cologne-2026/items/sticker-azuwu-cologne-2026,Sticker | AZUWU | Cologne 2026,https://steamcommunity.com/market/listings/730/Sticker%20%7C%20AZUWU%20%7C%20Cologne%202026,ok,10830.0,5316.0,12.0,iem-cologne-2026,campaign_12,sticker,Autograph,AZUWU,Monte,rarity_rare,38d6369b4e1d
98,61.8,P3,CHEAP HISTORY PUNT,KSCERATO,Player,Paper,FURIA,6,0.06,6.0,0.06,Steam,False,0.0,Steam around $0.06,1-2 max,Very Cheap,Very Cheap,Low,6.0,0.6141,0.3435,0.6045,0.4545,0.4441,89.16666666666666,0.7431,89.16666666666666,0.7431,11.35,30.0,80.0,-16.666666666666664,0.2083,0.6114,0.0,0.0,0.65,0.0,0,1.0,0.5,80.0,400.0,0.04,80.0,400.0,0.04,-16.666666666666664,0.2083,1.0,0.5,0.725,Demand rising while price soft,+89% expected | 0.61 demand | 80% below high | 400% upside | -79% vs launch,"lower highs, 2P new low, unscored",Cheap punt; prefer Steam around $0.06; small size is acceptable even before full scoring.,False,29.0,-79.3103448275862,29.33,-79.54312990112513,62.5,15,0.0,-1.28,0.0,61,232.42,0.0,0.0,-2.15,18.2,1.0,0.0062,0.0,0.0,112533.0,582229.0,3730.0,3250.0,0.000973,0.001136,44.15,0.02,11.62,29.37,0.000597,0.001628,,,,,,,,,,,,0.1,0.0,,,0.4968944099378882,1.0,0.3344,0.725,5.0,30.0,9.0,6.0,116,321.31,2026-06-05T01:14:16.782000,,,,,,,0,0,0,0,0.0,FURIA,24,6,1.0,"=IMAGE(""https://community.akamai.steamstatic.com/economy/image/i0CoZ81Ui0m-9KwlBY1L_18myuGuq1wfhWSaZgMttyVfPaERSR0Wqmu7LAocGJai0ki7VeTHjMmuOXSQ61MnpNWipUruRiL6jZXl7yNP4Lz8OPY6d6PKXjXEk-ok5LRsHXjmw0Qj4z6Gmdb_IyqRPQIgDsciF-JerFDmxcTw6OKV"")",https://community.akamai.steamstatic.com/economy/image/i0CoZ81Ui0m-9KwlBY1L_18myuGuq1wfhWSaZgMttyVfPaERSR0Wqmu7LAocGJai0ki7VeTHjMmuOXSQ61MnpNWipUruRiL6jZXl7yNP4Lz8OPY6d6PKXjXEk-ok5LRsHXjmw0Qj4z6Gmdb_IyqRPQIgDsciF-JerFDmxcTw6OKV,https://cs2tokens.com/iem-cologne-2026/items/sticker-kscerato-cologne-2026,Sticker | KSCERATO | Cologne 2026,https://steamcommunity.com/market/listings/730/Sticker%20%7C%20KSCERATO%20%7C%20Cologne%202026,ok,10658.0,5316.0,12.0,iem-cologne-2026,campaign_12,sticker,Autograph,KSCERATO,FURIA,rarity_rare,b8c99b244c89
99,61.7,P3,CHEAP HISTORY PUNT,xfl0ud,Player,Paper,HEROIC,3,0.03,3.0,0.03,Steam,False,0.0,Steam around $0.03,1-2 max,Very Cheap,Very Cheap,Low,6.0,0.6763,0.3412,0.5949,0.5154,0.3804,96.33333333333331,0.8028,96.33333333333331,0.8028,5.89,20.0,85.0,0.0,0.0,0.3712,0.0,0.0,0.65,0.0,0,1.0,0.525,85.0,566.6666666666667,0.0,85.0,566.6666666666667,0.0,0.0,0.0,1.0,0.525,0.19375,Neutral,+96% expected | 0.37 demand | 85% below high | 567% upside | -85% vs launch,"lower highs, 2P new low, unscored",Cheap punt; prefer Steam around $0.03; small size is acceptable even before full scoring.,False,20.0,-85.0,19.0,-84.21052631578947,25.0,11,0.0,-1.35,0.0,65,232.42,0.0,0.0,-1.94,0.0,-4.0,-0.025,0.1,0.0,65833.0,568985.0,4172.0,-2881.0,0.000827,0.001007,1.78,-0.49,-3.25,-5.03,0.000334,0.0,,,,,,,,,,,,0.1,0.0,,,0.422360248447205,1.0,0.3015,0.19375,3.0,20.0,4.0,3.0,116,321.31,2026-06-05T01:14:16.782000,,,,,,,0,0,0,0,0.0,HEROIC,24,6,1.0,"=IMAGE(""https://community.akamai.steamstatic.com/economy/image/i0CoZ81Ui0m-9KwlBY1L_18myuGuq1wfhWSaZgMttyVfPaERSR0Wqmu7LAocGJai0ki7VeTHjMmuOXSQ61MnpNWipUruRiLpmJqw6CYVuvb_PvNvcqmXDTDIlbsutrE7Gyuwl0x35jzUw92qdHPGbg91XJNwF_lK7EdJh_4BMQ"")",https://community.akamai.steamstatic.com/economy/image/i0CoZ81Ui0m-9KwlBY1L_18myuGuq1wfhWSaZgMttyVfPaERSR0Wqmu7LAocGJai0ki7VeTHjMmuOXSQ61MnpNWipUruRiLpmJqw6CYVuvb_PvNvcqmXDTDIlbsutrE7Gyuwl0x35jzUw92qdHPGbg91XJNwF_lK7EdJh_4BMQ,https://cs2tokens.com/iem-cologne-2026/items/sticker-xfl0ud-cologne-2026,Sticker | xfl0ud | Cologne 2026,https://steamcommunity.com/market/listings/730/Sticker%20%7C%20xfl0ud%20%7C%20Cologne%202026,ok,10894.0,5316.0,12.0,iem-cologne-2026,campaign_12,sticker,Autograph,xfl0ud,HEROIC,rarity_rare,c3db7f804237
100,61.7,P3,CHEAP HISTORY PUNT,Techno4K (Foil),Player,Foil,The MongolZ,40,0.4,40.0,0.4,Steam,False,0.0,Steam around $0.40,1-2 max,Very Cheap,Very Cheap,High,6.0,0.6762,0.3417,0.6006,0.4589,0.5919,97.17500000000001,0.8098,97.17500000000001,0.8098,78.87,258.0,84.49612403100775,-7.499999999999996,0.0937,0.448,0.0,0.0,0.65,0.0,0,1.0,0.5438,84.49612403100775,545.0,0.013574660633484163,84.49612403100775,545.0,0.013574660633484163,-7.499999999999996,0.0937,1.0,0.5438,0.51875,"Floor + prior bounce, but lower highs",+97% expected | 0.45 demand | 84% below high | 545% upside | -76% vs launch,"High crowding, lower highs, 2P new low, unscored",2P is cheaper than current Steam but still above Steam's recorded low; wait for a stronger entry.,False,168.0,-76.19047619047619,160.0,-75.0,426.53,8,0.0,-0.26,1.26,60,232.41,5.26,12.98,0.44,12.82,-7.0,-0.0438,0.175,0.0,367599.0,947423.0,17910.0,1177.0,0.001976,0.000412,-28.3,0.05,-3.62,32.12,0.001889,0.00059,1.0,2.26,,2.26,2.26,,,0.0,True,-464.99999999999994,-510.8108108108106,0.1,0.0252,,,0.9316770186335404,1.0,0.626,0.5125,37.0,258.0,78.0,39.67,116,321.31,2026-06-05T01:14:16.782000,,,,,,,0,0,0,0,0.0,The MongolZ,24,6,1.0,"=IMAGE(""https://community.akamai.steamstatic.com/economy/image/i0CoZ81Ui0m-9KwlBY1L_18myuGuq1wfhWSaZgMttyVfPaERSR0Wqmu7LAocGJai0ki7VeTHjMmuOXSQ61MnpNWipUruRiLlm5Xo8y0P5M2oZ61hbqCXWTWRlOggtbQ8TCvnzE1w6jvXw9apdH-UOwAnXpp3ROML40S_w9L5d7S1BHsA3rk"")",https://community.akamai.steamstatic.com/economy/image/i0CoZ81Ui0m-9KwlBY1L_18myuGuq1wfhWSaZgMttyVfPaERSR0Wqmu7LAocGJai0ki7VeTHjMmuOXSQ61MnpNWipUruRiLlm5Xo8y0P5M2oZ61hbqCXWTWRlOggtbQ8TCvnzE1w6jvXw9apdH-UOwAnXpp3ROML40S_w9L5d7S1BHsA3rk,https://cs2tokens.com/iem-cologne-2026/items/sticker-techno4k-foil-cologne-2026,Sticker | Techno4K (Foil) | Cologne 2026,https://steamcommunity.com/market/listings/730/Sticker%20%7C%20Techno4K%20%28Foil%29%20%7C%20Cologne%202026,ok,10599.0,5316.0,12.0,iem-cologne-2026,campaign_12,sticker,Autograph,Techno4K,The MongolZ,rarity_mythical,2667b6e11a21
101,61.7,P3,CHEAP HISTORY PUNT,v$m (Foil),Player,Foil,paiN Gaming,20,0.2,20.0,0.2,Steam,False,0.0,Steam around $0.20,1-2 max,Very Cheap,Very Cheap,High,6.0,0.663,0.3342,0.6038,0.4534,0.5771,95.9,0.7992,95.9,0.7992,39.18,131.0,84.7328244274809,-40.0,0.5,0.5502,0.0,0.0,0.65,0.0,0,1.0,0.5,84.7328244274809,555.0,0.06722689075630252,84.7328244274809,555.0,0.06722689075630252,-40.0,0.5,1.0,0.5,0.14375,"Floor + prior bounce, but lower highs",+96% expected | 0.55 demand | 85% below high | 555% upside | -85% vs launch,"High crowding, lower highs, 2P new low, unscored",Cheap punt; prefer Steam around $0.20; small size is acceptable even before full scoring.,False,131.0,-84.7328244274809,124.0,-83.87096774193549,100.0,10,5.26,-1.45,8.04,62,232.41,42.86,105.71,-1.87,26.09,19.0,0.1187,0.0,0.0,254449.0,826168.0,19569.0,17532.0,0.001485,0.00613,823.24,0.62,0.73,-12.18,0.001172,0.008781,,,,,,,,,,,,0.1,0.0,,,0.8695652173913043,1.0,0.6301,0.14375,12.0,131.0,31.5,18.67,116,321.31,2026-06-05T01:14:16.782000,,,,,,,0,0,0,0,0.0,paiN Gaming,24,6,1.0,"=IMAGE(""https://community.akamai.steamstatic.com/economy/image/i0CoZ81Ui0m-9KwlBY1L_18myuGuq1wfhWSaZgMttyVfPaERSR0Wqmu7LAocGJai0ki7VeTHjMmuOXSQ61MnpNWipUruRiLnjZvf-y1S47yoMaI6cKeQCmTDk7l3suU6H3_rwU535jzXz4ugcnyUaVQnX5NxELZbrFDmxW7yvKeW"")",https://community.akamai.steamstatic.com/economy/image/i0CoZ81Ui0m-9KwlBY1L_18myuGuq1wfhWSaZgMttyVfPaERSR0Wqmu7LAocGJai0ki7VeTHjMmuOXSQ61MnpNWipUruRiLnjZvf-y1S47yoMaI6cKeQCmTDk7l3suU6H3_rwU535jzXz4ugcnyUaVQnX5NxELZbrFDmxW7yvKeW,https://cs2tokens.com/iem-cologne-2026/items/sticker-v-m-foil-cologne-2026,Sticker | v$m (Foil) | Cologne 2026,https://steamcommunity.com/market/listings/730/Sticker%20%7C%20v%24m%20%28Foil%29%20%7C%20Cologne%202026,ok,10811.0,5316.0,12.0,iem-cologne-2026,campaign_12,sticker,Autograph,v$m,paiN Gaming,rarity_mythical,4b29ffdfb378
102,61.6,P3,CHEAP HISTORY PUNT,Astralis,Team,Paper,Astralis,20,0.2,20.0,0.2,Steam,False,0.0,Steam around $0.20,1-2 max,Very Cheap,Very Cheap,Low,6.0,0.5944,0.34,0.5759,0.4745,0.4184,68.75,0.5729,68.75,0.5729,33.75,54.0,62.96296296296296,-5.000000000000004,0.0625,0.5429,0.0,0.0,0.65,0.0,0,1.0,0.5645,62.96296296296296,170.00000000000003,0.02857142857142857,62.96296296296296,170.00000000000003,0.02857142857142857,-5.000000000000004,0.0625,1.0,0.5645,0.4838709677419355,Demand rising while price soft,+69% expected | 0.54 demand | 63% below high | 170% upside | -50% vs launch,"lower highs, 2P new low, unscored",2P is cheaper than current Steam but still above Steam's recorded low; wait for a stronger entry.,False,40.0,-50.0,43.67,-54.201969315319445,35.0,8,0.0,-0.76,0.0,61,232.42,0.0,0.0,-1.06,5.08,-2.0,-0.0645,0.2581,0.0,109672.0,360257.0,10835.0,1972.0,0.00048,0.00069,180.0,0.07,19.86,19.17,0.000318,0.000988,1.0,0.43,,0.43,0.43,,,0.0,True,-114.99999999999999,-126.3157894736842,0.1,0.0252,,,0.03125,1.0,0.1643,0.4838709677419355,19.0,54.0,40.0,20.0,116,321.31,2026-06-05T01:14:16.782000,,,,,,,0,0,0,0,0.0,Astralis,24,6,1.0,"=IMAGE(""https://community.akamai.steamstatic.com/economy/image/i0CoZ81Ui0m-9KwlBY1L_18myuGuq1wfhWSaZgMttyVfPaERSR0Wqmu7LAocGJai0ki7VeTHjMmuOXSQ61MnpNWipVj0VQ-_mse2rCYPufP6OfU6I_OXXj-UmbZw4eQ5SnzlzE0k62-By9qqcH6XPRhgVMUdhwlxbg"")",https://community.akamai.steamstatic.com/economy/image/i0CoZ81Ui0m-9KwlBY1L_18myuGuq1wfhWSaZgMttyVfPaERSR0Wqmu7LAocGJai0ki7VeTHjMmuOXSQ61MnpNWipVj0VQ-_mse2rCYPufP6OfU6I_OXXj-UmbZw4eQ5SnzlzE0k62-By9qqcH6XPRhgVMUdhwlxbg,https://cs2tokens.com/iem-cologne-2026/items/sticker-astralis-cologne-2026,Sticker | Astralis | Cologne 2026,https://steamcommunity.com/market/listings/730/Sticker%20%7C%20Astralis%20%7C%20Cologne%202026,ok,10409.0,5316.0,12.0,iem-cologne-2026,campaign_12,sticker,Team,,Astralis,rarity_rare,102ac6a48cb6
103,61.3,P3,CHEAP HISTORY PUNT,Natus Vincere,Team,Paper,Natus Vincere,88,0.87,46.53,0.46,2P,True,47.13,"2P around $0.46, 47% below Steam",1-2 max,Cheap,Cheap,High,6.0,0.6816,0.3634,0.6277,0.4888,0.5163,29.681818181818187,0.2473,145.2677865612648,1.0,114.12,191.0,53.92670157068062,-22.72727272727273,0.2841,0.521,0.0,0.0,0.65,0.0,0,1.0,0.4236,53.92670157068062,117.04545454545455,0.16260162601626016,75.63940542817596,310.4990118577075,0.0,0.0,0.0,0.9946,0.4973,0.9032258064516129,"Floor + prior bounce, but lower highs",+145% expected | 0.52 demand | 2P 47% below Steam | 76% below high | 310% upside,"High crowding, lower highs, 2P new low, unscored","Cheap punt; prefer 2P around $0.46, 47% below Steam; small size is acceptable even before full scoring.",False,68.0,29.41176470588236,87.0,1.1494252873563315,180.88,3,2.33,-0.53,2.33,61,232.42,14.29,35.24,-0.76,12.9,0.0,0.0,0.0,0.0,313812.0,573979.0,43909.0,4699.0,0.000785,0.001643,20.44,0.82,-2.84,-8.78,0.00073,0.002354,1.0,0.46,,0.46,0.46,,,0.0,True,47.12643678160919,31.575388776200132,0.1,0.1528,,,0.84375,0.8471,0.6273,0.9032258064516129,68.0,191.0,134.5,86.0,116,321.31,2026-06-05T01:14:16.782000,,,,,,,0,0,0,0,0.0,Natus Vincere,24,6,1.0,"=IMAGE(""https://community.akamai.steamstatic.com/economy/image/i0CoZ81Ui0m-9KwlBY1L_18myuGuq1wfhWSaZgMttyVfPaERSR0Wqmu7LAocGJai0ki7VeTHjMmuOXSQ61MnpNWipVfmVxS_ycOyqXVfuqesaqI1dqHLDDXHxLwm5-NoTi2xxh4jsGzczYmudyjDaBhgVMWwKW-ZJg"")",https://community.akamai.steamstatic.com/economy/image/i0CoZ81Ui0m-9KwlBY1L_18myuGuq1wfhWSaZgMttyVfPaERSR0Wqmu7LAocGJai0ki7VeTHjMmuOXSQ61MnpNWipVfmVxS_ycOyqXVfuqesaqI1dqHLDDXHxLwm5-NoTi2xxh4jsGzczYmudyjDaBhgVMWwKW-ZJg,https://cs2tokens.com/iem-cologne-2026/items/sticker-natus-vincere-cologne-2026,Sticker | Natus Vincere | Cologne 2026,https://steamcommunity.com/market/listings/730/Sticker%20%7C%20Natus%20Vincere%20%7C%20Cologne%202026,ok,10373.0,5316.0,12.0,iem-cologne-2026,campaign_12,sticker,Team,,Natus Vincere,rarity_rare,7817f8d7debb
104,61.3,P3,CHEAP HISTORY PUNT,S1ren,Player,Paper,BetBoom,4,0.04,4.0,0.04,Steam,False,0.0,Steam around $0.04,1-2 max,Very Cheap,Very Cheap,High,6.0,0.6678,0.3541,0.5749,0.4771,0.5423,85.5,0.7125,85.5,0.7125,7.42,20.0,80.0,0.0,0.0,0.4738,0.0815,0.0,0.65,0.0,0,1.0,0.7804,80.0,400.0,0.0,80.0,400.0,0.0,0.0,0.0,1.0,0.7804,0.475,"Floor + prior bounce, but lower highs",+86% expected | 0.47 demand | 80% below high | 400% upside | -80% vs launch,"High crowding, lower highs, 2P new low, unscored",Cheap punt; prefer Steam around $0.04; small size is acceptable even before full scoring.,False,20.0,-80.0,18.67,-78.57525441885377,220.0,12,0.0,-0.4,-11.54,65,232.42,-20.0,-49.33,-0.58,-1.89,-22.0,-0.1375,0.55,0.5714,236186.0,799587.0,19368.0,-2965.0,0.001554,0.001037,8.32,0.6,2.89,8.02,0.001397,0.0,,,,,,,,,,,,0.1,0.0,,,0.8757763975155279,1.0,0.6435,0.475,4.0,20.0,6.0,4.33,116,321.31,2026-06-05T01:14:16.782000,,,,,,,0,0,0,0,0.0,BetBoom,24,6,1.0,"=IMAGE(""https://community.akamai.steamstatic.com/economy/image/i0CoZ81Ui0m-9KwlBY1L_18myuGuq1wfhWSaZgMttyVfPaERSR0Wqmu7LAocGJai0ki7VeTHjMmuOXSQ61MnpNWipUruRiLiz4Tl82wC66SrbfM1eKOVDzfIlOsj47drSi_gzEhz4G-GzImoci2fPAEoWMRyW6dU5bO2kB5N"")",https://community.akamai.steamstatic.com/economy/image/i0CoZ81Ui0m-9KwlBY1L_18myuGuq1wfhWSaZgMttyVfPaERSR0Wqmu7LAocGJai0ki7VeTHjMmuOXSQ61MnpNWipUruRiLiz4Tl82wC66SrbfM1eKOVDzfIlOsj47drSi_gzEhz4G-GzImoci2fPAEoWMRyW6dU5bO2kB5N,https://cs2tokens.com/iem-cologne-2026/items/sticker-s1ren-cologne-2026,Sticker | S1ren | Cologne 2026,https://steamcommunity.com/market/listings/730/Sticker%20%7C%20S1ren%20%7C%20Cologne%202026,ok,10922.0,5316.0,12.0,iem-cologne-2026,campaign_12,sticker,Autograph,S1ren,BetBoom,rarity_rare,cb23e4ac112e
105,61.2,P3,CHEAP HISTORY PUNT,XANTARES,Player,Paper,Aurora,12,0.12,12.0,0.12,Steam,False,0.0,Steam around $0.12,1-2 max,Very Cheap,Very Cheap,Low,6.0,0.5796,0.3385,0.5855,0.4506,0.4099,78.41666666666667,0.6535,78.41666666666667,0.6535,21.41,39.0,69.23076923076923,0.0,0.0,0.5982,0.0,0.0,0.65,0.0,0,1.0,0.5,69.23076923076923,225.0,0.0,69.23076923076923,225.0,0.0,0.0,0.0,1.0,0.5,0.875,Demand rising while price soft,+78% expected | 0.60 demand | 69% below high | 225% upside | -64% vs launch,"lower highs, 2P new low, unscored",2P is cheaper than current Steam but still above Steam's recorded low; wait for a stronger entry.,False,33.0,-63.63636363636363,34.67,-65.38794346697433,22.73,11,0.0,-0.95,0.0,61,232.42,0.0,0.0,-1.51,0.0,0.0,0.0,0.0,0.0,78559.0,385066.0,8627.0,1796.0,0.000571,0.000628,19.68,0.25,18.71,27.59,0.000288,0.0009,1.0,0.22,,0.22,0.22,,,0.0,True,-83.33333333333334,-83.33333333333334,0.1,0.0252,,,0.024844720496894408,1.0,0.2162,0.875,12.0,39.0,23.0,12.0,116,321.31,2026-06-05T01:14:16.782000,,,,,,,0,0,0,0,0.0,Aurora,24,6,1.0,"=IMAGE(""https://community.akamai.steamstatic.com/economy/image/i0CoZ81Ui0m-9KwlBY1L_18myuGuq1wfhWSaZgMttyVfPaERSR0Wqmu7LAocGJai0ki7VeTHjMmuOXSQ61MnpNWipUruRiLpn5j0_DBe_Lz8afdscfLBDTfAl75y57RqS3zkwkUl4mXQm4n4JXLDZwIoX5MkEeRerFDmxYZ_dlNQ"")",https://community.akamai.steamstatic.com/economy/image/i0CoZ81Ui0m-9KwlBY1L_18myuGuq1wfhWSaZgMttyVfPaERSR0Wqmu7LAocGJai0ki7VeTHjMmuOXSQ61MnpNWipUruRiLpn5j0_DBe_Lz8afdscfLBDTfAl75y57RqS3zkwkUl4mXQm4n4JXLDZwIoX5MkEeRerFDmxYZ_dlNQ,https://cs2tokens.com/iem-cologne-2026/items/sticker-xantares-cologne-2026,Sticker | XANTARES | Cologne 2026,https://steamcommunity.com/market/listings/730/Sticker%20%7C%20XANTARES%20%7C%20Cologne%202026,ok,10634.0,5316.0,12.0,iem-cologne-2026,campaign_12,sticker,Autograph,XANTARES,Aurora,rarity_rare,bcddf0c78209
106,61.1,P3,CHEAP HISTORY PUNT,phzy (Foil),Player,Foil,Astralis,29,0.29,29.0,0.29,Steam,False,0.0,Steam around $0.29,1-2 max,Very Cheap,Very Cheap,Low,6.0,0.6246,0.327,0.583,0.4585,0.4398,73.79310344827586,0.6149,73.79310344827586,0.6149,50.4,142.0,79.5774647887324,-24.13793103448276,0.3017,0.5795,0.0,0.0,0.65,0.0,0,1.0,0.5062,79.5774647887324,389.6551724137931,0.058333333333333334,79.5774647887324,389.6551724137931,0.058333333333333334,-24.13793103448276,0.3017,1.0,0.5062,0.25625,Neutral,+74% expected | 0.58 demand | 80% below high | 390% upside | -80% vs launch,"lower highs, 2P new low, unscored",Cheap punt; prefer Steam around $0.29; small size is acceptable even before full scoring.,False,142.0,-79.5774647887324,132.67,-78.1412527323434,43.59,8,0.0,-1.1,1.74,60,232.41,7.41,18.27,-1.61,11.39,-1.0,-0.0062,0.025,0.0,139802.0,589715.0,5659.0,2669.0,0.000892,0.000933,38.62,0.17,13.54,37.1,0.000676,0.001337,,,,,,,,,,,,0.1,0.0,,,0.5403726708074534,1.0,0.3257,0.25,22.0,142.0,48.5,28.67,116,321.31,2026-06-05T01:14:16.782000,,,,,,,0,0,0,0,0.0,Astralis,24,6,1.0,"=IMAGE(""https://community.akamai.steamstatic.com/economy/image/i0CoZ81Ui0m-9KwlBY1L_18myuGuq1wfhWSaZgMttyVfPaERSR0Wqmu7LAocGJai0ki7VeTHjMmuOXSQ61MnpNWipUruRiLhloz5wiRU5v7gOfE6d6fKXz6Wl74g6Lk6GHiwkBwm5GzVn9msJCqXOwUlDJclFrQI5g74zIMD6TtjbQ"")",https://community.akamai.steamstatic.com/economy/image/i0CoZ81Ui0m-9KwlBY1L_18myuGuq1wfhWSaZgMttyVfPaERSR0Wqmu7LAocGJai0ki7VeTHjMmuOXSQ61MnpNWipUruRiLhloz5wiRU5v7gOfE6d6fKXz6Wl74g6Lk6GHiwkBwm5GzVn9msJCqXOwUlDJclFrQI5g74zIMD6TtjbQ,https://cs2tokens.com/iem-cologne-2026/items/sticker-phzy-foil-cologne-2026,Sticker | phzy (Foil) | Cologne 2026,https://steamcommunity.com/market/listings/730/Sticker%20%7C%20phzy%20%28Foil%29%20%7C%20Cologne%202026,ok,10739.0,5316.0,12.0,iem-cologne-2026,campaign_12,sticker,Autograph,phzy,Astralis,rarity_mythical,2aafa14ed786
107,61.1,P3,CHEAP HISTORY PUNT,Grim (Foil),Player,Foil,NRG,30,0.3,30.0,0.3,Steam,False,0.0,Steam around $0.30,1-2 max,Very Cheap,Very Cheap,Low,6.0,0.592,0.327,0.5677,0.4514,0.451,53.43333333333333,0.4453,53.43333333333333,0.4453,46.03,114.0,73.68421052631578,-16.666666666666664,0.2083,0.5846,0.0,0.0,0.65,0.0,0,1.0,0.5625,73.68421052631578,280.0,0.056179775280898875,73.68421052631578,280.0,0.056179775280898875,-16.666666666666664,0.2083,1.0,0.5625,0.3125,Demand rising while price soft,+53% expected | 0.58 demand | 74% below high | 280% upside | -74% vs launch,"lower highs, 2P new low, unscored",2P is cheaper than current Steam but still above Steam's recorded low; wait for a stronger entry.,False,114.0,-73.6842105263158,106.33,-71.7859494028026,57.89,7,0.0,-0.76,-1.65,62,232.41,0.0,0.0,-1.04,6.98,-10.0,-0.0625,0.25,0.0,139162.0,502106.0,7725.0,-1034.0,0.0008,0.000362,-28.89,0.31,62.9,126.81,0.000649,0.0,1.0,0.56,,0.56,0.56,,,0.0,True,-86.66666666666669,-124.00000000000003,0.1,0.0252,1.16,,0.2236024844720497,1.0,0.1938,0.30625,25.0,114.0,41.0,30.33,116,321.31,2026-06-05T01:14:16.782000,,,,,,,0,0,0,0,0.0,NRG,24,6,1.0,"=IMAGE(""https://community.akamai.steamstatic.com/economy/image/i0CoZ81Ui0m-9KwlBY1L_18myuGuq1wfhWSaZgMttyVfPaERSR0Wqmu7LAocGJai0ki7VeTHjMmuOXSQ61MnpNWipUruRiL2jJ_twiRU5v7gMPNrJqDCXGbCmL93src7G3zmwBtytjvRyIr4cHrGZw8gDcMhRrIMug74zIMHSpDZeA"")",https://community.akamai.steamstatic.com/economy/image/i0CoZ81Ui0m-9KwlBY1L_18myuGuq1wfhWSaZgMttyVfPaERSR0Wqmu7LAocGJai0ki7VeTHjMmuOXSQ61MnpNWipUruRiL2jJ_twiRU5v7gMPNrJqDCXGbCmL93src7G3zmwBtytjvRyIr4cHrGZw8gDcMhRrIMug74zIMHSpDZeA,https://cs2tokens.com/iem-cologne-2026/items/sticker-grim-foil-cologne-2026,Sticker | Grim (Foil) | Cologne 2026,https://steamcommunity.com/market/listings/730/Sticker%20%7C%20Grim%20%28Foil%29%20%7C%20Cologne%202026,ok,11015.0,5316.0,12.0,iem-cologne-2026,campaign_12,sticker,Autograph,Grim,NRG,rarity_mythical,da3cc4bea6bd
108,61.0,P3,CHEAP HISTORY PUNT,jabbi (Foil),Player,Foil,Astralis,26,0.26,26.0,0.26,Steam,False,0.0,Steam around $0.26,1-2 max,Very Cheap,Very Cheap,Low,6.0,0.6402,0.3352,0.5922,0.4797,0.4135,89.92307692307693,0.7494,89.92307692307693,0.7494,49.38,144.0,81.94444444444444,-23.076923076923073,0.2885,0.4317,0.0,0.0,0.65,0.0,0,1.0,0.5125,81.94444444444444,453.8461538461538,0.04838709677419355,81.94444444444444,453.8461538461538,0.04838709677419355,-23.076923076923073,0.2885,1.0,0.5125,0.2125,Neutral,+90% expected | 0.43 demand | 82% below high | 454% upside | -82% vs launch,"lower highs, 2P new low, unscored",2P is cheaper than current Steam but still above Steam's recorded low; wait for a stronger entry.,False,144.0,-81.94444444444444,133.67,-80.54911348844168,40.54,6,4.0,-1.17,1.97,62,232.41,8.33,20.55,-1.59,1.69,-2.0,-0.0125,0.05,0.0,126836.0,561409.0,6906.0,1432.0,0.000791,0.000501,-14.56,-0.32,-1.42,25.14,0.000625,0.000717,1.0,0.51,,0.51,0.51,,,0.0,True,-96.15384615384615,-154.99999999999997,0.1,0.0252,,,0.4472049689440994,1.0,0.2903,0.2125,20.0,144.0,46.0,25.33,116,321.31,2026-06-05T01:14:16.782000,,,,,,,0,0,0,0,0.0,Astralis,24,6,1.0,"=IMAGE(""https://raw.githubusercontent.com/ByMykel/counter-strike-image-tracker/main/static/panorama/images/econ/stickers/cologne2026/sig_jabbi_foil_png.png"")",https://raw.githubusercontent.com/ByMykel/counter-strike-image-tracker/main/static/panorama/images/econ/stickers/cologne2026/sig_jabbi_foil_png.png,https://cs2tokens.com/iem-cologne-2026/items/sticker-jabbi-foil-cologne-2026,Sticker | jabbi (Foil) | Cologne 2026,https://steamcommunity.com/market/listings/730/Sticker%20%7C%20jabbi%20%28Foil%29%20%7C%20Cologne%202026,ok,10747.0,5316.0,12.0,iem-cologne-2026,campaign_12,sticker,Autograph,jabbi,Astralis,rarity_mythical,56bfdfb9b7b4
109,61.0,P3,CHEAP HISTORY PUNT,doc,Player,Paper,Sharks Esports,4,0.04,4.0,0.04,Steam,False,0.0,Steam around $0.04,1-2 max,Very Cheap,Very Cheap,Low,6.0,0.585,0.338,0.5904,0.4532,0.3948,81.74999999999999,0.6812,81.74999999999999,0.6812,7.27,17.0,76.47058823529412,-25.0,0.3125,0.5874,0.0,0.0,0.65,0.0,0,1.0,0.5375,76.47058823529412,325.0,0.07142857142857142,76.47058823529412,325.0,0.07142857142857142,-25.0,0.3125,1.0,0.5375,0.58125,Demand rising while price soft,+82% expected | 0.59 demand | 76% below high | 325% upside | -76% vs launch,"lower highs, 2P new low, unscored",Cheap punt; prefer Steam around $0.04; small size is acceptable even before full scoring.,False,17.0,-76.47058823529412,16.67,-76.00479904019195,33.33,13,0.0,-1.11,0.0,63,232.42,0.0,0.0,-1.67,-13.64,-6.0,-0.0375,0.15,0.0,90648.0,487648.0,6163.0,-1101.0,0.000708,0.000385,-58.94,0.35,73.28,149.85,0.000393,0.0,,,,,,,,,,,,0.1,0.0,,,0.17391304347826086,1.0,0.2099,0.58125,3.0,17.0,7.0,4.0,116,321.31,2026-06-05T01:14:16.782000,,,,,,,0,0,0,0,0.0,Sharks Esports,24,6,1.0,"=IMAGE(""https://community.akamai.steamstatic.com/economy/image/i0CoZ81Ui0m-9KwlBY1L_18myuGuq1wfhWSaZgMttyVfPaERSR0Wqmu7LAocGJai0ki7VeTHjMmuOXSQ61MnpNWipUruRiL1kZWupSZe7ar9MPdpdKTCVjSVxetz4bNoFnnnxkR-4D_cm9esJX7Ea1UnA4wwG7A9vO4QLg"")",https://community.akamai.steamstatic.com/economy/image/i0CoZ81Ui0m-9KwlBY1L_18myuGuq1wfhWSaZgMttyVfPaERSR0Wqmu7LAocGJai0ki7VeTHjMmuOXSQ61MnpNWipUruRiL1kZWupSZe7ar9MPdpdKTCVjSVxetz4bNoFnnnxkR-4D_cm9esJX7Ea1UnA4wwG7A9vO4QLg,https://cs2tokens.com/iem-cologne-2026/items/sticker-doc-cologne-2026,Sticker | doc | Cologne 2026,https://steamcommunity.com/market/listings/730/Sticker%20%7C%20doc%20%7C%20Cologne%202026,ok,11070.0,5316.0,12.0,iem-cologne-2026,campaign_12,sticker,Autograph,doc,Sharks Esports,rarity_rare,53c5df4745b0
110,60.9,P3,CHEAP HISTORY PUNT,yxngstxr,Player,Paper,HEROIC,3,0.03,3.0,0.03,Steam,False,0.0,Steam around $0.03,1-2 max,Very Cheap,Very Cheap,Low,6.0,0.6664,0.3434,0.595,0.5196,0.3498,108.0,0.9,108.0,0.9,6.24,21.0,85.71428571428571,0.0,0.0,0.1747,0.0,0.0,0.65,0.0,0,1.0,0.5312,85.71428571428571,600.0,0.0,85.71428571428571,600.0,0.0,0.0,0.0,1.0,0.5312,0.20625,Neutral,+108% expected | 0.17 demand | 86% below high | 600% upside | -86% vs launch,"lower highs, 2P new low, unscored",Cheap punt; prefer Steam around $0.03; small size is acceptable even before full scoring.,False,21.0,-85.71428571428572,19.33,-84.48008277289188,25.0,8,0.0,-1.44,0.0,63,232.42,0.0,0.0,-2.19,0.0,-5.0,-0.0312,0.125,0.0,31184.0,499465.0,3028.0,-2056.0,0.00071,0.000719,-24.15,-0.46,-24.64,-31.28,0.000171,0.0,,,,,,,,,,,,0.1,0.0,,,0.20496894409937888,1.0,0.1772,0.20625,3.0,21.0,4.0,3.0,116,321.31,2026-06-05T01:14:16.782000,,,,,,,0,0,0,0,0.0,HEROIC,24,6,1.0,"=IMAGE(""https://community.akamai.steamstatic.com/economy/image/i0CoZ81Ui0m-9KwlBY1L_18myuGuq1wfhWSaZgMttyVfPaERSR0Wqmu7LAocGJai0ki7VeTHjMmuOXSQ61MnpNWipUruRiLohpjn7jZD_bz8OvJpIafBV2KRkrZ1suBvSyziw0ki4jyDytv6J3nCZwMiDZZ2TbMJrFDmxTfWLfS3"")",https://community.akamai.steamstatic.com/economy/image/i0CoZ81Ui0m-9KwlBY1L_18myuGuq1wfhWSaZgMttyVfPaERSR0Wqmu7LAocGJai0ki7VeTHjMmuOXSQ61MnpNWipUruRiLohpjn7jZD_bz8OvJpIafBV2KRkrZ1suBvSyziw0ki4jyDytv6J3nCZwMiDZZ2TbMJrFDmxTfWLfS3,https://cs2tokens.com/iem-cologne-2026/items/sticker-yxngstxr-cologne-2026,Sticker | yxngstxr | Cologne 2026,https://steamcommunity.com/market/listings/730/Sticker%20%7C%20yxngstxr%20%7C%20Cologne%202026,ok,10910.0,5316.0,12.0,iem-cologne-2026,campaign_12,sticker,Autograph,yxngstxr,HEROIC,rarity_rare,a87afad6ca47
111,60.8,P3,CHEAP HISTORY PUNT,Chr1zN (Foil),Player,Foil,HEROIC,14,0.14,14.0,0.14,Steam,False,0.0,Steam around $0.14,1-2 max,Very Cheap,Very Cheap,Low,6.0,0.6855,0.3423,0.6054,0.5168,0.3725,123.07142857142858,1.0,123.07142857142858,1.0,31.23,117.0,88.03418803418803,-21.42857142857143,0.2679,0.1972,0.0,0.0,0.65,0.0,0,1.0,0.5,88.03418803418803,735.7142857142858,0.02830188679245283,88.03418803418803,735.7142857142858,0.02830188679245283,-21.42857142857143,0.2679,1.0,0.5,0.01875,Neutral,+123% expected | 0.20 demand | 88% below high | 736% upside | -88% vs launch,"lower highs, 2P new low, unscored",2P is cheaper than current Steam but still above Steam's recorded low; wait for a stronger entry.,False,117.0,-88.03418803418803,107.33,-86.9561166495854,27.27,6,0.0,-1.52,-0.0,62,232.41,7.69,18.97,-2.1,11.84,1.0,0.0062,0.0,0.0,105808.0,583557.0,5252.0,1918.0,0.000748,0.000671,-3.73,0.4,-33.37,-35.91,0.000488,0.000961,1.0,0.22,,0.22,0.22,,,0.0,True,-57.14285714285713,-99.99999999999997,0.1,0.0252,,,0.5341614906832298,1.0,0.3166,0.01875,11.0,117.0,26.0,14.0,116,321.31,2026-06-05T01:14:16.782000,,,,,,,0,0,0,0,0.0,HEROIC,24,6,1.0,"=IMAGE(""https://raw.githubusercontent.com/ByMykel/counter-strike-image-tracker/main/static/panorama/images/econ/stickers/cologne2026/sig_chr1zn_foil_png.png"")",https://raw.githubusercontent.com/ByMykel/counter-strike-image-tracker/main/static/panorama/images/econ/stickers/cologne2026/sig_chr1zn_foil_png.png,https://cs2tokens.com/iem-cologne-2026/items/sticker-chr1zn-foil-cologne-2026,Sticker | Chr1zN (Foil) | Cologne 2026,https://steamcommunity.com/market/listings/730/Sticker%20%7C%20Chr1zN%20%28Foil%29%20%7C%20Cologne%202026,ok,10907.0,5316.0,12.0,iem-cologne-2026,campaign_12,sticker,Autograph,Chr1zN,HEROIC,rarity_mythical,923a672ef348
112,60.8,P3,CHEAP HISTORY PUNT,Aleksib,Player,Paper,Natus Vincere,8,0.08,8.0,0.08,Steam,False,0.0,Steam around $0.08,1-2 max,Very Cheap,Very Cheap,Low,6.0,0.6122,0.3522,0.6049,0.4842,0.3638,111.625,0.9302,111.625,0.9302,16.93,38.0,78.94736842105263,0.0,0.0,0.2433,0.0,0.0,0.65,0.0,0,1.0,0.5125,78.94736842105263,375.0,0.0,78.94736842105263,375.0,0.0,0.0,0.0,1.0,0.5125,0.79375,Neutral,+112% expected | 0.24 demand | 79% below high | 375% upside | -77% vs launch,"lower highs, 2P new low, unscored",2P is cheaper than current Steam but still above Steam's recorded low; wait for a stronger entry.,False,35.0,-77.14285714285715,37.0,-78.37837837837837,26.67,12,0.0,-1.3,0.0,61,232.42,0.0,0.0,-2.11,0.0,-2.0,-0.0125,0.05,0.0,49548.0,414485.0,3111.0,965.0,0.000618,0.000337,-29.87,-0.21,-15.79,-39.98,0.000264,0.000483,1.0,0.14,,0.14,0.14,,,0.0,True,-75.00000000000001,-75.00000000000001,0.1,0.0252,,,0.055900621118012424,1.0,0.1065,0.79375,8.0,38.0,16.0,8.0,116,321.31,2026-06-05T01:14:16.782000,,,,,,,0,0,0,0,0.0,Natus Vincere,24,6,1.0,"=IMAGE(""https://community.akamai.steamstatic.com/economy/image/i0CoZ81Ui0m-9KwlBY1L_18myuGuq1wfhWSaZgMttyVfPaERSR0Wqmu7LAocGJai0ki7VeTHjMmuOXSQ61MnpNWipUruRiLwkpPr7itZofP7bvw1IqOWD2PHxb4jtbJrFirkxUpyt2Xcnt6reH7BaQEmX5ciQLMU8k7vPq6drsc"")",https://community.akamai.steamstatic.com/economy/image/i0CoZ81Ui0m-9KwlBY1L_18myuGuq1wfhWSaZgMttyVfPaERSR0Wqmu7LAocGJai0ki7VeTHjMmuOXSQ61MnpNWipUruRiLwkpPr7itZofP7bvw1IqOWD2PHxb4jtbJrFirkxUpyt2Xcnt6reH7BaQEmX5ciQLMU8k7vPq6drsc,https://cs2tokens.com/iem-cologne-2026/items/sticker-aleksib-cologne-2026,Sticker | Aleksib | Cologne 2026,https://steamcommunity.com/market/listings/730/Sticker%20%7C%20Aleksib%20%7C%20Cologne%202026,ok,10558.0,5316.0,12.0,iem-cologne-2026,campaign_12,sticker,Autograph,Aleksib,Natus Vincere,rarity_rare,388ca2e29c5c
113,60.5,P3,CHEAP HISTORY PUNT,esenthial,Player,Paper,B8,3,0.03,3.0,0.03,Steam,False,0.0,Steam around $0.03,1-2 max,Very Cheap,Very Cheap,Medium,6.0,0.6786,0.328,0.5841,0.4962,0.4071,97.66666666666666,0.8139,97.66666666666666,0.8139,5.93,21.0,85.71428571428571,0.0,0.0,0.3443,0.0,0.0,0.65,0.0,0,1.0,0.5,85.71428571428571,600.0,0.0,85.71428571428571,600.0,0.0,0.0,0.0,1.0,0.5,0.18125,Neutral,+98% expected | 0.34 demand | 86% below high | 600% upside | -86% vs launch,"lower highs, 2P new low, unscored",Cheap punt; prefer Steam around $0.03; small size is acceptable even before full scoring.,False,21.0,-85.71428571428572,19.33,-84.48008277289188,66.67,9,0.0,-1.38,0.0,65,232.42,0.0,0.0,-1.96,0.0,3.0,0.0188,0.0,0.0,95452.0,594739.0,6726.0,-2512.0,0.000982,0.000878,-10.9,-0.52,-7.85,-7.27,0.000523,0.0,,,,,,,,,,,,0.1,0.0,,,0.5279503105590062,1.0,0.4042,0.18125,3.0,21.0,4.0,3.0,116,321.31,2026-06-05T01:14:16.782000,,,,,,,0,0,0,0,0.0,B8,24,6,1.0,"=IMAGE(""https://community.akamai.steamstatic.com/economy/image/i0CoZ81Ui0m-9KwlBY1L_18myuGuq1wfhWSaZgMttyVfPaERSR0Wqmu7LAocGJai0ki7VeTHjMmuOXSQ61MnpNWipUruRiL0jZPu6SpS7v7gPaI6JfWXDWbJlO9w4LYxGyu2l0Rwsj_dyNatci_Ca1cjWcAiRrQJ5g74zIOxPIem8Q"")",https://community.akamai.steamstatic.com/economy/image/i0CoZ81Ui0m-9KwlBY1L_18myuGuq1wfhWSaZgMttyVfPaERSR0Wqmu7LAocGJai0ki7VeTHjMmuOXSQ61MnpNWipUruRiL0jZPu6SpS7v7gPaI6JfWXDWbJlO9w4LYxGyu2l0Rwsj_dyNatci_Ca1cjWcAiRrQJ5g74zIOxPIem8Q,https://cs2tokens.com/iem-cologne-2026/items/sticker-esenthial-cologne-2026,Sticker | esenthial | Cologne 2026,https://steamcommunity.com/market/listings/730/Sticker%20%7C%20esenthial%20%7C%20Cologne%202026,ok,10882.0,5316.0,12.0,iem-cologne-2026,campaign_12,sticker,Autograph,esenthial,B8,rarity_rare,3ef136d5302c
114,60.5,P3,CHEAP HISTORY PUNT,TYLOO,Team,Paper,TYLOO,44,0.44,28.0,0.28,2P,True,36.36,"2P around $0.28, 36% below Steam",1-2 max,Very Cheap,Very Cheap,Medium,6.0,0.6485,0.3415,0.5932,0.4837,0.4078,30.909090909090907,0.2576,105.7142857142857,0.881,57.6,88.0,50.0,-20.45454545454546,0.2557,0.5171,0.0,0.0,0.65,0.0,0,1.0,0.5,50.0,100.0,0.16981132075471697,68.18181818181817,214.28571428571422,0.0,0.0,0.0,1.0,0.5,0.6774193548387096,Neutral,+106% expected | 0.52 demand | 2P 36% below Steam | 68% below high | 214% upside,"lower highs, 2P new low, unscored","Cheap punt; prefer 2P around $0.28, 36% below Steam; small size is acceptable even before full scoring.",False,57.0,-22.807017543859654,63.67,-30.893670488456102,54.39,4,2.33,-0.61,2.33,61,232.42,12.82,31.62,-0.92,11.44,1.0,0.0323,0.0,0.0,244657.0,490226.0,68865.0,3843.0,0.000646,0.001344,-37.2,0.5,-1.06,16.78,0.000626,0.001925,1.0,0.28,,0.28,0.28,,,0.0,True,36.36363636363636,19.999999999999986,0.1,0.122,,,0.5,1.0,0.4921,0.7741935483870968,35.0,88.0,65.5,43.0,116,321.31,2026-06-05T01:14:16.782000,,,,,,,0,0,0,0,0.0,TYLOO,24,6,1.0,"=IMAGE(""https://community.akamai.steamstatic.com/economy/image/i0CoZ81Ui0m-9KwlBY1L_18myuGuq1wfhWSaZgMttyVfPaERSR0Wqmu7LAocGJai0ki7VeTHjMmuOXSQ61MnpNWipU3-TVOjy5LkrHNd7ab_bfM4d6KXXzLIkb1wtrA4SXGxzBh05DmEn4v7eCnDcEZ-XS4c0-O0"")",https://community.akamai.steamstatic.com/economy/image/i0CoZ81Ui0m-9KwlBY1L_18myuGuq1wfhWSaZgMttyVfPaERSR0Wqmu7LAocGJai0ki7VeTHjMmuOXSQ61MnpNWipU3-TVOjy5LkrHNd7ab_bfM4d6KXXzLIkb1wtrA4SXGxzBh05DmEn4v7eCnDcEZ-XS4c0-O0,https://cs2tokens.com/iem-cologne-2026/items/sticker-tyloo-cologne-2026,Sticker | TYLOO | Cologne 2026,https://steamcommunity.com/market/listings/730/Sticker%20%7C%20TYLOO%20%7C%20Cologne%202026,ok,10469.0,5316.0,12.0,iem-cologne-2026,campaign_12,sticker,Team,,TYLOO,rarity_rare,8b3a5af52ea5
116,60.1,P3,CHEAP HISTORY PUNT,ryu,Player,Paper,Astralis,4,0.04,4.0,0.04,Steam,False,0.0,Steam around $0.04,1-2 max,Very Cheap,Very Cheap,Low,6.0,0.6187,0.3266,0.5824,0.4502,0.3941,84.74999999999999,0.7062,84.74999999999999,0.7062,7.39,24.0,83.33333333333334,-25.0,0.3125,0.5221,0.0,0.0,0.65,0.0,0,1.0,0.5125,83.33333333333334,500.0,0.047619047619047616,83.33333333333334,500.0,0.047619047619047616,-25.0,0.3125,1.0,0.5125,0.40625,Demand rising while price soft,+85% expected | 0.52 demand | 83% below high | 500% upside | -83% vs launch,"lower highs, 2P new low, unscored",Cheap punt; prefer Steam around $0.04; small size is acceptable even before full scoring.,False,24.0,-83.33333333333334,23.0,-82.6086956521739,33.33,12,0.0,-1.35,0.0,63,232.42,0.0,0.0,-2.14,-13.64,-2.0,-0.0125,0.05,0.0,77631.0,534613.0,7131.0,-2762.0,0.000697,0.000966,1.69,-0.56,28.36,-62.66,0.000378,0.0,,,,,,,,,,,,0.1,0.0,,,0.2919254658385093,1.0,0.318,0.40625,3.0,24.0,5.0,4.0,116,321.31,2026-06-05T01:14:16.782000,,,,,,,0,0,0,0,0.0,Astralis,24,6,1.0,"=IMAGE(""https://community.akamai.steamstatic.com/economy/image/i0CoZ81Ui0m-9KwlBY1L_18myuGuq1wfhWSaZgMttyVfPaERSR0Wqmu7LAocGJai0ki7VeTHjMmuOXSQ61MnpNWipUruRiLjh4OurHpZvaWvbfY1JKfEXDOUmb4k5rc7S361lEQm42nSw9qpIH6UaAFzXowwG7BK-fLbbQ"")",https://community.akamai.steamstatic.com/economy/image/i0CoZ81Ui0m-9KwlBY1L_18myuGuq1wfhWSaZgMttyVfPaERSR0Wqmu7LAocGJai0ki7VeTHjMmuOXSQ61MnpNWipUruRiLjh4OurHpZvaWvbfY1JKfEXDOUmb4k5rc7S361lEQm42nSw9qpIH6UaAFzXowwG7BK-fLbbQ,https://cs2tokens.com/iem-cologne-2026/items/sticker-ryu-cologne-2026,Sticker | ryu | Cologne 2026,https://steamcommunity.com/market/listings/730/Sticker%20%7C%20ryu%20%7C%20Cologne%202026,ok,10742.0,5316.0,12.0,iem-cologne-2026,campaign_12,sticker,Autograph,ryu,Astralis,rarity_rare,a07c512810c0
117,60.0,P3,CHEAP HISTORY PUNT,HUASOPEEK (Foil),Player,Foil,9z Team,26,0.26,26.0,0.26,Steam,False,0.0,Steam around $0.26,1-2 max,Very Cheap,Very Cheap,Low,6.0,0.656,0.3403,0.5862,0.518,0.3417,124.53846153846153,1.0,124.53846153846153,1.0,58.38,153.0,83.00653594771242,-3.8461538461538436,0.0481,0.0882,0.0,0.1828,0.65,0.0,0,1.0,0.5827,83.00653594771242,488.4615384615385,0.0078125,83.00653594771242,488.4615384615385,0.0078125,-3.8461538461538436,0.0481,1.0,0.5827,0.21875,Neutral,+125% expected | 0.09 demand | 83% below high | 488% upside | -83% vs launch,"lower highs, 2P new low, unscored",2P is cheaper than current Steam but still above Steam's recorded low; wait for a stronger entry.,False,153.0,-83.00653594771241,147.0,-82.31292517006803,26.92,5,4.0,-1.25,-0.0,60,232.41,-3.7,-9.14,-1.88,1.92,-9.0,-0.0563,0.225,0.1058,67511.0,489265.0,4361.0,-3.0,0.000702,1e-06,-99.8,0.16,-89.92,-113.47,0.000317,0.0,1.0,0.59,,0.59,0.59,,,0.0,True,-126.92307692307689,-136.0,0.1,0.0252,,,0.18633540372670807,1.0,0.1398,0.21875,25.0,153.0,58.0,25.67,116,321.31,2026-06-05T01:14:16.782000,,,,,,,0,0,0,0,0.0,9z Team,24,6,1.0,"=IMAGE(""https://community.akamai.steamstatic.com/economy/image/i0CoZ81Ui0m-9KwlBY1L_18myuGuq1wfhWSaZgMttyVfPaERSR0Wqmu7LAocGJai0ki7VeTHjMmuOXSQ61MnpNWipUruRiL5i5fz8jJe6vmRbqtkLL6VXGLCwL105-cwGH3mwkgk4W7dyomtIi3Cb1JyCpMmEOQM5BC8kNTmKaq8sK4V18iP"")",https://community.akamai.steamstatic.com/economy/image/i0CoZ81Ui0m-9KwlBY1L_18myuGuq1wfhWSaZgMttyVfPaERSR0Wqmu7LAocGJai0ki7VeTHjMmuOXSQ61MnpNWipUruRiL5i5fz8jJe6vmRbqtkLL6VXGLCwL105-cwGH3mwkgk4W7dyomtIi3Cb1JyCpMmEOQM5BC8kNTmKaq8sK4V18iP,https://cs2tokens.com/iem-cologne-2026/items/sticker-huasopeek-foil-cologne-2026,Sticker | HUASOPEEK (Foil) | Cologne 2026,https://steamcommunity.com/market/listings/730/Sticker%20%7C%20HUASOPEEK%20%28Foil%29%20%7C%20Cologne%202026,ok,10851.0,5316.0,12.0,iem-cologne-2026,campaign_12,sticker,Autograph,HUASOPEEK,9z Team,rarity_mythical,b3e8e11e4350
118,59.9,P3,CHEAP HISTORY PUNT,Lake,Player,Paper,M80,3,0.03,3.0,0.03,Steam,False,0.0,Steam around $0.03,1-2 max,Very Cheap,Very Cheap,Medium,6.0,0.6883,0.3472,0.5536,0.5082,0.4486,111.33333333333333,0.9278,111.33333333333333,0.9278,6.34,20.0,85.0,0.0,0.0,0.285,0.0,0.3286,0.65,0.0,0,1.0,0.9286,85.0,566.6666666666667,0.0,85.0,566.6666666666667,0.0,0.0,0.0,1.0,0.9286,0.23125,"Floor + prior bounce, but lower highs",+111% expected | 0.28 demand | 85% below high | 567% upside | -85% vs launch,"lower highs, 2P new low, unscored",Cheap punt; prefer Steam around $0.03; small size is acceptable even before full scoring.,False,20.0,-85.0,18.33,-83.63338788870703,125.0,12,0.0,-1.01,-15.0,65,232.42,-25.0,-61.66,-1.34,0.0,-48.0,-0.3,1.0,0.7143,232828.0,784936.0,12971.0,-1032.0,0.001398,0.000361,-61.91,0.24,-11.5,-62.16,0.001207,0.0,,,,,,,,,,,,0.1,0.0,,,0.84472049689441,1.0,0.5736,0.23125,3.0,20.0,5.0,3.33,116,321.31,2026-06-05T01:14:16.782000,,,,,,,0,0,0,0,0.0,M80,24,6,1.0,"=IMAGE(""https://community.akamai.steamstatic.com/economy/image/i0CoZ81Ui0m-9KwlBY1L_18myuGuq1wfhWSaZgMttyVfPaERSR0Wqmu7LAocGJai0ki7VeTHjMmuOXSQ61MnpNWipUruRiL9n53lsyYDuKutPadoIfKRDT_FmL4j6bgwTXDhkE904TnQn9b6cHiSbVMnDcNuBbldlWl9XIM"")",https://community.akamai.steamstatic.com/economy/image/i0CoZ81Ui0m-9KwlBY1L_18myuGuq1wfhWSaZgMttyVfPaERSR0Wqmu7LAocGJai0ki7VeTHjMmuOXSQ61MnpNWipUruRiL9n53lsyYDuKutPadoIfKRDT_FmL4j6bgwTXDhkE904TnQn9b6cHiSbVMnDcNuBbldlWl9XIM,https://cs2tokens.com/iem-cologne-2026/items/sticker-lake-cologne-2026,Sticker | Lake | Cologne 2026,https://steamcommunity.com/market/listings/730/Sticker%20%7C%20Lake%20%7C%20Cologne%202026,ok,10958.0,5316.0,12.0,iem-cologne-2026,campaign_12,sticker,Autograph,Lake,M80,rarity_rare,3af53a69446c
119,59.9,P3,CHEAP HISTORY PUNT,stressarN (Foil),Player,Foil,,24,0.24,24.0,0.24,Steam,False,0.0,Steam around $0.24,1-2 max,Very Cheap,Very Cheap,Low,6.0,0.6389,0.3232,0.5614,0.4638,0.4834,73.33333333333334,0.6111,73.33333333333334,0.6111,41.6,111.0,78.37837837837837,-4.1666666666666625,0.0521,0.3375,0.0092,0.0,0.65,0.0,0,1.0,0.5786,78.37837837837837,362.5,0.011363636363636364,78.37837837837837,362.5,0.011363636363636364,-4.1666666666666625,0.0521,1.0,0.5786,0.1875,"Floor + prior bounce, but lower highs",+73% expected | 0.34 demand | 78% below high | 362% upside | -78% vs launch,"lower highs, 2P new low, unscored",2P is cheaper than current Steam but still above Steam's recorded low; wait for a stronger entry.,False,111.0,-78.37837837837837,106.67,-77.50070310302803,143.48,6,0.0,-0.84,-2.05,62,232.41,-4.0,-9.87,-1.59,3.67,-8.0,-0.05,0.2,0.1143,133408.0,609308.0,7104.0,-1415.0,0.001073,0.000495,-13.76,-0.35,1.64,-77.08,0.000689,0.0,1.0,0.35,,0.35,0.35,,,0.0,True,-45.83333333333333,-52.17391304347825,0.1,0.0252,,,0.5900621118012422,1.0,0.3491,0.1875,23.0,111.0,32.5,24.33,116,321.31,2026-06-05T01:14:16.782000,,,,,,,0,0,0,0,0.0,stressarN,4,1,0.25,"=IMAGE(""https://community.akamai.steamstatic.com/economy/image/i0CoZ81Ui0m-9KwlBY1L_18myuGuq1wfhWSaZgMttyVfPaERSR0Wqmu7LAocGJai0ki7VeTHjMmuOXSQ61MnpNWipUruRiLiioTl7jFa_fyRbqtkLL7FWGSWlOt1tbM4GCqwzU8hsWyBnN-ucCmXOAB1X8QhEbIMs0a5ktK1Kaq8sJaj3vNI"")",https://community.akamai.steamstatic.com/economy/image/i0CoZ81Ui0m-9KwlBY1L_18myuGuq1wfhWSaZgMttyVfPaERSR0Wqmu7LAocGJai0ki7VeTHjMmuOXSQ61MnpNWipUruRiLiioTl7jFa_fyRbqtkLL7FWGSWlOt1tbM4GCqwzU8hsWyBnN-ucCmXOAB1X8QhEbIMs0a5ktK1Kaq8sJaj3vNI,https://cs2tokens.com/iem-cologne-2026/items/sticker-stressarn-foil-cologne-2026,Sticker | stressarN (Foil) | Cologne 2026,https://steamcommunity.com/market/listings/730/Sticker%20%7C%20stressarN%20%28Foil%29%20%7C%20Cologne%202026,ok,11011.0,5316.0,12.0,iem-cologne-2026,campaign_12,sticker,Autograph,stressarN,,rarity_mythical,82f9070a0f58
120,59.8,P3,CHEAP HISTORY PUNT,dumau (Foil),Player,Foil,Legacy,35,0.35,35.0,0.35,Steam,False,0.0,Steam around $0.35,1-2 max,Very Cheap,Very Cheap,Medium,6.0,0.6254,0.3249,0.5805,0.4542,0.4663,94.85714285714286,0.7905,94.85714285714286,0.7905,68.2,142.0,75.35211267605634,-14.28571428571429,0.1786,0.4469,0.0,0.0,0.65,0.0,0,1.0,0.5,75.35211267605634,305.71428571428567,0.044642857142857144,75.35211267605634,305.71428571428567,0.044642857142857144,-14.28571428571429,0.1786,1.0,0.5,0.43125,"Floor + prior bounce, but lower highs",+95% expected | 0.45 demand | 75% below high | 306% upside | -75% vs launch,"lower highs, 2P new low, unscored",2P is cheaper than current Steam but still above Steam's recorded low; wait for a stronger entry.,False,142.0,-75.35211267605634,132.67,-73.61875329765584,93.44,7,2.94,-0.86,1.46,60,232.41,9.38,23.12,-1.05,9.38,4.0,0.025,0.0,0.0,180671.0,603383.0,10921.0,2710.0,0.001054,0.000948,60.43,0.12,-4.63,-2.18,0.000794,0.001357,1.0,3.81,,3.81,3.81,,,0.0,True,-988.5714285714287,-1170.0,0.1,0.0252,3.81,,0.5714285714285714,1.0,0.4458,0.425,30.0,142.0,71.0,34.33,116,321.31,2026-06-05T01:14:16.782000,,,,,,,0,0,0,0,0.0,Legacy,24,6,1.0,"=IMAGE(""https://community.akamai.steamstatic.com/economy/image/i0CoZ81Ui0m-9KwlBY1L_18myuGuq1wfhWSaZgMttyVfPaERSR0Wqmu7LAocGJai0ki7VeTHjMmuOXSQ61MnpNWipUruRiL1i5vh6B1d4PuiJqZrJvXFDDPBwrZy5LM7TirklB505j-Emdn7cS-fb1UhXJQkFrIIt0Gm0oqwqIuhh9A"")",https://community.akamai.steamstatic.com/economy/image/i0CoZ81Ui0m-9KwlBY1L_18myuGuq1wfhWSaZgMttyVfPaERSR0Wqmu7LAocGJai0ki7VeTHjMmuOXSQ61MnpNWipUruRiL1i5vh6B1d4PuiJqZrJvXFDDPBwrZy5LM7TirklB505j-Emdn7cS-fb1UhXJQkFrIIt0Gm0oqwqIuhh9A,https://cs2tokens.com/iem-cologne-2026/items/sticker-dumau-foil-cologne-2026,Sticker | dumau (Foil) | Cologne 2026,https://steamcommunity.com/market/listings/730/Sticker%20%7C%20dumau%20%28Foil%29%20%7C%20Cologne%202026,ok,10783.0,5316.0,12.0,iem-cologne-2026,campaign_12,sticker,Autograph,dumau,Legacy,rarity_mythical,ae629b668f04
121,59.7,P3,CHEAP HISTORY PUNT,dumau,Player,Paper,Legacy,4,0.04,4.0,0.04,Steam,False,0.0,Steam around $0.04,1-2 max,Very Cheap,Very Cheap,Low,6.0,0.6437,0.3274,0.5774,0.4708,0.4086,94.0,0.7833,94.0,0.7833,7.76,24.0,83.33333333333334,0.0,0.0,0.3013,0.0,0.0,0.65,0.0,0,1.0,0.5188,83.33333333333334,500.0,0.0,83.33333333333334,500.0,0.0,0.0,0.0,1.0,0.5188,0.41875,"Floor + prior bounce, but lower highs",+94% expected | 0.30 demand | 83% below high | 500% upside | -83% vs launch,"lower highs, 2P new low, unscored",Cheap punt; prefer Steam around $0.04; small size is acceptable even before full scoring.,False,24.0,-83.33333333333334,23.0,-82.6086956521739,80.0,14,0.0,-1.22,0.0,61,232.42,0.0,0.0,-2.07,0.0,-3.0,-0.0187,0.075,0.0,88461.0,595709.0,4487.0,287.0,0.000902,0.0001,-89.14,-0.21,-14.25,130.65,0.000484,0.000144,,,,,,,,,,,,0.1,0.0,,,0.5403726708074534,1.0,0.3078,0.41875,4.0,24.0,6.0,4.0,116,321.31,2026-06-05T01:14:16.782000,,,,,,,0,0,0,0,0.0,Legacy,24,6,1.0,"=IMAGE(""https://community.akamai.steamstatic.com/economy/image/i0CoZ81Ui0m-9KwlBY1L_18myuGuq1wfhWSaZgMttyVfPaERSR0Wqmu7LAocGJai0ki7VeTHjMmuOXSQ61MnpNWipUruRiL1i5vh6Gxfu6b3OvY9eKfDCDHBlbomteM9HXy3lEwmtW-Bw9yrcnqWalB0DZImW6dU5dXCDCRV"")",https://community.akamai.steamstatic.com/economy/image/i0CoZ81Ui0m-9KwlBY1L_18myuGuq1wfhWSaZgMttyVfPaERSR0Wqmu7LAocGJai0ki7VeTHjMmuOXSQ61MnpNWipUruRiL1i5vh6Gxfu6b3OvY9eKfDCDHBlbomteM9HXy3lEwmtW-Bw9yrcnqWalB0DZImW6dU5dXCDCRV,https://cs2tokens.com/iem-cologne-2026/items/sticker-dumau-cologne-2026,Sticker | dumau | Cologne 2026,https://steamcommunity.com/market/listings/730/Sticker%20%7C%20dumau%20%7C%20Cologne%202026,ok,10782.0,5316.0,12.0,iem-cologne-2026,campaign_12,sticker,Autograph,dumau,Legacy,rarity_rare,b7c4512795d6
122,59.6,P3,CHEAP HISTORY PUNT,luchov (Foil),Player,Foil,9z Team,18,0.18,18.0,0.18,Steam,False,0.0,Steam around $0.18,1-2 max,Very Cheap,Very Cheap,Low,6.0,0.6801,0.3304,0.5773,0.5197,0.3294,174.66666666666666,1.0,174.66666666666666,1.0,49.44,153.0,88.23529411764706,0.0,0.0,0.0906,0.0,0.2596,0.65,0.0,0,1.0,0.5876,88.23529411764706,750.0,0.0,88.23529411764706,750.0,0.0,0.0,0.0,1.0,0.5876,0.125,Neutral,+175% expected | 0.09 demand | 88% below high | 750% upside | -88% vs launch,"lower highs, 2P new low, unscored",2P is cheaper than current Steam but still above Steam's recorded low; wait for a stronger entry.,False,153.0,-88.23529411764706,146.67,-87.72755164655348,17.95,6,0.0,-1.62,0.0,60,232.41,-5.26,-12.98,-2.5,-0.0,-8.0,-0.05,0.2,0.1504,50657.0,514532.0,3788.0,-563.0,0.00071,0.000197,-55.35,-0.41,-37.07,-110.42,0.000235,0.0,1.0,0.4,,0.4,0.4,,,0.0,True,-122.22222222222223,-122.22222222222223,0.1,0.0252,,,0.2857142857142857,1.0,0.2061,0.125,18.0,153.0,44.0,18.0,116,321.31,2026-06-05T01:14:16.782000,,,,,,,0,0,0,0,0.0,9z Team,24,6,1.0,"=IMAGE(""https://community.akamai.steamstatic.com/economy/image/i0CoZ81Ui0m-9KwlBY1L_18myuGuq1wfhWSaZgMttyVfPaERSR0Wqmu7LAocGJai0ki7VeTHjMmuOXSQ61MnpNWipUruRiL9i5Xo8jRk6f2nZOprc6nEWTHExb4m5OM9G3zkxB8isjvQztyhJHqWOwJ0WJEiQedf5BGxjJS5YCXN6PSn"")",https://community.akamai.steamstatic.com/economy/image/i0CoZ81Ui0m-9KwlBY1L_18myuGuq1wfhWSaZgMttyVfPaERSR0Wqmu7LAocGJai0ki7VeTHjMmuOXSQ61MnpNWipUruRiL9i5Xo8jRk6f2nZOprc6nEWTHExb4m5OM9G3zkxB8isjvQztyhJHqWOwJ0WJEiQedf5BGxjJS5YCXN6PSn,https://cs2tokens.com/iem-cologne-2026/items/sticker-luchov-foil-cologne-2026,Sticker | luchov (Foil) | Cologne 2026,https://steamcommunity.com/market/listings/730/Sticker%20%7C%20luchov%20%28Foil%29%20%7C%20Cologne%202026,ok,10847.0,5316.0,12.0,iem-cologne-2026,campaign_12,sticker,Autograph,luchov,9z Team,rarity_mythical,348ef492543e
123,59.6,P3,CHEAP HISTORY PUNT,biguzera,Player,Paper,paiN Gaming,3,0.03,3.0,0.03,Steam,False,0.0,Steam around $0.03,1-2 max,Very Cheap,Very Cheap,High,6.0,0.6834,0.3558,0.5665,0.5024,0.381,116.00000000000001,0.9667,116.00000000000001,0.9667,6.48,23.0,86.95652173913044,-33.333333333333336,0.4167,0.3809,0.0,0.11,0.65,0.0,0,1.0,0.9286,86.95652173913044,666.6666666666667,0.047619047619047616,86.95652173913044,666.6666666666667,0.047619047619047616,-33.333333333333336,0.4167,1.0,0.9286,0.0875,"Floor + prior bounce, but lower highs",+116% expected | 0.38 demand | 87% below high | 667% upside | -87% vs launch,"High crowding, lower highs, 2P new low, unscored",Cheap punt; prefer Steam around $0.03; small size is acceptable even before full scoring.,False,23.0,-86.95652173913044,21.33,-85.93530239099859,100.0,11,0.0,-1.36,-15.0,65,232.42,-25.0,-61.66,-2.21,-27.27,-49.0,-0.3063,1.0,0.7143,205503.0,785660.0,17630.0,-4271.0,0.001229,0.001493,51.27,0.6,-3.85,-30.98,0.001016,0.0,,,,,,,,,,,,0.1,0.0,,,0.8571428571428571,1.0,0.6363,0.0875,2.0,23.0,4.0,3.33,116,321.31,2026-06-05T01:14:16.782000,,,,,,,0,0,0,0,0.0,paiN Gaming,24,6,1.0,"=IMAGE(""https://community.akamai.steamstatic.com/economy/image/i0CoZ81Ui0m-9KwlBY1L_18myuGuq1wfhWSaZgMttyVfPaERSR0Wqmu7LAocGJai0ki7VeTHjMmuOXSQ61MnpNWipUruRiLzl5H15ydJ7rz8PaI_dqDEVz7Jlb0i4bg_GHvjwUp2sjzXz9f_JSjDZg51DpJ5F-ECrFDmxa7lQRoZ"")",https://community.akamai.steamstatic.com/economy/image/i0CoZ81Ui0m-9KwlBY1L_18myuGuq1wfhWSaZgMttyVfPaERSR0Wqmu7LAocGJai0ki7VeTHjMmuOXSQ61MnpNWipUruRiLzl5H15ydJ7rz8PaI_dqDEVz7Jlb0i4bg_GHvjwUp2sjzXz9f_JSjDZg51DpJ5F-ECrFDmxa7lQRoZ,https://cs2tokens.com/iem-cologne-2026/items/sticker-biguzera-cologne-2026,Sticker | biguzera | Cologne 2026,https://steamcommunity.com/market/listings/730/Sticker%20%7C%20biguzera%20%7C%20Cologne%202026,ok,10794.0,5316.0,12.0,iem-cologne-2026,campaign_12,sticker,Autograph,biguzera,paiN Gaming,rarity_rare,842c2365ccf6
124,59.3,P3,CHEAP HISTORY PUNT,nilo (Foil),Player,Foil,HEROIC,16,0.16,16.0,0.16,Steam,False,0.0,Steam around $0.16,1-2 max,Very Cheap,Very Cheap,Medium,6.0,0.6705,0.336,0.5755,0.4791,0.3686,105.50000000000001,0.8792,105.50000000000001,0.8792,32.88,116.0,86.20689655172413,-37.5,0.4688,0.4197,0.0465,0.0,0.65,0.0,0,1.0,0.6731,86.20689655172413,625.0,0.05660377358490566,86.20689655172413,625.0,0.05660377358490566,-37.5,0.4688,1.0,0.6731,0.075,"Floor + prior bounce, but lower highs",+106% expected | 0.42 demand | 86% below high | 625% upside | -86% vs launch,"lower highs, 2P new low, unscored",2P is cheaper than current Steam but still above Steam's recorded low; wait for a stronger entry.,False,116.0,-86.20689655172413,106.67,-85.00046873535202,80.0,5,-5.88,-1.33,-3.0,62,232.41,-11.11,-27.41,-1.93,-29.1,-15.0,-0.0938,0.375,0.3175,222991.0,784609.0,13028.0,-3983.0,0.001246,0.001393,94.0,0.69,2.97,-20.26,0.001031,0.0,1.0,0.3,,0.3,0.3,,,0.0,True,-87.49999999999999,-199.99999999999997,0.1,0.0252,,,0.8198757763975155,1.0,0.5593,0.075,10.0,116.0,24.0,16.67,116,321.31,2026-06-05T01:14:16.782000,,,,,,,0,0,0,0,0.0,HEROIC,24,6,1.0,"=IMAGE(""https://raw.githubusercontent.com/ByMykel/counter-strike-image-tracker/main/static/panorama/images/econ/stickers/cologne2026/sig_nilo_foil_png.png"")",https://raw.githubusercontent.com/ByMykel/counter-strike-image-tracker/main/static/panorama/images/econ/stickers/cologne2026/sig_nilo_foil_png.png,https://cs2tokens.com/iem-cologne-2026/items/sticker-nilo-foil-cologne-2026,Sticker | nilo (Foil) | Cologne 2026,https://steamcommunity.com/market/listings/730/Sticker%20%7C%20nilo%20%28Foil%29%20%7C%20Cologne%202026,ok,10899.0,5316.0,12.0,iem-cologne-2026,campaign_12,sticker,Autograph,nilo,HEROIC,rarity_mythical,4e4a3eeebe05
125,59.1,P3,CHEAP HISTORY PUNT,Rainwaker,Player,Paper,Monte,3,0.03,3.0,0.03,Steam,False,0.0,Steam around $0.03,1-2 max,Very Cheap,Very Cheap,Low,6.0,0.6784,0.3271,0.5775,0.5052,0.3555,113.66666666666667,0.9472,113.66666666666667,0.9472,6.41,23.0,86.95652173913044,0.0,0.0,0.1171,0.0,0.0,0.65,0.0,0,1.0,0.5312,86.95652173913044,666.6666666666667,0.0,86.95652173913044,666.6666666666667,0.0,0.0,0.0,1.0,0.5312,0.1125,Neutral,+114% expected | 0.12 demand | 87% below high | 667% upside | -87% vs launch,"lower highs, 2P new low, unscored",Cheap punt; prefer Steam around $0.03; small size is acceptable even before full scoring.,False,23.0,-86.95652173913044,21.67,-86.15597600369173,25.0,11,0.0,-1.41,0.0,61,232.42,0.0,0.0,-2.39,13.64,-5.0,-0.0312,0.125,0.0,84477.0,581784.0,5864.0,-323.0,0.000939,0.000113,-87.04,-0.56,-63.11,-82.19,0.000428,0.0,,,,,,,,,,,,0.1,0.0,,,0.4906832298136646,1.0,0.3287,0.1125,3.0,23.0,4.0,3.0,116,321.31,2026-06-05T01:14:16.782000,,,,,,,0,0,0,0,0.0,Monte,24,6,1.0,"=IMAGE(""https://community.akamai.steamstatic.com/economy/image/i0CoZ81Ui0m-9KwlBY1L_18myuGuq1wfhWSaZgMttyVfPaERSR0Wqmu7LAocGJai0ki7VeTHjMmuOXSQ61MnpNWipUruRiLjn5_u6iNQ6uDgO_w4JajAWzDJmOogtrY-Sny2lk4j4Wzdyt2pJXOUaFV2CJsiEecMtw74zIMk_q2dcA"")",https://community.akamai.steamstatic.com/economy/image/i0CoZ81Ui0m-9KwlBY1L_18myuGuq1wfhWSaZgMttyVfPaERSR0Wqmu7LAocGJai0ki7VeTHjMmuOXSQ61MnpNWipUruRiLjn5_u6iNQ6uDgO_w4JajAWzDJmOogtrY-Sny2lk4j4Wzdyt2pJXOUaFV2CJsiEecMtw74zIMk_q2dcA,https://cs2tokens.com/iem-cologne-2026/items/sticker-rainwaker-cologne-2026,Sticker | Rainwaker | Cologne 2026,https://steamcommunity.com/market/listings/730/Sticker%20%7C%20Rainwaker%20%7C%20Cologne%202026,ok,10814.0,5316.0,12.0,iem-cologne-2026,campaign_12,sticker,Autograph,Rainwaker,Monte,rarity_rare,e445b00745b3
126,59.1,P3,CHEAP HISTORY PUNT,REZ (Foil),Player,Foil,GamerLegion,37,0.37,37.0,0.37,Steam,False,0.0,Steam around $0.37,1-2 max,Very Cheap,Very Cheap,Low,6.0,0.5879,0.323,0.5565,0.4505,0.3937,69.97297297297298,0.5831,69.97297297297298,0.5831,62.89,140.0,73.57142857142858,0.0,0.0,0.2808,0.0,0.0,0.65,0.0,0,1.0,0.55,73.57142857142858,278.3783783783784,0.0,73.57142857142858,278.3783783783784,0.0,0.0,0.0,1.0,0.55,0.475,Neutral,+70% expected | 0.28 demand | 74% below high | 278% upside | -73% vs launch,"lower highs, 2P new low, unscored",2P is cheaper than current Steam but still above Steam's recorded low; wait for a stronger entry.,False,139.0,-73.38129496402878,135.33,-72.65942510899283,36.21,7,0.0,-0.85,-0.0,60,232.41,0.0,0.0,-1.32,-2.65,-8.0,-0.05,0.2,0.0,66594.0,406891.0,4021.0,-468.0,0.000575,0.000164,-65.32,0.03,2.61,53.57,0.000389,0.0,1.0,0.63,,0.63,0.63,,,0.0,True,-70.27027027027027,-70.27027027027027,0.1,0.0252,,,0.055900621118012424,1.0,0.0681,0.46875,37.0,140.0,63.0,37.0,116,321.31,2026-06-05T01:14:16.782000,,,,,,,0,0,0,0,0.0,GamerLegion,24,6,1.0,"=IMAGE(""https://community.akamai.steamstatic.com/economy/image/i0CoZ81Ui0m-9KwlBY1L_18myuGuq1wfhWSaZgMttyVfPaERSR0Wqmu7LAocGJai0ki7VeTHjMmuOXSQ61MnpNWipUruRiLjm4zf-y1S47z5bvFpd_LLWmbIl7l14LBqS3znl0hy4W7XntyrdH6TawVyDcdyFOBfrFDmxYVlYcYb"")",https://community.akamai.steamstatic.com/economy/image/i0CoZ81Ui0m-9KwlBY1L_18myuGuq1wfhWSaZgMttyVfPaERSR0Wqmu7LAocGJai0ki7VeTHjMmuOXSQ61MnpNWipUruRiLjm4zf-y1S47z5bvFpd_LLWmbIl7l14LBqS3znl0hy4W7XntyrdH6TawVyDcdyFOBfrFDmxYVlYcYb,https://cs2tokens.com/iem-cologne-2026/items/sticker-rez-foil-cologne-2026,Sticker | REZ (Foil) | Cologne 2026,https://steamcommunity.com/market/listings/730/Sticker%20%7C%20REZ%20%28Foil%29%20%7C%20Cologne%202026,ok,10859.0,5316.0,12.0,iem-cologne-2026,campaign_12,sticker,Autograph,REZ,GamerLegion,rarity_mythical,68a61c707ebd
127,59.0,P3,CHEAP HISTORY PUNT,luken (Foil),Player,Foil,,14,0.14,14.0,0.14,Steam,False,0.0,Steam around $0.14,1-2 max,Very Cheap,Very Cheap,Medium,6.0,0.6748,0.3295,0.5852,0.4992,0.3463,135.14285714285714,1.0,135.14285714285714,1.0,32.92,107.0,86.91588785046729,-21.42857142857143,0.2679,0.1507,0.0,0.0,0.65,0.0,0,1.0,0.525,86.91588785046729,664.2857142857143,0.03125,86.91588785046729,664.2857142857143,0.03125,-21.42857142857143,0.2679,1.0,0.525,0.025,Neutral,+135% expected | 0.15 demand | 87% below high | 664% upside | -87% vs launch,"lower highs, 2P new low, unscored",2P is cheaper than current Steam but still above Steam's recorded low; wait for a stronger entry.,False,107.0,-86.91588785046729,100.0,-86.0,32.0,7,0.0,-1.51,-0.0,62,232.41,0.0,0.0,-2.18,11.54,-4.0,-0.025,0.1,0.0,115351.0,615369.0,6609.0,486.0,0.000898,0.00017,-64.88,0.56,-48.78,-9.3,0.000525,0.000243,1.0,1.16,,1.16,1.16,,,0.0,True,-728.5714285714286,-954.5454545454543,0.1,0.0252,1.16,,0.6086956521739131,1.0,0.3524,0.025,11.0,107.0,28.0,14.0,116,321.31,2026-06-05T01:14:16.782000,,,,,,,0,0,0,0,0.0,luken,4,1,0.25,"=IMAGE(""https://community.akamai.steamstatic.com/economy/image/i0CoZ81Ui0m-9KwlBY1L_18myuGuq1wfhWSaZgMttyVfPaERSR0Wqmu7LAocGJai0ki7VeTHjMmuOXSQ61MnpNWipUruRiL9i53l8x1d4PuiJvVvJabKDzbEl79z5uc-GXrrkx5_sjvVy9atd3uTZlMmDsAhTOQCsRSm0oqwyTLuJ5U"")",https://community.akamai.steamstatic.com/economy/image/i0CoZ81Ui0m-9KwlBY1L_18myuGuq1wfhWSaZgMttyVfPaERSR0Wqmu7LAocGJai0ki7VeTHjMmuOXSQ61MnpNWipUruRiL9i53l8x1d4PuiJvVvJabKDzbEl79z5uc-GXrrkx5_sjvVy9atd3uTZlMmDsAhTOQCsRSm0oqwyTLuJ5U,https://cs2tokens.com/iem-cologne-2026/items/sticker-luken-foil-cologne-2026,Sticker | luken (Foil) | Cologne 2026,https://steamcommunity.com/market/listings/730/Sticker%20%7C%20luken%20%28Foil%29%20%7C%20Cologne%202026,ok,11087.0,5316.0,12.0,iem-cologne-2026,campaign_12,sticker,Autograph,luken,,rarity_mythical,7350b1852a5c
128,58.9,P3,CHEAP HISTORY PUNT,HEN1 (Foil),Player,Foil,,15,0.15,15.0,0.15,Steam,False,0.0,Steam around $0.15,1-2 max,Very Cheap,Very Cheap,High,6.0,0.6978,0.3222,0.5771,0.4872,0.4858,161.46666666666664,1.0,161.46666666666664,1.0,39.22,96.0,84.375,-6.666666666666665,0.0833,0.1472,0.0,0.0,0.65,0.0,0,1.0,0.5312,84.375,540.0,0.012195121951219513,84.375,540.0,0.012195121951219513,-6.666666666666665,0.0833,1.0,0.5312,0.05,"Floor + prior bounce, but lower highs",+161% expected | 0.15 demand | 84% below high | 540% upside | -84% vs launch,"High crowding, lower highs, 2P new low, unscored",2P is cheaper than current Steam but still above Steam's recorded low; wait for a stronger entry.,False,96.0,-84.375,89.67,-83.27199732351957,200.0,7,0.0,-0.99,0.0,62,232.41,0.0,0.0,-0.71,10.23,-5.0,-0.0312,0.125,0.0,251035.0,823006.0,24456.0,435.0,0.001458,0.000152,-77.22,-0.64,-52.22,-50.43,0.001403,0.000218,1.0,0.45,,0.45,0.45,,,0.0,True,-200.00000000000006,-221.42857142857147,0.1,0.0252,,,0.8571428571428571,1.0,0.6232,0.05,14.0,96.0,47.0,15.0,116,321.31,2026-06-05T01:14:16.782000,,,,,,,0,0,0,0,0.0,HEN1,4,1,0.25,"=IMAGE(""https://community.akamai.steamstatic.com/economy/image/i0CoZ81Ui0m-9KwlBY1L_18myuGuq1wfhWSaZgMttyVfPaERSR0Wqmu7LAocGJai0ki7VeTHjMmuOXSQ61MnpNWipUruRiL5m5ixwiRU5v7gOv1rdfaXX2PJmL53tLZsSiu2xU1352ncydevJX7Ebw9yC5R3RucIuw74zIMyuihChw"")",https://community.akamai.steamstatic.com/economy/image/i0CoZ81Ui0m-9KwlBY1L_18myuGuq1wfhWSaZgMttyVfPaERSR0Wqmu7LAocGJai0ki7VeTHjMmuOXSQ61MnpNWipUruRiL5m5ixwiRU5v7gOv1rdfaXX2PJmL53tLZsSiu2xU1352ncydevJX7Ebw9yC5R3RucIuw74zIMyuihChw,https://cs2tokens.com/iem-cologne-2026/items/sticker-hen1-foil-cologne-2026,Sticker | HEN1 (Foil) | Cologne 2026,https://steamcommunity.com/market/listings/730/Sticker%20%7C%20HEN1%20%28Foil%29%20%7C%20Cologne%202026,ok,11075.0,5316.0,12.0,iem-cologne-2026,campaign_12,sticker,Autograph,HEN1,,rarity_mythical,4206c511772a
129,58.6,P3,CHEAP HISTORY PUNT,meyern (Foil),Player,Foil,9z Team,19,0.19,19.0,0.19,Steam,False,0.0,Steam around $0.19,1-2 max,Very Cheap,Very Cheap,Low,6.0,0.661,0.3316,0.5824,0.493,0.3205,150.94736842105263,1.0,150.94736842105263,1.0,47.68,147.0,87.07482993197279,-21.052631578947366,0.2632,0.1055,0.0,0.0,0.65,0.0,0,1.0,0.55,87.07482993197279,673.6842105263157,0.030303030303030304,87.07482993197279,673.6842105263157,0.030303030303030304,-21.052631578947366,0.2632,1.0,0.55,0.1375,Neutral,+151% expected | 0.11 demand | 87% below high | 674% upside | -87% vs launch,"lower highs, 2P new low, unscored",2P is cheaper than current Steam but still above Steam's recorded low; wait for a stronger entry.,False,145.0,-86.89655172413792,141.67,-86.58855085762688,26.67,9,0.0,-1.68,0.0,60,232.41,0.0,0.0,-2.62,-6.32,-8.0,-0.05,0.2,0.0,83417.0,561775.0,5477.0,-315.0,0.000815,0.00011,-81.25,-0.13,-31.63,-78.33,0.000364,0.0,1.0,0.4,,0.4,0.4,,,0.0,True,-110.5263157894737,-166.66666666666669,0.1,0.0252,,,0.453416149068323,1.0,0.2718,0.1375,15.0,147.0,41.0,19.0,116,321.31,2026-06-05T01:14:16.782000,,,,,,,0,0,0,0,0.0,9z Team,24,6,1.0,"=IMAGE(""https://community.akamai.steamstatic.com/economy/image/i0CoZ81Ui0m-9KwlBY1L_18myuGuq1wfhWSaZgMttyVfPaERSR0Wqmu7LAocGJai0ki7VeTHjMmuOXSQ61MnpNWipUruRiL8m4_l7yxk6f2nZOo4d6PKV2SVxO134rI7Tn_ikB9x4z7dm4z4I3uWaAMmA8QkQrJf4RiwjJS5YHpYnda1"")",https://community.akamai.steamstatic.com/economy/image/i0CoZ81Ui0m-9KwlBY1L_18myuGuq1wfhWSaZgMttyVfPaERSR0Wqmu7LAocGJai0ki7VeTHjMmuOXSQ61MnpNWipUruRiL8m4_l7yxk6f2nZOo4d6PKV2SVxO134rI7Tn_ikB9x4z7dm4z4I3uWaAMmA8QkQrJf4RiwjJS5YHpYnda1,https://cs2tokens.com/iem-cologne-2026/items/sticker-meyern-foil-cologne-2026,Sticker | meyern (Foil) | Cologne 2026,https://steamcommunity.com/market/listings/730/Sticker%20%7C%20meyern%20%28Foil%29%20%7C%20Cologne%202026,ok,10843.0,5316.0,12.0,iem-cologne-2026,campaign_12,sticker,Autograph,meyern,9z Team,rarity_mythical,b02cd087e87e
130,58.6,P3,CHEAP HISTORY PUNT,kensizor,Player,Paper,B8,3,0.03,3.0,0.03,Steam,False,0.0,Steam around $0.03,1-2 max,Very Cheap,Very Cheap,Medium,6.0,0.6649,0.3132,0.5645,0.4759,0.3759,96.66666666666669,0.8056,96.66666666666669,0.8056,5.9,21.0,85.71428571428571,0.0,0.0,0.2657,0.0,0.0,0.65,0.0,0,1.0,0.5,85.71428571428571,600.0,0.0,85.71428571428571,600.0,0.0,0.0,0.0,1.0,0.5,0.1875,Neutral,+97% expected | 0.27 demand | 86% below high | 600% upside | -86% vs launch,"lower highs, 2P new low, unscored",Cheap punt; prefer Steam around $0.03; small size is acceptable even before full scoring.,False,21.0,-85.71428571428572,19.33,-84.48008277289188,25.0,8,0.0,-1.37,0.0,65,232.42,0.0,0.0,-2.0,0.0,2.0,0.0125,0.0,0.0,74342.0,599766.0,7864.0,-596.0,0.000793,0.000208,-78.58,-0.22,-6.38,-44.08,0.000438,0.0,,,,,,,,,,,,0.1,0.0,,,0.5527950310559007,1.0,0.3908,0.1875,3.0,21.0,4.0,3.0,116,321.31,2026-06-05T01:14:16.782000,,,,,,,0,0,0,0,0.0,B8,24,6,1.0,"=IMAGE(""https://community.akamai.steamstatic.com/economy/image/i0CoZ81Ui0m-9KwlBY1L_18myuGuq1wfhWSaZgMttyVfPaERSR0Wqmu7LAocGJai0ki7VeTHjMmuOXSQ61MnpNWipUruRiL6m5jz9DhU_bytPPBsIvLDX2WVxbl3suM9Gi2yl0lztWvQnor9I32WaQMiWZckQLVerFDmxXa6d4SV"")",https://community.akamai.steamstatic.com/economy/image/i0CoZ81Ui0m-9KwlBY1L_18myuGuq1wfhWSaZgMttyVfPaERSR0Wqmu7LAocGJai0ki7VeTHjMmuOXSQ61MnpNWipUruRiL6m5jz9DhU_bytPPBsIvLDX2WVxbl3suM9Gi2yl0lztWvQnor9I32WaQMiWZckQLVerFDmxXa6d4SV,https://cs2tokens.com/iem-cologne-2026/items/sticker-kensizor-cologne-2026,Sticker | kensizor | Cologne 2026,https://steamcommunity.com/market/listings/730/Sticker%20%7C%20kensizor%20%7C%20Cologne%202026,ok,10890.0,5316.0,12.0,iem-cologne-2026,campaign_12,sticker,Autograph,kensizor,B8,rarity_rare,529b5c108881
131,58.6,P3,CHEAP HISTORY PUNT,dgt,Player,Paper,9z Team,3,0.03,3.0,0.03,Steam,False,0.0,Steam around $0.03,1-2 max,Very Cheap,Very Cheap,Medium,6.0,0.6594,0.326,0.5839,0.4742,0.3501,144.0,1.0,144.0,1.0,7.32,25.0,88.0,-33.333333333333336,0.4167,0.2947,0.0,0.0,0.65,0.0,0,1.0,0.5312,88.0,733.3333333333334,0.043478260869565216,88.0,733.3333333333334,0.043478260869565216,-33.333333333333336,0.4167,1.0,0.5312,0.1375,Neutral,+144% expected | 0.29 demand | 88% below high | 733% upside | -88% vs launch,"lower highs, 2P new low, unscored",Cheap punt; prefer Steam around $0.03; small size is acceptable even before full scoring.,False,25.0,-88.0,24.33,-87.66954377311961,50.0,12,0.0,-1.82,0.0,61,232.42,0.0,0.0,-2.86,-18.75,-5.0,-0.0312,0.125,0.0,83395.0,633363.0,6483.0,-1893.0,0.000949,0.000662,-23.51,-0.02,-7.45,-29.92,0.0004,0.0,,,,,,,,,,,,0.1,0.0,,,0.639751552795031,1.0,0.4569,0.1375,2.0,25.0,5.0,3.0,116,321.31,2026-06-05T01:14:16.782000,,,,,,,0,0,0,0,0.0,9z Team,24,6,1.0,"=IMAGE(""https://community.akamai.steamstatic.com/economy/image/i0CoZ81Ui0m-9KwlBY1L_18myuGuq1wfhWSaZgMttyVfPaERSR0Wqmu7LAocGJai0ki7VeTHjMmuOXSQ61MnpNWipUruRiL1mYKu-yELt_P7OvI4eaKVDD-SlbkmtuQ7S3zqx0om5znSwtmocXifalJzCIwwG7BeKWkq8Q"")",https://community.akamai.steamstatic.com/economy/image/i0CoZ81Ui0m-9KwlBY1L_18myuGuq1wfhWSaZgMttyVfPaERSR0Wqmu7LAocGJai0ki7VeTHjMmuOXSQ61MnpNWipUruRiL1mYKu-yELt_P7OvI4eaKVDD-SlbkmtuQ7S3zqx0om5znSwtmocXifalJzCIwwG7BeKWkq8Q,https://cs2tokens.com/iem-cologne-2026/items/sticker-dgt-cologne-2026,Sticker | dgt | Cologne 2026,https://steamcommunity.com/market/listings/730/Sticker%20%7C%20dgt%20%7C%20Cologne%202026,ok,10838.0,5316.0,12.0,iem-cologne-2026,campaign_12,sticker,Autograph,dgt,9z Team,rarity_rare,cef7f46c1783
132,58.6,P3,CHEAP HISTORY PUNT,Vitality,Team,Paper,Vitality,77,0.76,38.5,0.38,2P,True,50.0,"2P around $0.38, 50% below Steam",1-2 max,Cheap,Very Cheap,Medium,6.0,0.6511,0.3437,0.5984,0.4732,0.4231,28.94805194805197,0.2412,157.89610389610394,1.0,99.29,159.0,51.57232704402516,-14.28571428571429,0.1786,0.2519,0.0,0.0,0.65,0.0,0,1.0,0.4431,51.57232704402516,106.4935064935065,0.11827956989247312,75.78616352201259,312.98701298701303,0.0,0.0,0.0,1.0,0.5,0.8064516129032258,"Floor + prior bounce, but lower highs",+158% expected | 0.25 demand | 2P 50% below Steam | 76% below high | 313% upside,"lower highs, 2P new low, unscored","Cheap punt; prefer 2P around $0.38, 50% below Steam; small size is acceptable even before full scoring.",False,71.0,8.450704225352123,90.33,-14.757002103398653,123.94,3,1.32,-0.53,1.32,61,232.42,8.45,20.84,-0.91,5.51,0.0,0.0,0.0,0.0,240271.0,485646.0,40501.0,1994.0,0.000658,0.000697,-44.59,0.39,-25.17,-46.95,0.000558,0.000999,1.0,0.38,,0.38,0.38,,,0.0,True,50.0,41.66666666666666,0.1,0.175,,,0.46875,0.8862,0.4231,0.8709677419354839,66.0,159.0,109.5,76.0,116,321.31,2026-06-05T01:14:16.782000,,,,,,,0,0,0,0,0.0,Vitality,24,6,1.0,"=IMAGE(""https://community.akamai.steamstatic.com/economy/image/i0CoZ81Ui0m-9KwlBY1L_18myuGuq1wfhWSaZgMttyVfPaERSR0Wqmu7LAocGJai0ki7VeTHjMmuOXSQ61MnpNWipU_uVRy_yMa1-CNevPD_bPE-JKSQX2XEk7Zw4uMwSnvhx0shtznRw92udy6UOBhgVMXFFNEOnw"")",https://community.akamai.steamstatic.com/economy/image/i0CoZ81Ui0m-9KwlBY1L_18myuGuq1wfhWSaZgMttyVfPaERSR0Wqmu7LAocGJai0ki7VeTHjMmuOXSQ61MnpNWipU_uVRy_yMa1-CNevPD_bPE-JKSQX2XEk7Zw4uMwSnvhx0shtznRw92udy6UOBhgVMXFFNEOnw,https://cs2tokens.com/iem-cologne-2026/items/sticker-vitality-cologne-2026,Sticker | Vitality | Cologne 2026,https://steamcommunity.com/market/listings/730/Sticker%20%7C%20Vitality%20%7C%20Cologne%202026,ok,10369.0,5316.0,12.0,iem-cologne-2026,campaign_12,sticker,Team,,Vitality,rarity_rare,95c8c690e685
133,58.1,P3,CHEAP HISTORY PUNT,afro,Player,Paper,Monte,3,0.03,3.0,0.03,Steam,False,0.0,Steam around $0.03,1-2 max,Very Cheap,Very Cheap,High,6.0,0.6895,0.3099,0.5647,0.4729,0.451,112.00000000000001,0.9333,112.00000000000001,0.9333,6.36,22.0,86.36363636363636,0.0,0.0,0.1996,0.0,0.0,0.65,0.0,0,1.0,0.5062,86.36363636363636,633.3333333333333,0.0,86.36363636363636,633.3333333333333,0.0,0.0,0.0,1.0,0.5062,0.125,"Floor + prior bounce, but lower highs",+112% expected | 0.20 demand | 86% below high | 633% upside | -86% vs launch,"High crowding, lower highs, 2P new low, unscored",Cheap punt; prefer Steam around $0.03; small size is acceptable even before full scoring.,False,22.0,-86.36363636363636,21.0,-85.71428571428572,150.0,13,0.0,-1.17,0.0,65,232.42,0.0,0.0,-1.74,0.0,-1.0,-0.0063,0.025,0.0,230221.0,862901.0,18973.0,-958.0,0.001525,0.000335,-64.77,0.17,-23.78,-44.32,0.001361,0.0,,,,,,,,,,,,0.1,0.0,,,0.906832298136646,1.0,0.617,0.125,3.0,22.0,4.0,3.0,116,321.31,2026-06-05T01:14:16.782000,,,,,,,0,0,0,0,0.0,Monte,24,6,1.0,"=IMAGE(""https://community.akamai.steamstatic.com/economy/image/i0CoZ81Ui0m-9KwlBY1L_18myuGuq1wfhWSaZgMttyVfPaERSR0Wqmu7LAocGJai0ki7VeTHjMmuOXSQ61MnpNWipUruRiLwmITvs3QPu_P2P6FsdvKSXzGSmb4m47Y6Si-1wUVz4W3XwtugdymSagMmDZpuBbldUrzVssY"")",https://community.akamai.steamstatic.com/economy/image/i0CoZ81Ui0m-9KwlBY1L_18myuGuq1wfhWSaZgMttyVfPaERSR0Wqmu7LAocGJai0ki7VeTHjMmuOXSQ61MnpNWipUruRiLwmITvs3QPu_P2P6FsdvKSXzGSmb4m47Y6Si-1wUVz4W3XwtugdymSagMmDZpuBbldUrzVssY,https://cs2tokens.com/iem-cologne-2026/items/sticker-afro-cologne-2026,Sticker | afro | Cologne 2026,https://steamcommunity.com/market/listings/730/Sticker%20%7C%20afro%20%7C%20Cologne%202026,ok,10822.0,5316.0,12.0,iem-cologne-2026,campaign_12,sticker,Autograph,afro,Monte,rarity_rare,747cf11c5c42
134,57.8,P3,CHEAP HISTORY PUNT,rdnzao,Player,Paper,Sharks Esports,3,0.03,3.0,0.03,Steam,False,0.0,Steam around $0.03,1-2 max,Very Cheap,Very Cheap,Low,6.0,0.6225,0.3084,0.5531,0.4529,0.389,85.66666666666667,0.7139,85.66666666666667,0.7139,5.57,17.0,82.35294117647058,0.0,0.0,0.1637,0.0,0.0,0.65,0.0,0,1.0,0.5,82.35294117647058,466.6666666666667,0.0,82.35294117647058,466.6666666666667,0.0,0.0,0.0,1.0,0.5,0.275,Neutral,+86% expected | 0.16 demand | 82% below high | 467% upside | -82% vs launch,"lower highs, 2P new low, unscored",Cheap punt; prefer Steam around $0.03; small size is acceptable even before full scoring.,False,17.0,-82.35294117647058,15.67,-80.85513720485002,50.0,10,0.0,-1.1,0.0,65,232.42,0.0,0.0,-1.79,15.0,0.0,0.0,0.0,0.0,78244.0,527987.0,4206.0,-1310.0,0.000809,0.000458,-52.92,-0.07,-26.95,-48.27,0.000426,0.0,,,,,,,,,,,,0.1,0.0,,,0.2670807453416149,1.0,0.2079,0.275,3.0,17.0,4.0,3.0,116,321.31,2026-06-05T01:14:16.782000,,,,,,,0,0,0,0,0.0,Sharks Esports,24,6,1.0,"=IMAGE(""https://community.akamai.steamstatic.com/economy/image/i0CoZ81Ui0m-9KwlBY1L_18myuGuq1wfhWSaZgMttyVfPaERSR0Wqmu7LAocGJai0ki7VeTHjMmuOXSQ61MnpNWipUruRiLjmpj6_C0VuvP6MfBsefKXWjPBmOgl4Oc_GCrlk0oktW_QntuveHqXZwZyC5V4FPlK7Ee6xvlYfQ"")",https://community.akamai.steamstatic.com/economy/image/i0CoZ81Ui0m-9KwlBY1L_18myuGuq1wfhWSaZgMttyVfPaERSR0Wqmu7LAocGJai0ki7VeTHjMmuOXSQ61MnpNWipUruRiLjmpj6_C0VuvP6MfBsefKXWjPBmOgl4Oc_GCrlk0oktW_QntuveHqXZwZyC5V4FPlK7Ee6xvlYfQ,https://cs2tokens.com/iem-cologne-2026/items/sticker-rdnzao-cologne-2026,Sticker | rdnzao | Cologne 2026,https://steamcommunity.com/market/listings/730/Sticker%20%7C%20rdnzao%20%7C%20Cologne%202026,ok,11066.0,5316.0,12.0,iem-cologne-2026,campaign_12,sticker,Autograph,rdnzao,Sharks Esports,rarity_rare,0fd8859c482b
135,57.5,P3,CHEAP HISTORY PUNT,nitr0,Player,Paper,NRG,3,0.03,3.0,0.03,Steam,False,0.0,Steam around $0.03,1-2 max,Very Cheap,Very Cheap,Low,6.0,0.6391,0.313,0.5591,0.4754,0.31,104.66666666666664,0.8722,104.66666666666664,0.8722,6.14,18.0,83.33333333333334,0.0,0.0,0.12,0.0,0.0,0.65,0.0,0,1.0,0.5062,83.33333333333334,500.0,0.0,83.33333333333334,500.0,0.0,0.0,0.0,1.0,0.5062,0.2625,Neutral,+105% expected | 0.12 demand | 83% below high | 500% upside | -83% vs launch,"lower highs, 2P new low, unscored",Cheap punt; prefer Steam around $0.03; small size is acceptable even before full scoring.,False,18.0,-83.33333333333334,16.67,-82.00359928014397,50.0,11,0.0,-1.16,0.0,65,232.42,0.0,0.0,-1.68,-30.0,-1.0,-0.0062,0.025,0.0,91768.0,538146.0,5375.0,96.0,0.000804,3.4e-05,-96.52,-0.36,-107.52,-104.09,0.000459,4.8e-05,,,,,,,,,,,,0.1,0.0,,,0.30434782608695654,1.0,0.2275,0.2625,3.0,18.0,5.0,3.0,116,321.31,2026-06-05T01:14:16.782000,,,,,,,0,0,0,0,0.0,NRG,24,6,1.0,"=IMAGE(""https://community.akamai.steamstatic.com/economy/image/i0CoZ81Ui0m-9KwlBY1L_18myuGuq1wfhWSaZgMttyVfPaERSR0Wqmu7LAocGJai0ki7VeTHjMmuOXSQ61MnpNWipUruRiL_l4Ly8mxYu_T7OPFsI6WSXDDCke8u6LRsGnrllEpz6mzdyNmsdirDawUkXsBxW6dU5ZxOKk2R"")",https://community.akamai.steamstatic.com/economy/image/i0CoZ81Ui0m-9KwlBY1L_18myuGuq1wfhWSaZgMttyVfPaERSR0Wqmu7LAocGJai0ki7VeTHjMmuOXSQ61MnpNWipUruRiL_l4Ly8mxYu_T7OPFsI6WSXDDCke8u6LRsGnrllEpz6mzdyNmsdirDawUkXsBxW6dU5ZxOKk2R,https://cs2tokens.com/iem-cologne-2026/items/sticker-nitr0-cologne-2026,Sticker | nitr0 | Cologne 2026,https://steamcommunity.com/market/listings/730/Sticker%20%7C%20nitr0%20%7C%20Cologne%202026,ok,11030.0,5316.0,12.0,iem-cologne-2026,campaign_12,sticker,Autograph,nitr0,NRG,rarity_rare,718f8b178507
136,57.4,P3,CHEAP HISTORY PUNT,susp (Foil),Player,Foil,HEROIC,14,0.14,14.0,0.14,Steam,False,0.0,Steam around $0.14,1-2 max,Very Cheap,Very Cheap,Medium,6.0,0.6781,0.3111,0.569,0.4675,0.4031,134.7142857142857,1.0,134.7142857142857,1.0,32.86,119.0,88.23529411764706,-21.42857142857143,0.2679,0.1136,0.0,0.0,0.65,0.0,0,1.0,0.5,88.23529411764706,750.0,0.027777777777777776,88.23529411764706,750.0,0.027777777777777776,-21.42857142857143,0.2679,1.0,0.5,0.0125,"Floor + prior bounce, but lower highs",+135% expected | 0.11 demand | 88% below high | 750% upside | -88% vs launch,"lower highs, 2P new low, unscored",Cheap punt; prefer Steam around $0.14; small size is acceptable even before full scoring.,False,119.0,-88.23529411764706,110.0,-87.27272727272728,84.21,11,0.0,-1.49,-0.0,62,232.41,7.69,18.97,-1.99,3.28,1.0,0.0063,0.0,0.0,179539.0,764334.0,14586.0,-105.0,0.001312,3.7e-05,-94.84,-0.4,-82.43,-32.03,0.000849,0.0,,,,,,,,,,,,0.1,0.0,,,0.7888198757763976,1.0,0.5057,0.0125,11.0,119.0,27.0,14.0,116,321.31,2026-06-05T01:14:16.782000,,,,,,,0,0,0,0,0.0,HEROIC,24,6,1.0,"=IMAGE(""https://community.akamai.steamstatic.com/economy/image/i0CoZ81Ui0m-9KwlBY1L_18myuGuq1wfhWSaZgMttyVfPaERSR0Wqmu7LAocGJai0ki7VeTHjMmuOXSQ61MnpNWipUruRiLii4XwwiRU5v7gaaFoJKXCWGLClO1z4eI6Tiu1xh8itzvdyYz_ciqUbQN0ApB2QuAJuw74zIOiqRuKRg"")",https://community.akamai.steamstatic.com/economy/image/i0CoZ81Ui0m-9KwlBY1L_18myuGuq1wfhWSaZgMttyVfPaERSR0Wqmu7LAocGJai0ki7VeTHjMmuOXSQ61MnpNWipUruRiLii4XwwiRU5v7gaaFoJKXCWGLClO1z4eI6Tiu1xh8itzvdyYz_ciqUbQN0ApB2QuAJuw74zIOiqRuKRg,https://cs2tokens.com/iem-cologne-2026/items/sticker-susp-foil-cologne-2026,Sticker | susp (Foil) | Cologne 2026,https://steamcommunity.com/market/listings/730/Sticker%20%7C%20susp%20%28Foil%29%20%7C%20Cologne%202026,ok,10903.0,5316.0,12.0,iem-cologne-2026,campaign_12,sticker,Autograph,susp,HEROIC,rarity_mythical,b9fe1ee771c0
137,57.1,P3,CHEAP HISTORY PUNT,brnz4n,Player,Paper,MIBR,3,0.03,3.0,0.03,Steam,False,0.0,Steam around $0.03,1-2 max,Very Cheap,Very Cheap,Low,6.0,0.6435,0.3072,0.555,0.46,0.3775,102.99999999999999,0.8583,102.99999999999999,0.8583,6.09,19.0,84.21052631578947,0.0,0.0,0.1014,0.0,0.0,0.65,0.0,0,1.0,0.5,84.21052631578947,533.3333333333333,0.0,84.21052631578947,533.3333333333333,0.0,0.0,0.0,1.0,0.5,0.25,Neutral,+103% expected | 0.10 demand | 84% below high | 533% upside | -84% vs launch,"lower highs, 2P new low, unscored",Cheap punt; prefer Steam around $0.03; small size is acceptable even before full scoring.,False,19.0,-84.21052631578947,18.0,-83.33333333333334,50.0,11,0.0,-1.16,0.0,65,232.42,0.0,0.0,-1.77,15.0,3.0,0.0188,0.0,0.0,62312.0,553702.0,9840.0,-13.0,0.000785,5e-06,-99.53,-0.27,-91.79,-88.82,0.000254,0.0,,,,,,,,,,,,0.1,0.0,,,0.37267080745341613,1.0,0.3251,0.25,3.0,19.0,5.0,3.0,116,321.31,2026-06-05T01:14:16.782000,,,,,,,0,0,0,0,0.0,MIBR,24,6,1.0,"=IMAGE(""https://community.akamai.steamstatic.com/economy/image/i0CoZ81Ui0m-9KwlBY1L_18myuGuq1wfhWSaZgMttyVfPaERSR0Wqmu7LAocGJai0ki7VeTHjMmuOXSQ61MnpNWipUruRiLzjJj6qSwV66b2PfRrcqORXWPAx-t047k8Siy1xUV2tmTQmd6hJ3qTZg5zXMQhEPlK7EfYSZdrJw"")",https://community.akamai.steamstatic.com/economy/image/i0CoZ81Ui0m-9KwlBY1L_18myuGuq1wfhWSaZgMttyVfPaERSR0Wqmu7LAocGJai0ki7VeTHjMmuOXSQ61MnpNWipUruRiLzjJj6qSwV66b2PfRrcqORXWPAx-t047k8Siy1xUV2tmTQmd6hJ3qTZg5zXMQhEPlK7EfYSZdrJw,https://cs2tokens.com/iem-cologne-2026/items/sticker-brnz4n-cologne-2026,Sticker | brnz4n | Cologne 2026,https://steamcommunity.com/market/listings/730/Sticker%20%7C%20brnz4n%20%7C%20Cologne%202026,ok,10982.0,5316.0,12.0,iem-cologne-2026,campaign_12,sticker,Autograph,brnz4n,MIBR,rarity_rare,500f70b9c859
138,57.0,P3,CHEAP HISTORY PUNT,JDC,Player,Paper,BIG,3,0.03,3.0,0.03,Steam,False,0.0,Steam around $0.03,1-2 max,Very Cheap,Very Cheap,Medium,6.0,0.6719,0.3088,0.5559,0.4755,0.3381,114.99999999999999,0.9583,114.99999999999999,0.9583,6.45,20.0,85.0,0.0,0.0,0.1777,0.0,0.0,0.65,0.0,0,1.0,0.5312,85.0,566.6666666666667,0.0,85.0,566.6666666666667,0.0,0.0,0.0,1.0,0.5312,0.2125,Neutral,+115% expected | 0.18 demand | 85% below high | 567% upside | -85% vs launch,"lower highs, 2P new low, unscored",Cheap punt; prefer Steam around $0.03; small size is acceptable even before full scoring.,False,20.0,-85.0,19.0,-84.21052631578947,50.0,13,0.0,-1.22,0.0,65,232.42,0.0,0.0,-1.9,-15.0,-5.0,-0.0312,0.125,0.0,137723.0,635686.0,10694.0,-1624.0,0.001024,0.000568,-36.61,-0.26,-31.07,-33.26,0.000791,0.0,,,,,,,,,,,,0.1,0.0,,,0.6645962732919255,1.0,0.4952,0.2125,3.0,20.0,5.0,3.0,116,321.31,2026-06-05T01:14:16.782000,,,,,,,0,0,0,0,0.0,BIG,24,6,1.0,"=IMAGE(""https://community.akamai.steamstatic.com/economy/image/i0CoZ81Ui0m-9KwlBY1L_18myuGuq1wfhWSaZgMttyVfPaERSR0Wqmu7LAocGJai0ki7VeTHjMmuOXSQ61MnpNWipUruRiL7mpWuryBYvaH7bKc0I6DFCzHDluok4OQ7GCjmlk93smzcmY6uc3-WOA9yX4wwG7DOLd0drQ"")",https://community.akamai.steamstatic.com/economy/image/i0CoZ81Ui0m-9KwlBY1L_18myuGuq1wfhWSaZgMttyVfPaERSR0Wqmu7LAocGJai0ki7VeTHjMmuOXSQ61MnpNWipUruRiL7mpWuryBYvaH7bKc0I6DFCzHDluok4OQ7GCjmlk93smzcmY6uc3-WOA9yX4wwG7DOLd0drQ,https://cs2tokens.com/iem-cologne-2026/items/sticker-jdc-cologne-2026,Sticker | JDC | Cologne 2026,https://steamcommunity.com/market/listings/730/Sticker%20%7C%20JDC%20%7C%20Cologne%202026,ok,10938.0,5316.0,12.0,iem-cologne-2026,campaign_12,sticker,Autograph,JDC,BIG,rarity_rare,c9b3e6c75c0d
139,57.6,P3,SCORE FIRST,huNter- (Foil),Player,Foil,G2 Esports,30,0.3,30.0,0.3,Steam,False,0.0,Steam around $0.30,0 until scored,Very Cheap,Very Cheap,Medium,6.0,0.6186,0.3271,0.5892,0.4385,0.5161,68.73333333333333,0.5728,68.73333333333333,0.5728,50.62,148.0,79.72972972972973,-36.66666666666667,0.4583,0.7066,0.0,0.0,0.65,0.0,0,1.0,0.5,79.72972972972973,393.33333333333337,0.08527131782945736,79.72972972972973,393.33333333333337,0.08527131782945736,-36.66666666666667,0.4583,1.0,0.5,0.28125,Neutral,+69% expected | 0.71 demand | 80% below high | 393% upside | -80% vs launch,"lower highs, 2P new low, unscored",2P is cheaper than current Steam but still above Steam's recorded low; wait for a stronger entry.,False,148.0,-79.72972972972973,140.0,-78.57142857142857,52.63,6,3.45,-1.26,3.45,60,232.41,20.0,49.33,-1.97,24.88,10.0,0.0625,0.0,0.0,175713.0,641247.0,8405.0,6445.0,0.001063,0.002254,368.52,0.82,21.62,47.57,0.000803,0.003228,1.0,0.54,,0.54,0.54,,,0.0,True,-80.00000000000001,-184.21052631578954,0.1,0.0252,,,0.6521739130434783,1.0,0.4491,0.275,19.0,148.0,42.5,29.0,116,321.31,2026-06-05T01:14:16.782000,,,,,,,0,0,0,0,0.0,G2 Esports,24,6,1.0,"=IMAGE(""https://community.akamai.steamstatic.com/economy/image/i0CoZ81Ui0m-9KwlBY1L_18myuGuq1wfhWSaZgMttyVfPaERSR0Wqmu7LAocGJai0ki7VeTHjMmuOXSQ61MnpNWipUruRiL5i5j0-DBk6f2nZOo5cfPADWaTkbsg6ec9Sy22xU51tW-Dm4z9Jy-RaAUnX8QlTOMPtRLqjJS5YGiKP9MI"")",https://community.akamai.steamstatic.com/economy/image/i0CoZ81Ui0m-9KwlBY1L_18myuGuq1wfhWSaZgMttyVfPaERSR0Wqmu7LAocGJai0ki7VeTHjMmuOXSQ61MnpNWipUruRiL5i5j0-DBk6f2nZOo5cfPADWaTkbsg6ec9Sy22xU51tW-Dm4z9Jy-RaAUnX8QlTOMPtRLqjJS5YGiKP9MI,https://cs2tokens.com/iem-cologne-2026/items/sticker-hunter-foil-cologne-2026,Sticker | huNter- (Foil) | Cologne 2026,https://steamcommunity.com/market/listings/730/Sticker%20%7C%20huNter-%20%28Foil%29%20%7C%20Cologne%202026,ok,10755.0,5316.0,12.0,iem-cologne-2026,campaign_12,sticker,Autograph,huNter-,G2 Esports,rarity_mythical,eecf9753440e
140,57.5,P3,SCORE FIRST,FlameZ,Player,Paper,Vitality,11,0.11,11.0,0.11,Steam,False,0.0,Steam around $0.11,0 until scored,Very Cheap,Very Cheap,Low,6.0,0.555,0.3378,0.5864,0.4372,0.4338,63.27272727272728,0.5273,63.27272727272728,0.5273,17.96,38.0,71.05263157894737,-9.090909090909093,0.1136,0.6085,0.0,0.0,0.65,0.0,0,1.0,0.5,71.05263157894737,245.45454545454547,0.03571428571428571,71.05263157894737,245.45454545454547,0.03571428571428571,-9.090909090909093,0.1136,1.0,0.5,0.8375,Demand rising while price soft,+63% expected | 0.61 demand | 71% below high | 245% upside | -69% vs launch,"lower highs, 2P new low, unscored",2P is cheaper than current Steam but still above Steam's recorded low; wait for a stronger entry.,False,35.0,-68.57142857142857,36.33,-69.72199284338012,31.25,10,0.0,-0.99,0.0,61,232.42,0.0,0.0,-1.63,4.69,0.0,0.0,0.0,0.0,76888.0,414161.0,2900.0,892.0,0.000622,0.000312,-42.03,-0.12,38.06,129.85,0.000387,0.000447,1.0,0.16,,0.16,0.16,,,0.0,True,-45.45454545454546,-60.00000000000002,0.1,0.0252,,,0.049689440993788817,1.0,0.0766,0.8375,10.0,38.0,17.0,11.0,116,321.31,2026-06-05T01:14:16.782000,,,,,,,0,0,0,0,0.0,Vitality,24,6,1.0,"=IMAGE(""https://community.akamai.steamstatic.com/economy/image/i0CoZ81Ui0m-9KwlBY1L_18myuGuq1wfhWSaZgMttyVfPaERSR0Wqmu7LAocGJai0ki7VeTHjMmuOXSQ61MnpNWipUruRiL3kpft-DgVuaKrbvY0cqfFCj6VxOtw4ucwHnrrzUgl5DjRztmvc3mUPwImXsZ1RflK7EcvpXjB-Q"")",https://community.akamai.steamstatic.com/economy/image/i0CoZ81Ui0m-9KwlBY1L_18myuGuq1wfhWSaZgMttyVfPaERSR0Wqmu7LAocGJai0ki7VeTHjMmuOXSQ61MnpNWipUruRiL3kpft-DgVuaKrbvY0cqfFCj6VxOtw4ucwHnrrzUgl5DjRztmvc3mUPwImXsZ1RflK7EcvpXjB-Q,https://cs2tokens.com/iem-cologne-2026/items/sticker-flamez-cologne-2026,Sticker | FlameZ | Cologne 2026,https://steamcommunity.com/market/listings/730/Sticker%20%7C%20FlameZ%20%7C%20Cologne%202026,ok,10546.0,5316.0,12.0,iem-cologne-2026,campaign_12,sticker,Autograph,FlameZ,Vitality,rarity_rare,e4c757148829
141,57.3,P3,SCORE FIRST,zorte,Player,Paper,BetBoom,4,0.04,4.0,0.04,Steam,False,0.0,Steam around $0.04,0 until scored,Very Cheap,Very Cheap,Low,6.0,0.5967,0.3337,0.5871,0.4489,0.4217,70.5,0.5875,70.5,0.5875,6.82,20.0,80.0,-25.0,0.3125,0.606,0.0,0.0,0.65,0.0,0,1.0,0.525,80.0,400.0,0.058823529411764705,80.0,400.0,0.058823529411764705,-25.0,0.3125,1.0,0.525,0.46875,Demand rising while price soft,+70% expected | 0.61 demand | 80% below high | 400% upside | -80% vs launch,"lower highs, 2P new low, unscored",Potentially interesting; needs manual score.,False,20.0,-80.0,18.67,-78.57525441885377,50.0,10,0.0,-1.14,13.64,63,232.42,0.0,0.0,-1.92,0.0,-4.0,-0.025,0.1,0.0,77282.0,521585.0,5033.0,1387.0,0.000743,0.000485,-50.58,-0.5,26.95,44.56,0.000423,0.000695,,,,,,,,,,,,0.1,0.0,,,0.2484472049689441,1.0,0.2176,0.46875,3.0,20.0,5.0,3.67,116,321.31,2026-06-05T01:14:16.782000,,,,,,,0,0,0,0,0.0,BetBoom,24,6,1.0,"=IMAGE(""https://community.akamai.steamstatic.com/economy/image/i0CoZ81Ui0m-9KwlBY1L_18myuGuq1wfhWSaZgMttyVfPaERSR0Wqmu7LAocGJai0ki7VeTHjMmuOXSQ61MnpNWipUruRiLrkYT0-GwNvqCvPPc1JaTGDzLFlugj6eBqGivhkEp04TvWyd-hJH2WZg9xX8QjW6dU5dB5JhzR"")",https://community.akamai.steamstatic.com/economy/image/i0CoZ81Ui0m-9KwlBY1L_18myuGuq1wfhWSaZgMttyVfPaERSR0Wqmu7LAocGJai0ki7VeTHjMmuOXSQ61MnpNWipUruRiLrkYT0-GwNvqCvPPc1JaTGDzLFlugj6eBqGivhkEp04TvWyd-hJH2WZg9xX8QjW6dU5dB5JhzR,https://cs2tokens.com/iem-cologne-2026/items/sticker-zorte-cologne-2026,Sticker | zorte | Cologne 2026,https://steamcommunity.com/market/listings/730/Sticker%20%7C%20zorte%20%7C%20Cologne%202026,ok,10918.0,5316.0,12.0,iem-cologne-2026,campaign_12,sticker,Autograph,zorte,BetBoom,rarity_rare,0ca89ea89a1a
142,56.9,P3,SCORE FIRST,TeSeS (Gold),Player,Gold,Falcons,2649,26.23,1310.87,12.98,2P,True,50.51,"2P around $12.98, 51% below Steam",0 until scored,Premium,Premium,Low,6.0,0.7272,0.4079,0.5696,0.625,0.5091,5.9267648169120335,0.0494,114.05693691429914,0.9505,2806.0,6131.0,56.79334529440548,-30.577576443941112,0.3822,0.6399,0.2744,0.0,0.65,0.0,0,1.0,0.0647,56.79334529440548,131.44582861457152,0.18872320596458528,78.61904772860782,367.70601575964645,0.0,0.0,0.0,0.05,0.0647,0.29375,Demand rising while price soft,+114% expected | 0.64 demand | 2P 51% below Steam | 79% below high | 368% upside,"lower highs, 2P new low, unscored",Potentially interesting; needs manual score.,False,1988.0,33.24949698189135,4102.33,-35.42694029978085,208.4,3,-1.93,-0.17,-1.83,57,227.69,-5.56,-13.72,-0.4,-1.85,4.0,0.025,0.0,0.1589,285267.0,682988.0,16639.0,-3577.0,0.001459,0.001251,153.74,0.32,35.68,-3.89,0.001432,0.0,1.0,12.98,,12.98,12.98,,,0.0,True,50.51467784979031,28.718532693906763,0.1,0.1495,,,0.18012422360248448,0.05,0.1257,0.59375,1839.0,6131.0,2666.0,2699.33,116,321.31,2026-06-05T01:14:16.782000,,,,,,,0,0,0,0,0.0,Falcons,24,6,1.0,"=IMAGE(""https://community.akamai.steamstatic.com/economy/image/i0CoZ81Ui0m-9KwlBY1L_18myuGuq1wfhWSaZgMttyVfPaERSR0Wqmu7LAocGJai0ki7VeTHjMmuOXSQ61MnpNWipUruRiLlm4Xl7h1c4P6qJvE_c6nAXjKUwronsrJoH33llEoh42zRzt6qJHiSawNxC5V3EeZetBSm0oqwGe4AS48"")",https://community.akamai.steamstatic.com/economy/image/i0CoZ81Ui0m-9KwlBY1L_18myuGuq1wfhWSaZgMttyVfPaERSR0Wqmu7LAocGJai0ki7VeTHjMmuOXSQ61MnpNWipUruRiLlm4Xl7h1c4P6qJvE_c6nAXjKUwronsrJoH33llEoh42zRzt6qJHiSawNxC5V3EeZetBSm0oqwGe4AS48,https://cs2tokens.com/iem-cologne-2026/items/sticker-teses-gold-cologne-2026,Sticker | TeSeS (Gold) | Cologne 2026,https://steamcommunity.com/market/listings/730/Sticker%20%7C%20TeSeS%20%28Gold%29%20%7C%20Cologne%202026,ok,10589.0,5316.0,12.0,iem-cologne-2026,campaign_12,sticker,Autograph,TeSeS,Falcons,rarity_ancient,96f170db377f
143,56.8,P3,SCORE FIRST,ropz (Gold),Player,Gold,Vitality,10036,99.36,5478.59,54.24,2P,True,45.41,"2P around $54.24, 45% below Steam",0 until scored,Premium,Premium,Low,6.0,0.7145,0.4017,0.5769,0.5718,0.4837,52.40424471901157,0.4367,179.18299696314511,1.0,15295.29,42065.0,76.1416854867467,-19.001594260661612,0.2375,0.7891,0.0,0.0,0.65,0.0,0,1.0,0.025,76.1416854867467,319.1410920685532,0.056194012258368696,86.97589594204047,667.8071332583231,0.0,0.0,0.0,0.05,0.025,0.9375,Neutral,+179% expected | 0.79 demand | 2P 45% below Steam | 87% below high | 668% upside,"lower highs, 2P new low, unscored",Potentially interesting; needs manual score.,False,42065.0,-76.1416854867467,31278.67,-67.9142367626245,30.12,6,9.59,-0.83,10.47,57,227.69,16.48,40.65,-1.07,-1.96,3.0,0.0188,0.0,0.0,146872.0,437577.0,23454.0,23454.0,0.000936,0.008201,18116.15,1.0,86.38,146.54,0.000608,0.011747,1.0,54.24,,54.24,54.24,,,0.0,True,45.41062801932367,32.604387108123056,0.1,0.1536,,,0.006211180124223602,0.05,0.1209,0.9375,8129.0,42065.0,15814.0,9107.67,116,321.31,2026-06-05T01:14:16.782000,,,,,,,0,0,0,0,0.0,Vitality,24,6,1.0,"=IMAGE(""https://community.akamai.steamstatic.com/economy/image/i0CoZ81Ui0m-9KwlBY1L_18myuGuq1wfhWSaZgMttyVfPaERSR0Wqmu7LAocGJai0ki7VeTHjMmuOXSQ61MnpNWipUruRiLjkYb6wiVU4_bga6c8cPbDXmKRkbon4rA-HCzrk0125mzWwtagJXzCO1JyWJMjFrMCtA74zIMyolrZkA"")",https://community.akamai.steamstatic.com/economy/image/i0CoZ81Ui0m-9KwlBY1L_18myuGuq1wfhWSaZgMttyVfPaERSR0Wqmu7LAocGJai0ki7VeTHjMmuOXSQ61MnpNWipUruRiLjkYb6wiVU4_bga6c8cPbDXmKRkbon4rA-HCzrk0125mzWwtagJXzCO1JyWJMjFrMCtA74zIMyolrZkA,https://cs2tokens.com/iem-cologne-2026/items/sticker-ropz-gold-cologne-2026,Sticker | ropz (Gold) | Cologne 2026,https://steamcommunity.com/market/listings/730/Sticker%20%7C%20ropz%20%28Gold%29%20%7C%20Cologne%202026,ok,10553.0,5316.0,12.0,iem-cologne-2026,campaign_12,sticker,Autograph,ropz,Vitality,rarity_ancient,2977556e2e70
144,56.8,P3,SCORE FIRST,NiKo (Gold),Player,Gold,Falcons,12216,120.94,6712.03,66.45,2P,True,45.06,"2P around $66.45, 45% below Steam",0 until scored,Premium,Premium,Medium,6.0,0.7389,0.3935,0.5752,0.5366,0.6921,33.327275703994765,0.2777,142.65764821130364,1.0,16287.26,55073.0,77.81853176692753,-28.839227242960053,0.3605,0.8555,0.0,0.0,0.65,0.0,0,1.0,0.025,77.81853176692753,350.8267845448592,0.07595946528676153,87.81248086582053,720.5115323228786,0.0,0.0,0.0,0.05,0.025,0.9625,"Floor + prior bounce, but lower highs",+143% expected | 0.86 demand | 2P 45% below Steam | 88% below high | 721% upside,"lower highs, 2P new low, unscored",Potentially interesting; needs manual score.,False,55073.0,-77.81853176692753,27842.67,-56.12489750444192,315.37,6,19.09,-0.74,12.24,57,227.69,22.52,55.53,-1.35,2.69,3.0,0.0188,0.0,0.0,494272.0,815334.0,259853.0,27287.0,0.000977,0.009542,1253.47,0.0,104.83,134.2,0.00075,0.013667,1.0,66.45,,66.45,66.45,,,0.0,True,45.05539937158922,22.78807761685653,0.1,0.1338,,,0.4472049689440994,0.05,0.5092,0.9625,8693.0,55073.0,16624.5,10690.67,116,321.31,2026-06-05T01:14:16.782000,,,,,,,0,0,0,0,0.0,Falcons,24,6,1.0,"=IMAGE(""https://community.akamai.steamstatic.com/economy/image/i0CoZ81Ui0m-9KwlBY1L_18myuGuq1wfhWSaZgMttyVfPaERSR0Wqmu7LAocGJai0ki7VeTHjMmuOXSQ61MnpNWipUruRiL_l53vwiVU4_bgav0_IvbHDTCUkO106bc5F3G2wE9ysWuByt34JH-WbAF1WJt5F-QP4Q74zIMwPTA9kQ"")",https://community.akamai.steamstatic.com/economy/image/i0CoZ81Ui0m-9KwlBY1L_18myuGuq1wfhWSaZgMttyVfPaERSR0Wqmu7LAocGJai0ki7VeTHjMmuOXSQ61MnpNWipUruRiL_l53vwiVU4_bgav0_IvbHDTCUkO106bc5F3G2wE9ysWuByt34JH-WbAF1WJt5F-QP4Q74zIMwPTA9kQ,https://cs2tokens.com/iem-cologne-2026/items/sticker-niko-gold-cologne-2026,Sticker | NiKo (Gold) | Cologne 2026,https://steamcommunity.com/market/listings/730/Sticker%20%7C%20NiKo%20%28Gold%29%20%7C%20Cologne%202026,ok,10577.0,5316.0,12.0,iem-cologne-2026,campaign_12,sticker,Autograph,NiKo,Falcons,rarity_ancient,48c455daf1ce
145,56.7,P3,SCORE FIRST,westmelon,Player,Paper,Lynn Vision,4,0.04,4.0,0.04,Steam,False,0.0,Steam around $0.04,0 until scored,Very Cheap,Very Cheap,Low,6.0,0.5599,0.3313,0.5827,0.4337,0.4152,65.75,0.5479,65.75,0.5479,6.63,17.0,76.47058823529412,-25.0,0.3125,0.556,0.0,0.0,0.65,0.0,0,1.0,0.5125,76.47058823529412,325.0,0.07142857142857142,76.47058823529412,325.0,0.07142857142857142,-25.0,0.3125,1.0,0.5125,0.6,Demand rising while price soft,+66% expected | 0.56 demand | 76% below high | 325% upside | -76% vs launch,"lower highs, 2P new low, unscored",Potentially interesting; needs manual score.,False,17.0,-76.47058823529412,16.33,-75.50520514390692,33.33,11,0.0,-1.05,0.0,65,232.42,0.0,0.0,-1.63,0.0,-2.0,-0.0125,0.05,0.0,43035.0,415306.0,2783.0,-653.0,0.000496,0.000228,-68.56,-0.5,54.76,141.9,0.000219,0.0,,,,,,,,,,,,0.1,0.0,,,0.06832298136645963,1.0,0.0719,0.6,3.0,17.0,5.5,4.0,116,321.31,2026-06-05T01:14:16.782000,,,,,,,0,0,0,0,0.0,Lynn Vision,24,6,1.0,"=IMAGE(""https://community.akamai.steamstatic.com/economy/image/i0CoZ81Ui0m-9KwlBY1L_18myuGuq1wfhWSaZgMttyVfPaERSR0Wqmu7LAocGJai0ki7VeTHjMmuOXSQ61MnpNWipUruRiLmm4X08CdX4PzgPfM8JaKVDDTFw7kh6OI_Si3ixU5_4znSyoygcyqQaA4pW8F3QrYMtA74zINpgWWC-A"")",https://community.akamai.steamstatic.com/economy/image/i0CoZ81Ui0m-9KwlBY1L_18myuGuq1wfhWSaZgMttyVfPaERSR0Wqmu7LAocGJai0ki7VeTHjMmuOXSQ61MnpNWipUruRiLmm4X08CdX4PzgPfM8JaKVDDTFw7kh6OI_Si3ixU5_4znSyoygcyqQaA4pW8F3QrYMtA74zINpgWWC-A,https://cs2tokens.com/iem-cologne-2026/items/sticker-westmelon-cologne-2026,Sticker | westmelon | Cologne 2026,https://steamcommunity.com/market/listings/730/Sticker%20%7C%20westmelon%20%7C%20Cologne%202026,ok,11114.0,5316.0,12.0,iem-cologne-2026,campaign_12,sticker,Autograph,westmelon,Lynn Vision,rarity_rare,c7292c3f8862
146,56.6,P3,SCORE FIRST,jks,Player,Paper,Flyquest,4,0.04,4.0,0.04,Steam,False,0.0,Steam around $0.04,0 until scored,Very Cheap,Very Cheap,Low,6.0,0.5791,0.3329,0.5817,0.4432,0.3657,71.50000000000001,0.5958,71.50000000000001,0.5958,6.86,18.0,77.77777777777779,-25.0,0.3125,0.6369,0.0,0.0,0.65,0.0,0,1.0,0.5438,77.77777777777779,350.0,0.06666666666666667,77.77777777777779,350.0,0.06666666666666667,-25.0,0.3125,1.0,0.5438,0.60625,Demand rising while price soft,+72% expected | 0.64 demand | 78% below high | 350% upside | -76% vs launch,"lower highs, 2P new low, unscored",Potentially interesting; needs manual score.,False,17.0,-76.47058823529412,16.67,-76.00479904019195,40.0,12,33.33,-1.03,15.0,63,232.42,0.0,0.0,-1.52,0.0,-7.0,-0.0438,0.175,0.0,62670.0,475068.0,4601.0,1669.0,0.000671,0.000584,-25.88,-0.13,66.07,49.6,0.000348,0.000836,,,,,,,,,,,,0.1,0.0,,,0.15527950310559005,1.0,0.1738,0.60625,3.0,18.0,6.0,3.33,116,321.31,2026-06-05T01:14:16.782000,,,,,,,0,0,0,0,0.0,Flyquest,24,6,1.0,"=IMAGE(""https://community.akamai.steamstatic.com/economy/image/i0CoZ81Ui0m-9KwlBY1L_18myuGuq1wfhWSaZgMttyVfPaERSR0Wqmu7LAocGJai0ki7VeTHjMmuOXSQ61MnpNWipUruRiL7lYWu_iRe7qCva_JvcqHDC2TIl-xy5LQ5GXG1xUoj4W2En4mhci6UPQR0WIwwG7B3jTHabA"")",https://community.akamai.steamstatic.com/economy/image/i0CoZ81Ui0m-9KwlBY1L_18myuGuq1wfhWSaZgMttyVfPaERSR0Wqmu7LAocGJai0ki7VeTHjMmuOXSQ61MnpNWipUruRiL7lYWu_iRe7qCva_JvcqHDC2TIl-xy5LQ5GXG1xUoj4W2En4mhci6UPQR0WIwwG7B3jTHabA,https://cs2tokens.com/iem-cologne-2026/items/sticker-jks-cologne-2026,Sticker | jks | Cologne 2026,https://steamcommunity.com/market/listings/730/Sticker%20%7C%20jks%20%7C%20Cologne%202026,ok,11158.0,5316.0,12.0,iem-cologne-2026,campaign_12,sticker,Autograph,jks,Flyquest,rarity_rare,4177b74f0add
147,56.3,P3,SCORE FIRST,EmiliaQAQ,Player,Paper,Lynn Vision,5,0.05,5.0,0.05,Steam,False,0.0,Steam around $0.05,0 until scored,Very Cheap,Very Cheap,Low,6.0,0.5797,0.324,0.5677,0.4347,0.4264,61.60000000000001,0.5133,61.60000000000001,0.5133,8.08,19.0,73.68421052631578,0.0,0.0,0.536,0.0,0.0,0.65,0.0,0,1.0,0.5,73.68421052631578,280.0,0.0,73.68421052631578,280.0,0.0,0.0,0.0,1.0,0.5,0.69375,Demand rising while price soft,+62% expected | 0.54 demand | 74% below high | 280% upside | -74% vs launch,"lower highs, 2P new low, unscored",Potentially interesting; needs manual score.,False,19.0,-73.6842105263158,18.33,-72.72231314784506,14.29,11,0.0,-0.98,0.0,61,232.42,0.0,0.0,-1.67,0.0,1.0,0.0062,0.0,0.0,78363.0,424811.0,5667.0,-1067.0,0.000586,0.000373,-28.1,-0.64,42.43,-8.08,0.000351,0.0,,,,,,,,,,,,0.1,0.0,,,0.10559006211180125,1.0,0.1603,0.69375,5.0,19.0,7.0,5.0,116,321.31,2026-06-05T01:14:16.782000,,,,,,,0,0,0,0,0.0,Lynn Vision,24,6,1.0,"=IMAGE(""https://community.akamai.steamstatic.com/economy/image/i0CoZ81Ui0m-9KwlBY1L_18myuGuq1wfhWSaZgMttyVfPaERSR0Wqmu7LAocGJai0ki7VeTHjMmuOXSQ61MnpNWipUruRiL0k5_s9CNK7uPgOvw0dvTFXGSRwLovtrc4G3C2wE11t2uEyN2hIinCbAZyX8YhTOJfsg74zIOTloetKQ"")",https://community.akamai.steamstatic.com/economy/image/i0CoZ81Ui0m-9KwlBY1L_18myuGuq1wfhWSaZgMttyVfPaERSR0Wqmu7LAocGJai0ki7VeTHjMmuOXSQ61MnpNWipUruRiL0k5_s9CNK7uPgOvw0dvTFXGSRwLovtrc4G3C2wE11t2uEyN2hIinCbAZyX8YhTOJfsg74zIOTloetKQ,https://cs2tokens.com/iem-cologne-2026/items/sticker-emiliaqaq-cologne-2026,Sticker | EmiliaQAQ | Cologne 2026,https://steamcommunity.com/market/listings/730/Sticker%20%7C%20EmiliaQAQ%20%7C%20Cologne%202026,ok,11126.0,5316.0,12.0,iem-cologne-2026,campaign_12,sticker,Autograph,EmiliaQAQ,Lynn Vision,rarity_rare,b6ae44d05475
148,56.3,P3,SCORE FIRST,saadzin (Foil),Player,Foil,Legacy,30,0.3,30.0,0.3,Steam,False,0.0,Steam around $0.30,0 until scored,Very Cheap,Very Cheap,Medium,6.0,0.6164,0.3152,0.5704,0.4284,0.5274,67.19999999999999,0.56,67.19999999999999,0.56,50.16,130.0,76.92307692307693,-26.66666666666667,0.3333,0.6471,0.0,0.0,0.65,0.0,0,1.0,0.5125,76.92307692307693,333.3333333333333,0.07407407407407407,76.92307692307693,333.3333333333333,0.07407407407407407,-26.66666666666667,0.3333,1.0,0.5125,0.2875,"Floor + prior bounce, but lower highs",+67% expected | 0.65 demand | 77% below high | 333% upside | -77% vs launch,"lower highs, 2P new low, unscored",2P is cheaper than current Steam but still above Steam's recorded low; wait for a stronger entry.,False,130.0,-76.92307692307692,120.33,-75.068561455996,152.63,7,3.45,-0.69,1.7,62,232.41,3.45,8.51,-0.56,0.98,-2.0,-0.0125,0.05,0.0,257359.0,743389.0,15321.0,1394.0,0.00132,0.000487,-33.29,0.16,78.61,134.56,0.001263,0.000698,1.0,0.94,,0.94,0.94,,,0.0,True,-213.33333333333334,-327.2727272727273,0.1,0.0252,,,0.7577639751552795,1.0,0.5108,0.28125,22.0,130.0,44.5,29.33,116,321.31,2026-06-05T01:14:16.782000,,,,,,,0,0,0,0,0.0,Legacy,24,6,1.0,"=IMAGE(""https://raw.githubusercontent.com/ByMykel/counter-strike-image-tracker/main/static/panorama/images/econ/stickers/cologne2026/sig_saadzin_foil_png.png"")",https://raw.githubusercontent.com/ByMykel/counter-strike-image-tracker/main/static/panorama/images/econ/stickers/cologne2026/sig_saadzin_foil_png.png,https://cs2tokens.com/iem-cologne-2026/items/sticker-saadzin-foil-cologne-2026,Sticker | saadzin (Foil) | Cologne 2026,https://steamcommunity.com/market/listings/730/Sticker%20%7C%20saadzin%20%28Foil%29%20%7C%20Cologne%202026,ok,10787.0,5316.0,12.0,iem-cologne-2026,campaign_12,sticker,Autograph,saadzin,Legacy,rarity_mythical,d0a584485057
149,56.3,P3,SCORE FIRST,sh1ro,Player,Paper,Team Spirit,12,0.12,12.0,0.12,Steam,False,0.0,Steam around $0.12,0 until scored,Very Cheap,Very Cheap,Low,6.0,0.5343,0.3293,0.5735,0.4238,0.4226,63.83333333333334,0.5319,63.83333333333334,0.5319,19.66,36.0,66.66666666666666,-8.333333333333337,0.1042,0.5778,0.0,0.0,0.65,0.0,0,1.0,0.5,66.66666666666666,200.0,0.04,66.66666666666666,200.0,0.04,-8.333333333333337,0.1042,1.0,0.5,0.88125,Demand rising while price soft,+64% expected | 0.58 demand | 67% below high | 200% upside | -66% vs launch,"lower highs, 2P new low, unscored",2P is cheaper than current Steam but still above Steam's recorded low; wait for a stronger entry.,False,35.0,-65.71428571428571,35.0,-65.71428571428571,20.0,9,0.0,-0.85,0.0,61,232.42,0.0,0.0,-1.27,4.29,0.0,0.0,0.0,0.0,67028.0,346441.0,3628.0,-692.0,0.000485,0.000242,54.55,0.63,83.66,140.47,0.000309,0.0,1.0,0.2,,0.2,0.2,,,0.0,True,-66.66666666666669,-81.81818181818184,0.1,0.0252,,,0.018633540372670808,1.0,0.0727,0.88125,11.0,36.0,21.0,12.0,116,321.31,2026-06-05T01:14:16.782000,,,,,,,0,0,0,0,0.0,Team Spirit,24,6,1.0,"=IMAGE(""https://community.akamai.steamstatic.com/economy/image/i0CoZ81Ui0m-9KwlBY1L_18myuGuq1wfhWSaZgMttyVfPaERSR0Wqmu7LAocGJai0ki7VeTHjMmuOXSQ61MnpNWipUruRiLilsfy8mwNuqqrbKJrJfKWWGKUkb8ltrVtSn63zE8j5mqDmIz8eS-ePABxXMNxW6dU5Q3HJGJh"")",https://community.akamai.steamstatic.com/economy/image/i0CoZ81Ui0m-9KwlBY1L_18myuGuq1wfhWSaZgMttyVfPaERSR0Wqmu7LAocGJai0ki7VeTHjMmuOXSQ61MnpNWipUruRiLilsfy8mwNuqqrbKJrJfKWWGKUkb8ltrVtSn63zE8j5mqDmIz8eS-ePABxXMNxW6dU5Q3HJGJh,https://cs2tokens.com/iem-cologne-2026/items/sticker-sh1ro-cologne-2026,Sticker | sh1ro | Cologne 2026,https://steamcommunity.com/market/listings/730/Sticker%20%7C%20sh1ro%20%7C%20Cologne%202026,ok,10726.0,5316.0,12.0,iem-cologne-2026,campaign_12,sticker,Autograph,sh1ro,Team Spirit,rarity_rare,0431970fdef0
150,55.9,P3,SCORE FIRST,Spinx (Foil),Player,Foil,MOUZ,35,0.35,35.0,0.35,Steam,False,0.0,Steam around $0.35,0 until scored,Very Cheap,Very Cheap,Low,6.0,0.5841,0.3216,0.5695,0.4299,0.4209,63.771428571428565,0.5314,63.771428571428565,0.5314,57.32,157.0,77.70700636942675,-28.57142857142857,0.3571,0.5665,0.0,0.0,0.65,0.0,0,1.0,0.5375,77.70700636942675,348.57142857142856,0.07575757575757576,77.70700636942675,348.57142857142856,0.07575757575757576,-28.57142857142857,0.3571,1.0,0.5375,0.425,Neutral,+64% expected | 0.57 demand | 78% below high | 349% upside | -78% vs launch,"lower highs, 2P new low, unscored",2P is cheaper than current Steam but still above Steam's recorded low; wait for a stronger entry.,False,157.0,-77.70700636942675,147.0,-76.19047619047619,36.0,8,2.94,-1.08,1.46,60,232.41,2.94,7.25,-1.63,-5.77,-6.0,-0.0375,0.15,0.0,130921.0,535003.0,6739.0,312.0,0.000787,0.000109,-78.55,0.21,68.08,90.01,0.000594,0.000156,1.0,5.52,,5.52,5.52,,,0.0,True,-1477.1428571428573,-2108.0,0.1,0.0252,5.52,,0.36024844720496896,1.0,0.217,0.41875,25.0,157.0,52.5,34.33,116,321.31,2026-06-05T01:14:16.782000,,,,,,,0,0,0,0,0.0,MOUZ,24,6,1.0,"=IMAGE(""https://community.akamai.steamstatic.com/economy/image/i0CoZ81Ui0m-9KwlBY1L_18myuGuq1wfhWSaZgMttyVfPaERSR0Wqmu7LAocGJai0ki7VeTHjMmuOXSQ61MnpNWipUruRiLijp_u5R1d4PuiJvc4dKmSWWXGk7tysbQ9TH61whl3tziBydateHjDPQ8oCZd2RbVZskWm0oqwQyYpJJk"")",https://community.akamai.steamstatic.com/economy/image/i0CoZ81Ui0m-9KwlBY1L_18myuGuq1wfhWSaZgMttyVfPaERSR0Wqmu7LAocGJai0ki7VeTHjMmuOXSQ61MnpNWipUruRiLijp_u5R1d4PuiJvc4dKmSWWXGk7tysbQ9TH61whl3tziBydateHjDPQ8oCZd2RbVZskWm0oqwQyYpJJk,https://cs2tokens.com/iem-cologne-2026/items/sticker-spinx-foil-cologne-2026,Sticker | Spinx (Foil) | Cologne 2026,https://steamcommunity.com/market/listings/730/Sticker%20%7C%20Spinx%20%28Foil%29%20%7C%20Cologne%202026,ok,10683.0,5316.0,12.0,iem-cologne-2026,campaign_12,sticker,Autograph,Spinx,MOUZ,rarity_mythical,ae915ce932d8
151,55.7,P3,SCORE FIRST,mezii,Player,Paper,Vitality,8,0.08,8.0,0.08,Steam,False,0.0,Steam around $0.08,0 until scored,Very Cheap,Very Cheap,Low,6.0,0.5765,0.3272,0.5793,0.4204,0.4596,80.0,0.6667,80.0,0.6667,14.4,36.0,77.77777777777779,-12.5,0.1562,0.4309,0.0,0.0,0.65,0.0,0,1.0,0.5,77.77777777777779,350.0,0.034482758620689655,77.77777777777779,350.0,0.034482758620689655,-12.5,0.1562,1.0,0.5,0.7875,Neutral,+80% expected | 0.43 demand | 78% below high | 350% upside | -76% vs launch,"lower highs, 2P new low, unscored",Potentially interesting; needs manual score.,False,34.0,-76.47058823529412,35.0,-77.14285714285715,41.67,13,0.0,-1.18,0.0,61,232.42,14.29,35.24,-1.96,13.34,3.0,0.0188,0.0,0.0,77459.0,491514.0,6231.0,534.0,0.000789,0.000187,-69.43,0.08,3.92,83.2,0.000451,0.000267,,,,,,,,,,,,0.1,0.0,,,0.18633540372670807,1.0,0.2076,0.7875,7.0,36.0,12.0,8.0,116,321.31,2026-06-05T01:14:16.782000,,,,,,,0,0,0,0,0.0,Vitality,24,6,1.0,"=IMAGE(""https://community.akamai.steamstatic.com/economy/image/i0CoZ81Ui0m-9KwlBY1L_18myuGuq1wfhWSaZgMttyVfPaERSR0Wqmu7LAocGJai0ki7VeTHjMmuOXSQ61MnpNWipUruRiL8m4zp9GwMuvf-PPVvcKLEXjHJmbsi5ec-TnHrwEUm5D-HntyodHyXaQYgX5MjW6dU5Q-VYXbM"")",https://community.akamai.steamstatic.com/economy/image/i0CoZ81Ui0m-9KwlBY1L_18myuGuq1wfhWSaZgMttyVfPaERSR0Wqmu7LAocGJai0ki7VeTHjMmuOXSQ61MnpNWipUruRiL8m4zp9GwMuvf-PPVvcKLEXjHJmbsi5ec-TnHrwEUm5D-HntyodHyXaQYgX5MjW6dU5Q-VYXbM,https://cs2tokens.com/iem-cologne-2026/items/sticker-mezii-cologne-2026,Sticker | mezii | Cologne 2026,https://steamcommunity.com/market/listings/730/Sticker%20%7C%20mezii%20%7C%20Cologne%202026,ok,10542.0,5316.0,12.0,iem-cologne-2026,campaign_12,sticker,Autograph,mezii,Vitality,rarity_rare,4d6ad11830df
152,55.7,P3,SCORE FIRST,Brollan (Foil),Player,Foil,MOUZ,34,0.34,34.0,0.34,Steam,False,0.0,Steam around $0.34,0 until scored,Very Cheap,Very Cheap,High,6.0,0.6134,0.3127,0.5743,0.4038,0.6172,78.38235294117646,0.6532,78.38235294117646,0.6532,60.65,149.0,77.18120805369128,-32.35294117647059,0.4044,0.5991,0.0,0.0,0.65,0.0,0,1.0,0.5,77.18120805369128,338.2352941176471,0.0873015873015873,77.18120805369128,338.2352941176471,0.0873015873015873,-32.35294117647059,0.4044,1.0,0.5,0.4,"Floor + prior bounce, but lower highs",+78% expected | 0.60 demand | 77% below high | 338% upside | -77% vs launch,"High crowding, lower highs, 2P new low, unscored",2P is cheaper than current Steam but still above Steam's recorded low; wait for a stronger entry.,False,149.0,-77.18120805369128,139.67,-75.65690556311306,257.89,4,0.0,-0.69,1.49,62,232.41,13.33,32.89,-0.37,19.13,10.0,0.0625,0.0,0.0,356211.0,924618.0,23049.0,4027.0,0.001854,0.001408,119.37,0.09,7.41,21.08,0.001659,0.002017,1.0,0.82,,0.82,0.82,,,0.0,True,-141.17647058823525,-256.5217391304347,0.1,0.0252,,,0.9192546583850931,1.0,0.6574,0.39375,23.0,149.0,56.0,33.67,116,321.31,2026-06-05T01:14:16.782000,,,,,,,0,0,0,0,0.0,MOUZ,24,6,1.0,"=IMAGE(""https://community.akamai.steamstatic.com/economy/image/i0CoZ81Ui0m-9KwlBY1L_18myuGuq1wfhWSaZgMttyVfPaERSR0Wqmu7LAocGJai0ki7VeTHjMmuOXSQ61MnpNWipUruRiLzjJns8SNV0PShYagjc6LBWzfHlegltLk_HCiyw08mtTiGzNv8dHifOAYnC5oiRrVZtES_w8qnab1-UwtM3A"")",https://community.akamai.steamstatic.com/economy/image/i0CoZ81Ui0m-9KwlBY1L_18myuGuq1wfhWSaZgMttyVfPaERSR0Wqmu7LAocGJai0ki7VeTHjMmuOXSQ61MnpNWipUruRiLzjJns8SNV0PShYagjc6LBWzfHlegltLk_HCiyw08mtTiGzNv8dHifOAYnC5oiRrVZtES_w8qnab1-UwtM3A,https://cs2tokens.com/iem-cologne-2026/items/sticker-brollan-foil-cologne-2026,Sticker | Brollan (Foil) | Cologne 2026,https://steamcommunity.com/market/listings/730/Sticker%20%7C%20Brollan%20%28Foil%29%20%7C%20Cologne%202026,ok,10679.0,5316.0,12.0,iem-cologne-2026,campaign_12,sticker,Autograph,Brollan,MOUZ,rarity_mythical,625e15932ee0
153,55.5,P3,SCORE FIRST,npl (Foil),Player,Foil,B8,27,0.27,27.0,0.27,Steam,False,0.0,Steam around $0.27,0 until scored,Very Cheap,Very Cheap,High,6.0,0.5849,0.302,0.5572,0.3667,0.6863,39.14814814814815,0.3262,39.14814814814815,0.3262,37.57,121.0,77.68595041322314,-51.85185185185186,0.6481,0.7583,0.0,0.0,0.65,0.0,0,1.0,0.5,77.68595041322314,348.1481481481482,0.12962962962962962,77.68595041322314,348.1481481481482,0.12962962962962962,-51.85185185185186,0.6481,1.0,0.5,0.23125,"Floor + prior bounce, but lower highs",+39% expected | 0.76 demand | 78% below high | 348% upside | -78% vs launch,"High crowding, lower highs, 2P new low, unscored",2P is cheaper than current Steam but still above Steam's recorded low; wait for a stronger entry.,False,121.0,-77.68595041322314,111.33,-75.74777687954729,185.71,7,17.39,-1.06,15.0,62,232.41,68.75,169.57,-1.31,41.25,19.0,0.1188,0.0,0.0,364723.0,947491.0,34822.0,34822.0,0.001814,0.012176,1681.63,0.74,30.15,8.52,0.001741,0.017441,8.0,1.04,1.04,1.04,1.04,0.0,-6.644230542423028e-15,0.0,True,-285.18518518518516,-700.0,0.0,0.135,,1.04,0.937888198757764,1.0,0.6849,0.23125,13.0,121.0,27.0,23.33,116,321.31,2026-06-05T01:14:16.782000,,,,,,,0,0,0,0,0.0,B8,24,6,1.0,"=IMAGE(""https://community.akamai.steamstatic.com/economy/image/i0CoZ81Ui0m-9KwlBY1L_18myuGuq1wfhWSaZgMttyVfPaERSR0Wqmu7LAocGJai0ki7VeTHjMmuOXSQ61MnpNWipUruRiL_jprf-y1S47z7Pvw0dKiVXzGVw7gl4rQ_G3vgw0134DmAyN-qcC3BbAEoCpYlQbJYrFDmxSviCTCu"")",https://community.akamai.steamstatic.com/economy/image/i0CoZ81Ui0m-9KwlBY1L_18myuGuq1wfhWSaZgMttyVfPaERSR0Wqmu7LAocGJai0ki7VeTHjMmuOXSQ61MnpNWipUruRiL_jprf-y1S47z7Pvw0dKiVXzGVw7gl4rQ_G3vgw0134DmAyN-qcC3BbAEoCpYlQbJYrFDmxSviCTCu,https://cs2tokens.com/iem-cologne-2026/items/sticker-npl-foil-cologne-2026,Sticker | npl (Foil) | Cologne 2026,https://steamcommunity.com/market/listings/730/Sticker%20%7C%20npl%20%28Foil%29%20%7C%20Cologne%202026,ok,10879.0,5316.0,12.0,iem-cologne-2026,campaign_12,sticker,Autograph,npl,B8,rarity_mythical,2f4f49f91218
154,55.3,P3,SCORE FIRST,xertioN (Foil),Player,Foil,MOUZ,33,0.33,33.0,0.33,Steam,False,0.0,Steam around $0.33,0 until scored,Very Cheap,Very Cheap,Medium,6.0,0.5842,0.3233,0.5613,0.4178,0.454,60.51515151515152,0.5043,60.51515151515152,0.5043,52.97,148.0,77.7027027027027,-39.39393939393939,0.4924,0.6179,0.145,0.0,0.65,0.0,0,1.0,0.6272,77.7027027027027,348.48484848484844,0.1015625,77.7027027027027,348.48484848484844,0.1015625,-39.39393939393939,0.4924,1.0,0.6272,0.36875,Demand rising while price soft,+61% expected | 0.62 demand | 78% below high | 348% upside | -78% vs launch,"lower highs, 2P new low, unscored",Potentially interesting; needs manual score.,False,148.0,-77.7027027027027,139.0,-76.2589928057554,70.0,2,-2.94,-1.02,-1.49,60,232.41,-2.94,-7.25,-1.52,-8.49,-17.0,-0.1063,0.425,0.084,186168.0,625387.0,7816.0,-1738.0,0.000889,0.000608,-9.01,0.88,47.99,124.22,0.000883,0.0,,,,,,,,,,,,0.1,0.0,,,0.6149068322981367,1.0,0.381,0.3625,20.0,148.0,45.5,33.67,116,321.31,2026-06-05T01:14:16.782000,,,,,,,0,0,0,0,0.0,MOUZ,24,6,1.0,"=IMAGE(""https://community.akamai.steamstatic.com/economy/image/i0CoZ81Ui0m-9KwlBY1L_18myuGuq1wfhWSaZgMttyVfPaERSR0Wqmu7LAocGJai0ki7VeTHjMmuOXSQ61MnpNWipUruRiLpm4T09C1V0PShYagjI6DGWmLDlLchs-IxSSyyxk1ztm_Rz937Ii3GaQYhWMYhRrUPtxa5kMqnab1SsceIaw"")",https://community.akamai.steamstatic.com/economy/image/i0CoZ81Ui0m-9KwlBY1L_18myuGuq1wfhWSaZgMttyVfPaERSR0Wqmu7LAocGJai0ki7VeTHjMmuOXSQ61MnpNWipUruRiLpm4T09C1V0PShYagjI6DGWmLDlLchs-IxSSyyxk1ztm_Rz937Ii3GaQYhWMYhRrUPtxa5kMqnab1SsceIaw,https://cs2tokens.com/iem-cologne-2026/items/sticker-xertion-foil-cologne-2026,Sticker | xertioN (Foil) | Cologne 2026,https://steamcommunity.com/market/listings/730/Sticker%20%7C%20xertioN%20%28Foil%29%20%7C%20Cologne%202026,ok,10691.0,5316.0,12.0,iem-cologne-2026,campaign_12,sticker,Autograph,xertioN,MOUZ,rarity_mythical,782a1fe1f8a2
155,55.3,P3,SCORE FIRST,gr1ks (Foil),Player,Foil,BIG,23,0.23,23.0,0.23,Steam,False,0.0,Steam around $0.23,0 until scored,Very Cheap,Very Cheap,Medium,6.0,0.6082,0.3076,0.5681,0.3992,0.5667,68.17391304347827,0.5681,68.17391304347827,0.5681,38.68,128.0,82.03125,-47.82608695652174,0.5978,0.5918,0.0,0.0,0.65,0.0,0,1.0,0.5,82.03125,456.52173913043475,0.09482758620689655,82.03125,456.52173913043475,0.09482758620689655,-47.82608695652174,0.5978,1.0,0.5,0.175,Neutral,+68% expected | 0.59 demand | 82% below high | 457% upside | -82% vs launch,"lower highs, 2P new low, unscored",2P is cheaper than current Steam but still above Steam's recorded low; wait for a stronger entry.,False,128.0,-82.03125,121.67,-81.09640831758034,75.0,7,9.52,-1.61,9.52,62,232.41,53.33,131.55,-2.37,37.05,18.0,0.1125,0.0,0.0,175650.0,653550.0,20601.0,19783.0,0.001101,0.006918,1819.46,1.47,6.56,-2.12,0.000784,0.009909,1.0,0.26,,0.26,0.26,,,0.0,True,-13.043478260869565,-116.66666666666667,0.1,0.0252,,,0.6770186335403726,1.0,0.5408,0.175,12.0,128.0,29.0,21.0,116,321.31,2026-06-05T01:14:16.782000,,,,,,,0,0,0,0,0.0,BIG,24,6,1.0,"=IMAGE(""https://community.akamai.steamstatic.com/economy/image/i0CoZ81Ui0m-9KwlBY1L_18myuGuq1wfhWSaZgMttyVfPaERSR0Wqmu7LAocGJai0ki7VeTHjMmuOXSQ61MnpNWipUruRiL2jMfr7h1d4PuiJqY8dqbHDDLJkegj4uRrGC_hx0px4D6AyY2qIy-TblJ2WZt2QrFZskam0oqwW6vilYQ"")",https://community.akamai.steamstatic.com/economy/image/i0CoZ81Ui0m-9KwlBY1L_18myuGuq1wfhWSaZgMttyVfPaERSR0Wqmu7LAocGJai0ki7VeTHjMmuOXSQ61MnpNWipUruRiL2jMfr7h1d4PuiJqY8dqbHDDLJkegj4uRrGC_hx0px4D6AyY2qIy-TblJ2WZt2QrFZskam0oqwW6vilYQ,https://cs2tokens.com/iem-cologne-2026/items/sticker-gr1ks-foil-cologne-2026,Sticker | gr1ks (Foil) | Cologne 2026,https://steamcommunity.com/market/listings/730/Sticker%20%7C%20gr1ks%20%28Foil%29%20%7C%20Cologne%202026,ok,10951.0,5316.0,12.0,iem-cologne-2026,campaign_12,sticker,Autograph,gr1ks,BIG,rarity_mythical,00cc148ca86d
156,55.2,P3,SCORE FIRST,FURIA (Foil),Team,Foil,FURIA,274,2.71,224.46,2.22,UUSkins,True,18.08,"UUSkins around $2.22, 18% below Steam",0 until scored,Fair,Cheap,Low,6.0,0.597,0.3283,0.5578,0.4706,0.4125,29.828467153284688,0.2486,58.48429999342406,0.4874,355.73,506.0,45.8498023715415,-22.26277372262774,0.2783,0.81,0.0,0.0,0.65,0.0,0,1.0,0.3588,45.8498023715415,84.67153284671534,0.20819112627986347,55.640797514694505,125.43236667324256,0.039104315957835464,-5.1045571118564,0.0638,0.8875,0.4438,0.4838709677419355,Neutral,+58% expected | 0.81 demand | UUSkins 18% below Steam | 56% below high | 125% upside,"lower highs, 2P new low, unscored",Potentially interesting; needs manual score.,False,403.0,-32.00992555831266,436.67,-37.252387386355835,25.56,4,4.18,-0.61,3.02,60,232.41,11.84,29.2,-0.88,5.65,1.0,0.0323,0.0,0.0,178895.0,399340.0,61816.0,6175.0,0.000566,0.002159,12.42,0.88,40.12,35.25,0.000443,0.003093,1.0,2.22,,2.22,2.22,,,0.0,True,18.08118081180811,-5.379138298425242,0.1,0.0689,,2.22,0.09375,0.7177,0.2774,0.5483870967741935,213.0,506.0,396.5,265.0,116,321.31,2026-06-05T01:14:16.782000,,,,,,,0,0,0,0,0.0,FURIA,24,6,1.0,"=IMAGE(""https://community.akamai.steamstatic.com/economy/image/i0CoZ81Ui0m-9KwlBY1L_18myuGuq1wfhWSaZgMttyVfPaERSR0Wqmu7LAocGJai0ki7VeTHjMmuOXSQ61MnpNWipV_yUxTOmJnp8WxauvGobqU_I6bCVmPIlL505-VrTX-xzRtz5DuAmduqdy-VawIpX5UhW6dU5dm6Y9SR"")",https://community.akamai.steamstatic.com/economy/image/i0CoZ81Ui0m-9KwlBY1L_18myuGuq1wfhWSaZgMttyVfPaERSR0Wqmu7LAocGJai0ki7VeTHjMmuOXSQ61MnpNWipV_yUxTOmJnp8WxauvGobqU_I6bCVmPIlL505-VrTX-xzRtz5DuAmduqdy-VawIpX5UhW6dU5dm6Y9SR,https://cs2tokens.com/iem-cologne-2026/items/sticker-furia-foil-cologne-2026,Sticker | FURIA (Foil) | Cologne 2026,https://steamcommunity.com/market/listings/730/Sticker%20%7C%20FURIA%20%28Foil%29%20%7C%20Cologne%202026,ok,10394.0,5316.0,12.0,iem-cologne-2026,campaign_12,sticker,Team,,FURIA,rarity_mythical,ae1b042a36f9
157,55.2,P3,SCORE FIRST,nitr0 (Foil),Player,Foil,NRG,31,0.31,31.0,0.31,Steam,False,0.0,Steam around $0.31,0 until scored,Very Cheap,Very Cheap,Low,6.0,0.5712,0.307,0.5476,0.4225,0.43,48.61290322580645,0.4051,48.61290322580645,0.4051,46.07,111.0,72.07207207207207,-19.354838709677423,0.2419,0.5919,0.0,0.0,0.65,0.0,0,1.0,0.5312,72.07207207207207,258.06451612903226,0.06976744186046512,72.07207207207207,258.06451612903226,0.06976744186046512,-19.354838709677423,0.2419,1.0,0.5312,0.33125,Neutral,+49% expected | 0.59 demand | 72% below high | 258% upside | -72% vs launch,"lower highs, 2P new low, unscored",2P is cheaper than current Steam but still above Steam's recorded low; wait for a stronger entry.,False,111.0,-72.07207207207207,104.0,-70.1923076923077,44.44,10,0.0,-0.85,0.0,62,232.41,3.33,8.22,-1.23,6.65,-5.0,-0.0312,0.125,0.0,128805.0,493768.0,9117.0,1333.0,0.000771,0.000466,-22.35,-0.07,23.82,65.13,0.000595,0.000668,1.0,5.71,,5.71,5.71,,,0.0,True,-1741.935483870968,-2184.0000000000005,0.1,0.0252,5.71,,0.2111801242236025,1.0,0.219,0.325,25.0,111.0,42.5,31.0,116,321.31,2026-06-05T01:14:16.782000,,,,,,,0,0,0,0,0.0,NRG,24,6,1.0,"=IMAGE(""https://community.akamai.steamstatic.com/economy/image/i0CoZ81Ui0m-9KwlBY1L_18myuGuq1wfhWSaZgMttyVfPaERSR0Wqmu7LAocGJai0ki7VeTHjMmuOXSQ61MnpNWipUruRiL_l4Ly8h1d4PuiJqI0dPXDWWPFl-sh5uc7Giu3wB4k4zjWn9yvJy6RalAgWZQjQe5bskKm0oqwTcSdj9w"")",https://community.akamai.steamstatic.com/economy/image/i0CoZ81Ui0m-9KwlBY1L_18myuGuq1wfhWSaZgMttyVfPaERSR0Wqmu7LAocGJai0ki7VeTHjMmuOXSQ61MnpNWipUruRiL_l4Ly8h1d4PuiJqI0dPXDWWPFl-sh5uc7Giu3wB4k4zjWn9yvJy6RalAgWZQjQe5bskKm0oqwTcSdj9w,https://cs2tokens.com/iem-cologne-2026/items/sticker-nitr0-foil-cologne-2026,Sticker | nitr0 (Foil) | Cologne 2026,https://steamcommunity.com/market/listings/730/Sticker%20%7C%20nitr0%20%28Foil%29%20%7C%20Cologne%202026,ok,11031.0,5316.0,12.0,iem-cologne-2026,campaign_12,sticker,Autograph,nitr0,NRG,rarity_mythical,76dc80e057ca
158,55.0,P3,SCORE FIRST,piriajr (Foil),Player,Foil,paiN Gaming,19,0.19,19.0,0.19,Steam,False,0.0,Steam around $0.19,0 until scored,Very Cheap,Very Cheap,Medium,6.0,0.6326,0.3112,0.5659,0.4204,0.4547,78.6842105263158,0.6557,78.6842105263158,0.6557,33.95,128.0,85.15625,-47.36842105263158,0.5921,0.6061,0.0,0.0,0.65,0.0,0,1.0,0.5438,85.15625,573.6842105263157,0.07627118644067797,85.15625,573.6842105263157,0.07627118644067797,-47.36842105263158,0.5921,1.0,0.5438,0.13125,Demand rising while price soft,+79% expected | 0.61 demand | 85% below high | 574% upside | -85% vs launch,"lower highs, 2P new low, unscored",Potentially interesting; needs manual score.,False,128.0,-85.15625,118.33,-83.94320966787797,90.0,9,0.0,-1.49,0.0,62,232.41,0.0,0.0,-2.2,-2.72,-7.0,-0.0437,0.175,0.0,243608.0,807970.0,20824.0,-1502.0,0.001316,0.000525,-28.12,0.59,88.55,154.54,0.001029,0.0,,,,,,,,,,,,0.1,0.0,,,0.8385093167701864,1.0,0.5596,0.13125,10.0,128.0,23.5,19.0,116,321.31,2026-06-05T01:14:16.782000,,,,,,,0,0,0,0,0.0,paiN Gaming,24,6,1.0,"=IMAGE(""https://raw.githubusercontent.com/ByMykel/counter-strike-image-tracker/main/static/panorama/images/econ/stickers/cologne2026/sig_piriajr_foil_png.png"")",https://raw.githubusercontent.com/ByMykel/counter-strike-image-tracker/main/static/panorama/images/econ/stickers/cologne2026/sig_piriajr_foil_png.png,https://cs2tokens.com/iem-cologne-2026/items/sticker-piriajr-foil-cologne-2026,Sticker | piriajr (Foil) | Cologne 2026,https://steamcommunity.com/market/listings/730/Sticker%20%7C%20piriajr%20%28Foil%29%20%7C%20Cologne%202026,ok,10807.0,5316.0,12.0,iem-cologne-2026,campaign_12,sticker,Autograph,piriajr,paiN Gaming,rarity_mythical,4efe7a17794f
159,54.5,P3,SCORE FIRST,iM,Player,Paper,Natus Vincere,7,0.07,7.0,0.07,Steam,False,0.0,Steam around $0.07,0 until scored,Very Cheap,Very Cheap,Low,6.0,0.5948,0.3233,0.5694,0.4398,0.3671,91.57142857142857,0.7631,91.57142857142857,0.7631,13.41,33.0,78.78787878787878,0.0,0.0,0.2957,0.0,0.0,0.65,0.0,0,1.0,0.5062,78.78787878787878,371.42857142857144,0.0,78.78787878787878,371.42857142857144,0.0,0.0,0.0,1.0,0.5062,0.75625,Neutral,+92% expected | 0.30 demand | 79% below high | 371% upside | -78% vs launch,"lower highs, 2P new low, unscored",Potentially interesting; needs manual score.,False,32.0,-78.125,32.33,-78.34828332817816,30.0,13,0.0,-1.31,-0.0,61,232.42,0.0,0.0,-2.25,0.0,-1.0,-0.0063,0.025,0.0,57325.0,441304.0,4311.0,1804.0,0.000685,0.000631,-3.0,-0.33,-15.32,-29.84,0.000317,0.000904,,,,,,,,,,,,0.1,0.0,,,0.13664596273291926,1.0,0.1736,0.75625,7.0,33.0,11.0,7.0,116,321.31,2026-06-05T01:14:16.782000,,,,,,,0,0,0,0,0.0,Natus Vincere,24,6,1.0,"=IMAGE(""https://community.akamai.steamstatic.com/economy/image/i0CoZ81Ui0m-9KwlBY1L_18myuGuq1wfhWSaZgMttyVfPaERSR0Wqmu7LAocGJai0ki7VeTHjMmuOXSQ61MnpNWipUruRiL4k9jlq3oIv_T4afA5d6CQWjfFkL50tbI9SXmwl0ki6jndnNb7c3ueZgckFNIuEvKZzgOP"")",https://community.akamai.steamstatic.com/economy/image/i0CoZ81Ui0m-9KwlBY1L_18myuGuq1wfhWSaZgMttyVfPaERSR0Wqmu7LAocGJai0ki7VeTHjMmuOXSQ61MnpNWipUruRiL4k9jlq3oIv_T4afA5d6CQWjfFkL50tbI9SXmwl0ki6jndnNb7c3ueZgckFNIuEvKZzgOP,https://cs2tokens.com/iem-cologne-2026/items/sticker-im-cologne-2026,Sticker | iM | Cologne 2026,https://steamcommunity.com/market/listings/730/Sticker%20%7C%20iM%20%7C%20Cologne%202026,ok,10566.0,5316.0,12.0,iem-cologne-2026,campaign_12,sticker,Autograph,iM,Natus Vincere,rarity_rare,16c81e4d4e63
160,54.5,P3,SCORE FIRST,latto (Foil),Player,Foil,Legacy,38,0.38,38.0,0.38,Steam,False,0.0,Steam around $0.38,0 until scored,Very Cheap,Very Cheap,High,6.0,0.5841,0.302,0.5578,0.3956,0.5336,72.47368421052633,0.6039,72.47368421052633,0.6039,65.54,131.0,70.99236641221374,-28.947368421052634,0.3618,0.6929,0.0,0.0,0.65,0.0,0,1.0,0.5,70.99236641221374,244.73684210526315,0.10576923076923077,70.99236641221374,244.73684210526315,0.10576923076923077,-28.947368421052634,0.3618,1.0,0.5,0.50625,"Floor + prior bounce, but lower highs",+72% expected | 0.69 demand | 71% below high | 245% upside | -71% vs launch,"High crowding, lower highs, 2P new low, unscored",2P is cheaper than current Steam but still above Steam's recorded low; wait for a stronger entry.,False,131.0,-70.99236641221374,121.33,-68.68045825434766,111.48,3,2.7,-0.77,2.7,60,232.41,18.75,46.25,-0.92,18.84,14.0,0.0875,0.0,0.0,267510.0,729297.0,27051.0,6209.0,0.001285,0.002171,203.73,0.81,16.25,31.16,0.001143,0.00311,1.0,1.05,,1.05,1.05,,,0.0,True,-176.31578947368422,-288.88888888888886,0.1,0.0252,4.26,1.48,0.7453416149068323,1.0,0.6095,0.5,27.0,131.0,67.0,37.0,116,321.31,2026-06-05T01:14:16.782000,,,,,,,0,0,0,0,0.0,Legacy,24,6,1.0,"=IMAGE(""https://community.akamai.steamstatic.com/economy/image/i0CoZ81Ui0m-9KwlBY1L_18myuGuq1wfhWSaZgMttyVfPaERSR0Wqmu7LAocGJai0ki7VeTHjMmuOXSQ61MnpNWipUruRiL9n4L08h1d4PuiJqA4daXEDGXFxbwhsrA9H33nxU0jtziEz92hcX2VPVVzXMd1FLNfuxWm0oqwXX1fRs8"")",https://community.akamai.steamstatic.com/economy/image/i0CoZ81Ui0m-9KwlBY1L_18myuGuq1wfhWSaZgMttyVfPaERSR0Wqmu7LAocGJai0ki7VeTHjMmuOXSQ61MnpNWipUruRiL9n4L08h1d4PuiJqA4daXEDGXFxbwhsrA9H33nxU0jtziEz92hcX2VPVVzXMd1FLNfuxWm0oqwXX1fRs8,https://cs2tokens.com/iem-cologne-2026/items/sticker-latto-foil-cologne-2026,Sticker | latto (Foil) | Cologne 2026,https://steamcommunity.com/market/listings/730/Sticker%20%7C%20latto%20%28Foil%29%20%7C%20Cologne%202026,ok,10779.0,5316.0,12.0,iem-cologne-2026,campaign_12,sticker,Autograph,latto,Legacy,rarity_mythical,fc03019facb9
161,54.4,P3,SCORE FIRST,susp,Player,Paper,HEROIC,3,0.03,3.0,0.03,Steam,False,0.0,Steam around $0.03,0 until scored,Very Cheap,Very Cheap,Low,6.0,0.6113,0.3174,0.5728,0.4466,0.3752,95.0,0.7917,95.0,0.7917,5.85,20.0,85.0,-33.333333333333336,0.4167,0.2897,0.0,0.0,0.65,0.0,0,1.0,0.5,85.0,566.6666666666667,0.05555555555555555,85.0,566.6666666666667,0.05555555555555555,-33.333333333333336,0.4167,1.0,0.5,0.2,Neutral,+95% expected | 0.29 demand | 85% below high | 567% upside | -85% vs launch,"lower highs, 2P new low, unscored",Potentially interesting; needs manual score.,False,20.0,-85.0,18.67,-83.93144081414033,50.0,11,0.0,-1.35,0.0,65,232.42,0.0,0.0,-2.05,0.0,1.0,0.0063,0.0,0.0,41716.0,517400.0,5386.0,-1970.0,0.000607,0.000689,-30.43,-0.0,-6.45,-34.55,0.00021,0.0,,,,,,,,,,,,0.1,0.0,,,0.22981366459627328,1.0,0.2381,0.2,2.0,20.0,4.0,3.0,116,321.31,2026-06-05T01:14:16.782000,,,,,,,0,0,0,0,0.0,HEROIC,24,6,1.0,"=IMAGE(""https://community.akamai.steamstatic.com/economy/image/i0CoZ81Ui0m-9KwlBY1L_18myuGuq1wfhWSaZgMttyVfPaERSR0Wqmu7LAocGJai0ki7VeTHjMmuOXSQ61MnpNWipUruRiLii4Xws3AKvvf4bvA0d_XKXzLHkr114rdvF33rwEx1sDmHmd_6J3qTa1AhX5ZuBbldXICh9wI"")",https://community.akamai.steamstatic.com/economy/image/i0CoZ81Ui0m-9KwlBY1L_18myuGuq1wfhWSaZgMttyVfPaERSR0Wqmu7LAocGJai0ki7VeTHjMmuOXSQ61MnpNWipUruRiLii4Xws3AKvvf4bvA0d_XKXzLHkr114rdvF33rwEx1sDmHmd_6J3qTa1AhX5ZuBbldXICh9wI,https://cs2tokens.com/iem-cologne-2026/items/sticker-susp-cologne-2026,Sticker | susp | Cologne 2026,https://steamcommunity.com/market/listings/730/Sticker%20%7C%20susp%20%7C%20Cologne%202026,ok,10902.0,5316.0,12.0,iem-cologne-2026,campaign_12,sticker,Autograph,susp,HEROIC,rarity_rare,28b7bfa85acd
162,54.4,P3,SCORE FIRST,TjP,Player,Paper,,6,0.06,6.0,0.06,Steam,False,0.0,Steam around $0.06,0 until scored,Very Cheap,Very Cheap,Low,6.0,0.5295,0.3061,0.5383,0.4035,0.3988,48.33333333333334,0.4028,48.33333333333334,0.4028,8.9,17.0,64.70588235294117,0.0,0.0,0.5432,0.0,0.0,0.65,0.0,0,1.0,0.5,64.70588235294117,183.33333333333334,0.0,64.70588235294117,183.33333333333334,0.0,0.0,0.0,1.0,0.5,0.75,Demand rising while price soft,+48% expected | 0.54 demand | 65% below high | 183% upside | -65% vs launch,"lower highs, 2P new low, unscored",Potentially interesting; needs manual score.,False,17.0,-64.70588235294117,16.0,-62.5,22.22,9,0.0,-0.63,0.0,61,232.42,0.0,0.0,-0.99,0.0,1.0,0.0062,0.0,0.0,56885.0,331694.0,3624.0,1715.0,0.000457,0.0006,-21.92,0.63,11.25,36.56,0.000283,0.000859,,,,,,,,,,,,0.1,0.0,,,0.012422360248447204,1.0,0.084,0.75,6.0,17.0,9.0,6.0,116,321.31,2026-06-05T01:14:16.782000,,,,,,,0,0,0,0,0.0,TjP,4,1,0.25,"=IMAGE(""https://community.akamai.steamstatic.com/economy/image/i0CoZ81Ui0m-9KwlBY1L_18myuGuq1wfhWSaZgMttyVfPaERSR0Wqmu7LAocGJai0ki7VeTHjMmuOXSQ61MnpNWipUruRiLllIauqSMPuPD_Ovxuc6bLCjDJl7pz5LNtHSjrwUx1tmTQz9uqc3ifb1QkWIwwG7AT66z5Gw"")",https://community.akamai.steamstatic.com/economy/image/i0CoZ81Ui0m-9KwlBY1L_18myuGuq1wfhWSaZgMttyVfPaERSR0Wqmu7LAocGJai0ki7VeTHjMmuOXSQ61MnpNWipUruRiLllIauqSMPuPD_Ovxuc6bLCjDJl7pz5LNtHSjrwUx1tmTQz9uqc3ifb1QkWIwwG7AT66z5Gw,https://cs2tokens.com/iem-cologne-2026/items/sticker-tjp-cologne-2026,Sticker | TjP | Cologne 2026,https://steamcommunity.com/market/listings/730/Sticker%20%7C%20TjP%20%7C%20Cologne%202026,ok,11150.0,5316.0,12.0,iem-cologne-2026,campaign_12,sticker,Autograph,TjP,,rarity_rare,556235fac98f
163,54.3,P3,SCORE FIRST,AZUWU (Gold),Player,Gold,Monte,1091,10.8,943.51,9.34,2P,True,13.52,"2P around $9.34, 14% below Steam",0 until scored,Premium,Expensive,Low,6.0,0.7452,0.3925,0.5451,0.6155,0.4229,96.26764436296978,0.8022,126.94759733619634,1.0,2141.28,5202.0,79.02729719338716,0.0,0.0,0.4752,0.0593,0.0,0.65,0.0,0,1.0,0.2694,79.02729719338716,376.81026581118243,0.0,81.86249590613298,451.3437763127164,0.0,0.0,0.0,0.2369,0.3629,0.06875,"Floor + prior bounce, but lower highs",+127% expected | 0.48 demand | 2P 14% below Steam | 82% below high | 451% upside,"lower highs, 2P new low, unscored",Potentially interesting; needs manual score.,False,2490.0,-56.1847389558233,3849.67,-71.65990851163866,115.92,4,-3.62,-0.81,-3.66,57,227.69,-17.6,-43.41,-1.26,-25.5,-19.0,-0.1187,0.475,0.5028,264497.0,720895.0,31459.0,-7062.0,0.001507,0.002469,152.63,0.1,2.39,-6.43,0.000979,0.0,1.0,9.34,,9.34,9.34,,,0.0,True,13.518518518518524,13.518518518518524,0.1,0.0927,,,0.2608695652173913,0.05,0.248,0.0375,1091.0,5202.0,2237.0,1132.33,116,321.31,2026-06-05T01:14:16.782000,,,,,,,0,0,0,0,0.0,Monte,24,6,1.0,"=IMAGE(""https://community.akamai.steamstatic.com/economy/image/i0CoZ81Ui0m-9KwlBY1L_18myuGuq1wfhWSaZgMttyVfPaERSR0Wqmu7LAocGJai0ki7VeTHjMmuOXSQ61MnpNWipUruRiLwhIP36B1c4P6qJvFvc6PCXjLEl7dw5bdrTH7qxxx_5TjSzIqhc3LBbgcjW8Z2E-cJsBam0oqw5psHq3o"")",https://community.akamai.steamstatic.com/economy/image/i0CoZ81Ui0m-9KwlBY1L_18myuGuq1wfhWSaZgMttyVfPaERSR0Wqmu7LAocGJai0ki7VeTHjMmuOXSQ61MnpNWipUruRiLwhIP36B1c4P6qJvFvc6PCXjLEl7dw5bdrTH7qxxx_5TjSzIqhc3LBbgcjW8Z2E-cJsBam0oqw5psHq3o,https://cs2tokens.com/iem-cologne-2026/items/sticker-azuwu-gold-cologne-2026,Sticker | AZUWU (Gold) | Cologne 2026,https://steamcommunity.com/market/listings/730/Sticker%20%7C%20AZUWU%20%28Gold%29%20%7C%20Cologne%202026,ok,10833.0,5316.0,12.0,iem-cologne-2026,campaign_12,sticker,Autograph,AZUWU,Monte,rarity_ancient,8cc364993fe4
164,54.3,P3,SCORE FIRST,Liazz,Player,Paper,,6,0.06,6.0,0.06,Steam,False,0.0,Steam around $0.06,0 until scored,Very Cheap,Very Cheap,Low,6.0,0.514,0.2988,0.5407,0.377,0.4816,44.50000000000001,0.3708,44.50000000000001,0.3708,8.67,17.0,64.70588235294117,-16.666666666666664,0.2083,0.6826,0.0,0.0,0.65,0.0,0,1.0,0.5,64.70588235294117,183.33333333333334,0.08333333333333333,64.70588235294117,183.33333333333334,0.08333333333333333,-16.666666666666664,0.2083,1.0,0.5,0.7375,Neutral,+45% expected | 0.68 demand | 65% below high | 183% upside | -65% vs launch,"lower highs, 2P new low, unscored",Potentially interesting; needs manual score.,False,17.0,-64.70588235294117,16.0,-62.5,37.5,13,0.0,-0.78,8.82,61,232.42,20.0,49.33,-1.15,9.38,9.0,0.0563,0.0,0.0,107817.0,428422.0,6670.0,3930.0,0.000666,0.001374,78.35,0.31,24.88,6.13,0.000593,0.001968,,,,,,,,,,,,0.1,0.0,,,0.11801242236024845,1.0,0.2362,0.7375,5.0,17.0,9.0,5.67,116,321.31,2026-06-05T01:14:16.782000,,,,,,,0,0,0,0,0.0,Liazz,4,1,0.25,"=IMAGE(""https://community.akamai.steamstatic.com/economy/image/i0CoZ81Ui0m-9KwlBY1L_18myuGuq1wfhWSaZgMttyVfPaERSR0Wqmu7LAocGJai0ki7VeTHjMmuOXSQ61MnpNWipUruRiL9l5f652wP66L7PfM-I6DAVzaWkb4gtLE-Gi_qxBh0sTjXzN-gdHnBPAQkDsMmW6dU5c4Z0lH4"")",https://community.akamai.steamstatic.com/economy/image/i0CoZ81Ui0m-9KwlBY1L_18myuGuq1wfhWSaZgMttyVfPaERSR0Wqmu7LAocGJai0ki7VeTHjMmuOXSQ61MnpNWipUruRiL9l5f652wP66L7PfM-I6DAVzaWkb4gtLE-Gi_qxBh0sTjXzN-gdHnBPAQkDsMmW6dU5c4Z0lH4,https://cs2tokens.com/iem-cologne-2026/items/sticker-liazz-cologne-2026,Sticker | Liazz | Cologne 2026,https://steamcommunity.com/market/listings/730/Sticker%20%7C%20Liazz%20%7C%20Cologne%202026,ok,11138.0,5316.0,12.0,iem-cologne-2026,campaign_12,sticker,Autograph,Liazz,,rarity_rare,e81215de09ce
165,54.1,P3,SCORE FIRST,apEX,Player,Paper,Vitality,17,0.17,17.0,0.17,Steam,False,0.0,Steam around $0.17,0 until scored,Very Cheap,Very Cheap,Low,6.0,0.5188,0.3093,0.5469,0.394,0.4276,61.11764705882354,0.5093,61.11764705882354,0.5093,27.39,46.0,63.04347826086957,-5.882352941176472,0.0735,0.5494,0.0,0.0,0.65,0.0,0,1.0,0.5,63.04347826086957,170.58823529411765,0.03333333333333333,63.04347826086957,170.58823529411765,0.03333333333333333,-5.882352941176472,0.0735,1.0,0.5,0.90625,Neutral,+61% expected | 0.55 demand | 63% below high | 171% upside | -57% vs launch,"lower highs, 2P new low, unscored",2P is cheaper than current Steam but still above Steam's recorded low; wait for a stronger entry.,False,40.0,-57.49999999999999,43.33,-60.76621278559888,46.15,11,0.0,-0.8,0.0,61,232.42,6.25,15.42,-1.33,6.06,0.0,0.0,0.0,0.0,98951.0,405083.0,5032.0,3038.0,0.000695,0.001062,335.59,0.49,5.41,5.53,0.000461,0.001522,1.0,0.27,,0.27,0.27,,,0.0,True,-58.82352941176471,-68.75000000000001,0.1,0.0252,,,0.037267080745341616,1.0,0.1669,0.90625,16.0,46.0,29.0,17.0,116,321.31,2026-06-05T01:14:16.782000,,,,,,,0,0,0,0,0.0,Vitality,24,6,1.0,"=IMAGE(""https://community.akamai.steamstatic.com/economy/image/i0CoZ81Ui0m-9KwlBY1L_18myuGuq1wfhWSaZgMttyVfPaERSR0Wqmu7LAocGJai0ki7VeTHjMmuOXSQ61MnpNWipUruRiLwjpP4s3pa6_b2OPdoIaXGWzKWkrdy4rY9HSjgxBh1t2rRzIz7cn2QbgInC5puBbldV4zrVX8"")",https://community.akamai.steamstatic.com/economy/image/i0CoZ81Ui0m-9KwlBY1L_18myuGuq1wfhWSaZgMttyVfPaERSR0Wqmu7LAocGJai0ki7VeTHjMmuOXSQ61MnpNWipUruRiLwjpP4s3pa6_b2OPdoIaXGWzKWkrdy4rY9HSjgxBh1t2rRzIz7cn2QbgInC5puBbldV4zrVX8,https://cs2tokens.com/iem-cologne-2026/items/sticker-apex-cologne-2026,Sticker | apEX | Cologne 2026,https://steamcommunity.com/market/listings/730/Sticker%20%7C%20apEX%20%7C%20Cologne%202026,ok,10538.0,5316.0,12.0,iem-cologne-2026,campaign_12,sticker,Autograph,apEX,Vitality,rarity_rare,225f6a179d34
166,54.1,P3,SCORE FIRST,Sharks Esports,Team,Paper,Sharks Esports,21,0.21,21.0,0.21,Steam,False,0.0,Steam around $0.21,0 until scored,Very Cheap,Very Cheap,Low,6.0,0.5271,0.2933,0.5225,0.3929,0.4641,36.2857142857143,0.3024,36.2857142857143,0.3024,28.62,45.0,53.333333333333336,-4.761904761904767,0.0595,0.6362,0.0,0.0,0.65,0.0,0,1.0,0.5,53.333333333333336,114.28571428571428,0.04,53.333333333333336,114.28571428571428,0.04,-4.761904761904767,0.0595,1.0,0.5,0.5483870967741935,Neutral,+36% expected | 0.64 demand | 53% below high | 114% upside | -25% vs launch,"lower highs, 2P new low, unscored",Potentially interesting; needs manual score.,False,28.0,-25.0,31.33,-32.971592722630064,60.71,6,0.0,-0.57,0.0,61,232.42,5.0,12.33,-1.01,2.46,1.0,0.0323,0.0,0.0,137483.0,362344.0,17114.0,2195.0,0.000487,0.000768,773.19,0.26,31.28,31.29,0.000381,0.001099,,,,,,,,,,,,0.1,0.0,,,0.0625,1.0,0.208,0.5483870967741935,20.0,45.0,32.0,21.0,116,321.31,2026-06-05T01:14:16.782000,,,,,,,0,0,0,0,0.0,Sharks Esports,24,6,1.0,"=IMAGE(""https://community.akamai.steamstatic.com/economy/image/i0CoZ81Ui0m-9KwlBY1L_18myuGuq1wfhWSaZgMttyVfPaERSR0Wqmu7LAocGJai0ki7VeTHjMmuOXSQ61MnpNWipUrvUxa_nc-yrXFfvqT-Pqc9eaKWCzfDwr1w6bI9Gnm3xB9y42_Tztn9JX3GaRhgVMWUqzgO0g"")",https://community.akamai.steamstatic.com/economy/image/i0CoZ81Ui0m-9KwlBY1L_18myuGuq1wfhWSaZgMttyVfPaERSR0Wqmu7LAocGJai0ki7VeTHjMmuOXSQ61MnpNWipUrvUxa_nc-yrXFfvqT-Pqc9eaKWCzfDwr1w6bI9Gnm3xB9y42_Tztn9JX3GaRhgVMWUqzgO0g,https://cs2tokens.com/iem-cologne-2026/items/sticker-sharks-esports-cologne-2026,Sticker | Sharks Esports | Cologne 2026,https://steamcommunity.com/market/listings/730/Sticker%20%7C%20Sharks%20Esports%20%7C%20Cologne%202026,ok,10473.0,5316.0,12.0,iem-cologne-2026,campaign_12,sticker,Team,,Sharks Esports,rarity_rare,0d7174e4a725
167,54.0,P3,SCORE FIRST,dem0n (Foil),Player,Foil,,32,0.32,32.0,0.32,Steam,False,0.0,Steam around $0.32,0 until scored,Very Cheap,Very Cheap,Low,6.0,0.6006,0.3058,0.5566,0.4207,0.4212,76.84375000000001,0.6404,76.84375000000001,0.6404,56.59,156.0,79.48717948717949,-25.0,0.3125,0.427,0.0,0.0,0.65,0.0,0,1.0,0.5,79.48717948717949,387.5,0.06060606060606061,79.48717948717949,387.5,0.06060606060606061,-25.0,0.3125,1.0,0.5,0.34375,Neutral,+77% expected | 0.43 demand | 79% below high | 388% upside | -79% vs launch,"lower highs, 2P new low, unscored",2P is cheaper than current Steam but still above Steam's recorded low; wait for a stronger entry.,False,156.0,-79.48717948717949,148.67,-78.47581892782674,53.49,4,0.0,-1.1,1.58,60,232.41,6.67,16.44,-1.59,8.23,3.0,0.0187,0.0,0.0,149143.0,590835.0,7638.0,981.0,0.000882,0.000343,-40.01,0.16,0.61,27.74,0.000714,0.000491,1.0,0.65,,0.65,0.65,,,0.0,True,-103.125,-170.83333333333334,0.1,0.0252,1.0,,0.546583850931677,1.0,0.3353,0.3375,24.0,156.0,53.5,31.67,116,321.31,2026-06-05T01:14:16.782000,,,,,,,0,0,0,0,0.0,dem0n,4,1,0.25,"=IMAGE(""https://community.akamai.steamstatic.com/economy/image/i0CoZ81Ui0m-9KwlBY1L_18myuGuq1wfhWSaZgMttyVfPaERSR0Wqmu7LAocGJai0ki7VeTHjMmuOXSQ61MnpNWipUruRiL1m5uw8x1d4PuiJqY-eaTDWGHFw7Yh6LE_Hy3jxU104m3SztirJ32RPQRyXpsjQu4Nu0am0oqw59fm3w0"")",https://community.akamai.steamstatic.com/economy/image/i0CoZ81Ui0m-9KwlBY1L_18myuGuq1wfhWSaZgMttyVfPaERSR0Wqmu7LAocGJai0ki7VeTHjMmuOXSQ61MnpNWipUruRiL1m5uw8x1d4PuiJqY-eaTDWGHFw7Yh6LE_Hy3jxU104m3SztirJ32RPQRyXpsjQu4Nu0am0oqw59fm3w0,https://cs2tokens.com/iem-cologne-2026/items/sticker-dem0n-foil-cologne-2026,Sticker | dem0n (Foil) | Cologne 2026,https://steamcommunity.com/market/listings/730/Sticker%20%7C%20dem0n%20%28Foil%29%20%7C%20Cologne%202026,ok,10695.0,5316.0,12.0,iem-cologne-2026,campaign_12,sticker,Autograph,dem0n,,rarity_mythical,13489c707eeb
168,54.0,P3,SCORE FIRST,MOUZ,Team,Paper,MOUZ,20,0.2,20.0,0.2,Steam,False,0.0,Steam around $0.20,0 until scored,Very Cheap,Very Cheap,Low,6.0,0.5788,0.2983,0.538,0.4132,0.4305,59.14999999999999,0.4929,59.14999999999999,0.4929,31.83,58.0,65.51724137931035,-9.999999999999998,0.125,0.5321,0.0,0.0,0.65,0.0,0,1.0,0.5,65.51724137931035,190.0,0.05,65.51724137931035,190.0,0.05,-9.999999999999998,0.125,1.0,0.5,0.45161290322580644,Neutral,+59% expected | 0.53 demand | 66% below high | 190% upside | -52% vs launch,"lower highs, 2P new low, unscored",2P is cheaper than current Steam but still above Steam's recorded low; wait for a stronger entry.,False,42.0,-52.38095238095239,46.33,-56.83142672134686,51.61,7,0.0,-0.81,0.0,61,232.42,5.26,12.98,-1.35,7.94,1.0,0.0323,0.0,0.0,150711.0,445938.0,13667.0,2659.0,0.0007,0.00093,297.61,0.16,9.04,26.96,0.000556,0.001332,1.0,0.36,,0.36,0.36,,,0.0,True,-79.99999999999999,-99.99999999999997,0.1,0.0252,,,0.34375,1.0,0.3179,0.45161290322580644,18.0,58.0,33.5,20.0,116,321.31,2026-06-05T01:14:16.782000,,,,,,,0,0,0,0,0.0,MOUZ,24,6,1.0,"=IMAGE(""https://community.akamai.steamstatic.com/economy/image/i0CoZ81Ui0m-9KwlBY1L_18myuGuq1wfhWSaZgMttyVfPaERSR0Wqmu7LAocGJai0ki7VeTHjMmuOXSQ61MnpNWipVToVAe_nMa5-HoO7aH3a_JrI6nGDDXJwL4j4LI_Fy3jzRhx4jmDmdmgdnKXPRhgVMXu5b9vwg"")",https://community.akamai.steamstatic.com/economy/image/i0CoZ81Ui0m-9KwlBY1L_18myuGuq1wfhWSaZgMttyVfPaERSR0Wqmu7LAocGJai0ki7VeTHjMmuOXSQ61MnpNWipVToVAe_nMa5-HoO7aH3a_JrI6nGDDXJwL4j4LI_Fy3jzRhx4jmDmdmgdnKXPRhgVMXu5b9vwg,https://cs2tokens.com/iem-cologne-2026/items/sticker-mouz-cologne-2026,Sticker | MOUZ | Cologne 2026,https://steamcommunity.com/market/listings/730/Sticker%20%7C%20MOUZ%20%7C%20Cologne%202026,ok,10397.0,5316.0,12.0,iem-cologne-2026,campaign_12,sticker,Team,,MOUZ,rarity_rare,94b0a837abc1
169,53.9,P3,SCORE FIRST,bLitz,Player,Paper,The MongolZ,4,0.04,4.0,0.04,Steam,False,0.0,Steam around $0.04,0 until scored,Very Cheap,Very Cheap,Medium,6.0,0.6331,0.3086,0.5632,0.4346,0.3782,93.5,0.7792,93.5,0.7792,7.74,28.0,85.71428571428571,-25.0,0.3125,0.4379,0.0,0.0,0.65,0.0,0,1.0,0.5062,85.71428571428571,600.0,0.04,85.71428571428571,600.0,0.04,-25.0,0.3125,1.0,0.5062,0.325,Neutral,+94% expected | 0.44 demand | 86% below high | 600% upside | -86% vs launch,"lower highs, 2P new low, unscored",Potentially interesting; needs manual score.,False,28.0,-85.71428571428572,26.33,-84.80820357007217,50.0,13,0.0,-1.55,0.0,61,232.42,0.0,0.0,-2.55,-13.64,-1.0,-0.0063,0.025,0.0,122965.0,650537.0,6177.0,-2520.0,0.000942,0.000881,-4.36,-0.53,5.93,-6.3,0.000625,0.0,,,,,,,,,,,,0.1,0.0,,,0.7080745341614907,1.0,0.4646,0.325,3.0,28.0,5.0,4.0,116,321.31,2026-06-05T01:14:16.782000,,,,,,,0,0,0,0,0.0,The MongolZ,24,6,1.0,"=IMAGE(""https://community.akamai.steamstatic.com/economy/image/i0CoZ81Ui0m-9KwlBY1L_18myuGuq1wfhWSaZgMttyVfPaERSR0Wqmu7LAocGJai0ki7VeTHjMmuOXSQ61MnpNWipUruRiLzkp_052wKvvT3Mac8daeRXzbJw7p0sbRvFnzmxR4ksj_Uyt6oI3_CaAMmWJIlW6dU5azEdve4"")",https://community.akamai.steamstatic.com/economy/image/i0CoZ81Ui0m-9KwlBY1L_18myuGuq1wfhWSaZgMttyVfPaERSR0Wqmu7LAocGJai0ki7VeTHjMmuOXSQ61MnpNWipUruRiLzkp_052wKvvT3Mac8daeRXzbJw7p0sbRvFnzmxR4ksj_Uyt6oI3_CaAMmWJIlW6dU5azEdve4,https://cs2tokens.com/iem-cologne-2026/items/sticker-blitz-cologne-2026,Sticker | bLitz | Cologne 2026,https://steamcommunity.com/market/listings/730/Sticker%20%7C%20bLitz%20%7C%20Cologne%202026,ok,10594.0,5316.0,12.0,iem-cologne-2026,campaign_12,sticker,Autograph,bLitz,The MongolZ,rarity_rare,dec268d90a86
170,53.8,P3,SCORE FIRST,venomzera (Foil),Player,Foil,MIBR,17,0.17,17.0,0.17,Steam,False,0.0,Steam around $0.17,0 until scored,Very Cheap,Very Cheap,Medium,6.0,0.6343,0.3063,0.5581,0.4446,0.4019,89.29411764705881,0.7441,89.29411764705881,0.7441,32.18,107.0,84.11214953271028,-23.529411764705888,0.2941,0.2722,0.0,0.0,0.65,0.0,0,1.0,0.5,84.11214953271028,529.4117647058823,0.0425531914893617,84.11214953271028,529.4117647058823,0.0425531914893617,-23.529411764705888,0.2941,1.0,0.5,0.10625,Neutral,+89% expected | 0.27 demand | 84% below high | 529% upside | -84% vs launch,"lower highs, 2P new low, unscored",2P is cheaper than current Steam but still above Steam's recorded low; wait for a stronger entry.,False,107.0,-84.11214953271028,99.33,-82.88533172254103,34.62,6,0.0,-1.29,0.0,62,232.41,13.33,32.89,-1.75,13.33,5.0,0.0312,0.0,0.0,122768.0,577767.0,7332.0,3422.0,0.000826,0.001197,69.68,0.58,-28.22,-21.17,0.000579,0.001714,1.0,0.33,,0.33,0.33,,,0.0,True,-94.11764705882352,-153.84615384615387,0.1,0.0252,,,0.515527950310559,1.0,0.354,0.10625,13.0,107.0,27.0,17.0,116,321.31,2026-06-05T01:14:16.782000,,,,,,,0,0,0,0,0.0,MIBR,24,6,1.0,"=IMAGE(""https://raw.githubusercontent.com/ByMykel/counter-strike-image-tracker/main/static/panorama/images/econ/stickers/cologne2026/sig_venomzera_foil_png.png"")",https://raw.githubusercontent.com/ByMykel/counter-strike-image-tracker/main/static/panorama/images/econ/stickers/cologne2026/sig_venomzera_foil_png.png,https://cs2tokens.com/iem-cologne-2026/items/sticker-venomzera-foil-cologne-2026,Sticker | venomzera (Foil) | Cologne 2026,https://steamcommunity.com/market/listings/730/Sticker%20%7C%20venomzera%20%28Foil%29%20%7C%20Cologne%202026,ok,10987.0,5316.0,12.0,iem-cologne-2026,campaign_12,sticker,Autograph,venomzera,MIBR,rarity_mythical,3647fbfc23b0
171,53.7,P3,SCORE FIRST,piriajr,Player,Paper,paiN Gaming,3,0.03,3.0,0.03,Steam,False,0.0,Steam around $0.03,0 until scored,Very Cheap,Very Cheap,Medium,6.0,0.6463,0.3071,0.565,0.4449,0.3873,102.99999999999999,0.8583,102.99999999999999,0.8583,6.09,22.0,86.36363636363636,-33.333333333333336,0.4167,0.3805,0.0,0.0,0.65,0.0,0,1.0,0.5,86.36363636363636,633.3333333333333,0.05,86.36363636363636,633.3333333333333,0.05,-33.333333333333336,0.4167,1.0,0.5,0.1,Neutral,+103% expected | 0.38 demand | 86% below high | 633% upside | -86% vs launch,"lower highs, 2P new low, unscored",Potentially interesting; needs manual score.,False,22.0,-86.36363636363636,21.0,-85.71428571428572,50.0,9,0.0,-1.47,0.0,65,232.42,0.0,0.0,-2.19,0.0,1.0,0.0062,0.0,0.0,119743.0,641214.0,11853.0,-3039.0,0.000839,0.001063,6.72,0.49,0.55,-34.88,0.000566,0.0,,,,,,,,,,,,0.1,0.0,,,0.6832298136645962,1.0,0.5257,0.1,2.0,22.0,4.0,3.0,116,321.31,2026-06-05T01:14:16.782000,,,,,,,0,0,0,0,0.0,paiN Gaming,24,6,1.0,"=IMAGE(""https://community.akamai.steamstatic.com/economy/image/i0CoZ81Ui0m-9KwlBY1L_18myuGuq1wfhWSaZgMttyVfPaERSR0Wqmu7LAocGJai0ki7VeTHjMmuOXSQ61MnpNWipUruRiLhl4Tp_ChJoaGoPvE8I6PFXGSWxO8l4bI6Gn-1kEV04z7WwtiuIy7BbgcpWMRwQ7MU8k7vAy6RlRU"")",https://community.akamai.steamstatic.com/economy/image/i0CoZ81Ui0m-9KwlBY1L_18myuGuq1wfhWSaZgMttyVfPaERSR0Wqmu7LAocGJai0ki7VeTHjMmuOXSQ61MnpNWipUruRiLhl4Tp_ChJoaGoPvE8I6PFXGSWxO8l4bI6Gn-1kEV04z7WwtiuIy7BbgcpWMRwQ7MU8k7vAy6RlRU,https://cs2tokens.com/iem-cologne-2026/items/sticker-piriajr-cologne-2026,Sticker | piriajr | Cologne 2026,https://steamcommunity.com/market/listings/730/Sticker%20%7C%20piriajr%20%7C%20Cologne%202026,ok,10806.0,5316.0,12.0,iem-cologne-2026,campaign_12,sticker,Autograph,piriajr,paiN Gaming,rarity_rare,25acd5b6718b
172,53.7,P3,SCORE FIRST,910,Player,Paper,The MongolZ,7,0.07,7.0,0.07,Steam,False,0.0,Steam around $0.07,0 until scored,Very Cheap,Very Cheap,Low,6.0,0.5542,0.3098,0.5548,0.4015,0.3759,71.42857142857142,0.5952,71.42857142857142,0.5952,12.0,31.0,77.41935483870968,-14.28571428571429,0.1786,0.4133,0.0,0.0,0.65,0.0,0,1.0,0.5,77.41935483870968,342.8571428571429,0.04,77.41935483870968,342.8571428571429,0.04,-14.28571428571429,0.1786,1.0,0.5,0.76875,Neutral,+71% expected | 0.41 demand | 77% below high | 343% upside | -77% vs launch,"lower highs, 2P new low, unscored",Potentially interesting; needs manual score.,False,31.0,-77.41935483870968,30.0,-76.66666666666666,22.22,15,16.67,-1.23,7.89,61,232.42,0.0,0.0,-2.07,-7.89,0.0,0.0,0.0,0.0,75644.0,477294.0,3597.0,515.0,0.000704,0.00018,-75.61,-0.54,-1.36,-25.91,0.000372,0.000258,,,,,,,,,,,,0.1,0.0,,,0.16149068322981366,1.0,0.1246,0.76875,6.0,31.0,10.0,6.33,116,321.31,2026-06-05T01:14:16.782000,,,,,,,0,0,0,0,0.0,The MongolZ,24,6,1.0,"=IMAGE(""https://community.akamai.steamstatic.com/economy/image/i0CoZ81Ui0m-9KwlBY1L_18myuGuq1wfhWSaZgMttyVfPaERSR0Wqmu7LAocGJai0ki7VeTHjMmuOXSQ61MnpNWipUruRiKoz8auqXVYu6WoPPQ6dvSVCz6Sx7l06blqTn21wh4ktjvXmd2rI33DPAQkA4wwG7DsBK2kDw"")",https://community.akamai.steamstatic.com/economy/image/i0CoZ81Ui0m-9KwlBY1L_18myuGuq1wfhWSaZgMttyVfPaERSR0Wqmu7LAocGJai0ki7VeTHjMmuOXSQ61MnpNWipUruRiKoz8auqXVYu6WoPPQ6dvSVCz6Sx7l06blqTn21wh4ktjvXmd2rI33DPAQkA4wwG7DsBK2kDw,https://cs2tokens.com/iem-cologne-2026/items/sticker-910-cologne-2026,Sticker | 910 | Cologne 2026,https://steamcommunity.com/market/listings/730/Sticker%20%7C%20910%20%7C%20Cologne%202026,ok,10610.0,5316.0,12.0,iem-cologne-2026,campaign_12,sticker,Autograph,910,The MongolZ,rarity_rare,0cbdf7e2086b
173,53.6,P3,SCORE FIRST,Grim,Player,Paper,NRG,4,0.04,4.0,0.04,Steam,False,0.0,Steam around $0.04,0 until scored,Very Cheap,Very Cheap,Low,6.0,0.5523,0.2977,0.5451,0.3745,0.5096,56.749999999999986,0.4729,56.749999999999986,0.4729,6.27,18.0,77.77777777777779,-25.0,0.3125,0.4559,0.0,0.0,0.65,0.0,0,1.0,0.5,77.77777777777779,350.0,0.06666666666666667,77.77777777777779,350.0,0.06666666666666667,-25.0,0.3125,1.0,0.5,0.55,Neutral,+57% expected | 0.46 demand | 78% below high | 350% upside | -78% vs launch,"lower highs, 2P new low, unscored",Potentially interesting; needs manual score.,False,18.0,-77.77777777777779,16.67,-76.00479904019195,50.0,10,0.0,-1.24,13.64,65,232.42,33.33,82.22,-1.82,15.0,42.0,0.2625,0.0,0.0,75816.0,520077.0,5870.0,5412.0,0.000686,0.001892,94.78,0.19,-2.25,-38.05,0.000357,0.002711,,,,,,,,,,,,0.1,0.0,,,0.2422360248447205,1.0,0.2717,0.55,3.0,18.0,5.0,3.67,116,321.31,2026-06-05T01:14:16.782000,,,,,,,0,0,0,0,0.0,NRG,24,6,1.0,"=IMAGE(""https://community.akamai.steamstatic.com/economy/image/i0CoZ81Ui0m-9KwlBY1L_18myuGuq1wfhWSaZgMttyVfPaERSR0Wqmu7LAocGJai0ki7VeTHjMmuOXSQ61MnpNWipUruRiL2jJ_ts3oD6qb5bPY4JaTBD2KRlu9y5LY_Firmwhgj62uGnNivcnrBZgEpWMduBbldi2bWAJQ"")",https://community.akamai.steamstatic.com/economy/image/i0CoZ81Ui0m-9KwlBY1L_18myuGuq1wfhWSaZgMttyVfPaERSR0Wqmu7LAocGJai0ki7VeTHjMmuOXSQ61MnpNWipUruRiL2jJ_ts3oD6qb5bPY4JaTBD2KRlu9y5LY_Firmwhgj62uGnNivcnrBZgEpWMduBbldi2bWAJQ,https://cs2tokens.com/iem-cologne-2026/items/sticker-grim-cologne-2026,Sticker | Grim | Cologne 2026,https://steamcommunity.com/market/listings/730/Sticker%20%7C%20Grim%20%7C%20Cologne%202026,ok,11014.0,5316.0,12.0,iem-cologne-2026,campaign_12,sticker,Autograph,Grim,NRG,rarity_rare,b45499c6e31a
174,53.2,P3,SCORE FIRST,torzsi (Foil),Player,Foil,MOUZ,37,0.37,37.0,0.37,Steam,False,0.0,Steam around $0.37,0 until scored,Very Cheap,Very Cheap,Low,6.0,0.5986,0.3139,0.5584,0.4417,0.3688,96.27027027027029,0.8023,96.27027027027029,0.8023,72.62,177.0,79.09604519774011,-8.108108108108103,0.1014,0.0969,0.0,0.0,0.65,0.0,0,1.0,0.5062,79.09604519774011,378.37837837837844,0.02097902097902098,79.09604519774011,378.37837837837844,0.02097902097902098,-8.108108108108103,0.1014,1.0,0.5062,0.4625,Neutral,+96% expected | 0.10 demand | 79% below high | 378% upside | -79% vs launch,"lower highs, 2P new low, unscored",2P is cheaper than current Steam but still above Steam's recorded low; wait for a stronger entry.,False,177.0,-79.09604519774011,172.67,-78.57184224242775,42.19,6,0.0,-1.12,-0.0,60,232.41,5.71,14.09,-1.72,5.61,-1.0,-0.0062,0.025,0.0,83438.0,481635.0,6093.0,-27.0,0.000718,9e-06,-96.21,0.14,-94.66,-97.66,0.000431,0.0,1.0,0.77,,0.77,0.77,,,0.0,True,-108.10810810810811,-126.47058823529412,0.1,0.0252,,,0.16149068322981366,1.0,0.1347,0.45625,34.0,177.0,73.0,37.0,116,321.31,2026-06-05T01:14:16.782000,,,,,,,0,0,0,0,0.0,MOUZ,24,6,1.0,"=IMAGE(""https://community.akamai.steamstatic.com/economy/image/i0CoZ81Ui0m-9KwlBY1L_18myuGuq1wfhWSaZgMttyVfPaERSR0Wqmu7LAocGJai0ki7VeTHjMmuOXSQ61MnpNWipUruRiLlkYT67itk6f2nZOo4dPSQX2aWwrdy6OUwSn7ikBl04mqHwtiheXyUaFAjCpRzR-Bc5kW-jJS5YKb0tIsr"")",https://community.akamai.steamstatic.com/economy/image/i0CoZ81Ui0m-9KwlBY1L_18myuGuq1wfhWSaZgMttyVfPaERSR0Wqmu7LAocGJai0ki7VeTHjMmuOXSQ61MnpNWipUruRiLlkYT67itk6f2nZOo4dPSQX2aWwrdy6OUwSn7ikBl04mqHwtiheXyUaFAjCpRzR-Bc5kW-jJS5YKb0tIsr,https://cs2tokens.com/iem-cologne-2026/items/sticker-torzsi-foil-cologne-2026,Sticker | torzsi (Foil) | Cologne 2026,https://steamcommunity.com/market/listings/730/Sticker%20%7C%20torzsi%20%28Foil%29%20%7C%20Cologne%202026,ok,10687.0,5316.0,12.0,iem-cologne-2026,campaign_12,sticker,Autograph,torzsi,MOUZ,rarity_mythical,eebd7e2a0074
175,53.2,P3,SCORE FIRST,Jimpphat,Player,Paper,MOUZ,4,0.04,4.0,0.04,Steam,False,0.0,Steam around $0.04,0 until scored,Very Cheap,Very Cheap,Medium,6.0,0.6255,0.2994,0.5512,0.4146,0.3904,86.5,0.7208,86.5,0.7208,7.46,27.0,85.18518518518519,-25.0,0.3125,0.4855,0.0,0.0,0.65,0.0,0,1.0,0.5125,85.18518518518519,575.0,0.041666666666666664,85.18518518518519,575.0,0.041666666666666664,-25.0,0.3125,1.0,0.5125,0.375,Demand rising while price soft,+86% expected | 0.49 demand | 85% below high | 575% upside | -85% vs launch,"lower highs, 2P new low, unscored",Potentially interesting; needs manual score.,False,27.0,-85.18518518518519,25.33,-84.20844848006317,50.0,11,0.0,-1.44,0.0,61,232.42,0.0,0.0,-2.33,-13.64,-2.0,-0.0125,0.05,0.0,151255.0,696936.0,6906.0,-2806.0,0.001044,0.000981,9.75,-0.31,14.89,-20.53,0.000721,0.0,,,,,,,,,,,,0.1,0.0,,,0.7950310559006211,1.0,0.5235,0.375,3.0,27.0,5.0,4.0,116,321.31,2026-06-05T01:14:16.782000,,,,,,,0,0,0,0,0.0,MOUZ,24,6,1.0,"=IMAGE(""https://community.akamai.steamstatic.com/economy/image/i0CoZ81Ui0m-9KwlBY1L_18myuGuq1wfhWSaZgMttyVfPaERSR0Wqmu7LAocGJai0ki7VeTHjMmuOXSQ61MnpNWipUruRiL7l5vw7Spa-7yoPqI7dqKSWzTGlrYg5rgxFyznwxwl6mzXn936Iy3BaldyCpZyTLMOrFDmxf4zP65s"")",https://community.akamai.steamstatic.com/economy/image/i0CoZ81Ui0m-9KwlBY1L_18myuGuq1wfhWSaZgMttyVfPaERSR0Wqmu7LAocGJai0ki7VeTHjMmuOXSQ61MnpNWipUruRiL7l5vw7Spa-7yoPqI7dqKSWzTGlrYg5rgxFyznwxwl6mzXn936Iy3BaldyCpZyTLMOrFDmxf4zP65s,https://cs2tokens.com/iem-cologne-2026/items/sticker-jimpphat-cologne-2026,Sticker | Jimpphat | Cologne 2026,https://steamcommunity.com/market/listings/730/Sticker%20%7C%20Jimpphat%20%7C%20Cologne%202026,ok,10674.0,5316.0,12.0,iem-cologne-2026,campaign_12,sticker,Autograph,Jimpphat,MOUZ,rarity_rare,923b2d1209f6
176,53.2,P3,SCORE FIRST,torzsi,Player,Paper,MOUZ,4,0.04,4.0,0.04,Steam,False,0.0,Steam around $0.04,0 until scored,Very Cheap,Very Cheap,Medium,6.0,0.6208,0.2996,0.5545,0.4022,0.4862,87.99999999999999,0.7333,87.99999999999999,0.7333,7.52,26.0,84.61538461538461,-25.0,0.3125,0.3992,0.0,0.0,0.65,0.0,0,1.0,0.5,84.61538461538461,550.0,0.043478260869565216,84.61538461538461,550.0,0.043478260869565216,-25.0,0.3125,1.0,0.5,0.3875,Neutral,+88% expected | 0.40 demand | 85% below high | 550% upside | -85% vs launch,"lower highs, 2P new low, unscored",Potentially interesting; needs manual score.,False,26.0,-84.61538461538461,25.0,-84.0,40.0,13,0.0,-1.6,0.0,61,232.42,33.33,82.22,-2.47,15.0,46.0,0.2875,0.0,0.0,144238.0,678116.0,9161.0,4615.0,0.001085,0.001614,79.31,0.53,-19.06,-4.28,0.000716,0.002311,,,,,,,,,,,,0.1,0.0,,,0.7701863354037267,1.0,0.557,0.3875,3.0,26.0,5.0,4.0,116,321.31,2026-06-05T01:14:16.782000,,,,,,,0,0,0,0,0.0,MOUZ,24,6,1.0,"=IMAGE(""https://community.akamai.steamstatic.com/economy/image/i0CoZ81Ui0m-9KwlBY1L_18myuGuq1wfhWSaZgMttyVfPaERSR0Wqmu7LAocGJai0ki7VeTHjMmuOXSQ61MnpNWipUruRiLlkYT67isV6vD3bPM1eKmVW2TIke0jtbFtHXrhxB9y62XXy4n_cS6QZgcpWcEkR_lK7Eee8Hg4IQ"")",https://community.akamai.steamstatic.com/economy/image/i0CoZ81Ui0m-9KwlBY1L_18myuGuq1wfhWSaZgMttyVfPaERSR0Wqmu7LAocGJai0ki7VeTHjMmuOXSQ61MnpNWipUruRiLlkYT67isV6vD3bPM1eKmVW2TIke0jtbFtHXrhxB9y62XXy4n_cS6QZgcpWcEkR_lK7Eee8Hg4IQ,https://cs2tokens.com/iem-cologne-2026/items/sticker-torzsi-cologne-2026,Sticker | torzsi | Cologne 2026,https://steamcommunity.com/market/listings/730/Sticker%20%7C%20torzsi%20%7C%20Cologne%202026,ok,10686.0,5316.0,12.0,iem-cologne-2026,campaign_12,sticker,Autograph,torzsi,MOUZ,rarity_rare,573561d7f5e2
177,53.1,P3,SCORE FIRST,JOTA,Player,Paper,,3,0.03,3.0,0.03,Steam,False,0.0,Steam around $0.03,0 until scored,Very Cheap,Very Cheap,Low,6.0,0.589,0.3042,0.5508,0.4174,0.3816,83.0,0.6917,83.0,0.6917,5.49,16.0,81.25,-33.333333333333336,0.4167,0.388,0.0,0.0,0.65,0.0,0,1.0,0.5375,81.25,433.3333333333333,0.07142857142857142,81.25,433.3333333333333,0.07142857142857142,-33.333333333333336,0.4167,1.0,0.5375,0.29375,Neutral,+83% expected | 0.39 demand | 81% below high | 433% upside | -81% vs launch,"lower highs, 2P new low, unscored",Potentially interesting; needs manual score.,False,16.0,-81.25,15.33,-80.43052837573386,50.0,9,0.0,-1.23,0.0,65,232.42,0.0,0.0,-1.88,0.0,-6.0,-0.0375,0.15,0.0,92577.0,568283.0,5415.0,-2045.0,0.000878,0.000715,-26.81,-0.17,2.11,-12.03,0.000491,0.0,,,,,,,,,,,,0.1,0.0,,,0.4161490683229814,1.0,0.3178,0.29375,2.0,16.0,4.0,3.0,116,321.31,2026-06-05T01:14:16.782000,,,,,,,0,0,0,0,0.0,JOTA,4,1,0.25,"=IMAGE(""https://community.akamai.steamstatic.com/economy/image/i0CoZ81Ui0m-9KwlBY1L_18myuGuq1wfhWSaZgMttyVfPaERSR0Wqmu7LAocGJai0ki7VeTHjMmuOXSQ61MnpNWipUruRiL7kYLhs3RYufOrMfI6eKjKDTDAl-pzs7M5F3DqlEsh5DjQy9qvdC2fPwZzCcBuBbldB75gcCc"")",https://community.akamai.steamstatic.com/economy/image/i0CoZ81Ui0m-9KwlBY1L_18myuGuq1wfhWSaZgMttyVfPaERSR0Wqmu7LAocGJai0ki7VeTHjMmuOXSQ61MnpNWipUruRiL7kYLhs3RYufOrMfI6eKjKDTDAl-pzs7M5F3DqlEsh5DjQy9qvdC2fPwZzCcBuBbldB75gcCc,https://cs2tokens.com/iem-cologne-2026/items/sticker-jota-cologne-2026,Sticker | JOTA | Cologne 2026,https://steamcommunity.com/market/listings/730/Sticker%20%7C%20JOTA%20%7C%20Cologne%202026,ok,11090.0,5316.0,12.0,iem-cologne-2026,campaign_12,sticker,Autograph,JOTA,,rarity_rare,94805d4d1d45
178,52.9,P3,SCORE FIRST,FL4MUS,Player,Paper,BetBoom,4,0.04,4.0,0.04,Steam,False,0.0,Steam around $0.04,0 until scored,Very Cheap,Very Cheap,Low,6.0,0.5989,0.2943,0.5336,0.4134,0.3849,67.75,0.5646,67.75,0.5646,6.71,20.0,80.0,0.0,0.0,0.3517,0.0,0.0,0.65,0.0,0,1.0,0.5062,80.0,400.0,0.0,80.0,400.0,0.0,0.0,0.0,1.0,0.5062,0.48125,Neutral,+68% expected | 0.35 demand | 80% below high | 400% upside | -80% vs launch,"lower highs, 2P new low, unscored",Potentially interesting; needs manual score.,False,20.0,-80.0,19.33,-79.3067770305225,40.0,11,0.0,-1.11,0.0,61,232.42,0.0,0.0,-1.97,0.0,-1.0,-0.0062,0.025,0.0,97976.0,548329.0,5944.0,1704.0,0.000779,0.000596,-36.2,-0.37,-8.49,-22.11,0.000523,0.000853,,,,,,,,,,,,0.1,0.0,,,0.3416149068322981,1.0,0.2845,0.48125,4.0,20.0,5.0,4.0,116,321.31,2026-06-05T01:14:16.782000,,,,,,,0,0,0,0,0.0,BetBoom,24,6,1.0,"=IMAGE(""https://community.akamai.steamstatic.com/economy/image/i0CoZ81Ui0m-9KwlBY1L_18myuGuq1wfhWSaZgMttyVfPaERSR0Wqmu7LAocGJai0ki7VeTHjMmuOXSQ61MnpNWipUruRiL3ksLt6DEVuquqOaBuJqjHDDTHxL0u6bc9Hyriwkwj4jvWzoqqdn7FPQ4nD5QjQvlK7EeYpt8wnA"")",https://community.akamai.steamstatic.com/economy/image/i0CoZ81Ui0m-9KwlBY1L_18myuGuq1wfhWSaZgMttyVfPaERSR0Wqmu7LAocGJai0ki7VeTHjMmuOXSQ61MnpNWipUruRiL3ksLt6DEVuquqOaBuJqjHDDTHxL0u6bc9Hyriwkwj4jvWzoqqdn7FPQ4nD5QjQvlK7EeYpt8wnA,https://cs2tokens.com/iem-cologne-2026/items/sticker-fl4mus-cologne-2026,Sticker | FL4MUS | Cologne 2026,https://steamcommunity.com/market/listings/730/Sticker%20%7C%20FL4MUS%20%7C%20Cologne%202026,ok,10926.0,5316.0,12.0,iem-cologne-2026,campaign_12,sticker,Autograph,FL4MUS,BetBoom,rarity_rare,9508e648688f
179,52.8,P3,SCORE FIRST,Wicadia,Player,Paper,Aurora,4,0.04,4.0,0.04,Steam,False,0.0,Steam around $0.04,0 until scored,Very Cheap,Very Cheap,Medium,6.0,0.6287,0.301,0.5539,0.4251,0.3583,97.50000000000001,0.8125,97.50000000000001,0.8125,7.9,27.0,85.18518518518519,-25.0,0.3125,0.406,0.0,0.0,0.65,0.0,0,1.0,0.5062,85.18518518518519,575.0,0.041666666666666664,85.18518518518519,575.0,0.041666666666666664,-25.0,0.3125,1.0,0.5062,0.35,Neutral,+98% expected | 0.41 demand | 85% below high | 575% upside | -85% vs launch,"lower highs, 2P new low, unscored",Potentially interesting; needs manual score.,False,27.0,-85.18518518518519,26.0,-84.61538461538461,33.33,12,0.0,-1.63,0.0,61,232.42,0.0,0.0,-2.65,-13.64,-1.0,-0.0062,0.025,0.0,112006.0,641321.0,8109.0,-2266.0,0.000973,0.000792,-12.44,-0.11,1.73,-3.79,0.000563,0.0,,,,,,,,,,,,0.1,0.0,,,0.6894409937888198,1.0,0.4975,0.35,3.0,27.0,5.0,4.0,116,321.31,2026-06-05T01:14:16.782000,,,,,,,0,0,0,0,0.0,Aurora,24,6,1.0,"=IMAGE(""https://community.akamai.steamstatic.com/economy/image/i0CoZ81Ui0m-9KwlBY1L_18myuGuq1wfhWSaZgMttyVfPaERSR0Wqmu7LAocGJai0ki7VeTHjMmuOXSQ61MnpNWipUruRiLml5Xh-StaoaX8avQ9cqCSXD-Rlb50sbk5Sy3kwR51423Sw9mgcS7CalB0WJpwEOAU8k7vAXeTMIE"")",https://community.akamai.steamstatic.com/economy/image/i0CoZ81Ui0m-9KwlBY1L_18myuGuq1wfhWSaZgMttyVfPaERSR0Wqmu7LAocGJai0ki7VeTHjMmuOXSQ61MnpNWipUruRiLml5Xh-StaoaX8avQ9cqCSXD-Rlb50sbk5Sy3kwR51423Sw9mgcS7CalB0WJpwEOAU8k7vAXeTMIE,https://cs2tokens.com/iem-cologne-2026/items/sticker-wicadia-cologne-2026,Sticker | Wicadia | Cologne 2026,https://steamcommunity.com/market/listings/730/Sticker%20%7C%20Wicadia%20%7C%20Cologne%202026,ok,10642.0,5316.0,12.0,iem-cologne-2026,campaign_12,sticker,Autograph,Wicadia,Aurora,rarity_rare,cdfdda974b5c
180,52.8,P3,SCORE FIRST,kisserek,Player,Paper,,4,0.04,4.0,0.04,Steam,False,0.0,Steam around $0.04,0 until scored,Very Cheap,Very Cheap,Medium,6.0,0.6019,0.3073,0.5576,0.4155,0.3752,99.75,0.8312,99.75,0.8312,7.99,22.0,81.81818181818183,-25.0,0.3125,0.3696,0.0,0.0,0.65,0.0,0,1.0,0.525,81.81818181818183,450.0,0.05263157894736842,81.81818181818183,450.0,0.05263157894736842,-25.0,0.3125,1.0,0.525,0.54375,Neutral,+100% expected | 0.37 demand | 82% below high | 450% upside | -81% vs launch,"lower highs, 2P new low, unscored",Potentially interesting; needs manual score.,False,21.0,-80.95238095238095,21.67,-81.54130133825565,40.0,14,0.0,-1.62,0.0,61,232.42,0.0,0.0,-2.58,13.64,-4.0,-0.025,0.1,0.0,115467.0,609229.0,6252.0,2467.0,0.001015,0.000863,39.64,0.28,-15.98,-6.63,0.000549,0.001236,,,,,,,,,,,,0.1,0.0,,,0.5838509316770186,1.0,0.4227,0.54375,3.0,22.0,6.0,4.0,116,321.31,2026-06-05T01:14:16.782000,,,,,,,0,0,0,0,0.0,kisserek,4,1,0.25,"=IMAGE(""https://community.akamai.steamstatic.com/economy/image/i0CoZ81Ui0m-9KwlBY1L_18myuGuq1wfhWSaZgMttyVfPaERSR0Wqmu7LAocGJai0ki7VeTHjMmuOXSQ61MnpNWipUruRiL6l4Xz-DBe5Lz6OKE4I6WSDWSWmLYhtuJsSn_nk09x4zmAyI79J3PDOwF2WZd0FOIKrFDmxZkmx4Cr"")",https://community.akamai.steamstatic.com/economy/image/i0CoZ81Ui0m-9KwlBY1L_18myuGuq1wfhWSaZgMttyVfPaERSR0Wqmu7LAocGJai0ki7VeTHjMmuOXSQ61MnpNWipUruRiL6l4Xz-DBe5Lz6OKE4I6WSDWSWmLYhtuJsSn_nk09x4zmAyI79J3PDOwF2WZd0FOIKrFDmxZkmx4Cr,https://cs2tokens.com/iem-cologne-2026/items/sticker-kisserek-cologne-2026,Sticker | kisserek | Cologne 2026,https://steamcommunity.com/market/listings/730/Sticker%20%7C%20kisserek%20%7C%20Cologne%202026,ok,11006.0,5316.0,12.0,iem-cologne-2026,campaign_12,sticker,Autograph,kisserek,,rarity_rare,79cd43bd2e40
181,52.7,P3,SCORE FIRST,v$m,Player,Paper,paiN Gaming,3,0.03,3.0,0.03,Steam,False,0.0,Steam around $0.03,0 until scored,Very Cheap,Very Cheap,Extreme,6.0,0.704,0.2966,0.5087,0.4567,0.5349,199.33333333333337,1.0,199.33333333333337,1.0,8.98,43.0,93.02325581395348,0.0,0.0,0.2483,0.0,0.7929,0.65,0.0,0,1.0,0.9286,93.02325581395348,1333.3333333333335,0.0,93.02325581395348,1333.3333333333335,0.0,0.0,0.0,1.0,0.9286,0.10625,"Floor + prior bounce, but lower highs",+199% expected | 0.25 demand | 93% below high | 1333% upside | -87% vs launch,"Extreme crowding, lower highs, falling demand, 2P new low, unscored",Potentially interesting; needs manual score.,False,23.0,-86.95652173913044,22.0,-86.36363636363636,1333.33,15,0.0,-0.11,0.0,65,232.42,-25.0,-61.66,1.15,6.36,-48.0,-0.3,1.0,0.7143,642568.0,1504352.0,80292.0,-1663.0,0.003427,0.000582,-38.11,-0.11,-27.75,-22.55,0.003185,0.0,,,,,,,,,,,,0.1,0.0,,,1.0,1.0,0.8418,0.10625,3.0,43.0,8.0,3.0,116,321.31,2026-06-05T01:14:16.782000,,,,,,,0,0,0,0,0.0,paiN Gaming,24,6,1.0,"=IMAGE(""https://community.akamai.steamstatic.com/economy/image/i0CoZ81Ui0m-9KwlBY1L_18myuGuq1wfhWSaZgMttyVfPaERSR0Wqmu7LAocGJai0ki7VeTHjMmuOXSQ61MnpNWipUruRiLnjZuuqCZeu_Gqafc9JvWQWGHDxOwh4OVvGyuyxR4l62TXm9qoJCqRPAckWYwwG7COw5BLxw"")",https://community.akamai.steamstatic.com/economy/image/i0CoZ81Ui0m-9KwlBY1L_18myuGuq1wfhWSaZgMttyVfPaERSR0Wqmu7LAocGJai0ki7VeTHjMmuOXSQ61MnpNWipUruRiLnjZuuqCZeu_Gqafc9JvWQWGHDxOwh4OVvGyuyxR4l62TXm9qoJCqRPAckWYwwG7COw5BLxw,https://cs2tokens.com/iem-cologne-2026/items/sticker-v-m-cologne-2026,Sticker | v$m | Cologne 2026,https://steamcommunity.com/market/listings/730/Sticker%20%7C%20v%24m%20%7C%20Cologne%202026,ok,10810.0,5316.0,12.0,iem-cologne-2026,campaign_12,sticker,Autograph,v$m,paiN Gaming,rarity_rare,e56cc720e7a0
182,52.7,P3,SCORE FIRST,felps (Foil),Player,Foil,,16,0.16,16.0,0.16,Steam,False,0.0,Steam around $0.16,0 until scored,Very Cheap,Very Cheap,Low,6.0,0.6215,0.3034,0.5527,0.4388,0.3756,97.3125,0.8109,97.3125,0.8109,31.57,95.0,83.15789473684211,-31.25,0.3906,0.2034,0.0,0.0,0.65,0.0,0,1.0,0.5188,83.15789473684211,493.75,0.05952380952380952,83.15789473684211,493.75,0.05952380952380952,-31.25,0.3906,1.0,0.5188,0.08125,Neutral,+97% expected | 0.20 demand | 83% below high | 494% upside | -83% vs launch,"lower highs, 2P new low, unscored",2P is cheaper than current Steam but still above Steam's recorded low; wait for a stronger entry.,False,95.0,-83.15789473684211,90.0,-82.22222222222221,45.45,6,0.0,-1.32,0.0,62,232.41,6.67,16.44,-1.87,6.17,-3.0,-0.0188,0.075,0.0,118791.0,579225.0,7897.0,901.0,0.000776,0.000315,-56.11,0.61,-24.9,-10.34,0.000561,0.000451,1.0,1.16,,1.16,1.16,,,0.0,True,-624.9999999999999,-954.5454545454543,0.1,0.0252,1.16,,0.5279503105590062,1.0,0.3398,0.08125,11.0,95.0,29.0,16.0,116,321.31,2026-06-05T01:14:16.782000,,,,,,,0,0,0,0,0.0,felps,4,1,0.25,"=IMAGE(""https://community.akamai.steamstatic.com/economy/image/i0CoZ81Ui0m-9KwlBY1L_18myuGuq1wfhWSaZgMttyVfPaERSR0Wqmu7LAocGJai0ki7VeTHjMmuOXSQ61MnpNWipUruRiL3m5rw7h1d4PuiJvw_JaeRXGOTlO8h5bI5HizixR4itmXUn4uvJCmQPQ8lWcRxTOdb5BOm0oqwGUwBAX8"")",https://community.akamai.steamstatic.com/economy/image/i0CoZ81Ui0m-9KwlBY1L_18myuGuq1wfhWSaZgMttyVfPaERSR0Wqmu7LAocGJai0ki7VeTHjMmuOXSQ61MnpNWipUruRiL3m5rw7h1d4PuiJvw_JaeRXGOTlO8h5bI5HizixR4itmXUn4uvJCmQPQ8lWcRxTOdb5BOm0oqwGUwBAX8,https://cs2tokens.com/iem-cologne-2026/items/sticker-felps-foil-cologne-2026,Sticker | felps (Foil) | Cologne 2026,https://steamcommunity.com/market/listings/730/Sticker%20%7C%20felps%20%28Foil%29%20%7C%20Cologne%202026,ok,11079.0,5316.0,12.0,iem-cologne-2026,campaign_12,sticker,Autograph,felps,,rarity_mythical,58ab1da7895d
183,52.7,P3,SCORE FIRST,JOTA (Foil),Player,Foil,,17,0.17,17.0,0.17,Steam,False,0.0,Steam around $0.17,0 until scored,Very Cheap,Very Cheap,High,6.0,0.6276,0.3031,0.5559,0.4125,0.5265,94.11764705882352,0.7843,94.11764705882352,0.7843,33.0,95.0,82.10526315789474,-41.17647058823529,0.5147,0.2762,0.0,0.0,0.65,0.0,0,1.0,0.5,82.10526315789474,458.8235294117647,0.08235294117647059,82.10526315789474,458.8235294117647,0.08235294117647059,-41.17647058823529,0.5147,1.0,0.5,0.1125,"Floor + prior bounce, but lower highs",+94% expected | 0.28 demand | 82% below high | 459% upside | -82% vs launch,"High crowding, lower highs, 2P new low, unscored",2P is cheaper than current Steam but still above Steam's recorded low; wait for a stronger entry.,False,95.0,-82.10526315789474,89.0,-80.89887640449437,222.22,6,0.0,-1.06,0.0,62,232.41,13.33,32.89,-1.19,12.63,1.0,0.0062,0.0,0.0,359858.0,965138.0,22263.0,2579.0,0.00192,0.000902,30.18,0.07,-35.0,-19.92,0.001661,0.001292,7.0,2.96,2.96,2.96,2.96,0.0,1.5757216213689618e-15,0.0,True,-1641.1764705882351,-2860.0,0.0,0.135,,2.96,0.9440993788819876,1.0,0.6458,0.1125,10.0,95.0,27.5,17.0,116,321.31,2026-06-05T01:14:16.782000,,,,,,,0,0,0,0,0.0,JOTA,4,1,0.25,"=IMAGE(""https://community.akamai.steamstatic.com/economy/image/i0CoZ81Ui0m-9KwlBY1L_18myuGuq1wfhWSaZgMttyVfPaERSR0Wqmu7LAocGJai0ki7VeTHjMmuOXSQ61MnpNWipUruRiL7kYLhwiRU5v7gOaA_I6iSCjLHwrci5LM7HHDhzEsmsmvVw4n4dXjFbVQpX5JyEOQOsA74zIMnGUmo_A"")",https://community.akamai.steamstatic.com/economy/image/i0CoZ81Ui0m-9KwlBY1L_18myuGuq1wfhWSaZgMttyVfPaERSR0Wqmu7LAocGJai0ki7VeTHjMmuOXSQ61MnpNWipUruRiL7kYLhwiRU5v7gOaA_I6iSCjLHwrci5LM7HHDhzEsmsmvVw4n4dXjFbVQpX5JyEOQOsA74zIMnGUmo_A,https://cs2tokens.com/iem-cologne-2026/items/sticker-jota-foil-cologne-2026,Sticker | JOTA (Foil) | Cologne 2026,https://steamcommunity.com/market/listings/730/Sticker%20%7C%20JOTA%20%28Foil%29%20%7C%20Cologne%202026,ok,11091.0,5316.0,12.0,iem-cologne-2026,campaign_12,sticker,Autograph,JOTA,,rarity_mythical,d07b293c6121
184,52.7,P3,SCORE FIRST,Snax,Player,Paper,GamerLegion,17,0.17,17.0,0.17,Steam,False,0.0,Steam around $0.17,0 until scored,Very Cheap,Very Cheap,Low,6.0,0.4871,0.2869,0.5214,0.3552,0.4432,41.88235294117648,0.349,41.88235294117648,0.349,24.12,41.0,58.536585365853654,-11.764705882352944,0.1471,0.7226,0.0,0.0,0.65,0.0,0,1.0,0.5,58.536585365853654,141.17647058823528,0.07692307692307693,58.536585365853654,141.17647058823528,0.07692307692307693,-11.764705882352944,0.1471,1.0,0.5,0.91875,Neutral,+42% expected | 0.72 demand | 59% below high | 141% upside | -37% vs launch,"lower highs, 2P new low, unscored",2P is cheaper than current Steam but still above Steam's recorded low; wait for a stronger entry.,False,27.0,-37.03703703703704,30.33,-43.94988460270359,51.85,11,0.0,-0.72,3.0,61,232.42,6.25,15.42,-1.29,6.25,0.0,0.0,0.0,0.0,135481.0,420093.0,10549.0,3314.0,0.000654,0.001159,153.73,0.21,24.21,54.72,0.000433,0.00166,1.0,0.24,,0.24,0.24,,,0.0,True,-41.17647058823528,-60.0,0.1,0.0252,,,0.08074534161490683,1.0,0.2626,0.91875,15.0,41.0,26.0,16.67,116,321.31,2026-06-05T01:14:16.782000,,,,,,,0,0,0,0,0.0,GamerLegion,24,6,1.0,"=IMAGE(""https://community.akamai.steamstatic.com/economy/image/i0CoZ81Ui0m-9KwlBY1L_18myuGuq1wfhWSaZgMttyVfPaERSR0Wqmu7LAocGJai0ki7VeTHjMmuOXSQ61MnpNWipUruRiLikJf4s3Bevaf_a_JodafDXzaVkut147M6HH6xlEl_sT_dn92sdXqSPwUmW5duBbld5Jt9dIY"")",https://community.akamai.steamstatic.com/economy/image/i0CoZ81Ui0m-9KwlBY1L_18myuGuq1wfhWSaZgMttyVfPaERSR0Wqmu7LAocGJai0ki7VeTHjMmuOXSQ61MnpNWipUruRiLikJf4s3Bevaf_a_JodafDXzaVkut147M6HH6xlEl_sT_dn92sdXqSPwUmW5duBbld5Jt9dIY,https://cs2tokens.com/iem-cologne-2026/items/sticker-snax-cologne-2026,Sticker | Snax | Cologne 2026,https://steamcommunity.com/market/listings/730/Sticker%20%7C%20Snax%20%7C%20Cologne%202026,ok,10854.0,5316.0,12.0,iem-cologne-2026,campaign_12,sticker,Autograph,Snax,GamerLegion,rarity_rare,1a4d4c15f621
185,52.6,P3,SCORE FIRST,HEN1,Player,Paper,,3,0.03,3.0,0.03,Steam,False,0.0,Steam around $0.03,0 until scored,Very Cheap,Very Cheap,Low,6.0,0.5931,0.3028,0.5498,0.4214,0.346,89.33333333333333,0.7444,89.33333333333333,0.7444,5.68,17.0,82.35294117647058,-33.333333333333336,0.4167,0.3396,0.0,0.0,0.65,0.0,0,1.0,0.5312,82.35294117647058,466.6666666666667,0.06666666666666667,82.35294117647058,466.6666666666667,0.06666666666666667,-33.333333333333336,0.4167,1.0,0.5312,0.28125,Neutral,+89% expected | 0.34 demand | 82% below high | 467% upside | -82% vs launch,"lower highs, 2P new low, unscored",Potentially interesting; needs manual score.,False,17.0,-82.35294117647058,15.67,-80.85513720485002,50.0,8,0.0,-1.25,0.0,65,232.42,0.0,0.0,-1.93,-18.75,-5.0,-0.0312,0.125,0.0,84779.0,579752.0,4236.0,-1657.0,0.000826,0.000579,-39.44,-0.1,-4.37,-7.21,0.000437,0.0,,,,,,,,,,,,0.1,0.0,,,0.4720496894409938,1.0,0.3029,0.28125,2.0,17.0,4.0,3.0,116,321.31,2026-06-05T01:14:16.782000,,,,,,,0,0,0,0,0.0,HEN1,4,1,0.25,"=IMAGE(""https://community.akamai.steamstatic.com/economy/image/i0CoZ81Ui0m-9KwlBY1L_18myuGuq1wfhWSaZgMttyVfPaERSR0Wqmu7LAocGJai0ki7VeTHjMmuOXSQ61MnpNWipUruRiL5m5ixs3ZYtvf3MP05JfTLX2bAmex1s7c9TSjrzE0j5mSHn9yvdXrCOFRxX8ZuBbldW9ZLCNo"")",https://community.akamai.steamstatic.com/economy/image/i0CoZ81Ui0m-9KwlBY1L_18myuGuq1wfhWSaZgMttyVfPaERSR0Wqmu7LAocGJai0ki7VeTHjMmuOXSQ61MnpNWipUruRiL5m5ixs3ZYtvf3MP05JfTLX2bAmex1s7c9TSjrzE0j5mSHn9yvdXrCOFRxX8ZuBbldW9ZLCNo,https://cs2tokens.com/iem-cologne-2026/items/sticker-hen1-cologne-2026,Sticker | HEN1 | Cologne 2026,https://steamcommunity.com/market/listings/730/Sticker%20%7C%20HEN1%20%7C%20Cologne%202026,ok,11074.0,5316.0,12.0,iem-cologne-2026,campaign_12,sticker,Autograph,HEN1,,rarity_rare,ddcf38da129f
186,52.6,P3,SCORE FIRST,HEROIC,Team,Paper,HEROIC,8,0.08,8.0,0.08,Steam,False,0.0,Steam around $0.08,0 until scored,Very Cheap,Very Cheap,Low,6.0,0.5725,0.2831,0.5163,0.4198,0.4223,48.875,0.4073,48.875,0.4073,11.91,24.0,66.66666666666666,-12.5,0.1562,0.3001,0.0,0.0,0.65,0.0,0,1.0,0.5,66.66666666666666,200.0,0.058823529411764705,66.66666666666666,200.0,0.058823529411764705,-12.5,0.1562,1.0,0.5,0.0,Neutral,+49% expected | 0.30 demand | 67% below high | 200% upside | -65% vs launch,"lower highs, 2P new low, unscored",2P is cheaper than current Steam but still above Steam's recorded low; wait for a stronger entry.,False,23.0,-65.21739130434783,23.0,-65.21739130434783,36.36,13,0.0,-0.81,6.52,61,232.42,14.29,35.24,-1.23,13.64,0.0,0.0,0.0,0.0,83141.0,413701.0,4540.0,3250.0,0.00063,0.001136,68.8,0.44,-13.26,-67.24,0.000404,0.001628,1.0,0.11,,0.11,0.11,,,0.0,True,-37.5,-57.14285714285713,0.1,0.0252,,,0.1875,1.0,0.1515,0.0,7.0,24.0,12.0,7.67,116,321.31,2026-06-05T01:14:16.782000,,,,,,,0,0,0,0,0.0,HEROIC,24,6,1.0,"=IMAGE(""https://community.akamai.steamstatic.com/economy/image/i0CoZ81Ui0m-9KwlBY1L_18myuGuq1wfhWSaZgMttyVfPaERSR0Wqmu7LAocGJai0ki7VeTHjMmuOXSQ61MnpNWipVHiUxK_y8_hryNet6erPvc-IaPLDWLIw-11trBrTnHglx9z42jWmIz_cijDPxhgVMWul1UPIQ"")",https://community.akamai.steamstatic.com/economy/image/i0CoZ81Ui0m-9KwlBY1L_18myuGuq1wfhWSaZgMttyVfPaERSR0Wqmu7LAocGJai0ki7VeTHjMmuOXSQ61MnpNWipVHiUxK_y8_hryNet6erPvc-IaPLDWLIw-11trBrTnHglx9z42jWmIz_cijDPxhgVMWul1UPIQ,https://cs2tokens.com/iem-cologne-2026/items/sticker-heroic-cologne-2026,Sticker | HEROIC | Cologne 2026,https://steamcommunity.com/market/listings/730/Sticker%20%7C%20HEROIC%20%7C%20Cologne%202026,ok,10441.0,5316.0,12.0,iem-cologne-2026,campaign_12,sticker,Team,,HEROIC,rarity_rare,f0076f7c657a
187,52.5,P3,SCORE FIRST,faveN (Foil),Player,Foil,BIG,17,0.17,17.0,0.17,Steam,False,0.0,Steam around $0.17,0 until scored,Very Cheap,Very Cheap,Medium,6.0,0.6321,0.3055,0.5576,0.4372,0.378,106.70588235294116,0.8892,106.70588235294116,0.8892,35.14,120.0,85.83333333333333,-35.29411764705882,0.4412,0.1708,0.0,0.0,0.65,0.0,0,1.0,0.5188,85.83333333333333,605.8823529411765,0.05504587155963303,85.83333333333333,605.8823529411765,0.05504587155963303,-35.29411764705882,0.4412,1.0,0.5188,0.1,Neutral,+107% expected | 0.17 demand | 86% below high | 606% upside | -86% vs launch,"lower highs, 2P new low, unscored",2P is cheaper than current Steam but still above Steam's recorded low; wait for a stronger entry.,False,120.0,-85.83333333333334,115.0,-85.21739130434783,54.55,7,0.0,-1.64,0.0,62,232.41,6.25,15.42,-2.38,12.38,-3.0,-0.0187,0.075,0.0,138483.0,629329.0,8566.0,903.0,0.000934,0.000316,-37.16,0.51,-43.75,-15.62,0.000608,0.000452,1.0,0.22,,0.22,0.22,,,0.0,True,-29.411764705882344,-99.99999999999997,0.1,0.0252,,,0.6335403726708074,1.0,0.394,0.1,11.0,120.0,26.0,17.0,116,321.31,2026-06-05T01:14:16.782000,,,,,,,0,0,0,0,0.0,BIG,24,6,1.0,"=IMAGE(""https://raw.githubusercontent.com/ByMykel/counter-strike-image-tracker/main/static/panorama/images/econ/stickers/cologne2026/sig_faven_foil_png.png"")",https://raw.githubusercontent.com/ByMykel/counter-strike-image-tracker/main/static/panorama/images/econ/stickers/cologne2026/sig_faven_foil_png.png,https://cs2tokens.com/iem-cologne-2026/items/sticker-faven-foil-cologne-2026,Sticker | faveN (Foil) | Cologne 2026,https://steamcommunity.com/market/listings/730/Sticker%20%7C%20faveN%20%28Foil%29%20%7C%20Cologne%202026,ok,10943.0,5316.0,12.0,iem-cologne-2026,campaign_12,sticker,Autograph,faveN,BIG,rarity_mythical,37b479a38b80
188,52.5,P3,SCORE FIRST,NAF,Player,Paper,Team Liquid,5,0.05,5.0,0.05,Steam,False,0.0,Steam around $0.05,0 until scored,Very Cheap,Very Cheap,High,6.0,0.6329,0.2934,0.5225,0.3778,0.5509,73.8,0.615,73.8,0.615,8.69,36.0,86.11111111111111,0.0,0.0,0.4381,0.0,0.1421,0.65,0.0,0,1.0,0.669,86.11111111111111,620.0,0.0,86.11111111111111,620.0,0.0,0.0,0.0,1.0,0.669,0.68125,"Floor + prior bounce, but lower highs",+74% expected | 0.44 demand | 86% below high | 620% upside | -71% vs launch,"High crowding, lower highs, 2P new low, unscored",Potentially interesting; needs manual score.,False,17.0,-70.58823529411764,16.33,-69.38150642988366,620.0,15,0.0,0.2,0.0,63,232.42,-16.67,-41.11,0.62,-3.62,-8.0,-0.05,0.2,0.4762,486433.0,1150339.0,48337.0,-1718.0,0.00269,0.000601,-28.63,0.67,-6.05,22.3,0.002883,0.0,,,,,,,,,,,,0.1,0.0,,,0.9813664596273292,1.0,0.7162,0.68125,5.0,36.0,8.0,5.0,116,321.31,2026-06-05T01:14:16.782000,,,,,,,0,0,0,0,0.0,Team Liquid,24,6,1.0,"=IMAGE(""https://community.akamai.steamstatic.com/economy/image/i0CoZ81Ui0m-9KwlBY1L_18myuGuq1wfhWSaZgMttyVfPaERSR0Wqmu7LAocGJai0ki7VeTHjMmuOXSQ61MnpNWipUruRiL_n5CuqnsN6vGvPPw0dqPBDzWWlrYutuc6Sirnx0oh52vSyI76IHqSaFQiWIwwG7Dr6JtXcw"")",https://community.akamai.steamstatic.com/economy/image/i0CoZ81Ui0m-9KwlBY1L_18myuGuq1wfhWSaZgMttyVfPaERSR0Wqmu7LAocGJai0ki7VeTHjMmuOXSQ61MnpNWipUruRiL_n5CuqnsN6vGvPPw0dqPBDzWWlrYutuc6Sirnx0oh52vSyI76IHqSaFQiWIwwG7Dr6JtXcw,https://cs2tokens.com/iem-cologne-2026/items/sticker-naf-cologne-2026,Sticker | NAF | Cologne 2026,https://steamcommunity.com/market/listings/730/Sticker%20%7C%20NAF%20%7C%20Cologne%202026,ok,11110.0,5316.0,12.0,iem-cologne-2026,campaign_12,sticker,Autograph,NAF,Team Liquid,rarity_rare,ffeece42c034
189,52.5,P3,SCORE FIRST,ultimate,Player,Paper,Team Liquid,4,0.04,4.0,0.04,Steam,False,0.0,Steam around $0.04,0 until scored,Very Cheap,Very Cheap,Medium,6.0,0.5602,0.2891,0.53,0.3739,0.4105,58.74999999999999,0.4896,58.74999999999999,0.4896,6.35,17.0,76.47058823529412,-25.0,0.3125,0.6175,0.0,0.0,0.65,0.0,0,1.0,0.5375,76.47058823529412,325.0,0.07142857142857142,76.47058823529412,325.0,0.07142857142857142,-25.0,0.3125,1.0,0.5375,0.59375,Demand rising while price soft,+59% expected | 0.62 demand | 76% below high | 325% upside | -76% vs launch,"lower highs, 2P new low, unscored",Potentially interesting; needs manual score.,False,17.0,-76.47058823529412,16.0,-75.0,50.0,10,0.0,-1.13,0.0,65,232.42,0.0,0.0,-1.79,13.64,-6.0,-0.0375,0.15,0.0,135513.0,575432.0,8038.0,5048.0,0.000895,0.001765,97.92,0.34,8.06,28.24,0.000662,0.002528,,,,,,,,,,,,0.1,0.0,,,0.45962732919254656,1.0,0.4086,0.59375,3.0,17.0,5.0,4.0,116,321.31,2026-06-05T01:14:16.782000,,,,,,,0,0,0,0,0.0,Team Liquid,24,6,1.0,"=IMAGE(""https://community.akamai.steamstatic.com/economy/image/i0CoZ81Ui0m-9KwlBY1L_18myuGuq1wfhWSaZgMttyVfPaERSR0Wqmu7LAocGJai0ki7VeTHjMmuOXSQ61MnpNWipUruRiLkkoLp8CNP6rz2Oac8caXHDDXAxbxz4rcxGHjmzUx_sjvTwoqtcC6SaVQpCpUmF7RfrFDmxXdYYDGu"")",https://community.akamai.steamstatic.com/economy/image/i0CoZ81Ui0m-9KwlBY1L_18myuGuq1wfhWSaZgMttyVfPaERSR0Wqmu7LAocGJai0ki7VeTHjMmuOXSQ61MnpNWipUruRiLkkoLp8CNP6rz2Oac8caXHDDXAxbxz4rcxGHjmzUx_sjvTwoqtcC6SaVQpCpUmF7RfrFDmxXdYYDGu,https://cs2tokens.com/iem-cologne-2026/items/sticker-ultimate-cologne-2026,Sticker | ultimate | Cologne 2026,https://steamcommunity.com/market/listings/730/Sticker%20%7C%20ultimate%20%7C%20Cologne%202026,ok,11098.0,5316.0,12.0,iem-cologne-2026,campaign_12,sticker,Autograph,ultimate,Team Liquid,rarity_rare,53c57eba42d8
190,52.5,P3,SCORE FIRST,zweih (Foil),Player,Foil,PARIVISION,47,0.47,47.0,0.47,Steam,False,0.0,Steam around $0.47,0 until scored,Very Cheap,Very Cheap,Low,6.0,0.534,0.2899,0.5292,0.367,0.4375,51.1276595744681,0.4261,51.1276595744681,0.4261,71.03,175.0,73.14285714285714,-25.531914893617024,0.3191,0.4966,0.0,0.0,0.65,0.0,0,1.0,0.525,73.14285714285714,272.3404255319149,0.08571428571428572,73.14285714285714,272.3404255319149,0.08571428571428572,-25.531914893617024,0.3191,1.0,0.525,0.59375,Neutral,+51% expected | 0.50 demand | 73% below high | 272% upside | -73% vs launch,"lower highs, 2P new low, unscored",Potentially interesting; needs manual score.,False,175.0,-73.14285714285714,165.0,-71.51515151515152,49.09,2,0.0,-0.82,1.07,60,232.41,4.44,10.96,-1.05,5.11,-4.0,-0.025,0.1,0.0,144863.0,521624.0,6432.0,1543.0,0.000771,0.00054,40.84,0.36,6.19,23.85,0.000714,0.000773,,,,,,,,,,,,0.1,0.0,,,0.3167701863354037,1.0,0.2174,0.58125,35.0,175.0,68.0,46.67,116,321.31,2026-06-05T01:14:16.782000,,,,,,,0,0,0,0,0.0,PARIVISION,24,6,1.0,"=IMAGE(""https://community.akamai.steamstatic.com/economy/image/i0CoZ81Ui0m-9KwlBY1L_18myuGuq1wfhWSaZgMttyVfPaERSR0Wqmu7LAocGJai0ki7VeTHjMmuOXSQ61MnpNWipUruRiLriZPp9R1d4PuiJv1pIafFX2SSlLty4rY-TCi1kE5-tTuAm96qdiqSbQB0A5NyRuVfuhOm0oqwoexxlCM"")",https://community.akamai.steamstatic.com/economy/image/i0CoZ81Ui0m-9KwlBY1L_18myuGuq1wfhWSaZgMttyVfPaERSR0Wqmu7LAocGJai0ki7VeTHjMmuOXSQ61MnpNWipUruRiLriZPp9R1d4PuiJv1pIafFX2SSlLty4rY-TCi1kE5-tTuAm96qdiqSbQB0A5NyRuVfuhOm0oqwoexxlCM,https://cs2tokens.com/iem-cologne-2026/items/sticker-zweih-foil-cologne-2026,Sticker | zweih (Foil) | Cologne 2026,https://steamcommunity.com/market/listings/730/Sticker%20%7C%20zweih%20%28Foil%29%20%7C%20Cologne%202026,ok,10631.0,5316.0,12.0,iem-cologne-2026,campaign_12,sticker,Autograph,zweih,PARIVISION,rarity_mythical,4fc822ef697a
191,52.5,P3,SCORE FIRST,FlameZ (Foil),Player,Foil,Vitality,102,1.01,102.0,1.01,Steam,False,0.0,Steam around $1.01,0 until scored,Cheap,Cheap,Low,6.0,0.5078,0.2912,0.5167,0.3652,0.4709,43.11764705882353,0.3593,43.11764705882353,0.3593,145.98,263.0,61.21673003802282,-12.745098039215685,0.1593,0.6737,0.0,0.0,0.65,0.0,0,1.0,0.4677,61.21673003802282,157.843137254902,0.07471264367816093,61.21673003802282,157.843137254902,0.07471264367816093,-12.745098039215685,0.1593,0.9104,0.4677,0.825,Neutral,+43% expected | 0.67 demand | 61% below high | 158% upside | -59% vs launch,"lower highs, 2P new low, unscored",2P is cheaper than current Steam but still above Steam's recorded low; wait for a stronger entry.,False,249.0,-59.036144578313255,254.67,-59.948168217693485,68.97,9,2.0,-0.66,1.5,60,232.41,9.68,23.87,-1.1,7.41,-2.0,-0.0125,0.05,0.0,147607.0,457744.0,11265.0,3761.0,0.000762,0.001315,275.73,-0.09,22.29,28.44,0.000676,0.001884,1.0,1.77,,1.77,1.77,,,0.0,True,-75.24752475247524,-100.84547780620758,0.1,0.0252,,2.96,0.12422360248447205,0.9104,0.2396,0.7875,89.0,263.0,144.0,100.33,116,321.31,2026-06-05T01:14:16.782000,,,,,,,0,0,0,0,0.0,Vitality,24,6,1.0,"=IMAGE(""https://community.akamai.steamstatic.com/economy/image/i0CoZ81Ui0m-9KwlBY1L_18myuGuq1wfhWSaZgMttyVfPaERSR0Wqmu7LAocGJai0ki7VeTHjMmuOXSQ61MnpNWipUruRiL3kpft-Dhk6f2nZOo9c6TGXmWSw7gl57ZtHXvhxExz4znTmdiqd37FblR1CMZ2TbYMtkK9jJS5YN2iRZeN"")",https://community.akamai.steamstatic.com/economy/image/i0CoZ81Ui0m-9KwlBY1L_18myuGuq1wfhWSaZgMttyVfPaERSR0Wqmu7LAocGJai0ki7VeTHjMmuOXSQ61MnpNWipUruRiL3kpft-Dhk6f2nZOo9c6TGXmWSw7gl57ZtHXvhxExz4znTmdiqd37FblR1CMZ2TbYMtkK9jJS5YN2iRZeN,https://cs2tokens.com/iem-cologne-2026/items/sticker-flamez-foil-cologne-2026,Sticker | FlameZ (Foil) | Cologne 2026,https://steamcommunity.com/market/listings/730/Sticker%20%7C%20FlameZ%20%28Foil%29%20%7C%20Cologne%202026,ok,10547.0,5316.0,12.0,iem-cologne-2026,campaign_12,sticker,Autograph,FlameZ,Vitality,rarity_mythical,06e64c1afaaa
192,52.4,P3,SCORE FIRST,Moseyuh,Player,Paper,TYLOO,5,0.05,5.0,0.05,Steam,False,0.0,Steam around $0.05,0 until scored,Very Cheap,Very Cheap,Low,6.0,0.5505,0.3021,0.5471,0.4003,0.3518,81.60000000000001,0.68,81.60000000000001,0.68,9.08,21.0,76.19047619047619,-19.999999999999996,0.25,0.3403,0.0,0.0,0.65,0.0,0,1.0,0.5,76.19047619047619,320.0,0.058823529411764705,76.19047619047619,320.0,0.058823529411764705,-19.999999999999996,0.25,1.0,0.5,0.6625,Neutral,+82% expected | 0.34 demand | 76% below high | 320% upside | -76% vs launch,"lower highs, 2P new low, unscored",Potentially interesting; needs manual score.,False,21.0,-76.19047619047619,20.0,-75.0,25.0,12,0.0,-1.03,0.0,61,232.42,0.0,0.0,-1.61,-10.71,1.0,0.0063,0.0,0.0,72963.0,445883.0,4704.0,-840.0,0.000602,0.000294,-48.31,-0.53,3.27,-36.98,0.000366,0.0,,,,,,,,,,,,0.1,0.0,,,0.14285714285714285,1.0,0.1602,0.6625,4.0,21.0,9.0,5.0,116,321.31,2026-06-05T01:14:16.782000,,,,,,,0,0,0,0,0.0,TYLOO,24,6,1.0,"=IMAGE(""https://community.akamai.steamstatic.com/economy/image/i0CoZ81Ui0m-9KwlBY1L_18myuGuq1wfhWSaZgMttyVfPaERSR0Wqmu7LAocGJai0ki7VeTHjMmuOXSQ61MnpNWipUruRiL8kYXl5DdToaP2OvA1JvLEXjPHmO8k4eU9S3m2wEh15WvQz4n8cnyWa1ApD5olE-YU8k7vXzZNgwc"")",https://community.akamai.steamstatic.com/economy/image/i0CoZ81Ui0m-9KwlBY1L_18myuGuq1wfhWSaZgMttyVfPaERSR0Wqmu7LAocGJai0ki7VeTHjMmuOXSQ61MnpNWipUruRiL8kYXl5DdToaP2OvA1JvLEXjPHmO8k4eU9S3m2wEh15WvQz4n8cnyWa1ApD5olE-YU8k7vXzZNgwc,https://cs2tokens.com/iem-cologne-2026/items/sticker-moseyuh-cologne-2026,Sticker | Moseyuh | Cologne 2026,https://steamcommunity.com/market/listings/730/Sticker%20%7C%20Moseyuh%20%7C%20Cologne%202026,ok,11046.0,5316.0,12.0,iem-cologne-2026,campaign_12,sticker,Autograph,Moseyuh,TYLOO,rarity_rare,95ce811d6215
193,52.4,P3,SCORE FIRST,makazze,Player,Paper,Natus Vincere,11,0.11,11.0,0.11,Steam,False,0.0,Steam around $0.11,0 until scored,Very Cheap,Very Cheap,Low,6.0,0.5054,0.2925,0.5322,0.3615,0.4178,53.63636363636361,0.447,53.63636363636361,0.447,16.9,36.0,69.44444444444444,-18.181818181818176,0.2273,0.5089,0.0,0.0,0.65,0.0,0,1.0,0.5,69.44444444444444,227.27272727272728,0.07407407407407407,69.44444444444444,227.27272727272728,0.07407407407407407,-18.181818181818176,0.2273,1.0,0.5,0.84375,Neutral,+54% expected | 0.51 demand | 69% below high | 227% upside | -67% vs launch,"lower highs, 2P new low, unscored",Potentially interesting; needs manual score.,False,33.0,-66.66666666666667,34.67,-68.27228151139313,28.57,13,0.0,-1.01,0.0,61,232.42,10.0,24.67,-1.8,15.36,1.0,0.0062,0.0,0.0,79213.0,420643.0,3802.0,2252.0,0.00066,0.000787,27.04,0.29,0.29,33.43,0.000376,0.001128,,,,,,,,,,,,0.1,0.0,,,0.08695652173913043,1.0,0.1387,0.84375,9.0,36.0,15.0,11.0,116,321.31,2026-06-05T01:14:16.782000,,,,,,,0,0,0,0,0.0,Natus Vincere,24,6,1.0,"=IMAGE(""https://community.akamai.steamstatic.com/economy/image/i0CoZ81Ui0m-9KwlBY1L_18myuGuq1wfhWSaZgMttyVfPaERSR0Wqmu7LAocGJai0ki7VeTHjMmuOXSQ61MnpNWipUruRiL8n53h5zheofGrbfA7JaXHXWTDx74mtbFoG3iyxkR-4j6AyN6vJSqTbAEjX8F2E-QU8k7veDRScGI"")",https://community.akamai.steamstatic.com/economy/image/i0CoZ81Ui0m-9KwlBY1L_18myuGuq1wfhWSaZgMttyVfPaERSR0Wqmu7LAocGJai0ki7VeTHjMmuOXSQ61MnpNWipUruRiL8n53h5zheofGrbfA7JaXHXWTDx74mtbFoG3iyxkR-4j6AyN6vJSqTbAEjX8F2E-QU8k7veDRScGI,https://cs2tokens.com/iem-cologne-2026/items/sticker-makazze-cologne-2026,Sticker | makazze | Cologne 2026,https://steamcommunity.com/market/listings/730/Sticker%20%7C%20makazze%20%7C%20Cologne%202026,ok,10570.0,5316.0,12.0,iem-cologne-2026,campaign_12,sticker,Autograph,makazze,Natus Vincere,rarity_rare,b159f9e5a856
194,52.3,P3,SCORE FIRST,brnz4n (Foil),Player,Foil,MIBR,23,0.23,23.0,0.23,Steam,False,0.0,Steam around $0.23,0 until scored,Very Cheap,Very Cheap,Low,6.0,0.6058,0.294,0.5345,0.4257,0.3716,77.65217391304347,0.6471,77.65217391304347,0.6471,40.86,114.0,79.82456140350878,-17.391304347826086,0.2174,0.2601,0.0,0.0,0.65,0.0,0,1.0,0.525,79.82456140350878,395.65217391304344,0.042105263157894736,79.82456140350878,395.65217391304344,0.042105263157894736,-17.391304347826086,0.2174,1.0,0.525,0.18125,Neutral,+78% expected | 0.26 demand | 80% below high | 396% upside | -80% vs launch,"lower highs, 2P new low, unscored",2P is cheaper than current Steam but still above Steam's recorded low; wait for a stronger entry.,False,114.0,-79.82456140350878,108.0,-78.7037037037037,45.16,8,0.0,-1.13,-0.0,62,232.41,4.55,11.21,-1.66,2.13,-4.0,-0.025,0.1,0.0,125691.0,552452.0,6600.0,2251.0,0.000843,0.000787,46.25,-0.22,-22.82,-63.94,0.000618,0.001127,1.0,1.34,,1.34,1.34,,,0.0,True,-482.60869565217394,-605.2631578947369,0.1,0.0252,1.34,,0.43478260869565216,1.0,0.2896,0.18125,19.0,114.0,35.5,23.0,116,321.31,2026-06-05T01:14:16.782000,,,,,,,0,0,0,0,0.0,MIBR,24,6,1.0,"=IMAGE(""https://community.akamai.steamstatic.com/economy/image/i0CoZ81Ui0m-9KwlBY1L_18myuGuq1wfhWSaZgMttyVfPaERSR0Wqmu7LAocGJai0ki7VeTHjMmuOXSQ61MnpNWipUruRiLzjJj6qSxk6f2nZOo_cqfHCj_GwL506bQ5GSjjlh9w427VzNusI3-QOwJyDZp5E-NcthC9jJS5YGuLiVpZ"")",https://community.akamai.steamstatic.com/economy/image/i0CoZ81Ui0m-9KwlBY1L_18myuGuq1wfhWSaZgMttyVfPaERSR0Wqmu7LAocGJai0ki7VeTHjMmuOXSQ61MnpNWipUruRiLzjJj6qSxk6f2nZOo_cqfHCj_GwL506bQ5GSjjlh9w427VzNusI3-QOwJyDZp5E-NcthC9jJS5YGuLiVpZ,https://cs2tokens.com/iem-cologne-2026/items/sticker-brnz4n-foil-cologne-2026,Sticker | brnz4n (Foil) | Cologne 2026,https://steamcommunity.com/market/listings/730/Sticker%20%7C%20brnz4n%20%28Foil%29%20%7C%20Cologne%202026,ok,10983.0,5316.0,12.0,iem-cologne-2026,campaign_12,sticker,Autograph,brnz4n,MIBR,rarity_mythical,eae8855f8abb
195,52.3,P3,SCORE FIRST,afro (Foil),Player,Foil,Monte,45,0.45,45.0,0.45,Steam,False,0.0,Steam around $0.45,0 until scored,Very Cheap,Very Cheap,High,6.0,0.6385,0.2937,0.5223,0.3499,0.6137,66.24444444444444,0.552,66.24444444444444,0.552,74.81,552.0,91.84782608695652,-22.22222222222222,0.2778,0.4415,0.0,0.1178,0.65,0.0,0,1.0,0.7086,91.84782608695652,1126.6666666666667,0.019342359767891684,91.84782608695652,1126.6666666666667,0.019342359767891684,-22.22222222222222,0.2778,1.0,0.7086,0.56875,"Floor + prior bounce, but lower highs",+66% expected | 0.44 demand | 92% below high | 1127% upside | -66% vs launch,"High crowding, lower highs, 2P new low, unscored",Potentially interesting; needs manual score.,False,133.0,-66.16541353383458,125.33,-64.09478975504668,1477.14,1,-2.17,0.73,-2.17,62,232.41,-13.46,-33.2,2.57,-1.29,-18.0,-0.1125,0.45,0.3846,718335.0,1443569.0,164371.0,-4862.0,0.003588,0.0017,193.91,0.77,-6.21,-5.29,0.004136,0.0,,,,,,,,,,,,0.1,0.0,,,0.9937888198757764,1.0,0.7798,0.5625,35.0,552.0,64.0,46.0,116,321.31,2026-06-05T01:14:16.782000,,,,,,,0,0,0,0,0.0,Monte,24,6,1.0,"=IMAGE(""https://raw.githubusercontent.com/ByMykel/counter-strike-image-tracker/main/static/panorama/images/econ/stickers/cologne2026/sig_afro_foil_png.png"")",https://raw.githubusercontent.com/ByMykel/counter-strike-image-tracker/main/static/panorama/images/econ/stickers/cologne2026/sig_afro_foil_png.png,https://cs2tokens.com/iem-cologne-2026/items/sticker-afro-foil-cologne-2026,Sticker | afro (Foil) | Cologne 2026,https://steamcommunity.com/market/listings/730/Sticker%20%7C%20afro%20%28Foil%29%20%7C%20Cologne%202026,ok,10823.0,5316.0,12.0,iem-cologne-2026,campaign_12,sticker,Autograph,afro,Monte,rarity_mythical,b78b787fad7e
196,52.2,P3,SCORE FIRST,MIBR,Team,Paper,MIBR,9,0.09,9.0,0.09,Steam,False,0.0,Steam around $0.09,0 until scored,Very Cheap,Very Cheap,Medium,6.0,0.5467,0.2666,0.5031,0.3917,0.4323,35.55555555555554,0.2963,35.55555555555554,0.2963,12.2,22.0,59.09090909090909,-22.22222222222222,0.2778,0.6712,0.0,0.0,0.65,0.0,0,1.0,0.5,59.09090909090909,144.44444444444446,0.13333333333333333,59.09090909090909,144.44444444444446,0.13333333333333333,-22.22222222222222,0.2778,1.0,0.5,0.06451612903225806,Neutral,+36% expected | 0.67 demand | 59% below high | 144% upside | -57% vs launch,"lower highs, 2P new low, unscored",Potentially interesting; needs manual score.,False,21.0,-57.14285714285714,21.0,-57.14285714285714,60.0,11,0.0,-0.68,5.77,61,232.42,12.5,30.83,-1.1,-0.82,0.0,0.0,0.0,0.0,149910.0,494725.0,6763.0,6060.0,0.000849,0.002119,203.14,0.63,19.21,11.98,0.000782,0.003035,,,,,,,,,,,,0.1,0.0,,,0.59375,1.0,0.3742,0.06451612903225806,7.0,22.0,12.0,8.67,116,321.31,2026-06-05T01:14:16.782000,,,,,,,0,0,0,0,0.0,MIBR,24,6,1.0,"=IMAGE(""https://community.akamai.steamstatic.com/economy/image/i0CoZ81Ui0m-9KwlBY1L_18myuGuq1wfhWSaZgMttyVfPaERSR0Wqmu7LAocGJai0ki7VeTHjMmuOXSQ61MnpNWipVTuQw-_y8Hmq3cDvaT5MPw4IqXEXjTFx-xytrA8H322lk9w5jnWnNuvcH_DaxhgVMWFQhDvfw"")",https://community.akamai.steamstatic.com/economy/image/i0CoZ81Ui0m-9KwlBY1L_18myuGuq1wfhWSaZgMttyVfPaERSR0Wqmu7LAocGJai0ki7VeTHjMmuOXSQ61MnpNWipVTuQw-_y8Hmq3cDvaT5MPw4IqXEXjTFx-xytrA8H322lk9w5jnWnNuvcH_DaxhgVMWFQhDvfw,https://cs2tokens.com/iem-cologne-2026/items/sticker-mibr-cologne-2026,Sticker | MIBR | Cologne 2026,https://steamcommunity.com/market/listings/730/Sticker%20%7C%20MIBR%20%7C%20Cologne%202026,ok,10457.0,5316.0,12.0,iem-cologne-2026,campaign_12,sticker,Team,,MIBR,rarity_rare,107246164795
197,52.1,P3,SCORE FIRST,NEKiZ,Player,Paper,,3,0.03,3.0,0.03,Steam,False,0.0,Steam around $0.03,0 until scored,Very Cheap,Very Cheap,Medium,6.0,0.6025,0.2871,0.5393,0.3934,0.4308,83.0,0.6917,83.0,0.6917,5.49,16.0,81.25,-33.333333333333336,0.4167,0.4822,0.0,0.0,0.65,0.0,0,1.0,0.5,81.25,433.3333333333333,0.07142857142857142,81.25,433.3333333333333,0.07142857142857142,-33.333333333333336,0.4167,1.0,0.5,0.2875,Demand rising while price soft,+83% expected | 0.48 demand | 81% below high | 433% upside | -81% vs launch,"lower highs, 2P new low, unscored",Potentially interesting; needs manual score.,False,16.0,-81.25,15.33,-80.43052837573386,100.0,10,0.0,-1.18,0.0,65,232.42,0.0,0.0,-1.97,0.0,0.0,0.0,0.0,0.0,165582.0,663450.0,16255.0,-2857.0,0.001152,0.000999,1.78,0.42,8.54,0.31,0.000773,0.0,,,,,,,,,,,,0.1,0.0,,,0.7453416149068323,1.0,0.5668,0.2875,2.0,16.0,4.0,3.0,116,321.31,2026-06-05T01:14:16.782000,,,,,,,0,0,0,0,0.0,NEKiZ,4,1,0.25,"=IMAGE(""https://community.akamai.steamstatic.com/economy/image/i0CoZ81Ui0m-9KwlBY1L_18myuGuq1wfhWSaZgMttyVfPaERSR0Wqmu7LAocGJai0ki7VeTHjMmuOXSQ61MnpNWipUruRiL_m53p52wK7PT5bqdpc6KQCz6Swrh06LhvGSuwwEQl4DzUz96gInmUaw5yApAjW6dU5ex4V52W"")",https://community.akamai.steamstatic.com/economy/image/i0CoZ81Ui0m-9KwlBY1L_18myuGuq1wfhWSaZgMttyVfPaERSR0Wqmu7LAocGJai0ki7VeTHjMmuOXSQ61MnpNWipUruRiL_m53p52wK7PT5bqdpc6KQCz6Swrh06LhvGSuwwEQl4DzUz96gInmUaw5yApAjW6dU5ex4V52W,https://cs2tokens.com/iem-cologne-2026/items/sticker-nekiz-cologne-2026,Sticker | NEKiZ | Cologne 2026,https://steamcommunity.com/market/listings/730/Sticker%20%7C%20NEKiZ%20%7C%20Cologne%202026,ok,11082.0,5316.0,12.0,iem-cologne-2026,campaign_12,sticker,Autograph,NEKiZ,,rarity_rare,0db9aa2d8109
198,52.1,P3,SCORE FIRST,xertioN,Player,Paper,MOUZ,5,0.05,5.0,0.05,Steam,False,0.0,Steam around $0.05,0 until scored,Very Cheap,Very Cheap,High,6.0,0.6202,0.2863,0.5405,0.3576,0.5666,81.4,0.6783,81.4,0.6783,9.07,37.0,86.48648648648648,-19.999999999999996,0.25,0.4439,0.0,0.0,0.65,0.0,0,1.0,0.5,86.48648648648648,640.0,0.030303030303030304,86.48648648648648,640.0,0.030303030303030304,-19.999999999999996,0.25,1.0,0.5,0.61875,"Floor + prior bounce, but lower highs",+81% expected | 0.44 demand | 86% below high | 640% upside | -81% vs launch,"High crowding, lower highs, 2P new low, unscored",Potentially interesting; needs manual score.,False,26.0,-80.76923076923077,24.33,-79.44923962186601,825.0,14,0.0,-0.03,0.0,63,232.42,0.0,0.0,0.13,11.08,1.0,0.0062,0.0,0.0,476202.0,1251506.0,43286.0,-3669.0,0.002785,0.001283,35.67,0.82,-2.65,-5.46,0.002856,0.0,,,,,,,,,,,,0.1,0.0,,,0.9937888198757764,1.0,0.7429,0.61875,4.0,37.0,7.0,5.0,116,321.31,2026-06-05T01:14:16.782000,,,,,,,0,0,0,0,0.0,MOUZ,24,6,1.0,"=IMAGE(""https://community.akamai.steamstatic.com/economy/image/i0CoZ81Ui0m-9KwlBY1L_18myuGuq1wfhWSaZgMttyVfPaERSR0Wqmu7LAocGJai0ki7VeTHjMmuOXSQ61MnpNWipUruRiLpm4T09C1VoaKsO_FudaKWXWOWxL8lseNvSXzilhgh5z7VyIyvdXqQPwIkCcMhF-EU8k7vzV6XxyY"")",https://community.akamai.steamstatic.com/economy/image/i0CoZ81Ui0m-9KwlBY1L_18myuGuq1wfhWSaZgMttyVfPaERSR0Wqmu7LAocGJai0ki7VeTHjMmuOXSQ61MnpNWipUruRiLpm4T09C1VoaKsO_FudaKWXWOWxL8lseNvSXzilhgh5z7VyIyvdXqQPwIkCcMhF-EU8k7vzV6XxyY,https://cs2tokens.com/iem-cologne-2026/items/sticker-xertion-cologne-2026,Sticker | xertioN | Cologne 2026,https://steamcommunity.com/market/listings/730/Sticker%20%7C%20xertioN%20%7C%20Cologne%202026,ok,10690.0,5316.0,12.0,iem-cologne-2026,campaign_12,sticker,Autograph,xertioN,MOUZ,rarity_rare,8bedb149b80c
199,52.0,P3,SCORE FIRST,FlyQuest,Team,Paper,Flyquest,22,0.22,22.0,0.22,Steam,False,0.0,Steam around $0.22,0 until scored,Very Cheap,Very Cheap,Medium,6.0,0.5695,0.287,0.5217,0.3836,0.4627,63.99999999999999,0.5333,63.99999999999999,0.5333,36.08,64.0,65.625,-4.545454545454541,0.0568,0.3709,0.0,0.0,0.65,0.0,0,1.0,0.5,65.625,190.9090909090909,0.023255813953488372,65.625,190.9090909090909,0.023255813953488372,-4.545454545454541,0.0568,1.0,0.5,0.5806451612903226,"Floor + prior bounce, but lower highs",+64% expected | 0.37 demand | 66% below high | 191% upside | -31% vs launch,"lower highs, 2P new low, unscored",2P is cheaper than current Steam but still above Steam's recorded low; wait for a stronger entry.,False,32.0,-31.25,35.67,-38.323521166246145,100.0,7,4.76,-0.59,2.34,61,232.42,4.76,11.75,-0.32,2.34,0.0,0.0,0.0,0.0,196309.0,459064.0,16787.0,1873.0,0.000635,0.000655,25.57,0.06,0.31,-51.29,0.000617,0.000938,1.0,0.38,,0.38,0.38,,,0.0,True,-72.72727272727273,-80.95238095238095,0.1,0.0252,,,0.40625,1.0,0.3562,0.5806451612903226,21.0,64.0,46.0,21.33,116,321.31,2026-06-05T01:14:16.782000,,,,,,,0,0,0,0,0.0,Flyquest,24,6,1.0,"=IMAGE(""https://community.akamai.steamstatic.com/economy/image/i0CoZ81Ui0m-9KwlBY1L_18myuGuq1wfhWSaZgMttyVfPaERSR0Wqmu7LAocGJai0ki7VeTHjMmuOXSQ61MnpNWipV_2D0z3yZO2pCRfuKv5MfZvJKfDW2OUx-hz5uQ9Ti3mxBl14WzWzNn9c3qJLlh3qHI1Dus"")",https://community.akamai.steamstatic.com/economy/image/i0CoZ81Ui0m-9KwlBY1L_18myuGuq1wfhWSaZgMttyVfPaERSR0Wqmu7LAocGJai0ki7VeTHjMmuOXSQ61MnpNWipV_2D0z3yZO2pCRfuKv5MfZvJKfDW2OUx-hz5uQ9Ti3mxBl14WzWzNn9c3qJLlh3qHI1Dus,https://cs2tokens.com/iem-cologne-2026/items/sticker-flyquest-cologne-2026,Sticker | FlyQuest | Cologne 2026,https://steamcommunity.com/market/listings/730/Sticker%20%7C%20FlyQuest%20%7C%20Cologne%202026,ok,10493.0,5316.0,12.0,iem-cologne-2026,campaign_12,sticker,Team,,Flyquest,rarity_rare,2d624393c51f
200,52.0,P3,SCORE FIRST,KSCERATO (Foil),Player,Foil,FURIA,57,0.56,57.0,0.56,Steam,False,0.0,Steam around $0.56,0 until scored,Very Cheap,Very Cheap,Low,6.0,0.5124,0.2792,0.5202,0.3459,0.4598,42.87719298245614,0.3573,42.87719298245614,0.3573,81.44,180.0,68.33333333333333,-28.07017543859649,0.3509,0.6314,0.0,0.0,0.65,0.0,0,1.0,0.5062,68.33333333333333,215.78947368421052,0.11510791366906475,68.33333333333333,215.78947368421052,0.11510791366906475,-28.07017543859649,0.3509,1.0,0.5062,0.66875,Neutral,+43% expected | 0.63 demand | 68% below high | 216% upside | -68% vs launch,"lower highs, 2P new low, unscored",2P is cheaper than current Steam but still above Steam's recorded low; wait for a stronger entry.,False,180.0,-68.33333333333333,171.33,-66.73087025039398,60.94,3,3.64,-0.84,2.71,60,232.41,11.76,29.02,-1.39,17.36,-1.0,-0.0062,0.025,0.0,159369.0,542098.0,7093.0,4562.0,0.000927,0.001595,396.86,0.65,12.56,35.53,0.000748,0.002285,1.0,1.02,,1.02,1.02,,,0.0,True,-82.14285714285712,-153.22299651567945,0.1,0.0252,,,0.40372670807453415,1.0,0.3028,0.6625,41.0,180.0,76.5,55.33,116,321.31,2026-06-05T01:14:16.782000,,,,,,,0,0,0,0,0.0,FURIA,24,6,1.0,"=IMAGE(""https://community.akamai.steamstatic.com/economy/image/i0CoZ81Ui0m-9KwlBY1L_18myuGuq1wfhWSaZgMttyVfPaERSR0Wqmu7LAocGJai0ki7VeTHjMmuOXSQ61MnpNWipUruRiL6jZXl7yNP4M2oZ61hbqTKDDSTw7oltecwGXrnkEQm5mXWydz_eH3DalUoDZEiF7EC4EXqkNz5d7S1pBxORU8"")",https://community.akamai.steamstatic.com/economy/image/i0CoZ81Ui0m-9KwlBY1L_18myuGuq1wfhWSaZgMttyVfPaERSR0Wqmu7LAocGJai0ki7VeTHjMmuOXSQ61MnpNWipUruRiL6jZXl7yNP4M2oZ61hbqTKDDSTw7oltecwGXrnkEQm5mXWydz_eH3DalUoDZEiF7EC4EXqkNz5d7S1pBxORU8,https://cs2tokens.com/iem-cologne-2026/items/sticker-kscerato-foil-cologne-2026,Sticker | KSCERATO (Foil) | Cologne 2026,https://steamcommunity.com/market/listings/730/Sticker%20%7C%20KSCERATO%20%28Foil%29%20%7C%20Cologne%202026,ok,10659.0,5316.0,12.0,iem-cologne-2026,campaign_12,sticker,Autograph,KSCERATO,FURIA,rarity_mythical,895c405821a1
201,51.9,P4,SCORE FIRST,MATYS,Player,Paper,G2 Esports,3,0.03,3.0,0.03,Steam,False,0.0,Steam around $0.03,0 until scored,Very Cheap,Very Cheap,Medium,6.0,0.6371,0.3028,0.5533,0.4409,0.3515,113.66666666666667,0.9472,113.66666666666667,0.9472,6.41,24.0,87.5,-33.333333333333336,0.4167,0.148,0.0,0.0,0.65,0.0,0,1.0,0.5312,87.5,700.0,0.045454545454545456,87.5,700.0,0.045454545454545456,-33.333333333333336,0.4167,1.0,0.5312,0.075,Neutral,+114% expected | 0.15 demand | 88% below high | 700% upside | -88% vs launch,"lower highs, 2P new low, unscored",Potentially interesting; needs manual score.,False,24.0,-87.5,22.33,-86.56515897895208,66.67,9,0.0,-1.55,0.0,65,232.42,0.0,0.0,-2.28,0.0,-5.0,-0.0312,0.125,0.0,116481.0,653487.0,6776.0,237.0,0.000964,8.3e-05,-91.24,-0.52,-50.94,-14.89,0.000546,0.000119,,,,,,,,,,,,0.1,0.0,,,0.7142857142857143,1.0,0.4363,0.075,2.0,24.0,4.0,3.0,116,321.31,2026-06-05T01:14:16.782000,,,,,,,0,0,0,0,0.0,G2 Esports,24,6,1.0,"=IMAGE(""https://community.akamai.steamstatic.com/economy/image/i0CoZ81Ui0m-9KwlBY1L_18myuGuq1wfhWSaZgMttyVfPaERSR0Wqmu7LAocGJai0ki7VeTHjMmuOXSQ61MnpNWipUruRiL8n4L57mxevaD7OvRsJaTFDTSRlLou6eVtTnvmwEl-5WXSz9iseX2fbg8iCZB3W6dU5cSULNET"")",https://community.akamai.steamstatic.com/economy/image/i0CoZ81Ui0m-9KwlBY1L_18myuGuq1wfhWSaZgMttyVfPaERSR0Wqmu7LAocGJai0ki7VeTHjMmuOXSQ61MnpNWipUruRiL8n4L57mxevaD7OvRsJaTFDTSRlLou6eVtTnvmwEl-5WXSz9iseX2fbg8iCZB3W6dU5cSULNET,https://cs2tokens.com/iem-cologne-2026/items/sticker-matys-cologne-2026,Sticker | MATYS | Cologne 2026,https://steamcommunity.com/market/listings/730/Sticker%20%7C%20MATYS%20%7C%20Cologne%202026,ok,10770.0,5316.0,12.0,iem-cologne-2026,campaign_12,sticker,Autograph,MATYS,G2 Esports,rarity_rare,a98fa5f3959a
202,51.9,P4,SCORE FIRST,HooXi,Player,Paper,Astralis,4,0.04,4.0,0.04,Steam,False,0.0,Steam around $0.04,0 until scored,Very Cheap,Very Cheap,Medium,6.0,0.6012,0.2894,0.5377,0.3925,0.4058,81.0,0.675,81.0,0.675,7.24,25.0,84.0,-25.0,0.3125,0.3857,0.0,0.0,0.65,0.0,0,1.0,0.5062,84.0,525.0,0.045454545454545456,84.0,525.0,0.045454545454545456,-25.0,0.3125,1.0,0.5062,0.4,Neutral,+81% expected | 0.39 demand | 84% below high | 525% upside | -84% vs launch,"lower highs, 2P new low, unscored",Potentially interesting; needs manual score.,False,25.0,-84.0,23.33,-82.8546935276468,40.0,10,0.0,-1.34,0.0,61,232.42,0.0,0.0,-2.16,13.64,-1.0,-0.0062,0.025,0.0,138791.0,668394.0,4964.0,-2119.0,0.001002,0.000741,-17.02,-0.12,3.61,-51.87,0.000687,0.0,,,,,,,,,,,,0.1,0.0,,,0.7577639751552795,1.0,0.4499,0.4,3.0,25.0,5.0,4.0,116,321.31,2026-06-05T01:14:16.782000,,,,,,,0,0,0,0,0.0,Astralis,24,6,1.0,"=IMAGE(""https://community.akamai.steamstatic.com/economy/image/i0CoZ81Ui0m-9KwlBY1L_18myuGuq1wfhWSaZgMttyVfPaERSR0Wqmu7LAocGJai0ki7VeTHjMmuOXSQ61MnpNWipUruRiL5kZn49GxYuKT-avY6I6jLCmLFx-pztbFsGi_nw05z5WzdzY34dHLBbwRxDZckW6dU5dsZ_sim"")",https://community.akamai.steamstatic.com/economy/image/i0CoZ81Ui0m-9KwlBY1L_18myuGuq1wfhWSaZgMttyVfPaERSR0Wqmu7LAocGJai0ki7VeTHjMmuOXSQ61MnpNWipUruRiL5kZn49GxYuKT-avY6I6jLCmLFx-pztbFsGi_nw05z5WzdzY34dHLBbwRxDZckW6dU5dsZ_sim,https://cs2tokens.com/iem-cologne-2026/items/sticker-hooxi-cologne-2026,Sticker | HooXi | Cologne 2026,https://steamcommunity.com/market/listings/730/Sticker%20%7C%20HooXi%20%7C%20Cologne%202026,ok,10734.0,5316.0,12.0,iem-cologne-2026,campaign_12,sticker,Autograph,HooXi,Astralis,rarity_rare,d6cb49678715
203,51.9,P4,SCORE FIRST,EliGE,Player,Paper,Team Liquid,5,0.05,5.0,0.05,Steam,False,0.0,Steam around $0.05,0 until scored,Very Cheap,Very Cheap,Low,6.0,0.5403,0.2962,0.5382,0.3865,0.3856,77.39999999999998,0.645,77.39999999999998,0.645,8.87,19.0,73.68421052631578,-19.999999999999996,0.25,0.3539,0.0,0.0,0.65,0.0,0,1.0,0.5125,73.68421052631578,280.0,0.06666666666666667,73.68421052631578,280.0,0.06666666666666667,-19.999999999999996,0.25,1.0,0.5125,0.675,Neutral,+77% expected | 0.35 demand | 74% below high | 280% upside | -74% vs launch,"lower highs, 2P new low, unscored",Potentially interesting; needs manual score.,False,19.0,-73.6842105263158,18.67,-73.21906802356722,37.5,14,0.0,-1.01,0.0,61,232.42,0.0,0.0,-1.52,22.25,-2.0,-0.0125,0.05,0.0,97009.0,488075.0,4716.0,2269.0,0.000741,0.000793,15.93,0.0,-12.66,-31.01,0.000486,0.001136,,,,,,,,,,,,0.1,0.0,,,0.18012422360248448,1.0,0.2119,0.675,4.0,19.0,9.0,5.0,116,321.31,2026-06-05T01:14:16.782000,,,,,,,0,0,0,0,0.0,Team Liquid,24,6,1.0,"=IMAGE(""https://community.akamai.steamstatic.com/economy/image/i0CoZ81Ui0m-9KwlBY1L_18myuGuq1wfhWSaZgMttyVfPaERSR0Wqmu7LAocGJai0ki7VeTHjMmuOXSQ61MnpNWipUruRiL0kp_n-Gxd7qT4bvFpcKKRDWLIkL8gsrk8Gi3jxkl34mjXn4msd3rGOgQoD5EhW6dU5WYQ9jMx"")",https://community.akamai.steamstatic.com/economy/image/i0CoZ81Ui0m-9KwlBY1L_18myuGuq1wfhWSaZgMttyVfPaERSR0Wqmu7LAocGJai0ki7VeTHjMmuOXSQ61MnpNWipUruRiL0kp_n-Gxd7qT4bvFpcKKRDWLIkL8gsrk8Gi3jxkl34mjXn4msd3rGOgQoD5EhW6dU5WYQ9jMx,https://cs2tokens.com/iem-cologne-2026/items/sticker-elige-cologne-2026,Sticker | EliGE | Cologne 2026,https://steamcommunity.com/market/listings/730/Sticker%20%7C%20EliGE%20%7C%20Cologne%202026,ok,11094.0,5316.0,12.0,iem-cologne-2026,campaign_12,sticker,Autograph,EliGE,Team Liquid,rarity_rare,05421ae22343
204,51.9,P4,SCORE FIRST,b1t,Player,Paper,Natus Vincere,10,0.1,10.0,0.1,Steam,False,0.0,Steam around $0.10,0 until scored,Very Cheap,Very Cheap,Low,6.0,0.5305,0.2974,0.5354,0.3852,0.361,72.80000000000003,0.6067,72.80000000000003,0.6067,17.28,36.0,72.22222222222221,-9.999999999999998,0.125,0.3263,0.0,0.0,0.65,0.0,0,1.0,0.5,72.22222222222221,260.0,0.037037037037037035,72.22222222222221,260.0,0.037037037037037035,-9.999999999999998,0.125,1.0,0.5,0.825,Neutral,+73% expected | 0.33 demand | 72% below high | 260% upside | -71% vs launch,"lower highs, 2P new low, unscored",2P is cheaper than current Steam but still above Steam's recorded low; wait for a stronger entry.,False,34.0,-70.58823529411764,35.33,-71.69544296631759,28.57,11,0.0,-1.13,0.0,61,232.42,0.0,0.0,-1.92,5.17,0.0,0.0,0.0,0.0,78187.0,422050.0,3404.0,1421.0,0.00066,0.000497,-8.04,-0.22,-14.64,-3.1,0.000373,0.000712,1.0,0.15,,0.15,0.15,,,0.0,True,-49.999999999999986,-66.66666666666664,0.1,0.0252,,,0.09316770186335403,1.0,0.1177,0.825,9.0,36.0,16.0,10.0,116,321.31,2026-06-05T01:14:16.782000,,,,,,,0,0,0,0,0.0,Natus Vincere,24,6,1.0,"=IMAGE(""https://community.akamai.steamstatic.com/economy/image/i0CoZ81Ui0m-9KwlBY1L_18myuGuq1wfhWSaZgMttyVfPaERSR0Wqmu7LAocGJai0ki7VeTHjMmuOXSQ61MnpNWipUruRiLzz4Ku_nVd7ff4afM4caPEDTbHkuom4bNoTCznxUhx4z-Dn9v6c3_DagN1DowwG7CKlCsznQ"")",https://community.akamai.steamstatic.com/economy/image/i0CoZ81Ui0m-9KwlBY1L_18myuGuq1wfhWSaZgMttyVfPaERSR0Wqmu7LAocGJai0ki7VeTHjMmuOXSQ61MnpNWipUruRiLzz4Ku_nVd7ff4afM4caPEDTbHkuom4bNoTCznxUhx4z-Dn9v6c3_DagN1DowwG7CKlCsznQ,https://cs2tokens.com/iem-cologne-2026/items/sticker-b1t-cologne-2026,Sticker | b1t | Cologne 2026,https://steamcommunity.com/market/listings/730/Sticker%20%7C%20b1t%20%7C%20Cologne%202026,ok,10562.0,5316.0,12.0,iem-cologne-2026,campaign_12,sticker,Autograph,b1t,Natus Vincere,rarity_rare,16a866c43f68
205,51.8,P4,SCORE FIRST,TjP (Gold),Player,Gold,,2518,24.93,596.93,5.91,2P,True,76.29,"2P around $5.91, 76% below Steam",0 until scored,Premium,Expensive,Medium,6.0,0.785,0.3699,0.5381,0.5874,0.4427,-2.34034948371723,0.0,311.955175528076,1.0,2459.07,7216.0,65.10532150776052,-73.62986497220017,0.9204,0.5168,0.0,0.0617,0.65,0.0,0,1.0,0.274,65.10532150776052,186.57664813343922,0.28296703296703296,91.72773566429461,1108.8588558319186,0.0,0.0,0.0,0.3409,0.4195,0.01875,Neutral,+312% expected | 0.52 demand | 2P 76% below Steam | 92% below high | 1109% upside,"lower highs, 2P new low, unscored",Potentially interesting; needs manual score.,False,1848.0,36.25541125541125,1205.0,108.96265560165976,986.75,3,-3.6,1.42,-3.65,57,227.69,-19.99,-49.3,2.81,-9.65,-17.0,-0.1062,0.425,0.5711,700769.0,1066797.0,68876.0,-7062.0,0.001901,0.002469,74.31,0.54,-2.19,-3.99,0.002082,0.0,1.0,5.91,,5.91,5.91,,,0.0,True,76.2936221419976,10.101416496310145,0.1,0.1262,,,0.8695652173913043,0.05,0.5438,0.55,664.0,7216.0,2552.0,2613.0,116,321.31,2026-06-05T01:14:16.782000,,,,,,,0,0,0,0,0.0,TjP,4,1,0.25,"=IMAGE(""https://community.akamai.steamstatic.com/economy/image/i0CoZ81Ui0m-9KwlBY1L_18myuGuq1wfhWSaZgMttyVfPaERSR0Wqmu7LAocGJai0ki7VeTHjMmuOXSQ61MnpNWipUruRiLllIbf-i1X67ysP6ZrcfLFD2PJmOp1tuRoGSy2x0l_6zmBmd2tdnnDOFQkD5RxQ-MCrFDmxUHNs2pX"")",https://community.akamai.steamstatic.com/economy/image/i0CoZ81Ui0m-9KwlBY1L_18myuGuq1wfhWSaZgMttyVfPaERSR0Wqmu7LAocGJai0ki7VeTHjMmuOXSQ61MnpNWipUruRiLllIbf-i1X67ysP6ZrcfLFD2PJmOp1tuRoGSy2x0l_6zmBmd2tdnnDOFQkD5RxQ-MCrFDmxUHNs2pX,https://cs2tokens.com/iem-cologne-2026/items/sticker-tjp-gold-cologne-2026,Sticker | TjP (Gold) | Cologne 2026,https://steamcommunity.com/market/listings/730/Sticker%20%7C%20TjP%20%28Gold%29%20%7C%20Cologne%202026,ok,11153.0,5316.0,12.0,iem-cologne-2026,campaign_12,sticker,Autograph,TjP,,rarity_ancient,b19a6c093abb
206,51.7,P4,SCORE FIRST,Falcons,Team,Paper,Falcons,95,0.94,43.46,0.43,2P,True,54.26,"2P around $0.43, 54% below Steam",0 until scored,Fair,Very Cheap,High,6.0,0.6643,0.3312,0.5863,0.4568,0.4231,21.789473684210535,0.1816,166.2374541003672,1.0,115.7,176.0,46.02272727272727,-32.631578947368425,0.4079,0.4016,0.0,0.0,0.65,0.0,0,1.0,0.345,46.02272727272727,85.26315789473684,0.2767857142857143,75.30826885880077,304.9938800489596,0.0,0.0,0.0,1.0,0.5,0.8387096774193549,Neutral,+166% expected | 0.40 demand | 2P 54% below Steam | 75% below high | 305% upside,"High crowding, lower highs, 2P new low, unscored",Potentially interesting; needs manual score.,False,84.0,13.095238095238093,105.0,-9.523809523809524,109.52,2,1.06,-0.54,1.6,61,232.42,11.76,29.02,-0.89,11.87,0.0,0.0,0.0,0.0,327940.0,599709.0,68407.0,3056.0,0.000874,0.001069,-49.72,0.92,-13.7,-8.45,0.000857,0.001531,1.0,0.43,,0.43,0.43,,,0.0,True,54.255319148936174,32.09773936170212,0.1,0.1589,,,0.90625,0.69,0.651,0.967741935483871,64.0,176.0,126.0,93.67,116,321.31,2026-06-05T01:14:16.782000,,,,,,,0,0,0,0,0.0,Falcons,24,6,1.0,"=IMAGE(""https://community.akamai.steamstatic.com/economy/image/i0CoZ81Ui0m-9KwlBY1L_18myuGuq1wfhWSaZgMttyVfPaERSR0Wqmu7LAocGJai0ki7VeTHjMmuOXSQ61MnpNWipV_mTVOhyMPhrHsM7ff5PaY1dqnGCz_JmLoh4rBsGXq3kUUm5WyBn96sdSiXcEZ-Xf5YaOOq"")",https://community.akamai.steamstatic.com/economy/image/i0CoZ81Ui0m-9KwlBY1L_18myuGuq1wfhWSaZgMttyVfPaERSR0Wqmu7LAocGJai0ki7VeTHjMmuOXSQ61MnpNWipV_mTVOhyMPhrHsM7ff5PaY1dqnGCz_JmLoh4rBsGXq3kUUm5WyBn96sdSiXcEZ-Xf5YaOOq,https://cs2tokens.com/iem-cologne-2026/items/sticker-falcons-cologne-2026,Sticker | Falcons | Cologne 2026,https://steamcommunity.com/market/listings/730/Sticker%20%7C%20Falcons%20%7C%20Cologne%202026,ok,10377.0,5316.0,12.0,iem-cologne-2026,campaign_12,sticker,Team,,Falcons,rarity_rare,3c7175779353
207,51.7,P4,SCORE FIRST,bLitz (Foil),Player,Foil,The MongolZ,34,0.34,34.0,0.34,Steam,False,0.0,Steam around $0.34,0 until scored,Very Cheap,Very Cheap,Medium,6.0,0.5909,0.2879,0.5279,0.3874,0.423,72.97058823529412,0.6081,72.97058823529412,0.6081,58.81,167.0,79.64071856287424,-23.529411764705888,0.2941,0.372,0.0,0.0,0.65,0.0,0,1.0,0.5438,79.64071856287424,391.1764705882353,0.05673758865248227,79.64071856287424,391.1764705882353,0.05673758865248227,-23.529411764705888,0.2941,1.0,0.5438,0.39375,Neutral,+73% expected | 0.37 demand | 80% below high | 391% upside | -80% vs launch,"lower highs, 2P new low, unscored",2P is cheaper than current Steam but still above Steam's recorded low; wait for a stronger entry.,False,167.0,-79.64071856287424,156.67,-78.29833407799833,78.05,8,0.0,-1.07,0.0,60,232.41,3.03,7.47,-1.54,9.27,-7.0,-0.0438,0.175,0.0,182911.0,645156.0,12639.0,431.0,0.001103,0.000151,-77.85,-0.09,-5.32,38.53,0.000819,0.000216,1.0,0.52,,0.52,0.52,,,0.0,True,-52.941176470588225,-100.0,0.1,0.0252,,,0.6583850931677019,1.0,0.4293,0.3875,26.0,167.0,50.5,34.0,116,321.31,2026-06-05T01:14:16.782000,,,,,,,0,0,0,0,0.0,The MongolZ,24,6,1.0,"=IMAGE(""https://raw.githubusercontent.com/ByMykel/counter-strike-image-tracker/main/static/panorama/images/econ/stickers/cologne2026/sig_blitz_foil_png.png"")",https://raw.githubusercontent.com/ByMykel/counter-strike-image-tracker/main/static/panorama/images/econ/stickers/cologne2026/sig_blitz_foil_png.png,https://cs2tokens.com/iem-cologne-2026/items/sticker-blitz-foil-cologne-2026,Sticker | bLitz (Foil) | Cologne 2026,https://steamcommunity.com/market/listings/730/Sticker%20%7C%20bLitz%20%28Foil%29%20%7C%20Cologne%202026,ok,10595.0,5316.0,12.0,iem-cologne-2026,campaign_12,sticker,Autograph,bLitz,The MongolZ,rarity_mythical,9fb77649469d
208,51.6,P4,SCORE FIRST,nota (Foil),Player,Foil,PARIVISION,29,0.29,29.0,0.29,Steam,False,0.0,Steam around $0.29,0 until scored,Very Cheap,Very Cheap,Low,6.0,0.593,0.2916,0.5339,0.4066,0.3871,80.62068965517241,0.6718,80.62068965517241,0.6718,52.38,161.0,81.98757763975155,-24.13793103448276,0.3017,0.1874,0.0,0.0,0.65,0.0,0,1.0,0.5188,81.98757763975155,455.1724137931035,0.050359712230215826,81.98757763975155,455.1724137931035,0.050359712230215826,-24.13793103448276,0.3017,1.0,0.5188,0.25,Neutral,+81% expected | 0.19 demand | 82% below high | 455% upside | -82% vs launch,"lower highs, 2P new low, unscored",2P is cheaper than current Steam but still above Steam's recorded low; wait for a stronger entry.,False,161.0,-81.98757763975155,150.0,-80.66666666666666,46.15,2,0.0,-1.14,-0.0,62,232.41,3.57,8.81,-1.58,4.91,-3.0,-0.0187,0.075,0.0,131790.0,572996.0,5001.0,841.0,0.000803,0.000294,-51.02,0.17,-34.33,-2.27,0.000611,0.000421,1.0,0.53,,0.53,0.53,,,0.0,True,-82.75862068965519,-140.90909090909093,0.1,0.0252,,,0.4906832298136646,1.0,0.2608,0.24375,22.0,161.0,44.5,29.0,116,321.31,2026-06-05T01:14:16.782000,,,,,,,0,0,0,0,0.0,PARIVISION,24,6,1.0,"=IMAGE(""https://community.akamai.steamstatic.com/economy/image/i0CoZ81Ui0m-9KwlBY1L_18myuGuq1wfhWSaZgMttyVfPaERSR0Wqmu7LAocGJai0ki7VeTHjMmuOXSQ61MnpNWipUruRiL_kYLhwiRU5v7gafRuc6eRXj_CxLly6bg6H3u3w04l5jnWnNr8J3jFawQgA8F2RuFbsg74zIPBOr1vsQ"")",https://community.akamai.steamstatic.com/economy/image/i0CoZ81Ui0m-9KwlBY1L_18myuGuq1wfhWSaZgMttyVfPaERSR0Wqmu7LAocGJai0ki7VeTHjMmuOXSQ61MnpNWipUruRiL_kYLhwiRU5v7gafRuc6eRXj_CxLly6bg6H3u3w04l5jnWnNr8J3jFawQgA8F2RuFbsg74zIPBOr1vsQ,https://cs2tokens.com/iem-cologne-2026/items/sticker-nota-foil-cologne-2026,Sticker | nota (Foil) | Cologne 2026,https://steamcommunity.com/market/listings/730/Sticker%20%7C%20nota%20%28Foil%29%20%7C%20Cologne%202026,ok,10619.0,5316.0,12.0,iem-cologne-2026,campaign_12,sticker,Autograph,nota,PARIVISION,rarity_mythical,d948e309bd18
209,51.6,P4,SCORE FIRST,br0,Player,Paper,NRG,5,0.05,5.0,0.05,Steam,False,0.0,Steam around $0.05,0 until scored,Very Cheap,Very Cheap,Low,6.0,0.5139,0.2823,0.5295,0.3472,0.4177,58.00000000000001,0.4833,58.00000000000001,0.4833,7.9,19.0,73.68421052631578,-40.0,0.5,0.5996,0.0,0.0,0.65,0.0,0,1.0,0.5,73.68421052631578,280.0,0.125,73.68421052631578,280.0,0.125,-40.0,0.5,1.0,0.5,0.65625,Demand rising while price soft,+58% expected | 0.60 demand | 74% below high | 280% upside | -74% vs launch,"lower highs, 2P new low, unscored",Potentially interesting; needs manual score.,False,19.0,-73.6842105263158,18.67,-73.21906802356722,66.67,13,0.0,-1.14,0.0,61,232.42,0.0,0.0,-1.81,-2.92,1.0,0.0062,0.0,0.0,118335.0,529064.0,10461.0,-1213.0,0.000735,0.000424,-47.09,0.83,79.15,104.02,0.000529,0.0,,,,,,,,,,,,0.1,0.0,,,0.2732919254658385,1.0,0.3038,0.65625,3.0,19.0,7.0,5.0,116,321.31,2026-06-05T01:14:16.782000,,,,,,,0,0,0,0,0.0,NRG,24,6,1.0,"=IMAGE(""https://community.akamai.steamstatic.com/economy/image/i0CoZ81Ui0m-9KwlBY1L_18myuGuq1wfhWSaZgMttyVfPaERSR0Wqmu7LAocGJai0ki7VeTHjMmuOXSQ61MnpNWipUruRiLzjMau_CZZ7aH2a6A0IanDXjGTw7kk5eU_TSiwlx50sWzVztyqIiqTOg4kXowwG7Cde2oCVw"")",https://community.akamai.steamstatic.com/economy/image/i0CoZ81Ui0m-9KwlBY1L_18myuGuq1wfhWSaZgMttyVfPaERSR0Wqmu7LAocGJai0ki7VeTHjMmuOXSQ61MnpNWipUruRiLzjMau_CZZ7aH2a6A0IanDXjGTw7kk5eU_TSiwlx50sWzVztyqIiqTOg4kXowwG7Cde2oCVw,https://cs2tokens.com/iem-cologne-2026/items/sticker-br0-cologne-2026,Sticker | br0 | Cologne 2026,https://steamcommunity.com/market/listings/730/Sticker%20%7C%20br0%20%7C%20Cologne%202026,ok,11018.0,5316.0,12.0,iem-cologne-2026,campaign_12,sticker,Autograph,br0,NRG,rarity_rare,8a7ad1d772a0
210,51.5,P4,SCORE FIRST,Gaimin Gladiators,Team,Paper,,9,0.09,9.0,0.09,Steam,False,0.0,Steam around $0.09,0 until scored,Very Cheap,Very Cheap,Medium,6.0,0.5795,0.2665,0.502,0.3828,0.4664,48.777777777777786,0.4065,48.777777777777786,0.4065,13.39,26.0,65.38461538461539,-22.22222222222222,0.2778,0.5867,0.0,0.0,0.65,0.0,0,1.0,0.5322,65.38461538461539,188.88888888888889,0.10526315789473684,65.38461538461539,188.88888888888889,0.10526315789473684,-22.22222222222222,0.2778,1.0,0.5322,0.0967741935483871,Demand rising while price soft,+49% expected | 0.59 demand | 65% below high | 189% upside | -55% vs launch,"lower highs, 2P new low, unscored",Potentially interesting; needs manual score.,False,20.0,-55.00000000000001,20.33,-55.73044761436301,136.36,10,0.0,-0.51,0.0,61,232.42,0.0,0.0,-0.7,-12.5,-1.0,-0.0323,0.129,0.0,249805.0,636616.0,13908.0,1460.0,0.001259,0.000511,-7.74,0.48,106.33,176.74,0.001234,0.000731,,,,,,,,,,,,0.1,0.0,,,0.96875,1.0,0.5535,0.0967741935483871,7.0,26.0,13.0,9.0,116,321.31,2026-06-05T01:14:16.782000,,,,,,,0,0,0,0,0.0,Gaimin Gladiators,4,1,0.25,"=IMAGE(""https://community.akamai.steamstatic.com/economy/image/i0CoZ81Ui0m-9KwlBY1L_18myuGuq1wfhWSaZgMttyVfPaERSR0Wqmu7LAocGJai0ki7VeTHjMmuOXSQ61MnpNWipV7mSBC_yZW5_iMD7vetMPw9eaCXVzKRl7t34-QwHC22xRtx4TvSzoqrJ32RbhhgVMX3Wvc4VA"")",https://community.akamai.steamstatic.com/economy/image/i0CoZ81Ui0m-9KwlBY1L_18myuGuq1wfhWSaZgMttyVfPaERSR0Wqmu7LAocGJai0ki7VeTHjMmuOXSQ61MnpNWipV7mSBC_yZW5_iMD7vetMPw9eaCXVzKRl7t34-QwHC22xRtx4TvSzoqrJ32RbhhgVMX3Wvc4VA,https://cs2tokens.com/iem-cologne-2026/items/sticker-gaimin-gladiators-cologne-2026,Sticker | Gaimin Gladiators | Cologne 2026,https://steamcommunity.com/market/listings/730/Sticker%20%7C%20Gaimin%20Gladiators%20%7C%20Cologne%202026,ok,10477.0,5316.0,12.0,iem-cologne-2026,campaign_12,sticker,Team,,,rarity_rare,49ef9156e01d
211,51.2,P4,SCORE FIRST,Mercury,Player,Paper,TYLOO,4,0.04,4.0,0.04,Steam,False,0.0,Steam around $0.04,0 until scored,Very Cheap,Very Cheap,Medium,6.0,0.6236,0.2976,0.539,0.4173,0.424,110.99999999999999,0.925,110.99999999999999,0.925,8.44,19.0,78.94736842105263,0.0,0.0,0.1466,0.0,0.0,0.65,0.0,0,1.0,0.5375,78.94736842105263,375.0,0.0,78.94736842105263,375.0,0.0,0.0,0.0,1.0,0.5375,0.5625,"Floor + prior bounce, but lower highs",+111% expected | 0.15 demand | 79% below high | 375% upside | -79% vs launch,"lower highs, 2P new low, unscored",Potentially interesting; needs manual score.,False,19.0,-78.94736842105263,18.33,-78.17785051827605,114.29,13,0.0,-0.91,0.0,61,232.42,0.0,0.0,-1.52,11.54,-6.0,-0.0375,0.15,0.0,199443.0,670760.0,19523.0,-26.0,0.0011,9e-06,-98.72,0.11,-34.83,-71.39,0.000996,0.0,,,,,,,,,,,,0.1,0.0,,,0.7639751552795031,1.0,0.5498,0.5625,4.0,19.0,8.0,4.0,116,321.31,2026-06-05T01:14:16.782000,,,,,,,0,0,0,0,0.0,TYLOO,24,6,1.0,"=IMAGE(""https://community.akamai.steamstatic.com/economy/image/i0CoZ81Ui0m-9KwlBY1L_18myuGuq1wfhWSaZgMttyVfPaERSR0Wqmu7LAocGJai0ki7VeTHjMmuOXSQ61MnpNWipUruRiL8m4Tj6DBCoaGqOvw0JKOQWzKVmOt1tbdtGSvhlE126mqGmY2scSrFbQVzD8RxF-8U8k7vKlt7Wsg"")",https://community.akamai.steamstatic.com/economy/image/i0CoZ81Ui0m-9KwlBY1L_18myuGuq1wfhWSaZgMttyVfPaERSR0Wqmu7LAocGJai0ki7VeTHjMmuOXSQ61MnpNWipUruRiL8m4Tj6DBCoaGqOvw0JKOQWzKVmOt1tbdtGSvhlE126mqGmY2scSrFbQVzD8RxF-8U8k7vKlt7Wsg,https://cs2tokens.com/iem-cologne-2026/items/sticker-mercury-cologne-2026,Sticker | Mercury | Cologne 2026,https://steamcommunity.com/market/listings/730/Sticker%20%7C%20Mercury%20%7C%20Cologne%202026,ok,11034.0,5316.0,12.0,iem-cologne-2026,campaign_12,sticker,Autograph,Mercury,TYLOO,rarity_rare,5322d481cb12
212,51.0,P4,SCORE FIRST,lauNX,Player,Paper,,4,0.04,4.0,0.04,Steam,False,0.0,Steam around $0.04,0 until scored,Very Cheap,Very Cheap,Medium,6.0,0.5981,0.284,0.5339,0.3693,0.5279,87.00000000000001,0.725,87.00000000000001,0.725,7.48,26.0,84.61538461538461,-25.0,0.3125,0.1961,0.0,0.0,0.65,0.0,0,1.0,0.5,84.61538461538461,550.0,0.043478260869565216,84.61538461538461,550.0,0.043478260869565216,-25.0,0.3125,1.0,0.5,0.39375,"Floor + prior bounce, but lower highs",+87% expected | 0.20 demand | 85% below high | 550% upside | -85% vs launch,"lower highs, 2P new low, unscored",Potentially interesting; needs manual score.,False,26.0,-84.61538461538461,25.0,-84.0,100.0,16,0.0,-1.55,0.0,61,232.42,33.33,82.22,-2.45,15.0,46.0,0.2875,0.0,0.0,119183.0,689900.0,12560.0,765.0,0.001084,0.000268,-69.31,-0.09,-23.48,-38.26,0.00065,0.000383,,,,,,,,,,,,0.1,0.0,,,0.7888198757763976,1.0,0.5227,0.39375,3.0,26.0,5.0,4.0,116,321.31,2026-06-05T01:14:16.782000,,,,,,,0,0,0,0,0.0,lauNX,4,1,0.25,"=IMAGE(""https://community.akamai.steamstatic.com/economy/image/i0CoZ81Ui0m-9KwlBY1L_18myuGuq1wfhWSaZgMttyVfPaERSR0Wqmu7LAocGJai0ki7VeTHjMmuOXSQ61MnpNWipUruRiL9n4Pu5WwKuqOsMKVpdvPKXDLAkusu4Lk5HXvnlE4k4TjVzYn4JyqRa1QjDZIlW6dU5TEpKbyx"")",https://community.akamai.steamstatic.com/economy/image/i0CoZ81Ui0m-9KwlBY1L_18myuGuq1wfhWSaZgMttyVfPaERSR0Wqmu7LAocGJai0ki7VeTHjMmuOXSQ61MnpNWipUruRiL9n4Pu5WwKuqOsMKVpdvPKXDLAkusu4Lk5HXvnlE4k4TjVzYn4JyqRa1QjDZIlW6dU5TEpKbyx,https://cs2tokens.com/iem-cologne-2026/items/sticker-launx-cologne-2026,Sticker | lauNX | Cologne 2026,https://steamcommunity.com/market/listings/730/Sticker%20%7C%20lauNX%20%7C%20Cologne%202026,ok,10698.0,5316.0,12.0,iem-cologne-2026,campaign_12,sticker,Autograph,lauNX,,rarity_rare,5e5590d9648f
213,50.9,P4,SCORE FIRST,Mercury (Foil),Player,Foil,TYLOO,41,0.41,41.0,0.41,Steam,False,0.0,Steam around $0.41,0 until scored,Very Cheap,Very Cheap,Low,6.0,0.5583,0.2963,0.5226,0.3997,0.3893,73.82926829268293,0.6152,73.82926829268293,0.6152,71.27,147.0,72.10884353741497,-12.195121951219512,0.1524,0.1585,0.0,0.0,0.65,0.0,0,1.0,0.5438,72.10884353741497,258.5365853658537,0.04504504504504504,72.10884353741497,258.5365853658537,0.04504504504504504,-12.195121951219512,0.1524,1.0,0.5438,0.525,Neutral,+74% expected | 0.16 demand | 72% below high | 259% upside | -72% vs launch,"lower highs, 2P new low, unscored",2P is cheaper than current Steam but still above Steam's recorded low; wait for a stronger entry.,False,147.0,-72.10884353741497,142.0,-71.12676056338027,62.9,9,0.0,-0.8,0.0,60,232.41,7.89,19.47,-0.89,9.25,-7.0,-0.0437,0.175,0.0,140373.0,506840.0,9056.0,834.0,0.000852,0.000292,19.34,0.11,-55.68,-60.93,0.000654,0.000418,7.0,1.32,1.32,1.32,1.32,0.0,-1.77394835167546e-15,0.0,True,-221.9512195121952,-266.6666666666667,0.0,0.135,,1.32,0.2484472049689441,1.0,0.2395,0.51875,36.0,147.0,76.0,41.0,116,321.31,2026-06-05T01:14:16.782000,,,,,,,0,0,0,0,0.0,TYLOO,24,6,1.0,"=IMAGE(""https://community.akamai.steamstatic.com/economy/image/i0CoZ81Ui0m-9KwlBY1L_18myuGuq1wfhWSaZgMttyVfPaERSR0Wqmu7LAocGJai0ki7VeTHjMmuOXSQ61MnpNWipUruRiL8m4Tj6DBC0PShYagjIaHCCDDBl7dzteI9Fiy1wkR3527Uw934JSqQbQJxDMZxE7IM4EK5xMqnab2BWy97FA"")",https://community.akamai.steamstatic.com/economy/image/i0CoZ81Ui0m-9KwlBY1L_18myuGuq1wfhWSaZgMttyVfPaERSR0Wqmu7LAocGJai0ki7VeTHjMmuOXSQ61MnpNWipUruRiL8m4Tj6DBC0PShYagjIaHCCDDBl7dzteI9Fiy1wkR3527Uw934JSqQbQJxDMZxE7IM4EK5xMqnab2BWy97FA,https://cs2tokens.com/iem-cologne-2026/items/sticker-mercury-foil-cologne-2026,Sticker | Mercury (Foil) | Cologne 2026,https://steamcommunity.com/market/listings/730/Sticker%20%7C%20Mercury%20%28Foil%29%20%7C%20Cologne%202026,ok,11035.0,5316.0,12.0,iem-cologne-2026,campaign_12,sticker,Autograph,Mercury,TYLOO,rarity_mythical,8568712d51a9
214,50.9,P4,SCORE FIRST,GamerLegion,Team,Paper,GamerLegion,27,0.27,27.0,0.27,Steam,False,0.0,Steam around $0.27,0 until scored,Very Cheap,Very Cheap,Low,6.0,0.5225,0.2742,0.5048,0.3602,0.4307,50.370370370370374,0.4198,50.370370370370374,0.4198,40.6,68.0,60.29411764705882,-11.111111111111116,0.1389,0.4339,0.0,0.0,0.65,0.0,0,1.0,0.5,60.29411764705882,151.85185185185185,0.06818181818181818,60.29411764705882,151.85185185185185,0.06818181818181818,-11.111111111111116,0.1389,1.0,0.5,0.6129032258064516,"Floor + prior bounce, but lower highs",+50% expected | 0.43 demand | 60% below high | 152% upside | -27% vs launch,"lower highs, 2P new low, unscored",2P is cheaper than current Steam but still above Steam's recorded low; wait for a stronger entry.,False,37.0,-27.027027027027028,43.33,-37.687514424186475,83.78,8,0.0,-0.75,-0.0,61,232.42,3.85,9.49,-1.22,5.84,0.0,0.0,0.0,0.0,149067.0,392563.0,18296.0,1861.0,0.000489,0.000651,111.04,0.7,1.5,25.87,0.000294,0.000932,1.0,0.32,,0.32,0.32,,,0.0,True,-18.518518518518512,-33.33333333333334,0.1,0.0252,,,0.15625,1.0,0.2542,0.6129032258064516,24.0,68.0,48.0,27.0,116,321.31,2026-06-05T01:14:16.782000,,,,,,,0,0,0,0,0.0,GamerLegion,24,6,1.0,"=IMAGE(""https://community.akamai.steamstatic.com/economy/image/i0CoZ81Ui0m-9KwlBY1L_18myuGuq1wfhWSaZgMttyVfPaERSR0Wqmu7LAocGJai0ki7VeTHjMmuOXSQ61MnpNWipV7rDx7wyM-yrXpat_SqP6I9cqHBCGaWkuon4OBvSnG2lxtxsTiGzo77d36JLlh3CtRKAXA"")",https://community.akamai.steamstatic.com/economy/image/i0CoZ81Ui0m-9KwlBY1L_18myuGuq1wfhWSaZgMttyVfPaERSR0Wqmu7LAocGJai0ki7VeTHjMmuOXSQ61MnpNWipV7rDx7wyM-yrXpat_SqP6I9cqHBCGaWkuon4OBvSnG2lxtxsTiGzo77d36JLlh3CtRKAXA,https://cs2tokens.com/iem-cologne-2026/items/sticker-gamerlegion-cologne-2026,Sticker | GamerLegion | Cologne 2026,https://steamcommunity.com/market/listings/730/Sticker%20%7C%20GamerLegion%20%7C%20Cologne%202026,ok,10433.0,5316.0,12.0,iem-cologne-2026,campaign_12,sticker,Team,,GamerLegion,rarity_rare,4c5e3a5b589e
215,50.8,P4,SCORE FIRST,MoDo,Player,Paper,,4,0.04,4.0,0.04,Steam,False,0.0,Steam around $0.04,0 until scored,Very Cheap,Very Cheap,Low,6.0,0.5741,0.2873,0.5304,0.3837,0.3478,84.74999999999999,0.7062,84.74999999999999,0.7062,7.39,22.0,81.81818181818183,-25.0,0.3125,0.3116,0.0,0.0,0.65,0.0,0,1.0,0.5188,81.81818181818183,450.0,0.05263157894736842,81.81818181818183,450.0,0.05263157894736842,-25.0,0.3125,1.0,0.5188,0.5375,Neutral,+85% expected | 0.31 demand | 82% below high | 450% upside | -81% vs launch,"lower highs, 2P new low, unscored",Potentially interesting; needs manual score.,False,21.0,-80.95238095238095,21.0,-80.95238095238095,40.0,14,0.0,-1.42,0.0,61,232.42,0.0,0.0,-2.38,-13.64,-3.0,-0.0188,0.075,0.0,114241.0,591480.0,5645.0,643.0,0.000955,0.000225,-66.62,-0.29,-6.48,-20.33,0.000569,0.000322,,,,,,,,,,,,0.1,0.0,,,0.5217391304347826,1.0,0.3324,0.5375,3.0,22.0,5.0,4.0,116,321.31,2026-06-05T01:14:16.782000,,,,,,,0,0,0,0,0.0,MoDo,4,1,0.25,"=IMAGE(""https://community.akamai.steamstatic.com/economy/image/i0CoZ81Ui0m-9KwlBY1L_18myuGuq1wfhWSaZgMttyVfPaERSR0Wqmu7LAocGJai0ki7VeTHjMmuOXSQ61MnpNWipUruRiL8kZLvs3peuqT5OaI6JfXLCzPFxO1y5rc4HHrrlx90tm-DzoutcXORalckCcFuBbld9hFszyY"")",https://community.akamai.steamstatic.com/economy/image/i0CoZ81Ui0m-9KwlBY1L_18myuGuq1wfhWSaZgMttyVfPaERSR0Wqmu7LAocGJai0ki7VeTHjMmuOXSQ61MnpNWipUruRiL8kZLvs3peuqT5OaI6JfXLCzPFxO1y5rc4HHrrlx90tm-DzoutcXORalckCcFuBbld9hFszyY,https://cs2tokens.com/iem-cologne-2026/items/sticker-modo-cologne-2026,Sticker | MoDo | Cologne 2026,https://steamcommunity.com/market/listings/730/Sticker%20%7C%20MoDo%20%7C%20Cologne%202026,ok,11002.0,5316.0,12.0,iem-cologne-2026,campaign_12,sticker,Autograph,MoDo,,rarity_rare,af6632e2e9b1
216,50.7,P4,SCORE FIRST,blameF (Foil),Player,Foil,BIG,29,0.29,29.0,0.29,Steam,False,0.0,Steam around $0.29,0 until scored,Very Cheap,Very Cheap,Low,6.0,0.5588,0.2766,0.5204,0.3686,0.4426,66.75862068965517,0.5563,66.75862068965517,0.5563,48.36,133.0,78.19548872180451,-34.48275862068966,0.431,0.2859,0.0,0.0,0.65,0.0,0,1.0,0.5,78.19548872180451,358.62068965517244,0.08771929824561403,78.19548872180451,358.62068965517244,0.08771929824561403,-34.48275862068966,0.431,1.0,0.5,0.2625,Neutral,+67% expected | 0.29 demand | 78% below high | 359% upside | -78% vs launch,"lower highs, 2P new low, unscored",2P is cheaper than current Steam but still above Steam's recorded low; wait for a stronger entry.,False,130.0,-77.6923076923077,126.33,-77.04424918863295,47.37,7,3.57,-1.26,1.76,60,232.41,20.83,51.39,-1.9,23.42,5.0,0.0312,0.0,0.0,131164.0,534280.0,8844.0,3708.0,0.000827,0.001297,280.85,1.15,-26.76,-21.86,0.00059,0.001857,1.0,4.31,,4.31,4.31,,,0.0,True,-1386.206896551724,-2168.4210526315787,0.1,0.0252,4.31,,0.34782608695652173,1.0,0.3108,0.25625,19.0,133.0,44.0,28.33,116,321.31,2026-06-05T01:14:16.782000,,,,,,,0,0,0,0,0.0,BIG,24,6,1.0,"=IMAGE(""https://community.akamai.steamstatic.com/economy/image/i0CoZ81Ui0m-9KwlBY1L_18myuGuq1wfhWSaZgMttyVfPaERSR0Wqmu7LAocGJai0ki7VeTHjMmuOXSQ61MnpNWipUruRiLzkpft-CRk6f2nZOo0eaHLW2XCkeh047VsS3GyxkUm5GjWmdf_JHOUbFAkDcB4TOULsBi5jJS5YO_B_SN4"")",https://community.akamai.steamstatic.com/economy/image/i0CoZ81Ui0m-9KwlBY1L_18myuGuq1wfhWSaZgMttyVfPaERSR0Wqmu7LAocGJai0ki7VeTHjMmuOXSQ61MnpNWipUruRiLzkpft-CRk6f2nZOo0eaHLW2XCkeh047VsS3GyxkUm5GjWmdf_JHOUbFAkDcB4TOULsBi5jJS5YO_B_SN4,https://cs2tokens.com/iem-cologne-2026/items/sticker-blamef-foil-cologne-2026,Sticker | blameF (Foil) | Cologne 2026,https://steamcommunity.com/market/listings/730/Sticker%20%7C%20blameF%20%28Foil%29%20%7C%20Cologne%202026,ok,10947.0,5316.0,12.0,iem-cologne-2026,campaign_12,sticker,Autograph,blameF,BIG,rarity_mythical,12f02368d715
217,50.6,P4,SCORE FIRST,REZ,Player,Paper,GamerLegion,4,0.04,4.0,0.04,Steam,False,0.0,Steam around $0.04,0 until scored,Very Cheap,Very Cheap,Medium,6.0,0.5722,0.2779,0.5232,0.3581,0.4888,75.25,0.6271,75.25,0.6271,7.01,22.0,81.81818181818183,-25.0,0.3125,0.2516,0.0,0.0,0.65,0.0,0,1.0,0.5,81.81818181818183,450.0,0.05263157894736842,81.81818181818183,450.0,0.05263157894736842,-25.0,0.3125,1.0,0.5,0.45,Neutral,+75% expected | 0.25 demand | 82% below high | 450% upside | -82% vs launch,"lower highs, 2P new low, unscored",Potentially interesting; needs manual score.,False,22.0,-81.81818181818181,21.33,-81.24706985466479,75.0,14,0.0,-1.28,0.0,61,232.42,33.33,82.22,-2.15,-0.0,44.0,0.275,0.0,0.0,116475.0,635398.0,6882.0,1157.0,0.001049,0.000405,-54.44,-0.28,-18.71,-29.01,0.000653,0.000579,,,,,,,,,,,,0.1,0.0,,,0.6521739130434783,1.0,0.4279,0.45,3.0,22.0,5.0,4.0,116,321.31,2026-06-05T01:14:16.782000,,,,,,,0,0,0,0,0.0,GamerLegion,24,6,1.0,"=IMAGE(""https://community.akamai.steamstatic.com/economy/image/i0CoZ81Ui0m-9KwlBY1L_18myuGuq1wfhWSaZgMttyVfPaERSR0Wqmu7LAocGJai0ki7VeTHjMmuOXSQ61MnpNWipUruRiLjm4yu-CNYvvT7OfI5JPaVXGTBx7dwtbBqSy_kxEtz4znSw9egeSnGaVNzXowwG7Bl_aDY_A"")",https://community.akamai.steamstatic.com/economy/image/i0CoZ81Ui0m-9KwlBY1L_18myuGuq1wfhWSaZgMttyVfPaERSR0Wqmu7LAocGJai0ki7VeTHjMmuOXSQ61MnpNWipUruRiLjm4yu-CNYvvT7OfI5JPaVXGTBx7dwtbBqSy_kxEtz4znSw9egeSnGaVNzXowwG7Bl_aDY_A,https://cs2tokens.com/iem-cologne-2026/items/sticker-rez-cologne-2026,Sticker | REZ | Cologne 2026,https://steamcommunity.com/market/listings/730/Sticker%20%7C%20REZ%20%7C%20Cologne%202026,ok,10858.0,5316.0,12.0,iem-cologne-2026,campaign_12,sticker,Autograph,REZ,GamerLegion,rarity_rare,515a704c7081
218,50.5,P4,SCORE FIRST,Boombl4 (Gold),Player,Gold,BetBoom,5818,57.6,1012.09,10.02,2P,True,82.6,"2P around $10.02, 83% below Steam",0 until scored,Premium,Premium,Medium,6.0,0.7705,0.3537,0.4967,0.5648,0.469,-5.563251976624272,0.0,442.86992875713,1.0,5494.33,14561.0,60.04395302520431,-62.117566173942926,0.7765,0.495,0.0,0.0617,0.65,0.0,0,1.0,0.2054,60.04395302520431,150.27500859401854,0.29246580885328155,93.04931266167617,1338.7066362290889,0.0,0.0,0.0,0.05,0.2054,0.11875,Neutral,+443% expected | 0.49 demand | 2P 83% below Steam | 93% below high | 1339% upside,"lower highs, 2P new low, unscored",Potentially interesting; needs manual score.,False,2912.0,99.79395604395604,4834.33,20.34759728855913,560.66,2,-3.61,1.22,-3.66,57,227.69,-20.01,-49.34,1.54,-12.01,-6.0,-0.0375,0.15,0.5716,553196.0,977092.0,71400.0,-7062.0,0.001611,0.002469,11.31,0.84,-2.19,-3.99,0.00178,0.0,1.0,10.02,,10.02,10.02,,,0.0,True,82.60416666666666,54.079419993950395,0.1,0.196,,,0.7391304347826086,0.05,0.4869,0.875,2204.0,14561.0,4122.0,6038.0,116,321.31,2026-06-05T01:14:16.782000,,,,,,,0,0,0,0,0.0,BetBoom,24,6,1.0,"=IMAGE(""https://community.akamai.steamstatic.com/economy/image/i0CoZ81Ui0m-9KwlBY1L_18myuGuq1wfhWSaZgMttyVfPaERSR0Wqmu7LAocGJai0ki7VeTHjMmuOXSQ61MnpNWipUruRiLzkZnt_y4P0PWhZKAjJafHXjOUkO90tbJrSnq3lxwktjvdnt2rJ3uQPQUnC5p5Ru9bskPtm8qnab1FVEAtxQ"")",https://community.akamai.steamstatic.com/economy/image/i0CoZ81Ui0m-9KwlBY1L_18myuGuq1wfhWSaZgMttyVfPaERSR0Wqmu7LAocGJai0ki7VeTHjMmuOXSQ61MnpNWipUruRiLzkZnt_y4P0PWhZKAjJafHXjOUkO90tbJrSnq3lxwktjvdnt2rJ3uQPQUnC5p5Ru9bskPtm8qnab1FVEAtxQ,https://cs2tokens.com/iem-cologne-2026/items/sticker-boombl4-gold-cologne-2026,Sticker | Boombl4 (Gold) | Cologne 2026,https://steamcommunity.com/market/listings/730/Sticker%20%7C%20Boombl4%20%28Gold%29%20%7C%20Cologne%202026,ok,10917.0,5316.0,12.0,iem-cologne-2026,campaign_12,sticker,Autograph,Boombl4,BetBoom,rarity_ancient,db4e192e884d
219,50.5,P4,SCORE FIRST,venomzera,Player,Paper,MIBR,4,0.04,4.0,0.04,Steam,False,0.0,Steam around $0.04,0 until scored,Very Cheap,Very Cheap,Medium,6.0,0.5307,0.2667,0.5159,0.3079,0.5437,51.75000000000001,0.4313,51.75000000000001,0.4313,6.07,19.0,78.94736842105263,-50.0,0.625,0.5827,0.0,0.0,0.65,0.0,0,1.0,0.5,78.94736842105263,375.0,0.11764705882352941,78.94736842105263,375.0,0.11764705882352941,-50.0,0.625,1.0,0.5,0.5125,"Floor + prior bounce, but lower highs",+52% expected | 0.58 demand | 79% below high | 375% upside | -79% vs launch,"lower highs, 2P new low, unscored",Potentially interesting; needs manual score.,False,19.0,-78.94736842105263,17.67,-77.36276174306735,100.0,9,0.0,-1.26,13.64,65,232.42,33.33,82.22,-1.86,15.0,41.0,0.2562,0.0,0.0,149996.0,620867.0,20786.0,20786.0,0.000935,0.007268,651.16,1.48,6.79,-6.26,0.000696,0.010411,,,,,,,,,,,,0.1,0.0,,,0.6211180124223602,1.0,0.541,0.5125,2.0,19.0,4.5,3.67,116,321.31,2026-06-05T01:14:16.782000,,,,,,,0,0,0,0,0.0,MIBR,24,6,1.0,"=IMAGE(""https://community.akamai.steamstatic.com/economy/image/i0CoZ81Ui0m-9KwlBY1L_18myuGuq1wfhWSaZgMttyVfPaERSR0Wqmu7LAocGJai0ki7VeTHjMmuOXSQ61MnpNWipUruRiLnm5jv8Dhe_fPgbPFsIqSQDz6Tkrkk5-I8H3G3xU5x5m_Tydz6c3KTOFQlXJtzROBeuw74zINfqW0img"")",https://community.akamai.steamstatic.com/economy/image/i0CoZ81Ui0m-9KwlBY1L_18myuGuq1wfhWSaZgMttyVfPaERSR0Wqmu7LAocGJai0ki7VeTHjMmuOXSQ61MnpNWipUruRiLnm5jv8Dhe_fPgbPFsIqSQDz6Tkrkk5-I8H3G3xU5x5m_Tydz6c3KTOFQlXJtzROBeuw74zINfqW0img,https://cs2tokens.com/iem-cologne-2026/items/sticker-venomzera-cologne-2026,Sticker | venomzera | Cologne 2026,https://steamcommunity.com/market/listings/730/Sticker%20%7C%20venomzera%20%7C%20Cologne%202026,ok,10986.0,5316.0,12.0,iem-cologne-2026,campaign_12,sticker,Autograph,venomzera,MIBR,rarity_rare,7b92f912fb66
220,50.4,P4,SCORE FIRST,snow (Foil),Player,Foil,paiN Gaming,35,0.35,35.0,0.35,Steam,False,0.0,Steam around $0.35,0 until scored,Very Cheap,Very Cheap,High,6.0,0.5701,0.2829,0.5155,0.3502,0.5135,72.77142857142857,0.6064,72.77142857142857,0.6064,60.47,150.0,76.66666666666667,-40.0,0.5,0.4341,0.0528,0.0,0.65,0.0,0,1.0,0.6324,76.66666666666667,328.57142857142856,0.10852713178294573,76.66666666666667,328.57142857142856,0.10852713178294573,-40.0,0.5,1.0,0.6324,0.4375,"Floor + prior bounce, but lower highs",+73% expected | 0.43 demand | 77% below high | 329% upside | -77% vs launch,"High crowding, lower highs, 2P new low, unscored",2P is cheaper than current Steam but still above Steam's recorded low; wait for a stronger entry.,False,150.0,-76.66666666666666,142.33,-75.40926017002741,257.14,5,0.0,-0.73,-1.42,60,232.41,-5.41,-13.33,-0.69,-14.19,-15.0,-0.0938,0.375,0.1544,395498.0,983962.0,25615.0,-2164.0,0.001996,0.000757,45.56,0.21,6.93,-77.77,0.001811,0.0,1.0,1.23,,1.23,1.23,,,0.0,True,-251.42857142857147,-485.7142857142858,0.1,0.0252,,,0.9503105590062112,1.0,0.657,0.43125,21.0,150.0,51.5,35.33,116,321.31,2026-06-05T01:14:16.782000,,,,,,,0,0,0,0,0.0,paiN Gaming,24,6,1.0,"=IMAGE(""https://raw.githubusercontent.com/ByMykel/counter-strike-image-tracker/main/static/panorama/images/econ/stickers/cologne2026/sig_snow_foil_png.png"")",https://raw.githubusercontent.com/ByMykel/counter-strike-image-tracker/main/static/panorama/images/econ/stickers/cologne2026/sig_snow_foil_png.png,https://cs2tokens.com/iem-cologne-2026/items/sticker-snow-foil-cologne-2026,Sticker | snow (Foil) | Cologne 2026,https://steamcommunity.com/market/listings/730/Sticker%20%7C%20snow%20%28Foil%29%20%7C%20Cologne%202026,ok,10803.0,5316.0,12.0,iem-cologne-2026,campaign_12,sticker,Autograph,snow,paiN Gaming,rarity_mythical,60cbddb65646
221,50.3,P4,SCORE FIRST,TYLOO (Gold),Team,Gold,TYLOO,79761,789.63,3811.13,37.73,2P,True,95.22,"2P around $37.73, 95% below Steam",0 until scored,Premium,Premium,Medium,6.0,0.7654,0.3511,0.5202,0.5664,0.3522,-52.57708654605635,0.0,892.4875470616889,1.0,37824.99,108073.0,26.197107510664086,-94.99379395945387,1.0,0.7152,0.0,0.0,0.65,0.0,0,1.0,0.025,26.197107510664086,35.49604443274281,0.727978478093774,96.47355959927732,2735.720688190477,0.0,0.0,0.0,0.05,0.025,0.3225806451612903,Neutral,+892% expected | 0.72 demand | 2P 95% below Steam | 96% below high | 2736% upside,"lower highs, 2P new low, unscored",Potentially interesting; needs manual score.,False,11127.0,616.8239417632785,7639.0,944.1288126718156,2606.56,5,-0.75,2.8,-0.57,57,227.69,1.4,3.46,6.01,1.2,2.0,0.0645,0.0,0.0,886356.0,1143449.0,230031.0,-1141.0,0.001595,0.000399,-74.21,0.9,52.47,-1.1,0.003458,0.0,1.0,37.73,,37.73,37.73,,,0.0,True,95.2218127477426,4.55472240738758,0.1,0.1151,,,0.4375,0.05,0.3733,0.967741935483871,3993.0,108073.0,7100.5,80268.0,116,321.31,2026-06-05T01:14:16.782000,,,,,,,0,0,0,0,0.0,TYLOO,24,6,1.0,"=IMAGE(""https://community.akamai.steamstatic.com/economy/image/i0CoZ81Ui0m-9KwlBY1L_18myuGuq1wfhWSaZgMttyVfPaERSR0Wqmu7LAocGJai0ki7VeTHjMmuOXSQ61MnpNWipU3-TSL2kZrks3sKvqKtafA_caKXXGHCxOsktrY9SS_nwEgh4WXUydepeX7DPQYmWcRuBbldia-hnm4"")",https://community.akamai.steamstatic.com/economy/image/i0CoZ81Ui0m-9KwlBY1L_18myuGuq1wfhWSaZgMttyVfPaERSR0Wqmu7LAocGJai0ki7VeTHjMmuOXSQ61MnpNWipU3-TSL2kZrks3sKvqKtafA_caKXXGHCxOsktrY9SS_nwEgh4WXUydepeX7DPQYmWcRuBbldia-hnm4,https://cs2tokens.com/iem-cologne-2026/items/sticker-tyloo-gold-cologne-2026,Sticker | TYLOO (Gold) | Cologne 2026,https://steamcommunity.com/market/listings/730/Sticker%20%7C%20TYLOO%20%28Gold%29%20%7C%20Cologne%202026,ok,10472.0,5316.0,12.0,iem-cologne-2026,campaign_12,sticker,Team,,TYLOO,rarity_ancient,fd2bbc66e853
222,50.3,P4,SCORE FIRST,910 (Foil),Player,Foil,The MongolZ,82,0.81,74.91,0.74,UUSkins,True,8.64,"UUSkins around $0.74, 9% below Steam",0 until scored,Cheap,Cheap,Low,6.0,0.5603,0.296,0.5347,0.3941,0.3796,84.3780487804878,0.7032,101.81921555702047,0.8485,151.19,260.0,68.46153846153847,-20.731707317073166,0.2591,0.1894,0.0,0.0,0.65,0.0,0,1.0,0.502,68.46153846153847,217.07317073170734,0.08717948717948718,71.18708452041786,247.06657877389588,0.05083887306109522,-13.233355306526029,0.1654,0.9863,0.5119,0.75,Neutral,+102% expected | 0.19 demand | UUSkins 9% below Steam | 71% below high | 247% upside,"lower highs, 2P new low, unscored",Potentially interesting; needs manual score.,False,243.0,-66.2551440329218,238.67,-65.64293794779402,64.56,6,1.23,-0.79,0.61,60,232.41,6.49,16.02,-0.75,14.4,-3.0,-0.0187,0.075,0.0,182195.0,534857.0,12181.0,1107.0,0.000925,0.000387,2.28,0.64,-36.37,-33.85,0.000699,0.000554,1.0,0.74,,0.74,0.74,,,0.0,True,8.641975308641982,-15.25166191832856,0.1,0.0622,150.0,0.74,0.35403726708074534,0.9664,0.3346,0.7375,65.0,260.0,177.0,81.33,116,321.31,2026-06-05T01:14:16.782000,,,,,,,0,0,0,0,0.0,The MongolZ,24,6,1.0,"=IMAGE(""https://community.akamai.steamstatic.com/economy/image/i0CoZ81Ui0m-9KwlBY1L_18myuGuq1wfhWSaZgMttyVfPaERSR0Wqmu7LAocGJai0ki7VeTHjMmuOXSQ61MnpNWipUruRiKoz8bf-y1S47z8OfA9IqjEXmPGx7omtbQ6HHjnzB904m_WwtytJy7FOwBzXpN4QuIIrFDmxeKtcKDt"")",https://community.akamai.steamstatic.com/economy/image/i0CoZ81Ui0m-9KwlBY1L_18myuGuq1wfhWSaZgMttyVfPaERSR0Wqmu7LAocGJai0ki7VeTHjMmuOXSQ61MnpNWipUruRiKoz8bf-y1S47z8OfA9IqjEXmPGx7omtbQ6HHjnzB904m_WwtytJy7FOwBzXpN4QuIIrFDmxeKtcKDt,https://cs2tokens.com/iem-cologne-2026/items/sticker-910-foil-cologne-2026,Sticker | 910 (Foil) | Cologne 2026,https://steamcommunity.com/market/listings/730/Sticker%20%7C%20910%20%28Foil%29%20%7C%20Cologne%202026,ok,10611.0,5316.0,12.0,iem-cologne-2026,campaign_12,sticker,Autograph,910,The MongolZ,rarity_mythical,79aadfeaebb2
223,50.3,P4,SCORE FIRST,Moseyuh (Foil),Player,Foil,TYLOO,46,0.46,46.0,0.46,Steam,False,0.0,Steam around $0.46,0 until scored,Very Cheap,Very Cheap,Low,6.0,0.5457,0.2888,0.508,0.3868,0.3708,61.34782608695652,0.5112,61.34782608695652,0.5112,74.22,155.0,70.3225806451613,-6.521739130434778,0.0815,0.1914,0.0,0.0,0.65,0.0,0,1.0,0.55,70.3225806451613,236.9565217391304,0.026785714285714284,70.3225806451613,236.9565217391304,0.026785714285714284,-6.521739130434778,0.0815,1.0,0.55,0.58125,Neutral,+61% expected | 0.19 demand | 70% below high | 237% upside | -70% vs launch,"lower highs, 2P new low, unscored",2P is cheaper than current Steam but still above Steam's recorded low; wait for a stronger entry.,False,153.0,-69.93464052287581,147.0,-68.70748299319727,62.12,10,0.0,-0.72,-0.0,60,232.41,2.22,5.48,-0.77,5.63,-8.0,-0.05,0.2,0.0,132441.0,455307.0,13965.0,95.0,0.00077,3.3e-05,-92.34,-0.35,-44.73,16.13,0.000599,4.8e-05,7.0,1.47,1.47,1.47,1.47,0.0,1.7214980639882654e-15,0.0,True,-219.56521739130434,-241.86046511627904,0.0,0.135,,1.47,0.11801242236024845,1.0,0.2006,0.575,43.0,155.0,76.0,46.0,116,321.31,2026-06-05T01:14:16.782000,,,,,,,0,0,0,0,0.0,TYLOO,24,6,1.0,"=IMAGE(""https://community.akamai.steamstatic.com/economy/image/i0CoZ81Ui0m-9KwlBY1L_18myuGuq1wfhWSaZgMttyVfPaERSR0Wqmu7LAocGJai0ki7VeTHjMmuOXSQ61MnpNWipUruRiL8kYXl5DdT0PShYagjIvGXX2WRxL105LQ5THm2xUkl6z_SzdascXmWOFQkA8MkTLJftRbrmsqnab2gERGXlg"")",https://community.akamai.steamstatic.com/economy/image/i0CoZ81Ui0m-9KwlBY1L_18myuGuq1wfhWSaZgMttyVfPaERSR0Wqmu7LAocGJai0ki7VeTHjMmuOXSQ61MnpNWipUruRiL8kYXl5DdT0PShYagjIvGXX2WRxL105LQ5THm2xUkl6z_SzdascXmWOFQkA8MkTLJftRbrmsqnab2gERGXlg,https://cs2tokens.com/iem-cologne-2026/items/sticker-moseyuh-foil-cologne-2026,Sticker | Moseyuh (Foil) | Cologne 2026,https://steamcommunity.com/market/listings/730/Sticker%20%7C%20Moseyuh%20%28Foil%29%20%7C%20Cologne%202026,ok,11047.0,5316.0,12.0,iem-cologne-2026,campaign_12,sticker,Autograph,Moseyuh,TYLOO,rarity_mythical,8956bf98f1de
224,50.3,P4,SCORE FIRST,koala,Player,Paper,Sharks Esports,4,0.04,4.0,0.04,Steam,False,0.0,Steam around $0.04,0 until scored,Very Cheap,Very Cheap,Medium,6.0,0.5823,0.2719,0.5072,0.3644,0.4673,68.25000000000001,0.5688,68.25000000000001,0.5688,6.73,17.0,76.47058823529412,0.0,0.0,0.3064,0.0,0.0,0.65,0.0,0,1.0,0.5062,76.47058823529412,325.0,0.0,76.47058823529412,325.0,0.0,0.0,0.0,1.0,0.5062,0.575,"Floor + prior bounce, but lower highs",+68% expected | 0.31 demand | 76% below high | 325% upside | -76% vs launch,"lower highs, 2P new low, unscored",Potentially interesting; needs manual score.,False,17.0,-76.47058823529412,16.33,-75.50520514390692,125.0,13,0.0,-0.65,0.0,65,232.42,0.0,0.0,-0.92,10.71,-1.0,-0.0062,0.025,0.0,175314.0,634691.0,14248.0,-1477.0,0.001187,0.000516,-46.59,-0.33,-9.61,-31.49,0.000832,0.0,,,,,,,,,,,,0.1,0.0,,,0.6459627329192547,1.0,0.4924,0.575,4.0,17.0,6.0,4.0,116,321.31,2026-06-05T01:14:16.782000,,,,,,,0,0,0,0,0.0,Sharks Esports,24,6,1.0,"=IMAGE(""https://community.akamai.steamstatic.com/economy/image/i0CoZ81Ui0m-9KwlBY1L_18myuGuq1wfhWSaZgMttyVfPaERSR0Wqmu7LAocGJai0ki7VeTHjMmuOXSQ61MnpNWipUruRiL6kZfs_GwO7vT-Mfc9JfbDWT_GmOxz4eIwG3uyl0914W2Hm46udHjGawJyCJYkW6dU5eIUHk2D"")",https://community.akamai.steamstatic.com/economy/image/i0CoZ81Ui0m-9KwlBY1L_18myuGuq1wfhWSaZgMttyVfPaERSR0Wqmu7LAocGJai0ki7VeTHjMmuOXSQ61MnpNWipUruRiL6kZfs_GwO7vT-Mfc9JfbDWT_GmOxz4eIwG3uyl0914W2Hm46udHjGawJyCJYkW6dU5eIUHk2D,https://cs2tokens.com/iem-cologne-2026/items/sticker-koala-cologne-2026,Sticker | koala | Cologne 2026,https://steamcommunity.com/market/listings/730/Sticker%20%7C%20koala%20%7C%20Cologne%202026,ok,11058.0,5316.0,12.0,iem-cologne-2026,campaign_12,sticker,Autograph,koala,Sharks Esports,rarity_rare,d6bd62c705b0
225,50.3,P4,SCORE FIRST,w0nderful,Player,Paper,Natus Vincere,16,0.16,16.0,0.16,Steam,False,0.0,Steam around $0.16,0 until scored,Very Cheap,Very Cheap,Low,6.0,0.4776,0.2744,0.5047,0.3378,0.4054,49.37499999999999,0.4115,49.37499999999999,0.4115,23.9,43.0,62.7906976744186,-12.5,0.1562,0.4603,0.0,0.0,0.65,0.0,0,1.0,0.5,62.7906976744186,168.75,0.06896551724137931,62.7906976744186,168.75,0.06896551724137931,-12.5,0.1562,1.0,0.5,0.89375,Neutral,+49% expected | 0.46 demand | 63% below high | 169% upside | -57% vs launch,"lower highs, 2P new low, unscored",2P is cheaper than current Steam but still above Steam's recorded low; wait for a stronger entry.,False,37.0,-56.75675675675676,40.0,-60.0,47.62,12,0.0,-0.84,3.19,61,232.42,6.67,16.44,-1.52,10.08,0.0,0.0,0.0,0.0,113480.0,429542.0,4153.0,2242.0,0.000772,0.000784,133.26,0.3,-6.92,15.14,0.000545,0.001123,1.0,0.22,,0.22,0.22,,,0.0,True,-37.5,-57.14285714285713,0.1,0.0252,,,0.12422360248447205,1.0,0.1597,0.89375,14.0,43.0,23.0,15.67,116,321.31,2026-06-05T01:14:16.782000,,,,,,,0,0,0,0,0.0,Natus Vincere,24,6,1.0,"=IMAGE(""https://community.akamai.steamstatic.com/economy/image/i0CoZ81Ui0m-9KwlBY1L_18myuGuq1wfhWSaZgMttyVfPaERSR0Wqmu7LAocGJai0ki7VeTHjMmuOXSQ61MnpNWipUruRiLmzpjk-DBd-v7gPqU4cvXCWTKTlrYm47VrH3nqxkQm42vTzYr4In2eaAZxCZVzEe8OtQ74zIPoq8N_tA"")",https://community.akamai.steamstatic.com/economy/image/i0CoZ81Ui0m-9KwlBY1L_18myuGuq1wfhWSaZgMttyVfPaERSR0Wqmu7LAocGJai0ki7VeTHjMmuOXSQ61MnpNWipUruRiLmzpjk-DBd-v7gPqU4cvXCWTKTlrYm47VrH3nqxkQm42vTzYr4In2eaAZxCZVzEe8OtQ74zIPoq8N_tA,https://cs2tokens.com/iem-cologne-2026/items/sticker-w0nderful-cologne-2026,Sticker | w0nderful | Cologne 2026,https://steamcommunity.com/market/listings/730/Sticker%20%7C%20w0nderful%20%7C%20Cologne%202026,ok,10554.0,5316.0,12.0,iem-cologne-2026,campaign_12,sticker,Autograph,w0nderful,Natus Vincere,rarity_rare,43b48896f04c
226,50.1,P4,SCORE FIRST,Magnojez,Player,Paper,BetBoom,4,0.04,4.0,0.04,Steam,False,0.0,Steam around $0.04,0 until scored,Very Cheap,Very Cheap,Low,6.0,0.5605,0.2763,0.5158,0.37,0.3367,71.24999999999999,0.5937,71.24999999999999,0.5937,6.85,21.0,80.95238095238095,-25.0,0.3125,0.3424,0.0,0.0,0.65,0.0,0,1.0,0.5125,80.95238095238095,425.0,0.05555555555555555,80.95238095238095,425.0,0.05555555555555555,-25.0,0.3125,1.0,0.5125,0.4875,Neutral,+71% expected | 0.34 demand | 81% below high | 425% upside | -81% vs launch,"lower highs, 2P new low, unscored",Potentially interesting; needs manual score.,False,21.0,-80.95238095238095,19.67,-79.66446365022878,40.0,10,0.0,-1.12,0.0,65,232.42,0.0,0.0,-1.76,-13.64,-2.0,-0.0125,0.05,0.0,90789.0,547780.0,5834.0,2303.0,0.000773,0.000805,-12.1,-0.25,-13.47,-106.6,0.000498,0.001153,,,,,,,,,,,,0.1,0.0,,,0.33540372670807456,1.0,0.2934,0.4875,3.0,21.0,5.0,4.0,116,321.31,2026-06-05T01:14:16.782000,,,,,,,0,0,0,0,0.0,BetBoom,24,6,1.0,"=IMAGE(""https://community.akamai.steamstatic.com/economy/image/i0CoZ81Ui0m-9KwlBY1L_18myuGuq1wfhWSaZgMttyVfPaERSR0Wqmu7LAocGJai0ki7VeTHjMmuOXSQ61MnpNWipUruRiL8n5Hu8ihe9bz3P6Y8IqOVWzbBlb93tLQ_Fyjhxxx_sDuEw96sIiiSZgEoCMF5QOQMrFDmxWrw58dt"")",https://community.akamai.steamstatic.com/economy/image/i0CoZ81Ui0m-9KwlBY1L_18myuGuq1wfhWSaZgMttyVfPaERSR0Wqmu7LAocGJai0ki7VeTHjMmuOXSQ61MnpNWipUruRiL8n5Hu8ihe9bz3P6Y8IqOVWzbBlb93tLQ_Fyjhxxx_sDuEw96sIiiSZgEoCMF5QOQMrFDmxWrw58dt,https://cs2tokens.com/iem-cologne-2026/items/sticker-magnojez-cologne-2026,Sticker | Magnojez | Cologne 2026,https://steamcommunity.com/market/listings/730/Sticker%20%7C%20Magnojez%20%7C%20Cologne%202026,ok,10930.0,5316.0,12.0,iem-cologne-2026,campaign_12,sticker,Autograph,Magnojez,BetBoom,rarity_rare,818e22b85118
227,50.0,P4,SCORE FIRST,max,Player,Paper,9z Team,4,0.04,4.0,0.04,Steam,False,0.0,Steam around $0.04,0 until scored,Very Cheap,Very Cheap,Medium,6.0,0.5985,0.2855,0.5308,0.3931,0.3453,103.50000000000001,0.8625,103.50000000000001,0.8625,8.14,25.0,84.0,-25.0,0.3125,0.1924,0.0,0.0,0.65,0.0,0,1.0,0.5188,84.0,525.0,0.045454545454545456,84.0,525.0,0.045454545454545456,-25.0,0.3125,1.0,0.5188,0.44375,Neutral,+104% expected | 0.19 demand | 84% below high | 525% upside | -84% vs launch,"lower highs, 2P new low, unscored",Potentially interesting; needs manual score.,False,25.0,-84.0,24.33,-83.5593916974928,33.33,14,0.0,-1.63,0.0,61,232.42,0.0,0.0,-2.57,13.64,-3.0,-0.0187,0.075,0.0,120157.0,619360.0,9685.0,713.0,0.00096,0.000249,-70.44,0.55,-40.69,-4.67,0.000549,0.000357,,,,,,,,,,,,0.1,0.0,,,0.6149068322981367,1.0,0.4421,0.44375,3.0,25.0,6.0,4.0,116,321.31,2026-06-05T01:14:16.782000,,,,,,,0,0,0,0,0.0,9z Team,24,6,1.0,"=IMAGE(""https://community.akamai.steamstatic.com/economy/image/i0CoZ81Ui0m-9KwlBY1L_18myuGuq1wfhWSaZgMttyVfPaERSR0Wqmu7LAocGJai0ki7VeTHjMmuOXSQ61MnpNWipUruRiL8n46u-XYDvKX3OvI0I6DGXWXBme915bg4GHmywB9352vWzd76dXLEaAV0WYwwG7BrUT36dA"")",https://community.akamai.steamstatic.com/economy/image/i0CoZ81Ui0m-9KwlBY1L_18myuGuq1wfhWSaZgMttyVfPaERSR0Wqmu7LAocGJai0ki7VeTHjMmuOXSQ61MnpNWipUruRiL8n46u-XYDvKX3OvI0I6DGXWXBme915bg4GHmywB9352vWzd76dXLEaAV0WYwwG7BrUT36dA,https://cs2tokens.com/iem-cologne-2026/items/sticker-max-cologne-2026,Sticker | max | Cologne 2026,https://steamcommunity.com/market/listings/730/Sticker%20%7C%20max%20%7C%20Cologne%202026,ok,10834.0,5316.0,12.0,iem-cologne-2026,campaign_12,sticker,Autograph,max,9z Team,rarity_rare,ad6c0dd954ff
228,50.0,P4,SCORE FIRST,PR (Foil),Player,Foil,GamerLegion,37,0.37,37.0,0.37,Steam,False,0.0,Steam around $0.37,0 until scored,Very Cheap,Very Cheap,Medium,6.0,0.5412,0.2693,0.5125,0.3452,0.4463,65.86486486486484,0.5489,65.86486486486484,0.5489,61.37,144.0,74.30555555555556,-32.432432432432435,0.4054,0.3984,0.0,0.0,0.65,0.0,0,1.0,0.5,74.30555555555556,289.1891891891892,0.10084033613445378,74.30555555555556,289.1891891891892,0.10084033613445378,-32.432432432432435,0.4054,1.0,0.5,0.48125,Neutral,+66% expected | 0.40 demand | 74% below high | 289% upside | -74% vs launch,"lower highs, 2P new low, unscored",Potentially interesting; needs manual score.,False,144.0,-74.30555555555556,138.67,-73.31794908776232,50.0,3,2.78,-1.03,2.78,60,232.41,23.33,57.55,-1.41,15.79,23.0,0.1438,0.0,0.0,169378.0,577292.0,9398.0,5764.0,0.000945,0.002016,431.84,0.88,-19.45,-10.23,0.000781,0.002887,,,,,,,,,,,,0.1,0.0,,,0.5031055900621118,1.0,0.4035,0.475,25.0,144.0,59.5,36.0,116,321.31,2026-06-05T01:14:16.782000,,,,,,,0,0,0,0,0.0,GamerLegion,24,6,1.0,"=IMAGE(""https://community.akamai.steamstatic.com/economy/image/i0CoZ81Ui0m-9KwlBY1L_18myuGuq1wfhWSaZgMttyVfPaERSR0Wqmu7LAocGJai0ki7VeTHjMmuOXSQ61MnpNWipUruRiLhjKnm8itXoaKoPvVvJaiWXT6Wlugi47U_F3rhlhhysDiGyov7cHyUZgUjXsdwRLIU8k7vAoLaA8k"")",https://community.akamai.steamstatic.com/economy/image/i0CoZ81Ui0m-9KwlBY1L_18myuGuq1wfhWSaZgMttyVfPaERSR0Wqmu7LAocGJai0ki7VeTHjMmuOXSQ61MnpNWipUruRiLhjKnm8itXoaKoPvVvJaiWXT6Wlugi47U_F3rhlhhysDiGyov7cHyUZgUjXsdwRLIU8k7vAoLaA8k,https://cs2tokens.com/iem-cologne-2026/items/sticker-pr-foil-cologne-2026,Sticker | PR (Foil) | Cologne 2026,https://steamcommunity.com/market/listings/730/Sticker%20%7C%20PR%20%28Foil%29%20%7C%20Cologne%202026,ok,10867.0,5316.0,12.0,iem-cologne-2026,campaign_12,sticker,Autograph,PR,GamerLegion,rarity_mythical,142f4541fe9a
229,49.9,P4,SCORE FIRST,S1ren (Foil),Player,Foil,BetBoom,67,0.66,67.0,0.66,Steam,False,0.0,Steam around $0.66,0 until scored,Very Cheap,Very Cheap,High,6.0,0.5782,0.2675,0.5002,0.2928,0.5544,40.04477611940298,0.3337,40.04477611940298,0.3337,93.83,519.0,87.09055876685935,-31.343283582089555,0.3918,0.5633,0.1391,0.0,0.65,0.0,0,1.0,0.5837,87.09055876685935,674.6268656716418,0.04439746300211417,87.09055876685935,674.6268656716418,0.04439746300211417,-31.343283582089555,0.3918,1.0,0.5837,0.73125,Demand rising while price soft,+40% expected | 0.56 demand | 87% below high | 675% upside | -42% vs launch,"High crowding, lower highs, 2P new low, unscored",2P is cheaper than current Steam but still above Steam's recorded low; wait for a stronger entry.,False,116.0,-42.241379310344826,111.33,-39.81855744183957,1028.26,8,-1.47,0.25,-1.47,60,232.41,-8.22,-20.27,2.37,-7.57,-4.0,-0.025,0.1,0.2348,558124.0,1083382.0,42475.0,-3136.0,0.00257,0.001097,66.05,-0.47,12.01,8.08,0.002709,0.0,1.0,3.0,,3.0,3.0,,,0.0,True,-354.5454545454545,-562.0553359683794,0.1,0.0252,,,0.9627329192546584,1.0,0.7189,0.70625,46.0,519.0,79.0,68.0,116,321.31,2026-06-05T01:14:16.782000,,,,,,,0,0,0,0,0.0,BetBoom,24,6,1.0,"=IMAGE(""https://community.akamai.steamstatic.com/economy/image/i0CoZ81Ui0m-9KwlBY1L_18myuGuq1wfhWSaZgMttyVfPaERSR0Wqmu7LAocGJai0ki7VeTHjMmuOXSQ61MnpNWipUruRiLiz4Tl8x1d4PuiJvc-IqDGWzbGlrwg5LM-FyzmwxlzsmyAmNf6ci3BbAZ2X8EjF-MItxSm0oqwjqhFrzA"")",https://community.akamai.steamstatic.com/economy/image/i0CoZ81Ui0m-9KwlBY1L_18myuGuq1wfhWSaZgMttyVfPaERSR0Wqmu7LAocGJai0ki7VeTHjMmuOXSQ61MnpNWipUruRiLiz4Tl8x1d4PuiJvc-IqDGWzbGlrwg5LM-FyzmwxlzsmyAmNf6ci3BbAZ2X8EjF-MItxSm0oqwjqhFrzA,https://cs2tokens.com/iem-cologne-2026/items/sticker-s1ren-foil-cologne-2026,Sticker | S1ren (Foil) | Cologne 2026,https://steamcommunity.com/market/listings/730/Sticker%20%7C%20S1ren%20%28Foil%29%20%7C%20Cologne%202026,ok,10923.0,5316.0,12.0,iem-cologne-2026,campaign_12,sticker,Autograph,S1ren,BetBoom,rarity_mythical,af605eb0b88e
230,49.8,P4,SCORE FIRST,ZywOo (Gold),Player,Gold,Vitality,17843,176.65,7070.53,70.0,2P,True,60.37,"2P around $70.00, 60% below Steam",0 until scored,Premium,Premium,Low,6.0,0.6768,0.3552,0.5084,0.5018,0.4188,34.50350277419716,0.2875,239.42919664374185,1.0,23999.46,49998.0,64.31257250290011,-27.837247099702967,0.348,0.5087,0.1189,0.0,0.65,0.0,0,1.0,0.0691,64.31257250290011,180.21072689570138,0.1338020580787673,85.85836442232102,607.1317843732237,0.0,0.0,0.0,0.05,0.0691,0.975,Demand rising while price soft,+239% expected | 0.51 demand | 2P 60% below Steam | 86% below high | 607% upside,"lower highs, 2P new low, unscored",Potentially interesting; needs manual score.,False,25782.0,-30.792801179117212,29399.33,-39.30814069572334,93.93,4,-1.63,-0.79,-1.53,57,227.69,-6.18,-15.24,-1.14,5.8,0.0,0.0,0.0,0.1765,323034.0,722454.0,58036.0,-3012.0,0.001144,0.001053,-23.67,0.72,13.65,-61.55,0.000824,0.0,1.0,70.0,,70.0,70.0,,,0.0,True,60.37362015284461,45.08748869114681,0.1,0.1891,,,0.2670807453416149,0.05,0.2334,0.98125,12876.0,49998.0,26110.0,18126.33,116,321.31,2026-06-05T01:14:16.782000,,,,,,,0,0,0,0,0.0,Vitality,24,6,1.0,"=IMAGE(""https://community.akamai.steamstatic.com/economy/image/i0CoZ81Ui0m-9KwlBY1L_18myuGuq1wfhWSaZgMttyVfPaERSR0Wqmu7LAocGJai0ki7VeTHjMmuOXSQ61MnpNWipUruRiLrh4Hv8h1c4P6qJvY5dfHDXj7HlLp35LUxH3zrxhtztm_Un9agIi6WaFcjCpF3ReZeuhGm0oqwxvIUAAE"")",https://community.akamai.steamstatic.com/economy/image/i0CoZ81Ui0m-9KwlBY1L_18myuGuq1wfhWSaZgMttyVfPaERSR0Wqmu7LAocGJai0ki7VeTHjMmuOXSQ61MnpNWipUruRiLrh4Hv8h1c4P6qJvY5dfHDXj7HlLp35LUxH3zrxhtztm_Un9agIi6WaFcjCpF3ReZeuhGm0oqwxvIUAAE,https://cs2tokens.com/iem-cologne-2026/items/sticker-zywoo-gold-cologne-2026,Sticker | ZywOo (Gold) | Cologne 2026,https://steamcommunity.com/market/listings/730/Sticker%20%7C%20ZywOo%20%28Gold%29%20%7C%20Cologne%202026,ok,10537.0,5316.0,12.0,iem-cologne-2026,campaign_12,sticker,Autograph,ZywOo,Vitality,rarity_ancient,d582b5164a85
231,49.6,P4,SCORE FIRST,FalleN,Player,Paper,FURIA,79,0.78,49.63,0.49,2P,True,37.18,"2P around $0.49, 37% below Steam",0 until scored,Fair,Fair,Low,6.0,0.5604,0.3078,0.5114,0.4091,0.4352,13.9746835443038,0.1165,81.42908809093257,0.6786,90.04,147.0,46.25850340136054,-29.11392405063291,0.3639,0.5823,0.0,0.0,0.65,0.0,0,1.0,0.2844,46.25850340136054,86.0759493670886,0.25274725274725274,66.23931623931624,196.2025316455696,0.0,0.0,0.0,0.6648,0.3324,0.9625,Neutral,+81% expected | 0.58 demand | 2P 37% below Steam | 66% below high | 196% upside,"lower highs, 2P new low, unscored",Potentially interesting; needs manual score.,False,56.0,41.071428571428584,70.0,12.857142857142856,162.5,3,1.28,-0.24,1.28,61,232.42,5.33,13.15,-0.52,6.74,0.0,0.0,0.0,0.0,238596.0,473711.0,34286.0,2078.0,0.000685,0.000727,38.76,0.19,2.7,24.55,0.000582,0.001041,1.0,0.49,,0.49,0.49,,,0.0,True,37.17948717948718,11.378205128205126,0.1,0.1053,,,0.14906832298136646,0.5687,0.3358,0.975,56.0,147.0,95.5,78.0,116,321.31,2026-06-05T01:14:16.782000,,,,,,,0,0,0,0,0.0,FURIA,24,6,1.0,"=IMAGE(""https://community.akamai.steamstatic.com/economy/image/i0CoZ81Ui0m-9KwlBY1L_18myuGuq1wfhWSaZgMttyVfPaERSR0Wqmu7LAocGJai0ki7VeTHjMmuOXSQ61MnpNWipUruRiL3n5rs-CwVuKr6OfNuIvSQVmGTl7gk5rQ_TX7nxRx04muHw46sdn7DbFAnW8NwQ_lK7EepxJSo3g"")",https://community.akamai.steamstatic.com/economy/image/i0CoZ81Ui0m-9KwlBY1L_18myuGuq1wfhWSaZgMttyVfPaERSR0Wqmu7LAocGJai0ki7VeTHjMmuOXSQ61MnpNWipUruRiL3n5rs-CwVuKr6OfNuIvSQVmGTl7gk5rQ_TX7nxRx04muHw46sdn7DbFAnW8NwQ_lK7EepxJSo3g,https://cs2tokens.com/iem-cologne-2026/items/sticker-fallen-cologne-2026,Sticker | FalleN | Cologne 2026,https://steamcommunity.com/market/listings/730/Sticker%20%7C%20FalleN%20%7C%20Cologne%202026,ok,10662.0,5316.0,12.0,iem-cologne-2026,campaign_12,sticker,Autograph,FalleN,FURIA,rarity_rare,640ae5e2701f
232,49.6,P4,SCORE FIRST,alex666,Player,Paper,B8,4,0.04,4.0,0.04,Steam,False,0.0,Steam around $0.04,0 until scored,Very Cheap,Very Cheap,Medium,6.0,0.6051,0.2696,0.5063,0.3682,0.495,80.0,0.6667,80.0,0.6667,7.2,21.0,80.95238095238095,0.0,0.0,0.1546,0.0,0.0,0.65,0.0,0,1.0,0.5188,80.95238095238095,425.0,0.0,80.95238095238095,425.0,0.0,0.0,0.0,1.0,0.5188,0.45625,"Floor + prior bounce, but lower highs",+80% expected | 0.15 demand | 81% below high | 425% upside | -81% vs launch,"lower highs, 2P new low, unscored",Potentially interesting; needs manual score.,False,21.0,-80.95238095238095,20.0,-80.0,225.0,14,0.0,-0.78,0.0,63,232.42,0.0,0.0,-1.2,0.0,-3.0,-0.0188,0.075,0.0,246429.0,798919.0,17241.0,118.0,0.001473,4.1e-05,-95.51,0.02,-85.43,-100.88,0.001429,5.9e-05,,,,,,,,,,,,0.1,0.0,,,0.8695652173913043,1.0,0.566,0.45625,4.0,21.0,5.0,4.0,116,321.31,2026-06-05T01:14:16.782000,,,,,,,0,0,0,0,0.0,B8,24,6,1.0,"=IMAGE(""https://community.akamai.steamstatic.com/economy/image/i0CoZ81Ui0m-9KwlBY1L_18myuGuq1wfhWSaZgMttyVfPaERSR0Wqmu7LAocGJai0ki7VeTHjMmuOXSQ61MnpNWipUruRiLwkpP4q3QNoaH2PqA9IqHCC2WRlLcmsrNsHXvmlxh_4DuEmY6geS2RbQZxCJRzTbQU8k7vO0VhnUg"")",https://community.akamai.steamstatic.com/economy/image/i0CoZ81Ui0m-9KwlBY1L_18myuGuq1wfhWSaZgMttyVfPaERSR0Wqmu7LAocGJai0ki7VeTHjMmuOXSQ61MnpNWipUruRiLwkpP4q3QNoaH2PqA9IqHCC2WRlLcmsrNsHXvmlxh_4DuEmY6geS2RbQZxCJRzTbQU8k7vO0VhnUg,https://cs2tokens.com/iem-cologne-2026/items/sticker-alex666-cologne-2026,Sticker | alex666 | Cologne 2026,https://steamcommunity.com/market/listings/730/Sticker%20%7C%20alex666%20%7C%20Cologne%202026,ok,10886.0,5316.0,12.0,iem-cologne-2026,campaign_12,sticker,Autograph,alex666,B8,rarity_rare,b5a4de2cda94
233,49.5,P4,SCORE FIRST,mzinho,Player,Paper,The MongolZ,7,0.07,7.0,0.07,Steam,False,0.0,Steam around $0.07,0 until scored,Very Cheap,Very Cheap,Low,6.0,0.5608,0.2805,0.5131,0.3745,0.3448,82.85714285714288,0.6905,82.85714285714288,0.6905,12.8,32.0,78.125,0.0,0.0,0.1278,0.0,0.0,0.65,0.0,0,1.0,0.5125,78.125,357.1428571428571,0.0,78.125,357.1428571428571,0.0,0.0,0.0,1.0,0.5125,0.7625,Neutral,+83% expected | 0.13 demand | 78% below high | 357% upside | -78% vs launch,"lower highs, 2P new low, unscored",2P is cheaper than current Steam but still above Steam's recorded low; wait for a stronger entry.,False,32.0,-78.125,31.0,-77.41935483870968,50.0,12,0.0,-0.96,-0.0,61,232.42,0.0,0.0,-1.52,-6.82,-2.0,-0.0125,0.05,0.0,92342.0,502655.0,7366.0,-334.0,0.000762,0.000117,-83.61,0.17,-74.24,-79.15,0.000529,0.0,1.0,0.11,,0.11,0.11,,,0.0,True,-57.14285714285713,-57.14285714285713,0.1,0.0252,,,0.2111801242236025,1.0,0.2389,0.7625,7.0,32.0,12.0,7.0,116,321.31,2026-06-05T01:14:16.782000,,,,,,,0,0,0,0,0.0,The MongolZ,24,6,1.0,"=IMAGE(""https://community.akamai.steamstatic.com/economy/image/i0CoZ81Ui0m-9KwlBY1L_18myuGuq1wfhWSaZgMttyVfPaERSR0Wqmu7LAocGJai0ki7VeTHjMmuOXSQ61MnpNWipUruRiL8hJ_u9S0VtqD4MPQ1damVX2HBmLkv6bI7G37kkR5_sTjQz9-gIy3EbAckCJckRflK7Edohtx6DA"")",https://community.akamai.steamstatic.com/economy/image/i0CoZ81Ui0m-9KwlBY1L_18myuGuq1wfhWSaZgMttyVfPaERSR0Wqmu7LAocGJai0ki7VeTHjMmuOXSQ61MnpNWipUruRiL8hJ_u9S0VtqD4MPQ1damVX2HBmLkv6bI7G37kkR5_sTjQz9-gIy3EbAckCJckRflK7Edohtx6DA,https://cs2tokens.com/iem-cologne-2026/items/sticker-mzinho-cologne-2026,Sticker | mzinho | Cologne 2026,https://steamcommunity.com/market/listings/730/Sticker%20%7C%20mzinho%20%7C%20Cologne%202026,ok,10606.0,5316.0,12.0,iem-cologne-2026,campaign_12,sticker,Autograph,mzinho,The MongolZ,rarity_rare,f5be20e84f35
234,49.5,P4,SCORE FIRST,Bymas (Foil),Player,Foil,Monte,32,0.32,32.0,0.32,Steam,False,0.0,Steam around $0.32,0 until scored,Very Cheap,Very Cheap,Medium,6.0,0.5418,0.2658,0.5089,0.3493,0.3919,66.90624999999999,0.5576,66.90624999999999,0.5576,53.41,135.0,76.29629629629629,-40.625,0.5078,0.3868,0.0,0.0,0.65,0.0,0,1.0,0.5,76.29629629629629,321.875,0.11206896551724138,76.29629629629629,321.875,0.11206896551724138,-40.625,0.5078,1.0,0.5,0.35625,Neutral,+67% expected | 0.39 demand | 76% below high | 322% upside | -76% vs launch,"lower highs, 2P new low, unscored",2P is cheaper than current Steam but still above Steam's recorded low; wait for a stronger entry.,False,133.0,-75.93984962406014,128.0,-75.0,68.42,7,0.0,-1.16,0.0,60,232.41,6.67,16.44,-1.67,2.59,0.0,0.0,0.0,0.0,183314.0,606377.0,8361.0,1291.0,0.000996,0.000451,-23.56,0.98,-9.01,22.03,0.000794,0.000647,1.0,68.91,,68.91,68.91,,,0.0,True,-21434.375,-36168.42105263158,0.1,0.0252,68.91,,0.5838509316770186,1.0,0.3703,0.35,19.0,135.0,50.5,32.0,116,321.31,2026-06-05T01:14:16.782000,,,,,,,0,0,0,0,0.0,Monte,24,6,1.0,"=IMAGE(""https://community.akamai.steamstatic.com/economy/image/i0CoZ81Ui0m-9KwlBY1L_18myuGuq1wfhWSaZgMttyVfPaERSR0Wqmu7LAocGJai0ki7VeTHjMmuOXSQ61MnpNWipUruRiLzh5vh7h1d4PuiJvBpdfLBXj7GxL4ituM5Sn2wxUx05D_TmIn8JyrGOFR2DZZxR7VbtxWm0oqwwjYgnAI"")",https://community.akamai.steamstatic.com/economy/image/i0CoZ81Ui0m-9KwlBY1L_18myuGuq1wfhWSaZgMttyVfPaERSR0Wqmu7LAocGJai0ki7VeTHjMmuOXSQ61MnpNWipUruRiLzh5vh7h1d4PuiJvBpdfLBXj7GxL4ituM5Sn2wxUx05D_TmIn8JyrGOFR2DZZxR7VbtxWm0oqwwjYgnAI,https://cs2tokens.com/iem-cologne-2026/items/sticker-bymas-foil-cologne-2026,Sticker | Bymas (Foil) | Cologne 2026,https://steamcommunity.com/market/listings/730/Sticker%20%7C%20Bymas%20%28Foil%29%20%7C%20Cologne%202026,ok,10819.0,5316.0,12.0,iem-cologne-2026,campaign_12,sticker,Autograph,Bymas,Monte,rarity_mythical,66a4613e1d24
235,49.4,P4,SCORE FIRST,Rainwaker (Foil),Player,Foil,Monte,30,0.3,30.0,0.3,Steam,False,0.0,Steam around $0.30,0 until scored,Very Cheap,Very Cheap,Medium,6.0,0.573,0.2733,0.5081,0.3691,0.3808,77.70000000000002,0.6475,77.70000000000002,0.6475,53.31,147.0,79.59183673469387,-33.333333333333336,0.4167,0.2605,0.0,0.0,0.65,0.0,0,1.0,0.5625,79.59183673469387,390.00000000000006,0.07874015748031496,79.59183673469387,390.00000000000006,0.07874015748031496,-33.333333333333336,0.4167,1.0,0.5625,0.29375,Neutral,+78% expected | 0.26 demand | 80% below high | 390% upside | -80% vs launch,"lower highs, 2P new low, unscored",2P is cheaper than current Steam but still above Steam's recorded low; wait for a stronger entry.,False,147.0,-79.59183673469387,137.0,-78.1021897810219,72.5,2,0.0,-1.02,0.0,60,232.41,0.0,0.0,-1.5,-9.41,-10.0,-0.0625,0.25,0.0,192514.0,653259.0,9813.0,-552.0,0.001051,0.000193,-38.49,0.47,-22.62,39.01,0.000909,0.0,1.0,0.63,,0.63,0.63,,,0.0,True,-110.00000000000001,-215.00000000000003,0.1,0.0252,,,0.6708074534161491,1.0,0.4169,0.2875,20.0,147.0,47.0,30.0,116,321.31,2026-06-05T01:14:16.782000,,,,,,,0,0,0,0,0.0,Monte,24,6,1.0,"=IMAGE(""https://community.akamai.steamstatic.com/economy/image/i0CoZ81Ui0m-9KwlBY1L_18myuGuq1wfhWSaZgMttyVfPaERSR0Wqmu7LAocGJai0ki7VeTHjMmuOXSQ61MnpNWipUruRiLjn5_u6iNQ6uCRbqtkLL7EW2aWmLYg5rM_SSjizURysjzQn479cCqeOwMjWMd3Q7IK4RbpxIWyKaq8sEJa-mxP"")",https://community.akamai.steamstatic.com/economy/image/i0CoZ81Ui0m-9KwlBY1L_18myuGuq1wfhWSaZgMttyVfPaERSR0Wqmu7LAocGJai0ki7VeTHjMmuOXSQ61MnpNWipUruRiLjn5_u6iNQ6uCRbqtkLL7EW2aWmLYg5rM_SSjizURysjzQn479cCqeOwMjWMd3Q7IK4RbpxIWyKaq8sEJa-mxP,https://cs2tokens.com/iem-cologne-2026/items/sticker-rainwaker-foil-cologne-2026,Sticker | Rainwaker (Foil) | Cologne 2026,https://steamcommunity.com/market/listings/730/Sticker%20%7C%20Rainwaker%20%28Foil%29%20%7C%20Cologne%202026,ok,10815.0,5316.0,12.0,iem-cologne-2026,campaign_12,sticker,Autograph,Rainwaker,Monte,rarity_mythical,d7120ac8d9eb
236,49.2,P4,SCORE FIRST,SINNERS (Gold),Team,Gold,,90016,891.16,6410.09,63.46,2P,True,92.88,"2P around $63.46, 93% below Steam",0 until scored,Premium,Premium,Medium,6.0,0.7115,0.3495,0.5168,0.4932,0.4069,-48.94269907571987,0.0,616.9906128534741,1.0,45959.74,154168.0,41.61174822271808,-95.17863490934944,1.0,0.7733,0.1376,0.0,0.65,0.0,0,1.0,0.0449,41.61174822271808,71.26733025239957,0.5718290306217796,95.84214006711892,2305.08342306537,0.013816439526150772,-32.29423709133085,0.4037,0.05,0.0449,0.6129032258064516,Demand rising while price soft,+617% expected | 0.77 demand | 2P 93% below Steam | 96% below high | 2305% upside,"lower highs, 2P new low, unscored",2P is cheaper than current Steam but still above Steam's recorded low; wait for a stronger entry.,False,13319.0,575.8465350251521,9319.33,865.9063473447125,3452.26,3,-1.31,2.7,-1.19,57,227.69,-2.79,-6.88,5.67,2.29,1.0,0.0323,0.0,0.0797,1035076.0,1332545.0,225291.0,-2344.0,0.002006,0.00082,-24.72,0.47,43.97,155.15,0.002816,0.0,1.0,63.46,,63.46,63.46,,,0.0,True,92.87894429732034,-47.69791477705338,0.1,0.0477,,,0.625,0.05,0.449,1.0,4340.0,154168.0,10215.5,91136.0,116,321.31,2026-06-05T01:14:16.782000,,,,,,,0,0,0,0,0.0,SINNERS,4,1,0.25,"=IMAGE(""https://community.akamai.steamstatic.com/economy/image/i0CoZ81Ui0m-9KwlBY1L_18myuGuq1wfhWSaZgMttyVfPaERSR0Wqmu7LAocGJai0ki7VeTHjMmuOXSQ61MnpNWipUruTxPOmZns-WxfuvP8PaVveaLCCGPHlbsk47I7Fiq2xEh_6m3UzI6hdC6RbAcnWJV1W6dU5cQuowCD"")",https://community.akamai.steamstatic.com/economy/image/i0CoZ81Ui0m-9KwlBY1L_18myuGuq1wfhWSaZgMttyVfPaERSR0Wqmu7LAocGJai0ki7VeTHjMmuOXSQ61MnpNWipUruTxPOmZns-WxfuvP8PaVveaLCCGPHlbsk47I7Fiq2xEh_6m3UzI6hdC6RbAcnWJV1W6dU5cQuowCD,https://cs2tokens.com/iem-cologne-2026/items/sticker-sinners-gold-cologne-2026,Sticker | SINNERS (Gold) | Cologne 2026,https://steamcommunity.com/market/listings/730/Sticker%20%7C%20SINNERS%20%28Gold%29%20%7C%20Cologne%202026,ok,10464.0,5316.0,12.0,iem-cologne-2026,campaign_12,sticker,Team,,,rarity_ancient,8ccaa9836e7f
237,49.0,P4,SCORE FIRST,arT,Player,Paper,Legacy,4,0.04,4.0,0.04,Steam,False,0.0,Steam around $0.04,0 until scored,Very Cheap,Very Cheap,Low,6.0,0.5776,0.2745,0.5155,0.3764,0.3351,92.5,0.7708,92.5,0.7708,7.7,24.0,83.33333333333334,-25.0,0.3125,0.1424,0.0,0.0,0.65,0.0,0,1.0,0.5125,83.33333333333334,500.0,0.047619047619047616,83.33333333333334,500.0,0.047619047619047616,-25.0,0.3125,1.0,0.5125,0.4125,Neutral,+92% expected | 0.14 demand | 83% below high | 500% upside | -83% vs launch,"lower highs, 2P new low, unscored",Potentially interesting; needs manual score.,False,24.0,-83.33333333333334,23.0,-82.6086956521739,60.0,14,0.0,-1.34,0.0,61,232.42,0.0,0.0,-2.24,-13.64,-2.0,-0.0125,0.05,0.0,95758.0,602533.0,5720.0,-385.0,0.000881,0.000135,-84.58,-0.28,-27.85,-101.11,0.000481,0.0,,,,,,,,,,,,0.1,0.0,,,0.5652173913043478,1.0,0.3486,0.4125,3.0,24.0,6.0,4.0,116,321.31,2026-06-05T01:14:16.782000,,,,,,,0,0,0,0,0.0,Legacy,24,6,1.0,"=IMAGE(""https://community.akamai.steamstatic.com/economy/image/i0CoZ81Ui0m-9KwlBY1L_18myuGuq1wfhWSaZgMttyVfPaERSR0Wqmu7LAocGJai0ki7VeTHjMmuOXSQ61MnpNWipUruRiLwjIKurnoOvqH2a_M4dKLKXzSUk7t36bNsFnvkzEV15Wrcw9j7IHOQbAMhXowwG7DBpfz0Gg"")",https://community.akamai.steamstatic.com/economy/image/i0CoZ81Ui0m-9KwlBY1L_18myuGuq1wfhWSaZgMttyVfPaERSR0Wqmu7LAocGJai0ki7VeTHjMmuOXSQ61MnpNWipUruRiLwjIKurnoOvqH2a_M4dKLKXzSUk7t36bNsFnvkzEV15Wrcw9j7IHOQbAMhXowwG7DBpfz0Gg,https://cs2tokens.com/iem-cologne-2026/items/sticker-art-cologne-2026,Sticker | arT | Cologne 2026,https://steamcommunity.com/market/listings/730/Sticker%20%7C%20arT%20%7C%20Cologne%202026,ok,10774.0,5316.0,12.0,iem-cologne-2026,campaign_12,sticker,Autograph,arT,Legacy,rarity_rare,aa65c961dd92
238,48.9,P4,SCORE FIRST,MAJ3R (Foil),Player,Foil,Aurora,31,0.31,31.0,0.31,Steam,False,0.0,Steam around $0.31,0 until scored,Very Cheap,Very Cheap,Medium,6.0,0.562,0.2611,0.5029,0.3457,0.4101,69.03225806451611,0.5753,69.03225806451611,0.5753,52.4,152.0,79.60526315789474,-35.483870967741936,0.4435,0.316,0.0,0.0,0.65,0.0,0,1.0,0.5,79.60526315789474,390.3225806451613,0.08333333333333333,79.60526315789474,390.3225806451613,0.08333333333333333,-35.483870967741936,0.4435,1.0,0.5,0.31875,Neutral,+69% expected | 0.32 demand | 80% below high | 390% upside | -80% vs launch,"lower highs, 2P new low, unscored",2P is cheaper than current Steam but still above Steam's recorded low; wait for a stronger entry.,False,152.0,-79.60526315789474,143.33,-78.37159003697761,50.0,5,3.33,-1.2,1.65,62,232.41,14.81,36.54,-1.65,7.89,9.0,0.0563,0.0,0.0,178318.0,650755.0,8796.0,3808.0,0.001042,0.001332,93.17,0.38,-21.3,-38.48,0.000821,0.001907,1.0,0.52,,0.52,0.52,,,0.0,True,-67.74193548387098,-160.00000000000006,0.1,0.0252,,,0.6645962732919255,1.0,0.4413,0.3125,20.0,152.0,46.0,30.33,116,321.31,2026-06-05T01:14:16.782000,,,,,,,0,0,0,0,0.0,Aurora,24,6,1.0,"=IMAGE(""https://community.akamai.steamstatic.com/economy/image/i0CoZ81Ui0m-9KwlBY1L_18myuGuq1wfhWSaZgMttyVfPaERSR0Wqmu7LAocGJai0ki7VeTHjMmuOXSQ61MnpNWipUruRiL8n5yz7x1d4PuiJv09dKnAXzSTkO9y6LhtHHG3lBh342WEwtquJSqXaAFzDJoiQ-QLshim0oqw3ST2ft8"")",https://community.akamai.steamstatic.com/economy/image/i0CoZ81Ui0m-9KwlBY1L_18myuGuq1wfhWSaZgMttyVfPaERSR0Wqmu7LAocGJai0ki7VeTHjMmuOXSQ61MnpNWipUruRiL8n5yz7x1d4PuiJv09dKnAXzSTkO9y6LhtHHG3lBh342WEwtquJSqXaAFzDJoiQ-QLshim0oqw3ST2ft8,https://cs2tokens.com/iem-cologne-2026/items/sticker-maj3r-foil-cologne-2026,Sticker | MAJ3R (Foil) | Cologne 2026,https://steamcommunity.com/market/listings/730/Sticker%20%7C%20MAJ3R%20%28Foil%29%20%7C%20Cologne%202026,ok,10647.0,5316.0,12.0,iem-cologne-2026,campaign_12,sticker,Autograph,MAJ3R,Aurora,rarity_mythical,b0734bce9993
239,48.6,P4,SCORE FIRST,Jee (Gold),Player,Gold,TYLOO,13287,131.54,1343.45,13.3,2P,True,89.89,"2P around $13.30, 90% below Steam",0 until scored,Premium,Premium,High,6.0,0.7634,0.3353,0.4832,0.5169,0.4995,-27.35643862421916,0.0,618.4612077721963,1.0,9652.15,37406.0,64.47896059455702,-81.62113343869947,1.0,0.5055,0.0,0.0618,0.65,0.0,0,1.0,0.1679,64.47896059455702,181.5232934447204,0.310176181214964,96.40847024409007,2684.3288736630466,0.0,0.0,0.0,0.05,0.1679,0.35625,Neutral,+618% expected | 0.51 demand | 2P 90% below Steam | 96% below high | 2684% upside,"High crowding, lower highs, 2P new low, unscored",Potentially interesting; needs manual score.,False,2859.0,364.74291710388246,3617.33,267.3151191624762,1431.78,1,-3.61,1.96,-3.66,57,227.69,-20.01,-49.36,3.81,-9.52,0.0,0.0,0.0,0.5717,685848.0,1124568.0,104063.0,-7062.0,0.001703,0.002469,-16.51,0.77,-2.19,-3.99,0.001579,0.0,1.0,13.3,,13.3,13.3,,,0.0,True,89.88900714611525,44.98576492646737,0.1,0.196,,,0.906832298136646,0.05,0.6248,0.96875,2442.0,37406.0,4904.0,13789.67,116,321.31,2026-06-05T01:14:16.782000,,,,,,,0,0,0,0,0.0,TYLOO,24,6,1.0,"=IMAGE(""https://community.akamai.steamstatic.com/economy/image/i0CoZ81Ui0m-9KwlBY1L_18myuGuq1wfhWSaZgMttyVfPaERSR0Wqmu7LAocGJai0ki7VeTHjMmuOXSQ61MnpNWipUruRiL7m5Pf-i1X67ysafI-daeWXT6Sw-8g5OcxFnjlxRhy6juAy9iocy-VbFVxW5p4FOVcrFDmxdXaqVgX"")",https://community.akamai.steamstatic.com/economy/image/i0CoZ81Ui0m-9KwlBY1L_18myuGuq1wfhWSaZgMttyVfPaERSR0Wqmu7LAocGJai0ki7VeTHjMmuOXSQ61MnpNWipUruRiL7m5Pf-i1X67ysafI-daeWXT6Sw-8g5OcxFnjlxRhy6juAy9iocy-VbFVxW5p4FOVcrFDmxdXaqVgX,https://cs2tokens.com/iem-cologne-2026/items/sticker-jee-gold-cologne-2026,Sticker | Jee (Gold) | Cologne 2026,https://steamcommunity.com/market/listings/730/Sticker%20%7C%20Jee%20%28Gold%29%20%7C%20Cologne%202026,ok,11041.0,5316.0,12.0,iem-cologne-2026,campaign_12,sticker,Autograph,Jee,TYLOO,rarity_ancient,c1fba3883c74
240,48.6,P4,SCORE FIRST,BELCHONOKK (Foil),Player,Foil,PARIVISION,33,0.33,33.0,0.33,Steam,False,0.0,Steam around $0.33,0 until scored,Very Cheap,Very Cheap,Medium,6.0,0.5728,0.2608,0.5038,0.3378,0.4706,76.99999999999999,0.6417,76.99999999999999,0.6417,58.41,168.0,80.35714285714286,-33.333333333333336,0.4167,0.256,0.0,0.0,0.65,0.0,0,1.0,0.5062,80.35714285714286,409.09090909090907,0.07534246575342465,80.35714285714286,409.09090909090907,0.07534246575342465,-33.333333333333336,0.4167,1.0,0.5062,0.3625,"Floor + prior bounce, but lower highs",+77% expected | 0.26 demand | 80% below high | 409% upside | -80% vs launch,"lower highs, 2P new low, unscored",2P is cheaper than current Steam but still above Steam's recorded low; wait for a stronger entry.,False,168.0,-80.35714285714286,156.33,-78.89080790635194,168.42,5,0.0,-0.94,0.0,60,232.41,6.45,15.91,-1.13,10.93,-1.0,-0.0063,0.025,0.0,294615.0,830246.0,15459.0,1116.0,0.001524,0.00039,-31.53,0.29,-27.69,1.06,0.00138,0.000559,1.0,0.62,,0.62,0.62,,,0.0,True,-87.87878787878786,-181.81818181818184,0.1,0.0252,,,0.8757763975155279,1.0,0.5574,0.35625,22.0,168.0,47.0,33.0,116,321.31,2026-06-05T01:14:16.782000,,,,,,,0,0,0,0,0.0,PARIVISION,24,6,1.0,"=IMAGE(""https://community.akamai.steamstatic.com/economy/image/i0CoZ81Ui0m-9KwlBY1L_18myuGuq1wfhWSaZgMttyVfPaERSR0Wqmu7LAocGJai0ki7VeTHjMmuOXSQ61MnpNWipUruRiLzm5rj9S1V4PmlV6JiKfzdXjbBkO1wtrhqH3jjxhsh6mTdzI2sIC6WPVMpWZpzROdfsUK5k4G1PvSiuVJmZVmwJA"")",https://community.akamai.steamstatic.com/economy/image/i0CoZ81Ui0m-9KwlBY1L_18myuGuq1wfhWSaZgMttyVfPaERSR0Wqmu7LAocGJai0ki7VeTHjMmuOXSQ61MnpNWipUruRiLzm5rj9S1V4PmlV6JiKfzdXjbBkO1wtrhqH3jjxhsh6mTdzI2sIC6WPVMpWZpzROdfsUK5k4G1PvSiuVJmZVmwJA,https://cs2tokens.com/iem-cologne-2026/items/sticker-belchonokk-foil-cologne-2026,Sticker | BELCHONOKK (Foil) | Cologne 2026,https://steamcommunity.com/market/listings/730/Sticker%20%7C%20BELCHONOKK%20%28Foil%29%20%7C%20Cologne%202026,ok,10627.0,5316.0,12.0,iem-cologne-2026,campaign_12,sticker,Autograph,BELCHONOKK,PARIVISION,rarity_mythical,f8013410fc77
241,48.1,P4,SCORE FIRST,BELCHONOKK,Player,Paper,PARIVISION,4,0.04,4.0,0.04,Steam,False,0.0,Steam around $0.04,0 until scored,Very Cheap,Very Cheap,Medium,6.0,0.5917,0.264,0.5043,0.365,0.3473,90.99999999999999,0.7583,90.99999999999999,0.7583,7.64,28.0,85.71428571428571,-25.0,0.3125,0.1493,0.0,0.0,0.65,0.0,0,1.0,0.5125,85.71428571428571,600.0,0.04,85.71428571428571,600.0,0.04,-25.0,0.3125,1.0,0.5125,0.34375,Neutral,+91% expected | 0.15 demand | 86% below high | 600% upside | -86% vs launch,"lower highs, 2P new low, unscored",Potentially interesting; needs manual score.,False,28.0,-85.71428571428572,26.0,-84.61538461538461,33.33,10,0.0,-1.61,0.0,61,232.42,0.0,0.0,-2.55,13.64,-2.0,-0.0125,0.05,0.0,145728.0,678480.0,7190.0,333.0,0.000995,0.000116,-87.37,0.37,-63.44,-25.41,0.000709,0.000167,,,,,,,,,,,,0.1,0.0,,,0.7763975155279503,1.0,0.4664,0.34375,3.0,28.0,5.0,4.0,116,321.31,2026-06-05T01:14:16.782000,,,,,,,0,0,0,0,0.0,PARIVISION,24,6,1.0,"=IMAGE(""https://community.akamai.steamstatic.com/economy/image/i0CoZ81Ui0m-9KwlBY1L_18myuGuq1wfhWSaZgMttyVfPaERSR0Wqmu7LAocGJai0ki7VeTHjMmuOXSQ61MnpNWipUruRiLzm5rj9S1V4PmlJv01JfTCDz_JxOsg5-I6FnvgkR9-sGXSzdaqcniTPA8mWZZyTbZY4EWm0oqwmoqMPJc"")",https://community.akamai.steamstatic.com/economy/image/i0CoZ81Ui0m-9KwlBY1L_18myuGuq1wfhWSaZgMttyVfPaERSR0Wqmu7LAocGJai0ki7VeTHjMmuOXSQ61MnpNWipUruRiLzm5rj9S1V4PmlJv01JfTCDz_JxOsg5-I6FnvgkR9-sGXSzdaqcniTPA8mWZZyTbZY4EWm0oqwmoqMPJc,https://cs2tokens.com/iem-cologne-2026/items/sticker-belchonokk-cologne-2026,Sticker | BELCHONOKK | Cologne 2026,https://steamcommunity.com/market/listings/730/Sticker%20%7C%20BELCHONOKK%20%7C%20Cologne%202026,ok,10626.0,5316.0,12.0,iem-cologne-2026,campaign_12,sticker,Autograph,BELCHONOKK,PARIVISION,rarity_rare,9f8bf0fc2634
242,48.1,P4,SCORE FIRST,Brollan,Player,Paper,MOUZ,4,0.04,4.0,0.04,Steam,False,0.0,Steam around $0.04,0 until scored,Very Cheap,Very Cheap,Medium,6.0,0.5862,0.2609,0.5015,0.3564,0.3594,85.75,0.7146,85.75,0.7146,7.43,26.0,84.61538461538461,-25.0,0.3125,0.2109,0.0,0.0,0.65,0.0,0,1.0,0.5062,84.61538461538461,550.0,0.043478260869565216,84.61538461538461,550.0,0.043478260869565216,-25.0,0.3125,1.0,0.5062,0.38125,Neutral,+86% expected | 0.21 demand | 85% below high | 550% upside | -85% vs launch,"lower highs, 2P new low, unscored",Potentially interesting; needs manual score.,False,26.0,-84.61538461538461,24.33,-83.5593916974928,50.0,10,0.0,-1.49,0.0,63,232.42,0.0,0.0,-2.25,13.64,-1.0,-0.0063,0.025,0.0,163185.0,702538.0,7433.0,823.0,0.001042,0.000288,-69.05,0.35,-36.49,-4.17,0.00081,0.000412,,,,,,,,,,,,0.1,0.0,,,0.8074534161490683,1.0,0.494,0.38125,3.0,26.0,5.0,4.0,116,321.31,2026-06-05T01:14:16.782000,,,,,,,0,0,0,0,0.0,MOUZ,24,6,1.0,"=IMAGE(""https://community.akamai.steamstatic.com/economy/image/i0CoZ81Ui0m-9KwlBY1L_18myuGuq1wfhWSaZgMttyVfPaERSR0Wqmu7LAocGJai0ki7VeTHjMmuOXSQ61MnpNWipUruRiLzjJns8SNVofSvOPw8cKTBXmaTmOghsrI6Si3jxUUmsm7Vyd2rdS2XPwYnDJBzF7IU8k7vS0Wx_5I"")",https://community.akamai.steamstatic.com/economy/image/i0CoZ81Ui0m-9KwlBY1L_18myuGuq1wfhWSaZgMttyVfPaERSR0Wqmu7LAocGJai0ki7VeTHjMmuOXSQ61MnpNWipUruRiLzjJns8SNVofSvOPw8cKTBXmaTmOghsrI6Si3jxUUmsm7Vyd2rdS2XPwYnDJBzF7IU8k7vS0Wx_5I,https://cs2tokens.com/iem-cologne-2026/items/sticker-brollan-cologne-2026,Sticker | Brollan | Cologne 2026,https://steamcommunity.com/market/listings/730/Sticker%20%7C%20Brollan%20%7C%20Cologne%202026,ok,10678.0,5316.0,12.0,iem-cologne-2026,campaign_12,sticker,Autograph,Brollan,MOUZ,rarity_rare,d2bd167c1a0f
243,47.9,P4,SCORE FIRST,Moseyuh (Gold),Player,Gold,TYLOO,2654,26.27,1167.88,11.56,2P,True,56.0,"2P around $11.56, 56% below Steam",0 until scored,Premium,Premium,Medium,6.0,0.7047,0.3314,0.4774,0.5129,0.4563,16.603993971363984,0.1384,164.9815676148557,1.0,3094.67,6188.0,57.110536522301224,-62.471740768651095,0.7809,0.5497,0.0903,0.0,0.65,0.0,0,1.0,0.1236,57.110536522301224,133.15749811605127,0.3193374422187982,81.12667690132479,429.8483975353517,0.03310501412673769,-14.717355535680298,0.184,0.05,0.1236,0.225,Neutral,+165% expected | 0.55 demand | 2P 56% below Steam | 81% below high | 430% upside,"lower highs, 2P new low, unscored",Potentially interesting; needs manual score.,False,2775.0,-4.36036036036036,2252.0,17.850799289520424,521.29,3,-2.46,0.55,-2.44,57,227.69,-12.06,-29.75,1.08,1.24,-2.0,-0.0125,0.05,0.3446,592955.0,905094.0,131880.0,-4758.0,0.001454,0.001664,-40.14,0.1,5.31,-6.72,0.001324,0.0,1.0,11.56,,11.56,11.56,,,0.0,True,55.99543205177008,-17.25715194237169,0.1,0.096,,,0.6273291925465838,0.05,0.5196,0.6,996.0,6188.0,3483.5,2720.67,116,321.31,2026-06-05T01:14:16.782000,,,,,,,0,0,0,0,0.0,TYLOO,24,6,1.0,"=IMAGE(""https://community.akamai.steamstatic.com/economy/image/i0CoZ81Ui0m-9KwlBY1L_18myuGuq1wfhWSaZgMttyVfPaERSR0Wqmu7LAocGJai0ki7VeTHjMmuOXSQ61MnpNWipUruRiL8kYXl5DdT0PWhZKAjc_TGDD7Bkrsn47c5GnHjxkpx5TvRmd6rdHLFPQFzXMAlFuEP4xi5kcqnab1Ts7B7Ow"")",https://community.akamai.steamstatic.com/economy/image/i0CoZ81Ui0m-9KwlBY1L_18myuGuq1wfhWSaZgMttyVfPaERSR0Wqmu7LAocGJai0ki7VeTHjMmuOXSQ61MnpNWipUruRiL8kYXl5DdT0PWhZKAjc_TGDD7Bkrsn47c5GnHjxkpx5TvRmd6rdHLFPQFzXMAlFuEP4xi5kcqnab1Ts7B7Ow,https://cs2tokens.com/iem-cologne-2026/items/sticker-moseyuh-gold-cologne-2026,Sticker | Moseyuh (Gold) | Cologne 2026,https://steamcommunity.com/market/listings/730/Sticker%20%7C%20Moseyuh%20%28Gold%29%20%7C%20Cologne%202026,ok,11049.0,5316.0,12.0,iem-cologne-2026,campaign_12,sticker,Autograph,Moseyuh,TYLOO,rarity_ancient,522b35f914e0
244,47.4,P4,SCORE FIRST,Vitality (Foil),Team,Foil,Vitality,541,5.36,295.73,2.93,2P,True,45.34,"2P around $2.93, 45% below Steam",0 until scored,Fair,Fair,Medium,6.0,0.6365,0.3012,0.5117,0.4356,0.3551,26.560073937153426,0.2213,131.5228656324718,1.0,684.69,994.0,45.57344064386318,-25.32347504621072,0.3165,0.2229,0.0,0.0,0.65,0.0,0,1.0,0.2902,45.57344064386318,83.73382624768946,0.23220338983050848,70.24816811315654,236.11375723126807,0.0,0.0,0.0,0.7065,0.3532,0.7096774193548387,Neutral,+132% expected | 0.22 demand | 2P 45% below Steam | 70% below high | 236% upside,"lower highs, 2P new low, unscored",Potentially interesting; needs manual score.,False,743.0,-27.18707940780619,905.33,-40.242784399058905,51.27,1,0.37,-0.51,0.46,60,232.41,3.64,8.98,-0.87,-0.93,0.0,0.0,0.0,0.0,288480.0,541402.0,126769.0,845.0,0.000721,0.000295,-92.5,0.42,-30.18,-18.63,0.000776,0.000423,1.0,2.93,,2.93,2.93,,,0.0,True,45.33582089552239,26.79871065464755,0.1,0.142,,,0.65625,0.5803,0.4763,0.8709677419354839,404.0,994.0,701.5,538.67,116,321.31,2026-06-05T01:14:16.782000,,,,,,,0,0,0,0,0.0,Vitality,24,6,1.0,"=IMAGE(""https://community.akamai.steamstatic.com/economy/image/i0CoZ81Ui0m-9KwlBY1L_18myuGuq1wfhWSaZgMttyVfPaERSR0Wqmu7LAocGJai0ki7VeTHjMmuOXSQ61MnpNWipU_uVRzOmJnp8WwN7qb7PvJsJfSRXWHGwOx04LJsG3_qlk4h52_Szdn4cy6QZ1MmA5IjW6dU5eUoiClV"")",https://community.akamai.steamstatic.com/economy/image/i0CoZ81Ui0m-9KwlBY1L_18myuGuq1wfhWSaZgMttyVfPaERSR0Wqmu7LAocGJai0ki7VeTHjMmuOXSQ61MnpNWipU_uVRzOmJnp8WwN7qb7PvJsJfSRXWHGwOx04LJsG3_qlk4h52_Szdn4cy6QZ1MmA5IjW6dU5eUoiClV,https://cs2tokens.com/iem-cologne-2026/items/sticker-vitality-foil-cologne-2026,Sticker | Vitality (Foil) | Cologne 2026,https://steamcommunity.com/market/listings/730/Sticker%20%7C%20Vitality%20%28Foil%29%20%7C%20Cologne%202026,ok,10370.0,5316.0,12.0,iem-cologne-2026,campaign_12,sticker,Team,,Vitality,rarity_mythical,eea4baddf252
245,47.1,P4,SCORE FIRST,donk,Player,Paper,Team Spirit,217,2.15,59.55,0.59,2P,True,72.56,"2P around $0.59, 73% below Steam",0 until scored,Expensive,Fair,High,6.0,0.6541,0.3205,0.5405,0.4269,0.5166,39.953917050691246,0.3329,410.0015621338749,1.0,303.7,517.0,58.027079303675045,-34.10138248847926,0.4263,0.3188,0.0,0.0,0.65,0.0,0,1.0,0.1098,58.027079303675045,138.24884792626727,0.19786096256684493,88.4818496693806,768.1949543075841,0.0,0.0,0.0,0.6324,0.3162,0.975,"Floor + prior bounce, but lower highs",+410% expected | 0.32 demand | 2P 73% below Steam | 88% below high | 768% upside,"High crowding, lower highs, 2P new low, unscored",Potentially interesting; needs manual score.,False,143.0,51.74825174825175,211.0,2.8436018957346043,261.54,2,0.46,-0.55,0.46,61,232.42,4.83,11.92,-0.91,8.4,0.0,0.0,0.0,0.0,418011.0,686082.0,155248.0,991.0,0.000733,0.000347,-92.82,0.16,-26.69,-14.22,0.000616,0.000496,1.0,0.59,,0.59,0.59,,,0.0,True,72.55813953488372,58.357456496991375,0.1,0.196,,,0.782608695652174,0.2196,0.6051,1.0,143.0,517.0,365.0,216.0,116,321.31,2026-06-05T01:14:16.782000,,,,,,,0,0,0,0,0.0,Team Spirit,24,6,1.0,"=IMAGE(""https://community.akamai.steamstatic.com/economy/image/i0CoZ81Ui0m-9KwlBY1L_18myuGuq1wfhWSaZgMttyVfPaERSR0Wqmu7LAocGJai0ki7VeTHjMmuOXSQ61MnpNWipUruRiL1kZjrsyFeuqD_bKA1I6DAVmSRlbp05-VvHXG1wkgm6m7Wz42tdHKWaQEjCcZuBbldZ0qdEZc"")",https://community.akamai.steamstatic.com/economy/image/i0CoZ81Ui0m-9KwlBY1L_18myuGuq1wfhWSaZgMttyVfPaERSR0Wqmu7LAocGJai0ki7VeTHjMmuOXSQ61MnpNWipUruRiL1kZjrsyFeuqD_bKA1I6DAVmSRlbp05-VvHXG1wkgm6m7Wz42tdHKWaQEjCcZuBbldZ0qdEZc,https://cs2tokens.com/iem-cologne-2026/items/sticker-donk-cologne-2026,Sticker | donk | Cologne 2026,https://steamcommunity.com/market/listings/730/Sticker%20%7C%20donk%20%7C%20Cologne%202026,ok,10718.0,5316.0,12.0,iem-cologne-2026,campaign_12,sticker,Autograph,donk,Team Spirit,rarity_rare,d67f17bb54bb
246,46.5,P4,SCORE FIRST,esenthial (Gold),Player,Gold,B8,1695,16.78,575.77,5.7,2P,True,66.03,"2P around $5.70, 66% below Steam",0 until scored,Premium,Expensive,Medium,6.0,0.664,0.3315,0.5091,0.4585,0.4866,-0.33274336283186656,0.0,193.40641515292657,1.0,1689.36,3887.0,56.39310522253667,-89.20353982300885,1.0,0.5194,0.0552,0.0,0.65,0.0,0,1.0,0.1961,56.39310522253667,129.32153392330386,0.408207343412527,85.18716923530745,575.0904103917611,0.10604069433682492,-68.21673653159448,0.8527,0.3473,0.3448,0.0125,Neutral,+193% expected | 0.52 demand | 2P 66% below Steam | 85% below high | 575% upside,"lower highs, 2P new low, unscored",2P is cheaper than current Steam but still above Steam's recorded low; wait for a stronger entry.,False,183.0,826.2295081967213,630.33,168.90676312407783,2024.04,1,-2.53,0.91,-2.45,57,227.69,-12.58,-31.04,2.55,1.01,-13.0,-0.0812,0.325,0.3595,667824.0,1123597.0,85542.0,-4816.0,0.002251,0.001684,-39.6,-0.04,3.11,-7.18,0.002435,0.0,1.0,5.7,,5.7,5.7,,,0.0,True,66.03098927294398,-214.63100099650245,0.1,0.0464,,,0.9006211180124224,0.05,0.5858,0.33125,183.0,3887.0,1842.5,1738.0,116,321.31,2026-06-05T01:14:16.782000,,,,,,,0,0,0,0,0.0,B8,24,6,1.0,"=IMAGE(""https://community.akamai.steamstatic.com/economy/image/i0CoZ81Ui0m-9KwlBY1L_18myuGuq1wfhWSaZgMttyVfPaERSR0Wqmu7LAocGJai0ki7VeTHjMmuOXSQ61MnpNWipUruRiL0jZPu6SpS7v6Rb6thJL7KVjCUkepysbZqHCznxUh0426Am9yueXzEP1QpC5MhE-RZtES_m4C2Kaq8sPRJb4ui"")",https://community.akamai.steamstatic.com/economy/image/i0CoZ81Ui0m-9KwlBY1L_18myuGuq1wfhWSaZgMttyVfPaERSR0Wqmu7LAocGJai0ki7VeTHjMmuOXSQ61MnpNWipUruRiL0jZPu6SpS7v6Rb6thJL7KVjCUkepysbZqHCznxUh0426Am9yueXzEP1QpC5MhE-RZtES_m4C2Kaq8sPRJb4ui,https://cs2tokens.com/iem-cologne-2026/items/sticker-esenthial-gold-cologne-2026,Sticker | esenthial (Gold) | Cologne 2026,https://steamcommunity.com/market/listings/730/Sticker%20%7C%20esenthial%20%28Gold%29%20%7C%20Cologne%202026,ok,10885.0,5316.0,12.0,iem-cologne-2026,campaign_12,sticker,Autograph,esenthial,B8,rarity_ancient,5ed19c604a87
247,46.5,P4,SCORE FIRST,NEKiZ (Gold),Player,Gold,,1101,10.9,406.06,4.02,2P,True,63.12,"2P around $4.02, 63% below Steam",0 until scored,Premium,Expensive,High,6.0,0.683,0.3316,0.5026,0.4539,0.5088,38.59218891916441,0.3216,275.78479085047076,1.0,1525.9,3427.0,67.87277502188503,-87.01180744777474,1.0,0.4941,0.0,0.0617,0.65,0.0,0,1.0,0.2927,67.87277502188503,211.26248864668483,0.2917174177831912,88.15124363192457,743.9704294151406,0.0801025824402999,-64.78325900018527,0.8098,0.3982,0.4668,0.0,Neutral,+276% expected | 0.49 demand | 2P 63% below Steam | 88% below high | 744% upside,"High crowding, lower highs, 2P new low, unscored",2P is cheaper than current Steam but still above Steam's recorded low; wait for a stronger entry.,False,143.0,669.9300699300699,594.67,85.14470210368776,2296.5,1,-3.59,0.26,-3.63,57,227.69,-19.99,-49.29,0.0,-7.86,-20.0,-0.125,0.5,0.571,784700.0,1395317.0,113346.0,-7062.0,0.002352,0.002469,-11.43,0.08,-2.19,-3.99,0.00181,0.0,1.0,4.02,,4.02,4.02,,,0.0,True,63.11926605504588,-183.95586065310832,0.1,0.0455,,,0.9751552795031055,0.05,0.688,0.04375,143.0,3427.0,1734.5,1142.33,116,321.31,2026-06-05T01:14:16.782000,,,,,,,0,0,0,0,0.0,NEKiZ,4,1,0.25,"=IMAGE(""https://community.akamai.steamstatic.com/economy/image/i0CoZ81Ui0m-9KwlBY1L_18myuGuq1wfhWSaZgMttyVfPaERSR0Wqmu7LAocGJai0ki7VeTHjMmuOXSQ61MnpNWipUruRiL_m53p5x1c4P6qJvM6IaeVWjLGxb8l4-Q7G3jml0p04zjTzt-gI36SZlJxXpAmQOcPsEKm0oqwbp8jurc"")",https://community.akamai.steamstatic.com/economy/image/i0CoZ81Ui0m-9KwlBY1L_18myuGuq1wfhWSaZgMttyVfPaERSR0Wqmu7LAocGJai0ki7VeTHjMmuOXSQ61MnpNWipUruRiL_m53p5x1c4P6qJvM6IaeVWjLGxb8l4-Q7G3jml0p04zjTzt-gI36SZlJxXpAmQOcPsEKm0oqwbp8jurc,https://cs2tokens.com/iem-cologne-2026/items/sticker-nekiz-gold-cologne-2026,Sticker | NEKiZ (Gold) | Cologne 2026,https://steamcommunity.com/market/listings/730/Sticker%20%7C%20NEKiZ%20%28Gold%29%20%7C%20Cologne%202026,ok,11085.0,5316.0,12.0,iem-cologne-2026,campaign_12,sticker,Autograph,NEKiZ,,rarity_ancient,cd735005996a
248,45.5,P4,SCORE FIRST,alex666 (Gold),Player,Gold,B8,2951,29.21,1180.0,11.68,2P,True,60.01,"2P around $11.68, 60% below Steam",0 until scored,Premium,Premium,High,6.0,0.7052,0.3128,0.4426,0.4807,0.4408,-12.958658082006092,0.0,117.67787649183235,0.9806,2568.59,7821.0,62.26825214166987,-66.28261606235175,0.8285,0.5047,0.0,0.0618,0.65,0.0,0,1.0,0.2306,62.26825214166987,165.02880379532363,0.28655142103721065,84.91246781974337,562.7989177107365,0.02710165423642992,-15.677672532645081,0.196,0.05,0.2306,0.2375,Neutral,+118% expected | 0.50 demand | 2P 60% below Steam | 85% below high | 563% upside,"High crowding, lower highs, 2P new low, unscored",Potentially interesting; needs manual score.,False,1389.0,112.45500359971201,1583.67,86.33932574336825,686.03,3,-3.63,1.44,-3.67,57,227.69,-20.03,-49.4,1.6,-10.01,-10.0,-0.0625,0.25,0.5722,649421.0,1071008.0,114802.0,-7062.0,0.001503,0.002469,263.3,1.2,-2.19,-3.99,0.00147,0.0,1.0,11.68,,11.68,11.68,,,0.0,True,60.01369394043136,-18.592551941494524,0.1,0.0989,,,0.8757763975155279,0.05,0.6167,0.6625,995.0,7821.0,1712.0,3063.0,116,321.31,2026-06-05T01:14:16.782000,,,,,,,0,0,0,0,0.0,B8,24,6,1.0,"=IMAGE(""https://community.akamai.steamstatic.com/economy/image/i0CoZ81Ui0m-9KwlBY1L_18myuGuq1wfhWSaZgMttyVfPaERSR0Wqmu7LAocGJai0ki7VeTHjMmuOXSQ61MnpNWipUruRiLwkpP4q3QN0PWhZKAjdajACDeRxepytLY7Sirrlxtx52vQyd6uJC6SZw9xW5AlTeJb40O-m8qnab0txe-AKw"")",https://community.akamai.steamstatic.com/economy/image/i0CoZ81Ui0m-9KwlBY1L_18myuGuq1wfhWSaZgMttyVfPaERSR0Wqmu7LAocGJai0ki7VeTHjMmuOXSQ61MnpNWipUruRiLwkpP4q3QN0PWhZKAjdajACDeRxepytLY7Sirrlxtx52vQyd6uJC6SZw9xW5AlTeJb40O-m8qnab0txe-AKw,https://cs2tokens.com/iem-cologne-2026/items/sticker-alex666-gold-cologne-2026,Sticker | alex666 (Gold) | Cologne 2026,https://steamcommunity.com/market/listings/730/Sticker%20%7C%20alex666%20%28Gold%29%20%7C%20Cologne%202026,ok,10889.0,5316.0,12.0,iem-cologne-2026,campaign_12,sticker,Autograph,alex666,B8,rarity_ancient,6d044da13fa6
249,44.9,P4,SCORE FIRST,z4KR (Foil),Player,Foil,Lynn Vision,199,1.97,62.63,0.62,2P,True,68.53,"2P around $0.62, 69% below Steam",0 until scored,Fair,Very Cheap,High,6.0,0.5779,0.2965,0.5333,0.3846,0.3079,-35.38693467336683,0.0,105.30280434430219,0.8775,128.58,246.0,19.10569105691057,-81.90954773869346,1.0,0.5588,0.124,0.0,0.65,0.0,0,1.0,0.4272,19.10569105691057,23.61809045226131,0.7761904761904762,74.54087738846931,292.7865132112174,0.12680686487793083,-42.51904684713892,0.5315,1.0,0.6318,0.70625,Near high / chase risk,+105% expected | 0.56 demand | 2P 69% below Steam | 75% below high | 293% upside,"High crowding, lower highs, 2P new low, unscored",2P is cheaper than current Steam but still above Steam's recorded low; wait for a stronger entry.,False,120.0,65.83333333333334,114.0,74.56140350877195,583.33,1,-3.4,1.24,-3.16,60,232.41,-14.96,-36.89,1.05,-38.56,-4.0,-0.025,0.1,0.4274,511510.0,830265.0,59151.0,-6106.0,0.001418,0.002135,5340.78,2.08,5.88,-6.11,0.003115,0.0,1.0,0.62,,0.62,0.62,,,0.0,True,68.52791878172589,-73.97067117879301,0.1,0.0472,,,0.8819875776397516,0.5906,0.7045,0.90625,36.0,246.0,63.5,205.67,116,321.31,2026-06-05T01:14:16.782000,,,,,,,0,0,0,0,0.0,Lynn Vision,24,6,1.0,"=IMAGE(""https://community.akamai.steamstatic.com/economy/image/i0CoZ81Ui0m-9KwlBY1L_18myuGuq1wfhWSaZgMttyVfPaERSR0Wqmu7LAocGJai0ki7VeTHjMmuOXSQ61MnpNWipUruRiLryp3ywiRU5v7gOaU8dqPFWWLDwrkv47A4HiuykEhy5GXTyNqsIHKRalJxX5F3E-VfsQ74zIMyvz9yOw"")",https://community.akamai.steamstatic.com/economy/image/i0CoZ81Ui0m-9KwlBY1L_18myuGuq1wfhWSaZgMttyVfPaERSR0Wqmu7LAocGJai0ki7VeTHjMmuOXSQ61MnpNWipUruRiLryp3ywiRU5v7gOaU8dqPFWWLDwrkv47A4HiuykEhy5GXTyNqsIHKRalJxX5F3E-VfsQ74zIMyvz9yOw,https://cs2tokens.com/iem-cologne-2026/items/sticker-z4kr-foil-cologne-2026,Sticker | z4KR (Foil) | Cologne 2026,https://steamcommunity.com/market/listings/730/Sticker%20%7C%20z4KR%20%28Foil%29%20%7C%20Cologne%202026,ok,11119.0,5316.0,12.0,iem-cologne-2026,campaign_12,sticker,Autograph,z4KR,Lynn Vision,rarity_mythical,9b47a34f0b97
