priority_rank,priority_score,priority_tier,verdict,sticker,category,variant,sticker_type,catalog_type,player_name,team,team_name,price_tokens,usd_price,effective_price_tokens,effective_usd_price,effective_price_source,effective_uses_second_market,effective_discount_to_steam_pct,buy_from,suggested_size,entry_tier,effective_entry_tier,flood_risk,hist_last,hist_min,hist_max,hist_points,history_span_hours,snapshot_points,quality_score,history_score,decision_score,trend_score,value_edge_score,expected_return_pct,effective_expected_return_pct,demand_momentum_score,demand_price_divergence_score,prediction_confidence,score_confidence,quick_reason,risk_note,action_note,second_market_latest_low_usd,second_market_previous_low_usd,second_market_low_usd,second_market_high_usd,second_market_change_pct,second_market_slope_pct,second_market_true_edge_pct,second_market_discount_to_steam_pct,second_market_wait_penalty,second_market_score,second_market_points,second_market_new_low,csfloat_latest_usd,uuskins_latest_usd,item_url,image_url,market_hash_name,steam_market_url,metadata_status
1,83.1,P1,CORE BUY CANDIDATE,Aurora (Holo),Team,Holo,Team,sticker,,Aurora,Aurora,1432,14.18,475.65,4.71,UUSkins,True,66.78,"UUSkins around $4.71, 67% below Steam",2-5 max,Expensive,Cheap,Medium,1432.0,575.0,5614.0,124,321.31,64,8.25,0.7793,0.6379,0.5184,0.7031,50.804469273743024,354.0143045226488,0.5947,0.0237,1.0,1.0,+354% expected | 0.59 demand | UUSkins 67% below Steam | 92% below high | 1080% upside,"lower highs, 2P new low","Best scored candidate; prefer UUSkins around $4.71, 67% below Steam; still size carefully.",4.71,4.71,4.71,5.62,0.0,-1.2020566981656533,17.278224075550384,66.78420310296191,0.0,0.7113,14.0,True,7.54,4.71,https://cs2tokens.com/iem-cologne-2026/items/sticker-aurora-holo-cologne-2026,https://community.akamai.steamstatic.com/economy/image/i0CoZ81Ui0m-9KwlBY1L_18myuGuq1wfhWSaZgMttyVfPaERSR0Wqmu7LAocGJai0ki7VeTHjMmuOXSQ61MnpNWipVjyUxzOlpns8mxevqH9a_BvdPTCCDPDx-sk5ONqGHq2w09y4m_SmIuuJHqTOFQgDpF2W6dU5fBrLrQX,Sticker | Aurora (Holo) | Cologne 2026,https://steamcommunity.com/market/listings/730/Sticker%20%7C%20Aurora%20%28Holo%29%20%7C%20Cologne%202026,ok
2,82.5,P1,CORE BUY CANDIDATE,TYLOO (Holo),Team,Holo,Team,sticker,,TYLOO,TYLOO,2302,22.79,865.65,8.57,UUSkins,True,62.4,"UUSkins around $8.57, 62% below Steam",2-5 max,Expensive,Fair,Medium,2302.0,876.0,8288.0,124,321.31,64,8.7,0.744,0.6641,0.5381,0.6607,56.71416159860989,316.7462943795005,0.7163,0.0,1.0,1.0,+317% expected | 0.72 demand | UUSkins 62% below Steam | 90% below high | 857% upside,"lower highs, 2P new low","Best scored candidate; prefer UUSkins around $8.57, 62% below Steam; still size carefully.",8.57,8.57,8.57,10.95,0.0,-0.6544293695131691,1.1816245609606142,62.39578762615182,0.0,0.5347,16.0,True,11.2,8.57,https://cs2tokens.com/iem-cologne-2026/items/sticker-tyloo-holo-cologne-2026,https://community.akamai.steamstatic.com/economy/image/i0CoZ81Ui0m-9KwlBY1L_18myuGuq1wfhWSaZgMttyVfPaERSR0Wqmu7LAocGJai0ki7VeTHjMmuOXSQ61MnpNWipU3-TSL5kZrvs3UC66L5avNpc_LBCzeSluwnsuA6THjmw0Qm62_XzN77JHuQPQAgDpFuBbld93AhKcs,Sticker | TYLOO (Holo) | Cologne 2026,https://steamcommunity.com/market/listings/730/Sticker%20%7C%20TYLOO%20%28Holo%29%20%7C%20Cologne%202026,ok
3,80.7,P1,CORE BUY CANDIDATE,TjP (Holo),Player,Holo,Autograph,sticker,TjP,,,964,9.54,314.26,3.11,UUSkins,True,67.4,"UUSkins around $3.11, 67% below Steam",2-5 max,Expensive,Fair,Low,964.0,320.0,2282.0,124,321.31,64,8.25,0.7286,0.6326,0.5023,0.6646,12.998962655601654,246.62704300142755,0.6875,0.0,1.0,1.0,+247% expected | 0.69 demand | UUSkins 67% below Steam | 86% below high | 626% upside,lower highs,"Best scored candidate; prefer UUSkins around $3.11, 67% below Steam; still size carefully.",3.11,3.11,2.95,3.51,0.0,0.9169884169884082,1.7937631027253524,67.40041928721175,0.0,0.5301,16.0,False,10.53,3.11,https://cs2tokens.com/iem-cologne-2026/items/sticker-tjp-holo-cologne-2026,https://community.akamai.steamstatic.com/economy/image/i0CoZ81Ui0m-9KwlBY1L_18myuGuq1wfhWSaZgMttyVfPaERSR0Wqmu7LAocGJai0ki7VeTHjMmuOXSQ61MnpNWipUruRiLllIbf9S1X4Lz4afc0IaeXXT-UmOsm57g_HSrhwk5ytTjcmNeoeS2TPAYiCZIlQrELrFDmxTK6M1Q9,Sticker | TjP (Holo) | Cologne 2026,https://steamcommunity.com/market/listings/730/Sticker%20%7C%20TjP%20%28Holo%29%20%7C%20Cologne%202026,ok
4,75.5,P1,CORE BUY CANDIDATE,Lynn Vision (Holo),Team,Holo,Team,sticker,,Lynn Vision,Lynn Vision,1897,18.78,656.58,6.5,UUSkins,True,65.39,"UUSkins around $6.50, 65% below Steam",2-5 max,Expensive,Fair,Medium,1897.0,644.0,5064.0,124,321.31,64,8.35,0.7127,0.5716,0.449,0.6014,47.22087506589352,325.3550821134586,0.5172,0.0,1.0,1.0,+325% expected | 0.52 demand | UUSkins 65% below Steam | 87% below high | 671% upside,lower highs,"Best scored candidate; prefer UUSkins around $6.50, 65% below Steam; still size carefully.",6.5,6.54,5.62,6.59,-0.6116207951070374,0.8651048843974907,-1.952817520951972,65.38871139510117,0.0,0.4428,16.0,False,6.75,6.5,https://cs2tokens.com/iem-cologne-2026/items/sticker-lynn-vision-holo-cologne-2026,https://community.akamai.steamstatic.com/economy/image/i0CoZ81Ui0m-9KwlBY1L_18myuGuq1wfhWSaZgMttyVfPaERSR0Wqmu7LAocGJai0ki7VeTHjMmuOXSQ61MnpNWipVX-TxPOlpns8mxauPH4MPFodaiWXT-SmOxzteQxF37hw0t24DmDmNepcX6VOlIgWJcmW6dU5bXC5oSB,Sticker | Lynn Vision (Holo) | Cologne 2026,https://steamcommunity.com/market/listings/730/Sticker%20%7C%20Lynn%20Vision%20%28Holo%29%20%7C%20Cologne%202026,ok
5,80.7,P1,SMALL BUY,G2 esports (Holo),Team,Holo,Team,sticker,,G2 Esports,G2 Esports,1465,14.5,439.5,4.35,UUSkins,True,70.0,"UUSkins around $4.35, 70% below Steam",1-3 max,Expensive,Cheap,Medium,1465.0,477.0,4761.0,124,321.31,64,7.62,0.7942,0.6302,0.5344,0.7378,27.82866894197953,326.09556313993176,0.7158,0.0,1.0,1.0,+326% expected | 0.72 demand | UUSkins 70% below Steam | 91% below high | 983% upside,"lower highs, 2P new low","Small position only; prefer UUSkins around $4.35, 70% below Steam; not a core hold.",4.35,4.36,4.35,5.25,-0.2293577981651529,-0.2922565422565454,7.861635220125784,70.0,0.0,0.6286,14.0,True,5.38,4.35,https://cs2tokens.com/iem-cologne-2026/items/sticker-g2-esports-holo-cologne-2026,https://community.akamai.steamstatic.com/economy/image/i0CoZ81Ui0m-9KwlBY1L_18myuGuq1wfhWSaZgMttyVfPaERSR0Wqmu7LAocGJai0ki7VeTHjMmuOXSQ61MnpNWipV61fhX-kpmurnFZ7KT8avFvd_TLDDCTwrwutrBtGH_rxR8mtjjRmdmpdX6UPQ91WYwwG7CGoAbOjA,Sticker | G2 esports (Holo) | Cologne 2026,https://steamcommunity.com/market/listings/730/Sticker%20%7C%20G2%20esports%20%28Holo%29%20%7C%20Cologne%202026,ok
6,78.6,P1,SMALL BUY,vexite (Holo),Player,Holo,Autograph,sticker,vexite,Flyquest,Flyquest,252,2.49,127.52,1.26,UUSkins,True,49.4,"UUSkins around $1.26, 49% below Steam",1-3 max,Fair,Cheap,Low,252.0,83.0,764.0,124,321.31,66,7.48,0.7017,0.5754,0.5509,0.632,33.7936507936508,164.4017384731671,0.7197,0.0,1.0,1.0,+164% expected | 0.72 demand | UUSkins 49% below Steam | 83% below high | 499% upside,lower highs,2P is cheaper than current Steam but still above Steam's recorded low; wait for a stronger entry.,1.26,1.1,1.1,1.26,14.545454545454527,,-53.63623167368268,49.397590361445786,0.0,0.0678,2.0,False,1.34,1.26,https://cs2tokens.com/iem-cologne-2026/items/sticker-vexite-holo-cologne-2026,https://community.akamai.steamstatic.com/economy/image/i0CoZ81Ui0m-9KwlBY1L_18myuGuq1wfhWSaZgMttyVfPaERSR0Wqmu7LAocGJai0ki7VeTHjMmuOXSQ61MnpNWipUruRiLnm47p6Sdk5_2iZ-ppc6WSV2aRx7gi6ORtSXq2zB8k5W2Dzt6rdi7BaAIjD5VwQ-VZshe7jJS5YJtMlEwI,Sticker | vexite (Holo) | Cologne 2026,https://steamcommunity.com/market/listings/730/Sticker%20%7C%20vexite%20%28Holo%29%20%7C%20Cologne%202026,ok
7,75.8,P1,SMALL BUY,M80 (Holo),Team,Holo,Team,sticker,,M80,M80,2351,23.27,610.23,6.04,UUSkins,True,74.04,"UUSkins around $6.04, 74% below Steam",1-3 max,Expensive,Fair,Low,2351.0,477.0,4820.0,124,321.31,64,9.1,0.6938,0.6507,0.4674,0.619,6.729051467460656,311.1895741138757,0.6066,0.0,1.0,1.0,+311% expected | 0.61 demand | UUSkins 74% below Steam | 87% below high | 690% upside,"lower highs, 2P new low",2P is cheaper than current Steam but still above Steam's recorded low; wait for a stronger entry.,6.04,6.04,6.03,6.6,0.0,-0.5225080385852128,-27.93070859899152,74.04383326171036,0.0,0.2467,16.0,True,11.82,6.04,https://cs2tokens.com/iem-cologne-2026/items/sticker-m80-holo-cologne-2026,https://community.akamai.steamstatic.com/economy/image/i0CoZ81Ui0m-9KwlBY1L_18myuGuq1wfhWSaZgMttyVfPaERSR0Wqmu7LAocGJai0ki7VeTHjMmuOXSQ61MnpNWipVS_ESL5kZrvs3ddtqP4P_Q-cqfHXz7HkbpwtOAwGCqxxBt-4znVzo2gI3PFaFUlA8NuBbldPjDlc7A,Sticker | M80 (Holo) | Cologne 2026,https://steamcommunity.com/market/listings/730/Sticker%20%7C%20M80%20%28Holo%29%20%7C%20Cologne%202026,ok
8,75.2,P1,SMALL BUY,nettik (Holo),Player,Holo,Autograph,sticker,nettik,Flyquest,Flyquest,242,2.4,88.73,0.88,UUSkins,True,63.33,"UUSkins around $0.88, 63% below Steam",1-3 max,Fair,Very Cheap,Medium,242.0,60.0,730.0,124,321.31,66,7.38,0.7148,0.5463,0.5044,0.6082,40.26859504132232,282.5507137490608,0.5563,0.0,1.0,1.0,+283% expected | 0.56 demand | UUSkins 63% below Steam | 88% below high | 723% upside,lower highs,2P is cheaper than current Steam but still above Steam's recorded low; wait for a stronger entry.,0.88,0.85,0.85,0.88,3.529411764705892,,-47.888888888888886,63.33333333333334,0.0,0.0767,2.0,False,1.2,0.88,https://cs2tokens.com/iem-cologne-2026/items/sticker-nettik-holo-cologne-2026,https://community.akamai.steamstatic.com/economy/image/i0CoZ81Ui0m-9KwlBY1L_18myuGuq1wfhWSaZgMttyVfPaERSR0Wqmu7LAocGJai0ki7VeTHjMmuOXSQ61MnpNWipUruRiL_m4L09Clk5_2iZ-o7c_GWDD6VlOpy5LVtFn7jwBxwsmuDm4yueXmWPQEjD5ByEO5c4xWwjJS5YF1yf4jn,Sticker | nettik (Holo) | Cologne 2026,https://steamcommunity.com/market/listings/730/Sticker%20%7C%20nettik%20%28Holo%29%20%7C%20Cologne%202026,ok
9,74.6,P1,SMALL BUY,9z Team (Holo),Team,Holo,Team,sticker,,9z Team,9z Team,1143,11.32,406.92,4.03,UUSkins,True,64.4,"UUSkins around $4.03, 64% below Steam",1-3 max,Expensive,Cheap,Medium,1143.0,378.0,3422.0,124,321.31,64,7.4,0.7482,0.5681,0.4536,0.6741,22.855643044619423,245.09327028910465,0.5025,0.0118,1.0,1.0,+245% expected | 0.50 demand | UUSkins 64% below Steam | 88% below high | 741% upside,"lower highs, 2P new low","Small position only; prefer UUSkins around $4.03, 64% below Steam; not a core hold.",4.03,4.05,4.03,4.62,-0.4938271604938204,-0.410212277682156,-7.649756015480399,64.39929328621908,0.0,0.53,14.0,True,5.34,4.03,https://cs2tokens.com/iem-cologne-2026/items/sticker-9z-team-holo-cologne-2026,https://community.akamai.steamstatic.com/economy/image/i0CoZ81Ui0m-9KwlBY1L_18myuGuq1wfhWSaZgMttyVfPaERSR0Wqmu7LAocGJai0ki7VeTHjMmuOXSQ61MnpNWipVfuTxjOlpns8mwLt6eta6FseKXBWGaTx-gu4rBoF3vrzRxw4m2En47_JC6SOgMjXpd0W6dU5UBjs29Q,Sticker | 9z Team (Holo) | Cologne 2026,https://steamcommunity.com/market/listings/730/Sticker%20%7C%209z%20Team%20%28Holo%29%20%7C%20Cologne%202026,ok
10,73.4,P1,SMALL BUY,Jee (Holo),Player,Holo,Autograph,sticker,Jee,TYLOO,TYLOO,932,9.23,296.87,2.94,UUSkins,True,68.15,"UUSkins around $2.94, 68% below Steam",1-3 max,Expensive,Fair,Medium,932.0,317.0,2400.0,124,321.31,64,7.25,0.7461,0.5731,0.4841,0.6584,4.339055793991431,227.5678520335173,0.7064,0.1379,1.0,1.0,+228% expected | 0.71 demand | UUSkins 68% below Steam | 88% below high | 708% upside,"lower highs, 2P new low","Small position only; prefer UUSkins around $2.94, 68% below Steam; not a core hold.",2.94,2.95,2.94,3.59,-0.3389830508474634,-0.9875976113918272,6.351186468483309,68.14734561213434,0.0,0.6069,14.0,True,20.0,2.94,https://cs2tokens.com/iem-cologne-2026/items/sticker-jee-holo-cologne-2026,https://community.akamai.steamstatic.com/economy/image/i0CoZ81Ui0m-9KwlBY1L_18myuGuq1wfhWSaZgMttyVfPaERSR0Wqmu7LAocGJai0ki7VeTHjMmuOXSQ61MnpNWipUruRiL7m5Pf9S1X4Lz4Mfc6JabHDzbEwO0j57I8Gn7nzExzt2_dmNqqI3LDOgUgWJF2F7QMrFDmxa8EpGvw,Sticker | Jee (Holo) | Cologne 2026,https://steamcommunity.com/market/listings/730/Sticker%20%7C%20Jee%20%28Holo%29%20%7C%20Cologne%202026,ok
11,73.4,P1,SMALL BUY,gafolo (Holo),Player,Holo,Autograph,sticker,gafolo,Sharks Esports,Sharks Esports,240,2.38,89.75,0.89,UUSkins,True,62.61,"UUSkins around $0.89, 63% below Steam",1-3 max,Fair,Very Cheap,Low,240.0,77.0,673.0,124,321.31,66,7.32,0.7117,0.5398,0.4398,0.6382,32.41666666666667,254.10299625468164,0.2397,0.0,1.0,1.0,+254% expected | 0.24 demand | UUSkins 63% below Steam | 87% below high | 650% upside,"lower highs, 2P new low","Small position only; prefer UUSkins around $0.89, 63% below Steam; not a core hold.",0.89,0.89,0.89,1.37,0.0,-1.732673267326737,-16.55571319436865,62.60504201680671,0.0,0.5236,16.0,True,1.37,0.89,https://cs2tokens.com/iem-cologne-2026/items/sticker-gafolo-holo-cologne-2026,https://community.akamai.steamstatic.com/economy/image/i0CoZ81Ui0m-9KwlBY1L_18myuGuq1wfhWSaZgMttyVfPaERSR0Wqmu7LAocGJai0ki7VeTHjMmuOXSQ61MnpNWipUruRiL2n5Dv8S1k5_2iZ-o5dqPKDGPCxe0vtbVtFivhxkVwtmSEmdapcnqWP1UkD8YhFLJftRO9jJS5YOrIK_Im,Sticker | gafolo (Holo) | Cologne 2026,https://steamcommunity.com/market/listings/730/Sticker%20%7C%20gafolo%20%28Holo%29%20%7C%20Cologne%202026,ok
12,73.2,P1,SMALL BUY,zorte (Holo),Player,Holo,Autograph,sticker,zorte,BetBoom,BetBoom,345,3.42,177.54,1.76,UUSkins,True,48.54,"UUSkins around $1.76, 49% below Steam",1-3 max,Fair,Fair,High,345.0,94.0,3210.0,124,321.31,66,7.55,0.7234,0.5469,0.5488,0.5533,42.202898550724655,176.32608695652178,0.7146,0.1542,1.0,1.0,+176% expected | 0.71 demand | UUSkins 49% below Steam | 94% below high | 1708% upside,"High crowding, lower highs, 2P new low",2P is cheaper than current Steam but still above Steam's recorded low; wait for a stronger entry.,1.76,1.76,1.76,2.35,0.0,-1.3275991024682223,-88.87644643523704,48.53801169590643,0.0,0.213,16.0,True,5.42,1.76,https://cs2tokens.com/iem-cologne-2026/items/sticker-zorte-holo-cologne-2026,https://community.akamai.steamstatic.com/economy/image/i0CoZ81Ui0m-9KwlBY1L_18myuGuq1wfhWSaZgMttyVfPaERSR0Wqmu7LAocGJai0ki7VeTHjMmuOXSQ61MnpNWipUruRiLrkYT0-B1T4P6hJqU4IvLKVzOWk7gn4LQ_G3ixzUl352qAz9yudHyWPVJ1X5QiQeYPsROm0oqwAbXvm4w,Sticker | zorte (Holo) | Cologne 2026,https://steamcommunity.com/market/listings/730/Sticker%20%7C%20zorte%20%28Holo%29%20%7C%20Cologne%202026,ok
13,72.7,P1,SMALL BUY,PARIVISION (Holo),Team,Holo,Team,sticker,,PARIVISION,PARIVISION,1871,18.52,537.46,5.32,UUSkins,True,71.27,"UUSkins around $5.32, 71% below Steam",1-3 max,Expensive,Fair,Medium,1871.0,392.0,4582.0,124,321.31,64,9.0,0.7003,0.6306,0.4476,0.5886,17.969000534473544,310.6740394545958,0.5303,0.0503,1.0,1.0,+311% expected | 0.53 demand | UUSkins 71% below Steam | 88% below high | 753% upside,"lower highs, 2P new low",2P is cheaper than current Steam but still above Steam's recorded low; wait for a stronger entry.,5.32,5.45,5.32,6.51,-2.3853211009174258,-1.2803234501347718,-37.10660290033941,71.2742980561555,0.0,0.2475,16.0,True,6.32,5.32,https://cs2tokens.com/iem-cologne-2026/items/sticker-parivision-holo-cologne-2026,https://community.akamai.steamstatic.com/economy/image/i0CoZ81Ui0m-9KwlBY1L_18myuGuq1wfhWSaZgMttyVfPaERSR0Wqmu7LAocGJai0ki7VeTHjMmuOXSQ61MnpNWipUnmUxTOlpns8mwKvKqqbvM5cPTLWWLAwu0i6eMwSyrrxh9-5TiGyN_6eC_FbAdzApt4W6dU5dUDv2Fv,Sticker | PARIVISION (Holo) | Cologne 2026,https://steamcommunity.com/market/listings/730/Sticker%20%7C%20PARIVISION%20%28Holo%29%20%7C%20Cologne%202026,ok
14,71.8,P2,SMALL BUY,Legacy (Holo),Team,Holo,Team,sticker,,Legacy,Legacy,1547,15.32,581.64,5.76,UUSkins,True,62.4,"UUSkins around $5.76, 62% below Steam",1-3 max,Expensive,Fair,Medium,1547.0,783.0,5596.0,124,321.31,64,7.7,0.7437,0.5653,0.4779,0.6323,33.020038784744685,253.7963531566473,0.453,0.0,1.0,1.0,+254% expected | 0.45 demand | UUSkins 62% below Steam | 90% below high | 862% upside,"lower highs, 2P new low","Small position only; prefer UUSkins around $5.76, 62% below Steam; not a core hold.",5.76,5.76,5.76,6.91,0.0,-1.1426274689940268,25.716515110590915,62.40208877284596,0.0,0.78,14.0,True,7.2,5.76,https://cs2tokens.com/iem-cologne-2026/items/sticker-legacy-holo-cologne-2026,https://community.akamai.steamstatic.com/economy/image/i0CoZ81Ui0m-9KwlBY1L_18myuGuq1wfhWSaZgMttyVfPaERSR0Wqmu7LAocGJai0ki7VeTHjMmuOXSQ61MnpNWipVXgQgTOlpns8mwNu_SrbfA_JPGWV2TEmbsntLNoTiywl0hz5T-An92ueC-Qag8nDpR4W6dU5ZVZFWNE,Sticker | Legacy (Holo) | Cologne 2026,https://steamcommunity.com/market/listings/730/Sticker%20%7C%20Legacy%20%28Holo%29%20%7C%20Cologne%202026,ok
15,71.8,P2,SMALL BUY,MOUZ (Holo),Team,Holo,Team,sticker,,MOUZ,MOUZ,2259,22.36,701.14,6.94,UUSkins,True,68.96,"UUSkins around $6.94, 69% below Steam",1-3 max,Expensive,Fair,High,2259.0,828.0,6826.0,124,321.31,64,7.3,0.7565,0.5286,0.5533,0.6307,32.45064187693669,326.74299025479894,0.6604,0.0,1.0,1.0,+327% expected | 0.66 demand | UUSkins 69% below Steam | 90% below high | 874% upside,"High crowding, lower highs, 2P new low","Small position only; prefer UUSkins around $6.94, 69% below Steam; not a core hold.",6.94,6.94,6.94,9.47,0.0,-1.9712140175219064,15.32142023800264,68.96243291592128,0.0,0.6995,14.0,True,10.62,6.94,https://cs2tokens.com/iem-cologne-2026/items/sticker-mouz-holo-cologne-2026,https://community.akamai.steamstatic.com/economy/image/i0CoZ81Ui0m-9KwlBY1L_18myuGuq1wfhWSaZgMttyVfPaERSR0Wqmu7LAocGJai0ki7VeTHjMmuOXSQ61MnpNWipVToVAfOlpns8mxf7fStavw4cPXKVzWTwr0g6LQ4Si-xxhh-tzvUzN6ueHmTbwMnDMN3W6dU5R_nIK_f,Sticker | MOUZ (Holo) | Cologne 2026,https://steamcommunity.com/market/listings/730/Sticker%20%7C%20MOUZ%20%28Holo%29%20%7C%20Cologne%202026,ok
16,71.3,P2,SMALL BUY,EliGE (Holo),Player,Holo,Autograph,sticker,EliGE,Team Liquid,Team Liquid,1085,10.74,371.77,3.68,UUSkins,True,65.74,"UUSkins around $3.68, 66% below Steam",1-3 max,Premium,Fair,Low,1085.0,328.0,1915.0,124,321.31,64,8.25,0.6744,0.6038,0.4362,0.6143,11.355760368663592,224.9893658585454,0.6624,0.0,1.0,1.0,+225% expected | 0.66 demand | UUSkins 66% below Steam | 81% below high | 415% upside,lower highs,"Small position only; prefer UUSkins around $3.68, 66% below Steam; not a core hold.",3.68,3.68,2.67,3.7,0.0,0.6581494386372434,-13.344234000999233,65.73556797020484,0.0,0.4367,16.0,False,8.1,3.68,https://cs2tokens.com/iem-cologne-2026/items/sticker-elige-holo-cologne-2026,https://community.akamai.steamstatic.com/economy/image/i0CoZ81Ui0m-9KwlBY1L_18myuGuq1wfhWSaZgMttyVfPaERSR0Wqmu7LAocGJai0ki7VeTHjMmuOXSQ61MnpNWipUruRiL0kp_n-B1T4P6hJvBoJaeWWmaWkOtysbU9GS3lxUQl6j-BmYv6IHORbVR0DJd5TeAK4xSm0oqwUxLmcms,Sticker | EliGE (Holo) | Cologne 2026,https://steamcommunity.com/market/listings/730/Sticker%20%7C%20EliGE%20%28Holo%29%20%7C%20Cologne%202026,ok
17,71.0,P2,SMALL BUY,dexter (Holo),Player,Holo,Autograph,sticker,dexter,,,1700,16.83,1029.29,10.19,UUSkins,True,39.45,"UUSkins around $10.19, 39% below Steam",1-3 max,Premium,Premium,Low,1700.0,618.0,4802.0,124,321.31,64,8.77,0.6096,0.603,0.5826,0.529,37.088235294117645,126.41756624141314,0.8012,0.0,1.0,1.0,+126% expected | 0.80 demand | UUSkins 39% below Steam | 79% below high | 367% upside,"lower highs, 2P new low",2P is cheaper than current Steam but still above Steam's recorded low; wait for a stronger entry.,10.19,10.19,10.19,12.57,0.0,-2.231010747494261,-66.55225393089472,39.45335710041592,0.0,0.1984,14.0,True,14.04,10.19,https://cs2tokens.com/iem-cologne-2026/items/sticker-dexter-holo-cologne-2026,https://community.akamai.steamstatic.com/economy/image/i0CoZ81Ui0m-9KwlBY1L_18myuGuq1wfhWSaZgMttyVfPaERSR0Wqmu7LAocGJai0ki7VeTHjMmuOXSQ61MnpNWipUruRiL1m470-DBk5_2iZ-pvcqjLCGbAlb53tuQ8S3rrzEUm6m7Qzo2oIHKXagV1DMMiTLYMtBCxjJS5YGd92TUq,Sticker | dexter (Holo) | Cologne 2026,https://steamcommunity.com/market/listings/730/Sticker%20%7C%20dexter%20%28Holo%29%20%7C%20Cologne%202026,ok
18,70.5,P2,SMALL BUY,Team Liquid (Holo),Team,Holo,Team,sticker,,Team Liquid,Team Liquid,4516,44.71,1864.58,18.46,UUSkins,True,58.71,"UUSkins around $18.46, 59% below Steam",1-3 max,Premium,Expensive,Medium,4516.0,1367.0,11377.0,124,321.31,64,9.5,0.6467,0.6391,0.4764,0.5281,40.417183348095655,240.08950528133025,0.746,0.0796,1.0,1.0,+240% expected | 0.75 demand | UUSkins 59% below Steam | 84% below high | 510% upside,lower highs,2P is cheaper than current Steam but still above Steam's recorded low; wait for a stronger entry.,18.46,17.13,15.97,22.19,7.764156450671344,1.6936517875778971,-36.39939547014925,58.711697606799376,0.0,0.2113,16.0,False,46.9,18.46,https://cs2tokens.com/iem-cologne-2026/items/sticker-team-liquid-holo-cologne-2026,https://community.akamai.steamstatic.com/economy/image/i0CoZ81Ui0m-9KwlBY1L_18myuGuq1wfhWSaZgMttyVfPaERSR0Wqmu7LAocGJai0ki7VeTHjMmuOXSQ61MnpNWipVXuUCL5kZrvsyQOuKH5P_NrcqaSXjSSwu0u4uM8FyvkwkV342yDy4qtdXqVZgd1DcZuBbld5ln7v6I,Sticker | Team Liquid (Holo) | Cologne 2026,https://steamcommunity.com/market/listings/730/Sticker%20%7C%20Team%20Liquid%20%28Holo%29%20%7C%20Cologne%202026,ok
19,70.0,P2,SMALL BUY,Astralis (Holo),Team,Holo,Team,sticker,,Astralis,Astralis,1661,16.44,701.18,6.94,UUSkins,True,57.79,"UUSkins around $6.94, 58% below Steam",1-3 max,Expensive,Fair,Low,1661.0,690.0,7324.0,124,321.31,64,7.9,0.6788,0.5498,0.4568,0.5853,56.7844671884407,271.40297414668083,0.3061,0.0,1.0,1.0,+271% expected | 0.31 demand | UUSkins 58% below Steam | 90% below high | 945% upside,lower highs,"Small position only; prefer UUSkins around $6.94, 58% below Steam; not a core hold.",6.94,6.94,5.88,8.88,0.0,1.688102893890675,-1.6197679748933196,57.78588807785887,0.0,0.471,16.0,False,8.76,6.94,https://cs2tokens.com/iem-cologne-2026/items/sticker-astralis-holo-cologne-2026,https://community.akamai.steamstatic.com/economy/image/i0CoZ81Ui0m-9KwlBY1L_18myuGuq1wfhWSaZgMttyVfPaERSR0Wqmu7LAocGJai0ki7VeTHjMmuOXSQ61MnpNWipVj0VQ_Olpns8mxd7fCvaaE4eKHAWmORlL934Lc7Hy-1wRh-t2rTmdj9Iy2XPVcmCpskW6dU5aolUX23,Sticker | Astralis (Holo) | Cologne 2026,https://steamcommunity.com/market/listings/730/Sticker%20%7C%20Astralis%20%28Holo%29%20%7C%20Cologne%202026,ok
20,69.3,P2,SMALL BUY,Vitality (Holo),Team,Holo,Team,sticker,,Vitality,Vitality,3807,37.69,2087.84,20.67,UUSkins,True,45.16,"UUSkins around $20.67, 45% below Steam",1-3 max,Premium,Expensive,Low,3807.0,1330.0,8185.0,124,321.31,64,9.0,0.5754,0.5956,0.491,0.5037,10.0220646178093,100.61594656242048,0.8354,0.0,1.0,1.0,+101% expected | 0.84 demand | UUSkins 45% below Steam | 74% below high | 292% upside,lower highs,2P is cheaper than current Steam but still above Steam's recorded low; wait for a stronger entry.,20.67,20.38,17.97,20.67,1.422963689892054,1.5218977184111857,-56.98045192578156,45.15786680817192,0.0,0.1626,14.0,False,53.67,20.67,https://cs2tokens.com/iem-cologne-2026/items/sticker-vitality-holo-cologne-2026,https://community.akamai.steamstatic.com/economy/image/i0CoZ81Ui0m-9KwlBY1L_18myuGuq1wfhWSaZgMttyVfPaERSR0Wqmu7LAocGJai0ki7VeTHjMmuOXSQ61MnpNWipU_uVRzOlpns8mwNvaT2bfU5dvOVCDXJk7wn6Lk6F3-wzEV0t27cztuodHKWblQnD5F2W6dU5SFzx_IX,Sticker | Vitality (Holo) | Cologne 2026,https://steamcommunity.com/market/listings/730/Sticker%20%7C%20Vitality%20%28Holo%29%20%7C%20Cologne%202026,ok
21,68.6,P2,SMALL BUY,oSee (Holo),Player,Holo,Autograph,sticker,oSee,NRG,NRG,451,4.46,187.07,1.85,UUSkins,True,58.52,"UUSkins around $1.85, 59% below Steam",1-3 max,Expensive,Fair,Medium,451.0,80.0,1116.0,124,321.31,64,7.5,0.6438,0.5298,0.4852,0.5237,18.72062084257205,186.212956193444,0.6831,0.0,1.0,1.0,+186% expected | 0.68 demand | UUSkins 59% below Steam | 83% below high | 497% upside,"lower highs, 2P new low",2P is cheaper than current Steam but still above Steam's recorded low; wait for a stronger entry.,1.85,1.85,1.85,2.19,0.0,-1.1486001435750233,-133.8424887892377,58.52017937219731,0.0,0.2291,16.0,True,2.09,1.85,https://cs2tokens.com/iem-cologne-2026/items/sticker-osee-holo-cologne-2026,https://community.akamai.steamstatic.com/economy/image/i0CoZ81Ui0m-9KwlBY1L_18myuGuq1wfhWSaZgMttyVfPaERSR0Wqmu7LAocGJai0ki7VeTHjMmuOXSQ61MnpNWipUruRiL-jZPlwipU4_3gP_0-c6HHXWLJkeoi57ZqHnq1whgl4DzUw9uveHrCbAcmXpB5RrUC4w74zINyz1S1eg,Sticker | oSee (Holo) | Cologne 2026,https://steamcommunity.com/market/listings/730/Sticker%20%7C%20oSee%20%28Holo%29%20%7C%20Cologne%202026,ok
22,68.6,P2,SMALL BUY,INS (Holo),Player,Holo,Autograph,sticker,INS,Flyquest,Flyquest,500,4.95,302.02,2.99,UUSkins,True,39.6,"UUSkins around $2.99, 40% below Steam",1-3 max,Expensive,Fair,Low,500.0,221.0,1561.0,124,321.31,64,7.7,0.6132,0.532,0.5711,0.503,28.284,112.37652173913042,0.3945,0.0,1.0,1.0,+112% expected | 0.39 demand | UUSkins 40% below Steam | 81% below high | 417% upside,"lower highs, 2P new low",2P is cheaper than current Steam but still above Steam's recorded low; wait for a stronger entry.,2.99,3.0,2.99,3.03,-0.3333333333333299,-0.6600660066006564,-36.66072489601903,39.5959595959596,0.0,0.1192,3.0,True,4.67,2.99,https://cs2tokens.com/iem-cologne-2026/items/sticker-ins-holo-cologne-2026,https://community.akamai.steamstatic.com/economy/image/i0CoZ81Ui0m-9KwlBY1L_18myuGuq1wfhWSaZgMttyVfPaERSR0Wqmu7LAocGJai0ki7VeTHjMmuOXSQ61MnpNWipUruRiL4kIXf9S1X4LytbPNvIqLCVzCTmOhy6eRsSn22wER24mWAmN39eH2RaQ8jCcEiR7EMrFDmxewGbLYy,Sticker | INS (Holo) | Cologne 2026,https://steamcommunity.com/market/listings/730/Sticker%20%7C%20INS%20%28Holo%29%20%7C%20Cologne%202026,ok
23,68.0,P2,SMALL BUY,Liazz (Holo),Player,Holo,Autograph,sticker,Liazz,,,567,5.61,268.84,2.66,UUSkins,True,52.58,"UUSkins around $2.66, 53% below Steam",1-3 max,Expensive,Fair,Medium,567.0,193.0,1651.0,124,321.31,64,8.55,0.6399,0.5604,0.4466,0.5139,46.883597883597886,209.78082110037005,0.4316,0.0,1.0,1.0,+210% expected | 0.43 demand | UUSkins 53% below Steam | 84% below high | 514% upside,"lower highs, 2P new low",2P is cheaper than current Steam but still above Steam's recorded low; wait for a stronger entry.,2.66,2.66,2.65,2.87,0.0,-0.0668806848582157,-39.29788589953176,52.584670231729056,0.0,0.2175,16.0,True,3.67,2.66,https://cs2tokens.com/iem-cologne-2026/items/sticker-liazz-holo-cologne-2026,https://community.akamai.steamstatic.com/economy/image/i0CoZ81Ui0m-9KwlBY1L_18myuGuq1wfhWSaZgMttyVfPaERSR0Wqmu7LAocGJai0ki7VeTHjMmuOXSQ61MnpNWipUruRiL9l5f65x1T4P6hJvI1daCRWTeTwrki5bY7Tn_izE4j4mWHn9iuc3yfOgRzXsdzQbQDt0Wm0oqwPD_jBHI,Sticker | Liazz (Holo) | Cologne 2026,https://steamcommunity.com/market/listings/730/Sticker%20%7C%20Liazz%20%28Holo%29%20%7C%20Cologne%202026,ok
24,67.8,P2,SMALL BUY,w0nderful (Holo),Player,Holo,Autograph,sticker,w0nderful,Natus Vincere,Natus Vincere,1143,11.32,675.5,6.69,UUSkins,True,40.9,"UUSkins around $6.69, 41% below Steam",1-3 max,Premium,Expensive,Medium,1143.0,569.0,4334.0,124,321.31,64,7.5,0.6706,0.5344,0.5234,0.5484,50.48293963254593,154.62883058900147,0.6944,0.2064,1.0,1.0,+155% expected | 0.69 demand | UUSkins 41% below Steam | 84% below high | 542% upside,"lower highs, 2P new low","Small position only; prefer UUSkins around $6.69, 41% below Steam; not a core hold.",6.69,6.73,6.69,6.73,-0.5943536404160454,,-18.71720270513641,40.90106007067138,0.0,0.1784,2.0,True,11.62,6.69,https://cs2tokens.com/iem-cologne-2026/items/sticker-w0nderful-holo-cologne-2026,https://community.akamai.steamstatic.com/economy/image/i0CoZ81Ui0m-9KwlBY1L_18myuGuq1wfhWSaZgMttyVfPaERSR0Wqmu7LAocGJai0ki7VeTHjMmuOXSQ61MnpNWipUruRiLmzpjk-DBd-v6RYKthL77EV2TIwr4k6bE9HXjmzE5w6mTSyYurI3yXOAApXMd3FrFc5ha6xtCzKaq8sPGQ8Uf7,Sticker | w0nderful (Holo) | Cologne 2026,https://steamcommunity.com/market/listings/730/Sticker%20%7C%20w0nderful%20%28Holo%29%20%7C%20Cologne%202026,ok
25,67.2,P2,SMALL BUY,aliStair (Holo),Player,Holo,Autograph,sticker,aliStair,,,712,7.05,215.11,2.13,UUSkins,True,69.79,"UUSkins around $2.13, 70% below Steam",1-3 max,Expensive,Fair,Low,712.0,179.0,2121.0,124,321.31,66,8.2,0.652,0.5344,0.4154,0.5356,29.594101123595507,328.93822202880204,0.2362,0.0,1.0,1.0,+329% expected | 0.24 demand | UUSkins 70% below Steam | 90% below high | 886% upside,lower highs,2P is cheaper than current Steam but still above Steam's recorded low; wait for a stronger entry.,2.13,2.13,2.1,2.95,0.0,0.1235399820305448,-20.1759182217996,69.7872340425532,0.0,0.2456,16.0,False,4.19,2.13,https://cs2tokens.com/iem-cologne-2026/items/sticker-alistair-holo-cologne-2026,https://community.akamai.steamstatic.com/economy/image/i0CoZ81Ui0m-9KwlBY1L_18myuGuq1wfhWSaZgMttyVfPaERSR0Wqmu7LAocGJai0ki7VeTHjMmuOXSQ61MnpNWipUruRiLwkp_z6SNS_c2mZ6hibqHECGLAwrx1s7VtSn3gzUskt2-Hz9irJyqeOwB2DMRyQ7IKs0W_ktP5d7S1vHTz7-Q,Sticker | aliStair (Holo) | Cologne 2026,https://steamcommunity.com/market/listings/730/Sticker%20%7C%20aliStair%20%28Holo%29%20%7C%20Cologne%202026,ok
26,66.6,P2,SMALL BUY,m0NESY (Holo),Player,Holo,Autograph,sticker,m0NESY,Falcons,Falcons,4772,47.24,1909.2,18.9,UUSkins,True,59.99,"UUSkins around $18.90, 60% below Steam",1-3 max,Premium,Premium,Low,4772.0,1689.0,11786.0,124,321.31,64,8.22,0.6487,0.5559,0.4968,0.5334,10.200125733445088,175.4420073887803,0.5762,0.0,1.0,1.0,+175% expected | 0.58 demand | UUSkins 60% below Steam | 84% below high | 517% upside,lower highs,"Small position only; prefer UUSkins around $18.90, 60% below Steam; not a core hold.",18.9,18.9,17.94,19.89,0.0,0.2350047644801587,-13.03754081422401,59.99153259949196,0.0,0.465,14.0,False,26.97,18.9,https://cs2tokens.com/iem-cologne-2026/items/sticker-m0nesy-holo-cologne-2026,https://community.akamai.steamstatic.com/economy/image/i0CoZ81Ui0m-9KwlBY1L_18myuGuq1wfhWSaZgMttyVfPaERSR0Wqmu7LAocGJai0ki7VeTHjMmuOXSQ61MnpNWipUruRiL8zpjl7jtk5_2iZ-o1IqnGWmSVkbwm4LVoHyqyxU105z6Dn9ypd3nEPQ9yXMd2EecM4RG4jJS5YGspavW7,Sticker | m0NESY (Holo) | Cologne 2026,https://steamcommunity.com/market/listings/730/Sticker%20%7C%20m0NESY%20%28Holo%29%20%7C%20Cologne%202026,ok
27,65.5,P2,SMALL BUY,NiKo (Holo),Player,Holo,Autograph,sticker,NiKo,Falcons,Falcons,3058,30.27,1279.98,12.67,UUSkins,True,58.14,"UUSkins around $12.67, 58% below Steam",1-3 max,Premium,Premium,Medium,3058.0,925.0,6989.0,124,321.31,64,8.5,0.6211,0.5547,0.5008,0.4862,30.7916939175932,212.47549920170056,0.6919,0.0,1.0,1.0,+212% expected | 0.69 demand | UUSkins 58% below Steam | 82% below high | 446% upside,lower highs,2P is cheaper than current Steam but still above Steam's recorded low; wait for a stronger entry.,12.67,12.67,12.04,15.44,0.0,0.3965022491081039,-38.37573549763837,58.14337628014536,0.0,0.2201,14.0,False,65.16,12.67,https://cs2tokens.com/iem-cologne-2026/items/sticker-niko-holo-cologne-2026,https://community.akamai.steamstatic.com/economy/image/i0CoZ81Ui0m-9KwlBY1L_18myuGuq1wfhWSaZgMttyVfPaERSR0Wqmu7LAocGJai0ki7VeTHjMmuOXSQ61MnpNWipUruRiL_l53vwipU4_3gO6A7eajFDGTHw7Z3tbNoF3DmkUR342WAmd2tI36RblNxW8NwQ7Rf4Q74zIO1P6GSdQ,Sticker | NiKo (Holo) | Cologne 2026,https://steamcommunity.com/market/listings/730/Sticker%20%7C%20NiKo%20%28Holo%29%20%7C%20Cologne%202026,ok
28,65.4,P2,SMALL BUY,GamerLegion (Holo),Team,Holo,Team,sticker,,GamerLegion,GamerLegion,2386,23.62,820.25,8.12,UUSkins,True,65.62,"UUSkins around $8.12, 66% below Steam",1-3 max,Expensive,Fair,Low,2386.0,793.0,6792.0,124,321.31,64,7.25,0.662,0.5013,0.4179,0.5552,31.1458507963118,281.4858369222765,0.2446,0.0,1.0,1.0,+281% expected | 0.24 demand | UUSkins 66% below Steam | 88% below high | 728% upside,"lower highs, 2P new low","Small position only; prefer UUSkins around $8.12, 66% below Steam; not a core hold.",8.12,8.12,8.12,10.95,0.0,-1.0636557028309686,-3.436397863182593,65.62235393734125,0.0,0.5344,14.0,True,11.4,8.12,https://cs2tokens.com/iem-cologne-2026/items/sticker-gamerlegion-holo-cologne-2026,https://community.akamai.steamstatic.com/economy/image/i0CoZ81Ui0m-9KwlBY1L_18myuGuq1wfhWSaZgMttyVfPaERSR0Wqmu7LAocGJai0ki7VeTHjMmuOXSQ61MnpNWipV7rfhX-kpmuqXEMu6f5O6FveaKWCGKWw7oks7E6HSy3w0hwt2TQydr9d3qUagMpWIwwG7CYQOGv5w,Sticker | GamerLegion (Holo) | Cologne 2026,https://steamcommunity.com/market/listings/730/Sticker%20%7C%20GamerLegion%20%28Holo%29%20%7C%20Cologne%202026,ok
29,65.2,P2,SMALL BUY,Sharks Esports (Holo),Team,Holo,Team,sticker,,Sharks Esports,Sharks Esports,1878,18.59,584.92,5.79,UUSkins,True,68.85,"UUSkins around $5.79, 69% below Steam",1-3 max,Expensive,Fair,High,1878.0,608.0,5012.0,124,321.31,64,8.35,0.6989,0.5192,0.4104,0.5395,39.474973375931846,347.81342919837186,0.2604,0.0,1.0,1.0,+348% expected | 0.26 demand | UUSkins 69% below Steam | 88% below high | 757% upside,"High crowding, lower highs","Small position only; prefer UUSkins around $5.79, 69% below Steam; not a core hold.",5.79,5.76,5.59,6.66,0.5208333333333481,-0.2725956214328355,3.796431301492034,68.85422270037655,0.0,0.5652,16.0,False,13.34,5.79,https://cs2tokens.com/iem-cologne-2026/items/sticker-sharks-esports-holo-cologne-2026,https://community.akamai.steamstatic.com/economy/image/i0CoZ81Ui0m-9KwlBY1L_18myuGuq1wfhWSaZgMttyVfPaERSR0Wqmu7LAocGJai0ki7VeTHjMmuOXSQ61MnpNWipUrvUxbOlpns8mwNt_etPvA6dfLDV2TCl71147EwS3i2lE9-5m3UntuheX6fbwEiCsN3W6dU5dR_4qF1,Sticker | Sharks Esports (Holo) | Cologne 2026,https://steamcommunity.com/market/listings/730/Sticker%20%7C%20Sharks%20Esports%20%28Holo%29%20%7C%20Cologne%202026,ok
30,63.9,P2,SMALL BUY,Magnojez (Holo),Player,Holo,Autograph,sticker,Magnojez,BetBoom,BetBoom,893,8.84,299.01,2.96,UUSkins,True,66.52,"UUSkins around $2.96, 67% below Steam",1-3 max,Expensive,Fair,Low,893.0,117.0,1055.0,124,321.31,66,7.55,0.5637,0.501,0.3227,0.5056,-15.245240761478165,153.11894313126118,0.7952,0.0,1.0,1.0,+153% expected | 0.80 demand | UUSkins 67% below Steam | 72% below high | 253% upside,lower highs,2P is cheaper than current Steam but still above Steam's recorded low; wait for a stronger entry.,2.96,2.96,2.23,4.15,0.0,-2.3742454728370217,-155.56715782960126,66.51583710407239,0.0,0.2248,16.0,False,5.57,2.96,https://cs2tokens.com/iem-cologne-2026/items/sticker-magnojez-holo-cologne-2026,https://community.akamai.steamstatic.com/economy/image/i0CoZ81Ui0m-9KwlBY1L_18myuGuq1wfhWSaZgMttyVfPaERSR0Wqmu7LAocGJai0ki7VeTHjMmuOXSQ61MnpNWipUruRiL8n5Hu8ihe9c2mZ6hibqHCWGaTmewm4-A9Fyywlk1x4GrQmNuqInPEPQUgWZMhTLZe4BO4lIL5d7S1r6ZiyLc,Sticker | Magnojez (Holo) | Cologne 2026,https://steamcommunity.com/market/listings/730/Sticker%20%7C%20Magnojez%20%28Holo%29%20%7C%20Cologne%202026,ok
31,62.2,P2,SMALL BUY,FL4MUS (Holo),Player,Holo,Autograph,sticker,FL4MUS,BetBoom,BetBoom,1096,10.85,209.1,2.07,UUSkins,True,80.92,"UUSkins around $2.07, 81% below Steam",1-3 max,Premium,Fair,Medium,1096.0,122.0,1523.0,124,321.31,66,7.55,0.6617,0.505,0.305,0.5294,-20.78558394160584,315.2059972142883,0.6381,0.1815,1.0,1.0,+315% expected | 0.64 demand | UUSkins 81% below Steam | 86% below high | 628% upside,lower highs,2P is cheaper than current Steam but still above Steam's recorded low; wait for a stronger entry.,2.07,2.07,1.63,2.12,0.0,-5.277035404591388e-15,-71.39230943567273,80.92165898617512,0.0,0.2071,14.0,False,6.55,2.07,https://cs2tokens.com/iem-cologne-2026/items/sticker-fl4mus-holo-cologne-2026,https://community.akamai.steamstatic.com/economy/image/i0CoZ81Ui0m-9KwlBY1L_18myuGuq1wfhWSaZgMttyVfPaERSR0Wqmu7LAocGJai0ki7VeTHjMmuOXSQ61MnpNWipUruRiL3ksLt6DFk5_2iZ-o_I6LDXTHIlux0tLM_Snzgwkh1t2jWydmreC7EPwMpApB0ReRfsBHsjJS5YJ2NpF_O,Sticker | FL4MUS (Holo) | Cologne 2026,https://steamcommunity.com/market/listings/730/Sticker%20%7C%20FL4MUS%20%28Holo%29%20%7C%20Cologne%202026,ok
32,78.5,P1,CHEAP HISTORY PUNT,Starry,Player,Paper,Autograph,sticker,Starry,Lynn Vision,Lynn Vision,3,0.03,3.0,0.03,Steam,False,0.0,Steam around $0.03,1-2 max,Very Cheap,Very Cheap,Low,3.0,3.0,18.0,116,321.31,63,6.0,0.7825,0.5518,0.4079,0.7888,132.66666666666666,132.66666666666666,0.6622,1.0,0.65,0.0,+133% expected | 0.66 demand | 83% below high | 500% upside | -83% vs launch,"lower highs, 2P new low, unscored",Cheap punt; prefer Steam around $0.03; small size is acceptable even before full scoring.,,,,,,,,,0.1,0.0,,,,,https://cs2tokens.com/iem-cologne-2026/items/sticker-starry-cologne-2026,https://community.akamai.steamstatic.com/economy/image/i0CoZ81Ui0m-9KwlBY1L_18myuGuq1wfhWSaZgMttyVfPaERSR0Wqmu7LAocGJai0ki7VeTHjMmuOXSQ61MnpNWipUruRiLiipfy7zsVvfb9OaY8dKLKXTbClr936bltHCy2xBh_52vWmIz7JCiVaVcjCsd0TPlK7EdZfjzf1A,Sticker | Starry | Cologne 2026,https://steamcommunity.com/market/listings/730/Sticker%20%7C%20Starry%20%7C%20Cologne%202026,ok
33,71.1,P2,CHEAP HISTORY PUNT,JDC (Foil),Player,Foil,Autograph,sticker,JDC,BIG,BIG,20,0.2,20.0,0.2,Steam,False,0.0,Steam around $0.20,1-2 max,Very Cheap,Very Cheap,Low,20.0,17.0,128.0,116,321.31,62,6.0,0.7333,0.4236,0.4471,0.6285,114.6,114.6,0.7105,0.0,0.65,0.0,+115% expected | 0.71 demand | 84% below high | 540% upside | -84% vs launch,"lower highs, 2P new low, unscored",2P is cheaper than current Steam but still above Steam's recorded low; wait for a stronger entry.,20.96,,20.96,20.96,,,-12229.41176470588,-10380.0,0.1,0.0252,1.0,True,20.96,,https://cs2tokens.com/iem-cologne-2026/items/sticker-jdc-foil-cologne-2026,https://community.akamai.steamstatic.com/economy/image/i0CoZ81Ui0m-9KwlBY1L_18myuGuq1wfhWSaZgMttyVfPaERSR0Wqmu7LAocGJai0ki7VeTHjMmuOXSQ61MnpNWipUruRiL7mpXf-y1S47z8O6c9efPAXWWWwr0m6bA-Fyq2kRh06znWzdf_cyjDbwcgA5slQeFerFDmxcI98m-l,Sticker | JDC (Foil) | Cologne 2026,https://steamcommunity.com/market/listings/730/Sticker%20%7C%20JDC%20%28Foil%29%20%7C%20Cologne%202026,ok
34,70.9,P2,CHEAP HISTORY PUNT,huNter-,Player,Paper,Autograph,sticker,huNter-,G2 Esports,G2 Esports,3,0.03,3.0,0.03,Steam,False,0.0,Steam around $0.03,1-2 max,Very Cheap,Very Cheap,Low,3.0,3.0,25.0,116,321.31,61,6.0,0.7601,0.4209,0.455,0.646,137.0,137.0,0.6045,0.0,0.65,0.0,+137% expected | 0.60 demand | 88% below high | 733% upside | -88% vs launch,"lower highs, 2P new low, unscored",Cheap punt; prefer Steam around $0.03; small size is acceptable even before full scoring.,,,,,,,,,0.1,0.0,,,,,https://cs2tokens.com/iem-cologne-2026/items/sticker-hunter-cologne-2026,https://community.akamai.steamstatic.com/economy/image/i0CoZ81Ui0m-9KwlBY1L_18myuGuq1wfhWSaZgMttyVfPaERSR0Wqmu7LAocGJai0ki7VeTHjMmuOXSQ61MnpNWipUruRiL5i5j0-DAVuqqraqZpcKPLWGXHl-wjtONsHi_ilkVysmuEydepJymWaQMkDZR0TflK7Ec48L2iYQ,Sticker | huNter- | Cologne 2026,https://steamcommunity.com/market/listings/730/Sticker%20%7C%20huNter-%20%7C%20Cologne%202026,ok
35,70.8,P2,CHEAP HISTORY PUNT,Bymas,Player,Paper,Autograph,sticker,Bymas,Monte,Monte,3,0.03,3.0,0.03,Steam,False,0.0,Steam around $0.03,1-2 max,Very Cheap,Very Cheap,Medium,3.0,3.0,23.0,116,321.31,61,6.0,0.7623,0.4165,0.435,0.6412,120.33333333333336,120.33333333333336,0.7175,0.0,0.65,0.0,+120% expected | 0.72 demand | 87% below high | 667% upside | -87% vs launch,"lower highs, 2P new low, unscored",Cheap punt; prefer Steam around $0.03; small size is acceptable even before full scoring.,,,,,,,,,0.1,0.0,,,,,https://cs2tokens.com/iem-cologne-2026/items/sticker-bymas-cologne-2026,https://community.akamai.steamstatic.com/economy/image/i0CoZ81Ui0m-9KwlBY1L_18myuGuq1wfhWSaZgMttyVfPaERSR0Wqmu7LAocGJai0ki7VeTHjMmuOXSQ61MnpNWipUruRiLzh5vh7mxZvPf7bvY-JqWQCmTBxbwhtLI4GXC2xE9z5WzXmY2odX7COAZzX5RyW6dU5a_o9OOL,Sticker | Bymas | Cologne 2026,https://steamcommunity.com/market/listings/730/Sticker%20%7C%20Bymas%20%7C%20Cologne%202026,ok
36,70.3,P2,CHEAP HISTORY PUNT,cmtry (Foil),Player,Foil,Autograph,sticker,cmtry,,,16,0.16,16.0,0.16,Steam,False,0.0,Steam around $0.16,1-2 max,Very Cheap,Very Cheap,Low,16.0,14.0,149.0,116,321.31,60,6.0,0.7622,0.421,0.4768,0.6297,163.49999999999997,163.49999999999997,0.5717,0.0,0.65,0.0,+163% expected | 0.57 demand | 89% below high | 831% upside | -89% vs launch,"lower highs, 2P new low, unscored",2P is cheaper than current Steam but still above Steam's recorded low; wait for a stronger entry.,697.39,697.39,697.39,697.39,0.0,,-498035.7142857142,-435768.75,0.0,0.054,2.0,True,697.39,,https://cs2tokens.com/iem-cologne-2026/items/sticker-cmtry-foil-cologne-2026,https://community.akamai.steamstatic.com/economy/image/i0CoZ81Ui0m-9KwlBY1L_18myuGuq1wfhWSaZgMttyVfPaERSR0Wqmu7LAocGJai0ki7VeTHjMmuOXSQ61MnpNWipUruRiLyk4Ly5B1d4PuiJvU6caHLCjGUx-0i6bY5HCvhlkp0tmvRwtioeHnBOlMpD5ZzE-ICshGm0oqwo7ao84k,Sticker | cmtry (Foil) | Cologne 2026,https://steamcommunity.com/market/listings/730/Sticker%20%7C%20cmtry%20%28Foil%29%20%7C%20Cologne%202026,ok
37,69.7,P2,CHEAP HISTORY PUNT,xfl0ud (Foil),Player,Foil,Autograph,sticker,xfl0ud,HEROIC,HEROIC,15,0.15,15.0,0.15,Steam,False,0.0,Steam around $0.15,1-2 max,Very Cheap,Very Cheap,Low,15.0,13.0,120.0,116,321.31,62,6.0,0.7495,0.413,0.448,0.6229,124.86666666666665,124.86666666666665,0.5971,0.0,0.65,0.0,+125% expected | 0.60 demand | 88% below high | 700% upside | -88% vs launch,"lower highs, 2P new low, unscored",2P is cheaper than current Steam but still above Steam's recorded low; wait for a stronger entry.,0.31,,0.31,0.31,,,-138.46153846153845,-106.66666666666669,0.1,0.0252,1.0,True,,,https://cs2tokens.com/iem-cologne-2026/items/sticker-xfl0ud-foil-cologne-2026,https://community.akamai.steamstatic.com/economy/image/i0CoZ81Ui0m-9KwlBY1L_18myuGuq1wfhWSaZgMttyVfPaERSR0Wqmu7LAocGJai0ki7VeTHjMmuOXSQ61MnpNWipUruRiLpmJqw6CZk6f2nZOo7eKiRD2bBl-h1s7IwTnjkxU5x6m3Sz9iqdnORbFQnXpRxReNc40SxjJS5YFNySt6L,Sticker | xfl0ud (Foil) | Cologne 2026,https://steamcommunity.com/market/listings/730/Sticker%20%7C%20xfl0ud%20%28Foil%29%20%7C%20Cologne%202026,ok
38,69.4,P2,CHEAP HISTORY PUNT,Staehr,Player,Paper,Autograph,sticker,Staehr,Astralis,Astralis,3,0.03,3.0,0.03,Steam,False,0.0,Steam around $0.03,1-2 max,Very Cheap,Very Cheap,High,3.0,3.0,24.0,116,321.31,63,6.0,0.7763,0.3988,0.6098,0.6014,132.66666666666666,132.66666666666666,0.6547,0.0,0.65,0.0,+133% expected | 0.65 demand | 88% below high | 700% upside | -88% vs launch,"High crowding, lower highs, 2P new low, unscored",Cheap punt; prefer Steam around $0.03; small size is acceptable even before full scoring.,,,,,,,,,0.1,0.0,,,,,https://cs2tokens.com/iem-cologne-2026/items/sticker-staehr-cologne-2026,https://community.akamai.steamstatic.com/economy/image/i0CoZ81Ui0m-9KwlBY1L_18myuGuq1wfhWSaZgMttyVfPaERSR0Wqmu7LAocGJai0ki7VeTHjMmuOXSQ61MnpNWipUruRiLiipfl9TAVufesP6JuJKmVXjbFlOshtOI-Hy_il08ktjyAyouscnqeaQUlD8MhE_lK7Edni8WCHg,Sticker | Staehr | Cologne 2026,https://steamcommunity.com/market/listings/730/Sticker%20%7C%20Staehr%20%7C%20Cologne%202026,ok
39,69.3,P2,CHEAP HISTORY PUNT,soulfly,Player,Paper,Autograph,sticker,soulfly,Aurora,Aurora,3,0.03,3.0,0.03,Steam,False,0.0,Steam around $0.03,1-2 max,Very Cheap,Very Cheap,Low,3.0,3.0,27.0,116,321.31,61,6.0,0.7616,0.4045,0.3987,0.6344,143.00000000000003,143.00000000000003,0.6117,0.0,0.65,0.0,+143% expected | 0.61 demand | 89% below high | 800% upside | -89% vs launch,"lower highs, 2P new low, unscored",Cheap punt; prefer Steam around $0.03; small size is acceptable even before full scoring.,,,,,,,,,0.1,0.0,,,,,https://cs2tokens.com/iem-cologne-2026/items/sticker-soulfly-cologne-2026,https://community.akamai.steamstatic.com/economy/image/i0CoZ81Ui0m-9KwlBY1L_18myuGuq1wfhWSaZgMttyVfPaERSR0Wqmu7LAocGJai0ki7VeTHjMmuOXSQ61MnpNWipUruRiLikYPs-y5CoaWtP6VrcfTFXTTJlL5wtrlrTizqwhly4WqGyI6peC7BPA92DpdzQeMU8k7vWLNBeGA,Sticker | soulfly | Cologne 2026,https://steamcommunity.com/market/listings/730/Sticker%20%7C%20soulfly%20%7C%20Cologne%202026,ok
40,69.3,P2,CHEAP HISTORY PUNT,NEKiZ (Foil),Player,Foil,Autograph,sticker,NEKiZ,,,12,0.12,12.0,0.12,Steam,False,0.0,Steam around $0.12,1-2 max,Very Cheap,Very Cheap,High,12.0,12.0,154.0,116,321.31,62,6.0,0.8083,0.3946,0.6173,0.6001,185.5,185.5,0.6734,0.0,0.65,0.0,+186% expected | 0.67 demand | 92% below high | 1183% upside | -87% vs launch,"High crowding, lower highs, 2P new low, unscored",2P is cheaper than current Steam but still above Steam's recorded low; wait for a stronger entry.,1.0,,1.0,1.0,,,-733.3333333333334,-733.3333333333334,0.1,0.0252,1.0,True,,,https://cs2tokens.com/iem-cologne-2026/items/sticker-nekiz-foil-cologne-2026,https://raw.githubusercontent.com/ByMykel/counter-strike-image-tracker/main/static/panorama/images/econ/stickers/cologne2026/sig_nekiz_foil_png.png,Sticker | NEKiZ (Foil) | Cologne 2026,https://steamcommunity.com/market/listings/730/Sticker%20%7C%20NEKiZ%20%28Foil%29%20%7C%20Cologne%202026,ok
41,69.1,P2,CHEAP HISTORY PUNT,NertZ (Foil),Player,Foil,Autograph,sticker,NertZ,G2 Esports,G2 Esports,15,0.15,15.0,0.15,Steam,False,0.0,Steam around $0.15,1-2 max,Very Cheap,Very Cheap,Medium,15.0,10.0,135.0,116,321.31,62,6.0,0.7414,0.4041,0.4745,0.5918,129.73333333333335,129.73333333333335,0.722,0.0,0.65,0.0,+130% expected | 0.72 demand | 89% below high | 800% upside | -89% vs launch,"lower highs, 2P new low, unscored",2P is cheaper than current Steam but still above Steam's recorded low; wait for a stronger entry.,0.29,,0.29,0.29,,,-190.0,-93.33333333333331,0.1,0.0252,1.0,True,,,https://cs2tokens.com/iem-cologne-2026/items/sticker-nertz-foil-cologne-2026,https://community.akamai.steamstatic.com/economy/image/i0CoZ81Ui0m-9KwlBY1L_18myuGuq1wfhWSaZgMttyVfPaERSR0Wqmu7LAocGJai0ki7VeTHjMmuOXSQ61MnpNWipUruRiL_m4T05x1d4PuiJv04IqfCXTaVwOxw4OVvFyzrkBh2tWmBw9aqeC6eP1UhAsYkQuBc4BWm0oqwkmY3oGM,Sticker | NertZ (Foil) | Cologne 2026,https://steamcommunity.com/market/listings/730/Sticker%20%7C%20NertZ%20%28Foil%29%20%7C%20Cologne%202026,ok
42,69.0,P2,CHEAP HISTORY PUNT,dziugss,Player,Paper,Autograph,sticker,dziugss,,,3,0.03,3.0,0.03,Steam,False,0.0,Steam around $0.03,1-2 max,Very Cheap,Very Cheap,High,3.0,3.0,26.0,116,321.31,61,6.0,0.7761,0.3947,0.6355,0.5924,165.33333333333334,165.33333333333334,0.6096,0.0,0.65,0.0,+165% expected | 0.61 demand | 88% below high | 767% upside | -88% vs launch,"High crowding, lower highs, 2P new low, unscored",Cheap punt; prefer Steam around $0.03; small size is acceptable even before full scoring.,,,,,,,,,0.1,0.0,,,,,https://cs2tokens.com/iem-cologne-2026/items/sticker-dziugss-cologne-2026,https://community.akamai.steamstatic.com/economy/image/i0CoZ81Ui0m-9KwlBY1L_18myuGuq1wfhWSaZgMttyVfPaERSR0Wqmu7LAocGJai0ki7VeTHjMmuOXSQ61MnpNWipUruRiL1hJ_1-jFIofP4Pfw8dqWQDDaVlrwjtrEwHCrnlEkm5GuEwtn9dC3CPQQhCMchE-UU8k7vtZd-iJg,Sticker | dziugss | Cologne 2026,https://steamcommunity.com/market/listings/730/Sticker%20%7C%20dziugss%20%7C%20Cologne%202026,ok
43,68.9,P2,CHEAP HISTORY PUNT,NQZ (Foil),Player,Foil,Autograph,sticker,NQZ,paiN Gaming,paiN Gaming,15,0.15,15.0,0.15,Steam,False,0.0,Steam around $0.15,1-2 max,Very Cheap,Very Cheap,Medium,15.0,11.0,127.0,116,321.31,62,6.0,0.7383,0.4035,0.4875,0.594,120.0,120.0,0.632,0.0,0.65,0.0,+120% expected | 0.63 demand | 88% below high | 747% upside | -88% vs launch,"lower highs, 2P new low, unscored",2P is cheaper than current Steam but still above Steam's recorded low; wait for a stronger entry.,0.29,,0.29,0.29,,,-163.63636363636363,-93.33333333333331,0.1,0.0252,1.0,True,,,https://cs2tokens.com/iem-cologne-2026/items/sticker-nqz-foil-cologne-2026,https://raw.githubusercontent.com/ByMykel/counter-strike-image-tracker/main/static/panorama/images/econ/stickers/cologne2026/sig_nqz_foil_png.png,Sticker | NQZ (Foil) | Cologne 2026,https://steamcommunity.com/market/listings/730/Sticker%20%7C%20NQZ%20%28Foil%29%20%7C%20Cologne%202026,ok
44,68.8,P2,CHEAP HISTORY PUNT,beastik (Foil),Player,Foil,Autograph,sticker,beastik,,,29,0.29,29.0,0.29,Steam,False,0.0,Steam around $0.29,1-2 max,Very Cheap,Very Cheap,Low,29.0,29.0,136.0,116,321.31,60,6.0,0.7207,0.4137,0.4626,0.6094,111.03448275862073,111.03448275862073,0.5818,0.1644,0.65,0.0,+111% expected | 0.58 demand | 79% below high | 369% upside | -78% vs launch,"lower highs, 2P new low, unscored",2P is cheaper than current Steam but still above Steam's recorded low; wait for a stronger entry.,0.65,,0.65,0.65,,,-124.1379310344828,-124.1379310344828,0.1,0.0252,1.0,True,,,https://cs2tokens.com/iem-cologne-2026/items/sticker-beastik-foil-cologne-2026,https://community.akamai.steamstatic.com/economy/image/i0CoZ81Ui0m-9KwlBY1L_18myuGuq1wfhWSaZgMttyVfPaERSR0Wqmu7LAocGJai0ki7VeTHjMmuOXSQ61MnpNWipUruRiLzm5fz6StQ0PShYagjc6LGVzbDk-x3tbRsGHjjwk8m4GXVntitcH3Dbg8oAptyRrIC50Htmsqnab3aXrfG0A,Sticker | beastik (Foil) | Cologne 2026,https://steamcommunity.com/market/listings/730/Sticker%20%7C%20beastik%20%28Foil%29%20%7C%20Cologne%202026,ok
45,68.7,P2,CHEAP HISTORY PUNT,Heavygod,Player,Paper,Autograph,sticker,Heavygod,G2 Esports,G2 Esports,3,0.03,3.0,0.03,Steam,False,0.0,Steam around $0.03,1-2 max,Very Cheap,Very Cheap,Medium,3.0,3.0,24.0,116,321.31,61,6.0,0.7662,0.3987,0.4203,0.6208,131.66666666666669,131.66666666666669,0.6923,0.0,0.65,0.0,+132% expected | 0.69 demand | 88% below high | 700% upside | -88% vs launch,"lower highs, 2P new low, unscored",Cheap punt; prefer Steam around $0.03; small size is acceptable even before full scoring.,,,,,,,,,0.1,0.0,,,,,https://cs2tokens.com/iem-cologne-2026/items/sticker-heavygod-cologne-2026,https://community.akamai.steamstatic.com/economy/image/i0CoZ81Ui0m-9KwlBY1L_18myuGuq1wfhWSaZgMttyVfPaERSR0Wqmu7LAocGJai0ki7VeTHjMmuOXSQ61MnpNWipUruRiL5m5f25CVU67yrO6drJKDHWGHBx7kgsbJoSXrllEx-6jndytj9eHnDbFd2DZYmF-dYrFDmxXGSXf2X,Sticker | Heavygod | Cologne 2026,https://steamcommunity.com/market/listings/730/Sticker%20%7C%20Heavygod%20%7C%20Cologne%202026,ok
46,68.2,P2,CHEAP HISTORY PUNT,HUASOPEEK,Player,Paper,Autograph,sticker,HUASOPEEK,9z Team,9z Team,3,0.03,3.0,0.03,Steam,False,0.0,Steam around $0.03,1-2 max,Very Cheap,Very Cheap,Low,3.0,3.0,27.0,116,321.31,61,6.0,0.7376,0.4018,0.3983,0.6139,178.66666666666666,178.66666666666666,0.4981,0.0,0.65,0.0,+179% expected | 0.50 demand | 89% below high | 800% upside | -88% vs launch,"lower highs, 2P new low, unscored",Cheap punt; prefer Steam around $0.03; small size is acceptable even before full scoring.,,,,,,,,,0.1,0.0,,,,,https://cs2tokens.com/iem-cologne-2026/items/sticker-huasopeek-cologne-2026,https://community.akamai.steamstatic.com/economy/image/i0CoZ81Ui0m-9KwlBY1L_18myuGuq1wfhWSaZgMttyVfPaERSR0Wqmu7LAocGJai0ki7VeTHjMmuOXSQ61MnpNWipUruRiL5i5fz8jJe6vngafw9IvLLV2XClugu5LlsHCvmxEx-4GyDydigdymQO1QoW5cmR-YIsg74zIMvrWY1Qw,Sticker | HUASOPEEK | Cologne 2026,https://steamcommunity.com/market/listings/730/Sticker%20%7C%20HUASOPEEK%20%7C%20Cologne%202026,ok
47,68.2,P2,CHEAP HISTORY PUNT,blameF,Player,Paper,Autograph,sticker,blameF,BIG,BIG,3,0.03,3.0,0.03,Steam,False,0.0,Steam around $0.03,1-2 max,Very Cheap,Very Cheap,High,3.0,3.0,20.0,116,321.31,65,6.0,0.7527,0.3903,0.535,0.5831,116.0,116.0,0.7232,0.0,0.65,0.0,+116% expected | 0.72 demand | 85% below high | 567% upside | -85% vs launch,"High crowding, lower highs, 2P new low, unscored",Cheap punt; prefer Steam around $0.03; small size is acceptable even before full scoring.,,,,,,,,,0.1,0.0,,,,,https://cs2tokens.com/iem-cologne-2026/items/sticker-blamef-cologne-2026,https://community.akamai.steamstatic.com/economy/image/i0CoZ81Ui0m-9KwlBY1L_18myuGuq1wfhWSaZgMttyVfPaERSR0Wqmu7LAocGJai0ki7VeTHjMmuOXSQ61MnpNWipUruRiLzkpft-CQVu6f4bqY9JaeRCmXEl-tz5bFvHirqxx5y623Rw9ipdHKVOAUgCZcjQflK7EdBT-iXxg,Sticker | blameF | Cologne 2026,https://steamcommunity.com/market/listings/730/Sticker%20%7C%20blameF%20%7C%20Cologne%202026,ok
48,68.0,P2,CHEAP HISTORY PUNT,MATYS (Foil),Player,Foil,Autograph,sticker,MATYS,G2 Esports,G2 Esports,16,0.16,16.0,0.16,Steam,False,0.0,Steam around $0.16,1-2 max,Very Cheap,Very Cheap,Medium,16.0,11.0,134.0,116,321.31,62,6.0,0.738,0.3948,0.4866,0.5763,126.4375,126.4375,0.7008,0.0,0.65,0.0,+126% expected | 0.70 demand | 88% below high | 738% upside | -88% vs launch,"lower highs, 2P new low, unscored",2P is cheaper than current Steam but still above Steam's recorded low; wait for a stronger entry.,58.11,,58.11,58.11,,,-52727.27272727273,-36218.75,0.1,0.0252,1.0,True,58.11,,https://cs2tokens.com/iem-cologne-2026/items/sticker-matys-foil-cologne-2026,https://raw.githubusercontent.com/ByMykel/counter-strike-image-tracker/main/static/panorama/images/econ/stickers/cologne2026/sig_matys_foil_png.png,Sticker | MATYS (Foil) | Cologne 2026,https://steamcommunity.com/market/listings/730/Sticker%20%7C%20MATYS%20%28Foil%29%20%7C%20Cologne%202026,ok
49,67.7,P2,CHEAP HISTORY PUNT,slaxz-,Player,Paper,Autograph,sticker,slaxz-,M80,M80,3,0.03,3.0,0.03,Steam,False,0.0,Steam around $0.03,1-2 max,Very Cheap,Very Cheap,Low,3.0,3.0,19.0,116,321.31,65,6.0,0.7073,0.384,0.4775,0.5684,93.33333333333331,93.33333333333331,0.6583,0.0,0.65,0.0,+93% expected | 0.66 demand | 84% below high | 533% upside | -84% vs launch,"lower highs, 2P new low, unscored",Cheap punt; prefer Steam around $0.03; small size is acceptable even before full scoring.,,,,,,,,,0.1,0.0,,,,,https://cs2tokens.com/iem-cologne-2026/items/sticker-slaxz-cologne-2026,https://community.akamai.steamstatic.com/economy/image/i0CoZ81Ui0m-9KwlBY1L_18myuGuq1wfhWSaZgMttyVfPaERSR0Wqmu7LAocGJai0ki7VeTHjMmuOXSQ61MnpNWipUruRiLikpf452xZv6L6Mfc1camXCjDAwrgh5-QxGXvizB5xsDjTy4urJX_EaVNyC5JwW6dU5bjrIsMH,Sticker | slaxz- | Cologne 2026,https://steamcommunity.com/market/listings/730/Sticker%20%7C%20slaxz-%20%7C%20Cologne%202026,ok
50,67.5,P2,CHEAP HISTORY PUNT,xiELO,Player,Paper,Autograph,sticker,xiELO,PARIVISION,PARIVISION,3,0.03,3.0,0.03,Steam,False,0.0,Steam around $0.03,1-2 max,Very Cheap,Very Cheap,High,3.0,3.0,27.0,116,321.31,63,6.0,0.774,0.3841,0.5072,0.5943,141.33333333333334,141.33333333333334,0.6288,0.0,0.65,0.0,+141% expected | 0.63 demand | 89% below high | 800% upside | -89% vs launch,"High crowding, lower highs, 2P new low, unscored",Cheap punt; prefer Steam around $0.03; small size is acceptable even before full scoring.,,,,,,,,,0.1,0.0,,,,,https://cs2tokens.com/iem-cologne-2026/items/sticker-xielo-cologne-2026,https://community.akamai.steamstatic.com/economy/image/i0CoZ81Ui0m-9KwlBY1L_18myuGuq1wfhWSaZgMttyVfPaERSR0Wqmu7LAocGJai0ki7VeTHjMmuOXSQ61MnpNWipUruRiLpl5Ps8mwKvPb9bKY_IqeWCmGWl-xztLNtHHrkwE8it2iDnImvc3qUPw4lC5J4W6dU5Ut7mLCg,Sticker | xiELO | Cologne 2026,https://steamcommunity.com/market/listings/730/Sticker%20%7C%20xiELO%20%7C%20Cologne%202026,ok
51,67.3,P2,CHEAP HISTORY PUNT,yxngstxr (Foil),Player,Foil,Autograph,sticker,yxngstxr,HEROIC,HEROIC,17,0.17,17.0,0.17,Steam,False,0.0,Steam around $0.17,1-2 max,Very Cheap,Very Cheap,Medium,17.0,14.0,127.0,116,321.31,62,6.0,0.7318,0.3949,0.4172,0.5909,133.1764705882353,133.1764705882353,0.5733,0.0,0.65,0.0,+133% expected | 0.57 demand | 87% below high | 647% upside | -87% vs launch,"lower highs, 2P new low, unscored",2P is cheaper than current Steam but still above Steam's recorded low; wait for a stronger entry.,0.37,,0.37,0.37,,,-164.28571428571425,-117.6470588235294,0.1,0.0252,1.0,True,,,https://cs2tokens.com/iem-cologne-2026/items/sticker-yxngstxr-foil-cologne-2026,https://community.akamai.steamstatic.com/economy/image/i0CoZ81Ui0m-9KwlBY1L_18myuGuq1wfhWSaZgMttyVfPaERSR0Wqmu7LAocGJai0ki7VeTHjMmuOXSQ61MnpNWipUruRiLohpjn7jZD_c2oZ61hbvWVWTHDkesksrNrSS2wxUQm5z-Hm9v7JXuVZlNxApV2QOJf4EKxwNX5d7S10le5RWI,Sticker | yxngstxr (Foil) | Cologne 2026,https://steamcommunity.com/market/listings/730/Sticker%20%7C%20yxngstxr%20%28Foil%29%20%7C%20Cologne%202026,ok
52,67.0,P2,CHEAP HISTORY PUNT,siuhy,Player,Paper,Autograph,sticker,siuhy,Team Liquid,Team Liquid,3,0.03,3.0,0.03,Steam,False,0.0,Steam around $0.03,1-2 max,Very Cheap,Very Cheap,Low,3.0,3.0,17.0,116,321.31,65,6.0,0.698,0.3864,0.4559,0.568,101.00000000000004,101.00000000000004,0.5934,0.0,0.65,0.0,+101% expected | 0.59 demand | 82% below high | 467% upside | -82% vs launch,"lower highs, 2P new low, unscored",Cheap punt; prefer Steam around $0.03; small size is acceptable even before full scoring.,,,,,,,,,0.1,0.0,,,,,https://cs2tokens.com/iem-cologne-2026/items/sticker-siuhy-cologne-2026,https://community.akamai.steamstatic.com/economy/image/i0CoZ81Ui0m-9KwlBY1L_18myuGuq1wfhWSaZgMttyVfPaERSR0Wqmu7LAocGJai0ki7VeTHjMmuOXSQ61MnpNWipUruRiLil4Po5GxYuaKsMPM_IqTADTDEwugu5OA4SiqwzEt2tzjQz4r8cS7DPQAhWJIkW6dU5QUOV2Wj,Sticker | siuhy | Cologne 2026,https://steamcommunity.com/market/listings/730/Sticker%20%7C%20siuhy%20%7C%20Cologne%202026,ok
53,67.0,P2,CHEAP HISTORY PUNT,malbsMd,Player,Paper,Autograph,sticker,malbsMd,Team Liquid,Team Liquid,3,0.03,3.0,0.03,Steam,False,0.0,Steam around $0.03,1-2 max,Very Cheap,Very Cheap,Low,3.0,3.0,17.0,116,321.31,65,6.0,0.6929,0.3821,0.4164,0.5652,91.33333333333331,91.33333333333331,0.674,0.0,0.65,0.0,+91% expected | 0.67 demand | 82% below high | 467% upside | -82% vs launch,"lower highs, 2P new low, unscored",Cheap punt; prefer Steam around $0.03; small size is acceptable even before full scoring.,,,,,,,,,0.1,0.0,,,,,https://cs2tokens.com/iem-cologne-2026/items/sticker-malbsmd-cologne-2026,https://community.akamai.steamstatic.com/economy/image/i0CoZ81Ui0m-9KwlBY1L_18myuGuq1wfhWSaZgMttyVfPaERSR0Wqmu7LAocGJai0ki7VeTHjMmuOXSQ61MnpNWipUruRiL8n5ri7i9foautPfQ_d_GWVzaVw70h6eA7Hyrkxhh_sT7cmd6rdnqfPFckC5J4E7QU8k7vphMT-pk,Sticker | malbsMd | Cologne 2026,https://steamcommunity.com/market/listings/730/Sticker%20%7C%20malbsMd%20%7C%20Cologne%202026,ok
54,66.7,P2,CHEAP HISTORY PUNT,gr1ks,Player,Paper,Autograph,sticker,gr1ks,BIG,BIG,3,0.03,3.0,0.03,Steam,False,0.0,Steam around $0.03,1-2 max,Very Cheap,Very Cheap,Low,3.0,3.0,20.0,116,321.31,65,6.0,0.704,0.3813,0.4575,0.5652,97.66666666666666,97.66666666666666,0.555,0.0,0.65,0.0,+98% expected | 0.56 demand | 85% below high | 567% upside | -85% vs launch,"lower highs, 2P new low, unscored",Cheap punt; prefer Steam around $0.03; small size is acceptable even before full scoring.,,,,,,,,,0.1,0.0,,,,,https://cs2tokens.com/iem-cologne-2026/items/sticker-gr1ks-cologne-2026,https://community.akamai.steamstatic.com/economy/image/i0CoZ81Ui0m-9KwlBY1L_18myuGuq1wfhWSaZgMttyVfPaERSR0Wqmu7LAocGJai0ki7VeTHjMmuOXSQ61MnpNWipUruRiL2jMfr7mwMvveva6A6IanDD2SVx-ty4LVvTCzqw0h25m_Tm9ygeHPEOwQmApMiW6dU5di_nLpT,Sticker | gr1ks | Cologne 2026,https://steamcommunity.com/market/listings/730/Sticker%20%7C%20gr1ks%20%7C%20Cologne%202026,ok
55,66.7,P2,CHEAP HISTORY PUNT,MAJ3R,Player,Paper,Autograph,sticker,MAJ3R,Aurora,Aurora,4,0.04,4.0,0.04,Steam,False,0.0,Steam around $0.04,1-2 max,Very Cheap,Very Cheap,Medium,4.0,3.0,27.0,116,321.31,61,6.0,0.6951,0.3781,0.5961,0.5177,103.25,103.25,0.748,0.0,0.65,0.0,+103% expected | 0.75 demand | 85% below high | 575% upside | -85% vs launch,"lower highs, 2P new low, unscored",Cheap punt; prefer Steam around $0.04; small size is acceptable even before full scoring.,,,,,,,,,0.1,0.0,,,,,https://cs2tokens.com/iem-cologne-2026/items/sticker-maj3r-cologne-2026,https://community.akamai.steamstatic.com/economy/image/i0CoZ81Ui0m-9KwlBY1L_18myuGuq1wfhWSaZgMttyVfPaERSR0Wqmu7LAocGJai0ki7VeTHjMmuOXSQ61MnpNWipUruRiL8n5yz72wJuab9O_1vd_KRXmTHwL5w5rZoGi3hx08j4WWHzYv8cnOSagV0ApV4W6dU5Ugqo1iU,Sticker | MAJ3R | Cologne 2026,https://steamcommunity.com/market/listings/730/Sticker%20%7C%20MAJ3R%20%7C%20Cologne%202026,ok
56,66.5,P2,CHEAP HISTORY PUNT,Gizmy,Player,Paper,Autograph,sticker,Gizmy,Monte,Monte,3,0.03,3.0,0.03,Steam,False,0.0,Steam around $0.03,1-2 max,Very Cheap,Very Cheap,Medium,3.0,3.0,23.0,116,321.31,61,6.0,0.7452,0.3792,0.4357,0.5845,121.66666666666669,121.66666666666669,0.5824,0.0,0.65,0.0,+122% expected | 0.58 demand | 87% below high | 667% upside | -87% vs launch,"lower highs, 2P new low, unscored",Cheap punt; prefer Steam around $0.03; small size is acceptable even before full scoring.,,,,,,,,,0.1,0.0,,,,,https://cs2tokens.com/iem-cologne-2026/items/sticker-gizmy-cologne-2026,https://community.akamai.steamstatic.com/economy/image/i0CoZ81Ui0m-9KwlBY1L_18myuGuq1wfhWSaZgMttyVfPaERSR0Wqmu7LAocGJai0ki7VeTHjMmuOXSQ61MnpNWipUruRiL2l4zt5GwO7fH7OPw8c6HFCzGUl7ki4LE8HnDmxUok4z7Qm9uuJ3rGa1MjCJVxW6dU5cVdB6B7,Sticker | Gizmy | Cologne 2026,https://steamcommunity.com/market/listings/730/Sticker%20%7C%20Gizmy%20%7C%20Cologne%202026,ok
57,66.5,P2,CHEAP HISTORY PUNT,beastik,Player,Paper,Autograph,sticker,beastik,,,4,0.04,4.0,0.04,Steam,False,0.0,Steam around $0.04,1-2 max,Very Cheap,Very Cheap,Medium,4.0,3.0,25.0,116,321.31,61,6.0,0.6687,0.3844,0.5372,0.5181,107.24999999999996,107.24999999999996,0.6743,0.0,0.65,0.0,+107% expected | 0.67 demand | 84% below high | 525% upside | -83% vs launch,"lower highs, 2P new low, unscored",Cheap punt; prefer Steam around $0.04; small size is acceptable even before full scoring.,,,,,,,,,0.1,0.0,,,,,https://cs2tokens.com/iem-cologne-2026/items/sticker-beastik-cologne-2026,https://community.akamai.steamstatic.com/economy/image/i0CoZ81Ui0m-9KwlBY1L_18myuGuq1wfhWSaZgMttyVfPaERSR0Wqmu7LAocGJai0ki7VeTHjMmuOXSQ61MnpNWipUruRiLzm5fz6StQoaKtP_M9I6nED2SWkbxw5uA6GHDlx0si4DyAmd2oJX6TbVAoApdyF-AU8k7vVjFInmo,Sticker | beastik | Cologne 2026,https://steamcommunity.com/market/listings/730/Sticker%20%7C%20beastik%20%7C%20Cologne%202026,ok
58,66.2,P2,CHEAP HISTORY PUNT,PR,Player,Paper,Autograph,sticker,PR,GamerLegion,GamerLegion,3,0.03,3.0,0.03,Steam,False,0.0,Steam around $0.03,1-2 max,Very Cheap,Very Cheap,Low,3.0,3.0,22.0,116,321.31,61,6.0,0.7213,0.383,0.3818,0.5888,133.66666666666666,133.66666666666666,0.4592,0.0,0.65,0.0,+134% expected | 0.46 demand | 86% below high | 633% upside | -86% vs launch,"lower highs, 2P new low, unscored",Cheap punt; prefer Steam around $0.03; small size is acceptable even before full scoring.,,,,,,,,,0.1,0.0,,,,,https://cs2tokens.com/iem-cologne-2026/items/sticker-pr-cologne-2026,https://community.akamai.steamstatic.com/economy/image/i0CoZ81Ui0m-9KwlBY1L_18myuGuq1wfhWSaZgMttyVfPaERSR0Wqmu7LAocGJai0ki7VeTHjMmuOXSQ61MnpNWipUruRiLhjNi3_iYCu_P2PvBrdfbLXz-WmL8vtLM6Gy3hkUQlsmSDzdyreCiSZgAhFNIuEsLhyHds,Sticker | PR | Cologne 2026,https://steamcommunity.com/market/listings/730/Sticker%20%7C%20PR%20%7C%20Cologne%202026,ok
59,66.2,P2,CHEAP HISTORY PUNT,SHOCK,Player,Paper,Autograph,sticker,SHOCK,,,4,0.04,4.0,0.04,Steam,False,0.0,Steam around $0.04,1-2 max,Very Cheap,Very Cheap,Low,4.0,3.0,24.0,116,321.31,61,6.0,0.6656,0.388,0.4291,0.5373,115.75,115.75,0.6529,0.0,0.65,0.0,+116% expected | 0.65 demand | 83% below high | 500% upside | -82% vs launch,"lower highs, 2P new low, unscored",Cheap punt; prefer Steam around $0.04; small size is acceptable even before full scoring.,,,,,,,,,0.1,0.0,,,,,https://cs2tokens.com/iem-cologne-2026/items/sticker-shock-cologne-2026,https://community.akamai.steamstatic.com/economy/image/i0CoZ81Ui0m-9KwlBY1L_18myuGuq1wfhWSaZgMttyVfPaERSR0Wqmu7LAocGJai0ki7VeTHjMmuOXSQ61MnpNWipUruRiLilpnj9mwN7KCvOfU8IfKQDDDJmbck5LNqHn_qwk5_sD6Emd-geCmebg4pCMMiW6dU5WG2Xjh6,Sticker | SHOCK | Cologne 2026,https://steamcommunity.com/market/listings/730/Sticker%20%7C%20SHOCK%20%7C%20Cologne%202026,ok
60,66.1,P2,CHEAP HISTORY PUNT,snow,Player,Paper,Autograph,sticker,snow,paiN Gaming,paiN Gaming,3,0.03,3.0,0.03,Steam,False,0.0,Steam around $0.03,1-2 max,Very Cheap,Very Cheap,Low,3.0,3.0,24.0,116,321.31,61,6.0,0.7316,0.3826,0.3977,0.5914,125.66666666666664,125.66666666666664,0.4426,0.0,0.65,0.0,+126% expected | 0.44 demand | 88% below high | 700% upside | -88% vs launch,"lower highs, 2P new low, unscored",Cheap punt; prefer Steam around $0.03; small size is acceptable even before full scoring.,,,,,,,,,0.1,0.0,,,,,https://cs2tokens.com/iem-cologne-2026/items/sticker-snow-cologne-2026,https://community.akamai.steamstatic.com/economy/image/i0CoZ81Ui0m-9KwlBY1L_18myuGuq1wfhWSaZgMttyVfPaERSR0Wqmu7LAocGJai0ki7VeTHjMmuOXSQ61MnpNWipUruRiLikJn3s3AKvKP6OqI9JfTKWDSUxLZz4bQ8Syrjx0t15j-Emd6seHPFPwEoXpBuBbldTWhzMZU,Sticker | snow | Cologne 2026,https://steamcommunity.com/market/listings/730/Sticker%20%7C%20snow%20%7C%20Cologne%202026,ok
61,65.7,P2,CHEAP HISTORY PUNT,SHOCK (Foil),Player,Foil,Autograph,sticker,SHOCK,,,37,0.37,37.0,0.37,Steam,False,0.0,Steam around $0.37,1-2 max,Very Cheap,Very Cheap,Low,37.0,34.0,145.0,116,321.31,60,6.0,0.6401,0.3796,0.4457,0.5322,89.4864864864865,89.4864864864865,0.5853,0.0,0.65,0.0,+89% expected | 0.59 demand | 74% below high | 292% upside | -72% vs launch,"lower highs, 2P new low, unscored",2P is cheaper than current Steam but still above Steam's recorded low; wait for a stronger entry.,0.84,,0.84,0.84,,,-147.05882352941174,-127.02702702702702,0.1,0.0252,1.0,True,,,https://cs2tokens.com/iem-cologne-2026/items/sticker-shock-foil-cologne-2026,https://community.akamai.steamstatic.com/economy/image/i0CoZ81Ui0m-9KwlBY1L_18myuGuq1wfhWSaZgMttyVfPaERSR0Wqmu7LAocGJai0ki7VeTHjMmuOXSQ61MnpNWipUruRiLilpnj9h1d4PuiJv1vJvXLXGKTw78ntOU_FyrkwUUjsmjWntqqJ3yeO1IjDJImE7QJthOm0oqwRFbPOT0,Sticker | SHOCK (Foil) | Cologne 2026,https://steamcommunity.com/market/listings/730/Sticker%20%7C%20SHOCK%20%28Foil%29%20%7C%20Cologne%202026,ok
62,65.6,P2,CHEAP HISTORY PUNT,NertZ,Player,Paper,Autograph,sticker,NertZ,G2 Esports,G2 Esports,3,0.03,3.0,0.03,Steam,False,0.0,Steam around $0.03,1-2 max,Very Cheap,Very Cheap,High,3.0,2.0,24.0,116,321.31,65,6.0,0.7154,0.3753,0.5571,0.5346,127.0,127.0,0.5932,0.0,0.65,0.0,+127% expected | 0.59 demand | 88% below high | 700% upside | -88% vs launch,"High crowding, lower highs, 2P new low, unscored",Cheap punt; prefer Steam around $0.03; small size is acceptable even before full scoring.,,,,,,,,,0.1,0.0,,,,,https://cs2tokens.com/iem-cologne-2026/items/sticker-nertz-cologne-2026,https://community.akamai.steamstatic.com/economy/image/i0CoZ81Ui0m-9KwlBY1L_18myuGuq1wfhWSaZgMttyVfPaERSR0Wqmu7LAocGJai0ki7VeTHjMmuOXSQ61MnpNWipUruRiL_m4T052wNu_f8MaU5JaHADT_Fkrdw4-M4GyzhzB915m3XztahIn-QbQVzDcAhW6dU5bUh2iv6,Sticker | NertZ | Cologne 2026,https://steamcommunity.com/market/listings/730/Sticker%20%7C%20NertZ%20%7C%20Cologne%202026,ok
63,65.6,P2,CHEAP HISTORY PUNT,esenthial (Foil),Player,Foil,Autograph,sticker,esenthial,B8,B8,16,0.16,16.0,0.16,Steam,False,0.0,Steam around $0.16,1-2 max,Very Cheap,Very Cheap,Medium,16.0,10.0,117.0,116,321.31,62,6.0,0.7036,0.3693,0.4849,0.5277,101.625,101.625,0.7363,0.0,0.65,0.0,+102% expected | 0.74 demand | 86% below high | 631% upside | -86% vs launch,"lower highs, 2P new low, unscored",2P is cheaper than current Steam but still above Steam's recorded low; wait for a stronger entry.,0.25,,0.25,0.25,,,-149.99999999999997,-56.25,0.1,0.0252,1.0,True,,,https://cs2tokens.com/iem-cologne-2026/items/sticker-esenthial-foil-cologne-2026,https://raw.githubusercontent.com/ByMykel/counter-strike-image-tracker/main/static/panorama/images/econ/stickers/cologne2026/sig_esenthial_foil_png.png,Sticker | esenthial (Foil) | Cologne 2026,https://steamcommunity.com/market/listings/730/Sticker%20%7C%20esenthial%20%28Foil%29%20%7C%20Cologne%202026,ok
64,65.6,P2,CHEAP HISTORY PUNT,kyxsan (Foil),Player,Foil,Autograph,sticker,kyxsan,Falcons,Falcons,51,0.5,51.0,0.5,Steam,False,0.0,Steam around $0.50,1-2 max,Very Cheap,Very Cheap,Low,51.0,44.0,229.0,116,321.31,60,6.0,0.6451,0.3751,0.4883,0.5082,92.68627450980392,92.68627450980392,0.6842,0.0,0.65,0.0,+93% expected | 0.68 demand | 78% below high | 349% upside | -78% vs launch,"lower highs, 2P new low, unscored",2P is cheaper than current Steam but still above Steam's recorded low; wait for a stronger entry.,1.32,,1.32,1.32,,,-206.0,-164.0,0.1,0.0252,1.0,True,,,https://cs2tokens.com/iem-cologne-2026/items/sticker-kyxsan-foil-cologne-2026,https://community.akamai.steamstatic.com/economy/image/i0CoZ81Ui0m-9KwlBY1L_18myuGuq1wfhWSaZgMttyVfPaERSR0Wqmu7LAocGJai0ki7VeTHjMmuOXSQ61MnpNWipUruRiL6h47z_Cxk6f2nZOpsJamWX2PIwO136bE4G3_mxRt-62vUmNapIy6SZlQoW8ciQ-9Zt0LpjJS5YG3ZUZ7X,Sticker | kyxsan (Foil) | Cologne 2026,https://steamcommunity.com/market/listings/730/Sticker%20%7C%20kyxsan%20%28Foil%29%20%7C%20Cologne%202026,ok
65,65.1,P2,CHEAP HISTORY PUNT,Tauson (Foil),Player,Foil,Autograph,sticker,Tauson,GamerLegion,GamerLegion,20,0.2,20.0,0.2,Steam,False,0.0,Steam around $0.20,1-2 max,Very Cheap,Very Cheap,High,20.0,18.0,126.0,116,321.31,62,6.0,0.7287,0.37,0.5837,0.5402,125.59999999999998,125.59999999999998,0.463,0.0,0.65,0.0,+126% expected | 0.46 demand | 84% below high | 530% upside | -84% vs launch,"High crowding, lower highs, 2P new low, unscored",2P is cheaper than current Steam but still above Steam's recorded low; wait for a stronger entry.,0.59,,0.59,0.59,,,-227.7777777777777,-195.0,0.1,0.0252,1.0,True,,,https://cs2tokens.com/iem-cologne-2026/items/sticker-tauson-foil-cologne-2026,https://community.akamai.steamstatic.com/economy/image/i0CoZ81Ui0m-9KwlBY1L_18myuGuq1wfhWSaZgMttyVfPaERSR0Wqmu7LAocGJai0ki7VeTHjMmuOXSQ61MnpNWipUruRiLln4Pz8ixk6f2nZOo0eKPFVzPEk-oj5rlqSXy3wUhw5ziDw436eC6WbFVzDsQmF-ELuhSxjJS5YNtXEwRu,Sticker | Tauson (Foil) | Cologne 2026,https://steamcommunity.com/market/listings/730/Sticker%20%7C%20Tauson%20%28Foil%29%20%7C%20Cologne%202026,ok
66,65.1,P2,CHEAP HISTORY PUNT,SunPayus (Foil),Player,Foil,Autograph,sticker,SunPayus,G2 Esports,G2 Esports,23,0.23,23.0,0.23,Steam,False,0.0,Steam around $0.23,1-2 max,Very Cheap,Very Cheap,Medium,23.0,15.0,145.0,116,321.31,62,6.0,0.6771,0.362,0.5436,0.5006,88.04347826086956,88.04347826086956,0.7236,0.0,0.65,0.0,+88% expected | 0.72 demand | 84% below high | 530% upside | -84% vs launch,"lower highs, 2P new low, unscored",2P is cheaper than current Steam but still above Steam's recorded low; wait for a stronger entry.,0.32,,0.32,0.32,,,-113.33333333333331,-39.13043478260869,0.1,0.0252,1.0,True,,,https://cs2tokens.com/iem-cologne-2026/items/sticker-sunpayus-foil-cologne-2026,https://community.akamai.steamstatic.com/economy/image/i0CoZ81Ui0m-9KwlBY1L_18myuGuq1wfhWSaZgMttyVfPaERSR0Wqmu7LAocGJai0ki7VeTHjMmuOXSQ61MnpNWipUruRiLii5jw_DtO_M2oZ61hbqHAXDaUmbl36bJvSXy1wRh25TjUztv4cHnCZwAmXpN1FOcD50G9l9H5d7S1-cc1k7w,Sticker | SunPayus (Foil) | Cologne 2026,https://steamcommunity.com/market/listings/730/Sticker%20%7C%20SunPayus%20%28Foil%29%20%7C%20Cologne%202026,ok
67,65.0,P2,CHEAP HISTORY PUNT,lauNX (Foil),Player,Foil,Autograph,sticker,lauNX,,,25,0.25,25.0,0.25,Steam,False,0.0,Steam around $0.25,1-2 max,Very Cheap,Very Cheap,Low,25.0,18.0,158.0,116,321.31,60,6.0,0.675,0.3699,0.4402,0.5269,96.12,96.12,0.6099,0.0,0.65,0.0,+96% expected | 0.61 demand | 84% below high | 532% upside | -84% vs launch,"lower highs, 2P new low, unscored",2P is cheaper than current Steam but still above Steam's recorded low; wait for a stronger entry.,0.39,,0.39,0.39,,,-116.66666666666669,-56.00000000000001,0.1,0.0252,1.0,True,,,https://cs2tokens.com/iem-cologne-2026/items/sticker-launx-foil-cologne-2026,https://community.akamai.steamstatic.com/economy/image/i0CoZ81Ui0m-9KwlBY1L_18myuGuq1wfhWSaZgMttyVfPaERSR0Wqmu7LAocGJai0ki7VeTHjMmuOXSQ61MnpNWipUruRiL9n4Pu5R1d4PuiJqJsIaDBVjfFmewm5uVrTSi3kEsm42XVzNr8JXifaVUmCMd4Q7VYsBOm0oqww9WWm1M,Sticker | lauNX (Foil) | Cologne 2026,https://steamcommunity.com/market/listings/730/Sticker%20%7C%20lauNX%20%28Foil%29%20%7C%20Cologne%202026,ok
68,64.9,P2,CHEAP HISTORY PUNT,biguzera (Foil),Player,Foil,Autograph,sticker,biguzera,paiN Gaming,paiN Gaming,13,0.13,13.0,0.13,Steam,False,0.0,Steam around $0.13,1-2 max,Very Cheap,Very Cheap,Medium,13.0,10.0,129.0,116,321.31,62,6.0,0.7307,0.3815,0.3926,0.5697,150.0,150.0,0.4467,0.0901,0.65,0.0,+150% expected | 0.45 demand | 90% below high | 892% upside | -90% vs launch,"lower highs, 2P new low, unscored",2P is cheaper than current Steam but still above Steam's recorded low; wait for a stronger entry.,0.22,,0.22,0.22,,,-120.0,-69.23076923076923,0.1,0.0252,1.0,True,,,https://cs2tokens.com/iem-cologne-2026/items/sticker-biguzera-foil-cologne-2026,https://raw.githubusercontent.com/ByMykel/counter-strike-image-tracker/main/static/panorama/images/econ/stickers/cologne2026/sig_biguzera_foil_png.png,Sticker | biguzera (Foil) | Cologne 2026,https://steamcommunity.com/market/listings/730/Sticker%20%7C%20biguzera%20%28Foil%29%20%7C%20Cologne%202026,ok
69,64.9,P2,CHEAP HISTORY PUNT,dziugss (Foil),Player,Foil,Autograph,sticker,dziugss,,,32,0.32,32.0,0.32,Steam,False,0.0,Steam around $0.32,1-2 max,Very Cheap,Very Cheap,Low,32.0,32.0,152.0,116,321.31,62,6.0,0.6604,0.3732,0.4535,0.5227,58.18749999999999,58.18749999999999,0.6016,0.1494,0.65,0.0,+58% expected | 0.60 demand | 79% below high | 375% upside | -79% vs launch,"lower highs, unscored",2P is cheaper than current Steam but still above Steam's recorded low; wait for a stronger entry.,100.9,0.4,0.4,100.9,25125.0,,-31431.250000000007,-31431.250000000007,0.0,0.036,2.0,False,100.9,,https://cs2tokens.com/iem-cologne-2026/items/sticker-dziugss-foil-cologne-2026,https://community.akamai.steamstatic.com/economy/image/i0CoZ81Ui0m-9KwlBY1L_18myuGuq1wfhWSaZgMttyVfPaERSR0Wqmu7LAocGJai0ki7VeTHjMmuOXSQ61MnpNWipUruRiL1hJ_1-jFI0PShYagjI_TDVz-Ww-sl6bI4GCqxl0Rz4Wrdn9z6cC3EOgApDMdzE7QL4RG8m8qnab0mNFIh8g,Sticker | dziugss (Foil) | Cologne 2026,https://steamcommunity.com/market/listings/730/Sticker%20%7C%20dziugss%20%28Foil%29%20%7C%20Cologne%202026,ok
70,64.9,P2,CHEAP HISTORY PUNT,LNZ,Player,Paper,Autograph,sticker,LNZ,MIBR,MIBR,3,0.03,3.0,0.03,Steam,False,0.0,Steam around $0.03,1-2 max,Very Cheap,Very Cheap,Medium,3.0,3.0,18.0,116,321.31,65,6.0,0.7037,0.3584,0.5778,0.5172,90.66666666666666,90.66666666666666,0.6002,0.0,0.65,0.0,+91% expected | 0.60 demand | 83% below high | 500% upside | -83% vs launch,"lower highs, 2P new low, unscored",Cheap punt; prefer Steam around $0.03; small size is acceptable even before full scoring.,,,,,,,,,0.1,0.0,,,,,https://cs2tokens.com/iem-cologne-2026/items/sticker-lnz-cologne-2026,https://community.akamai.steamstatic.com/economy/image/i0CoZ81Ui0m-9KwlBY1L_18myuGuq1wfhWSaZgMttyVfPaERSR0Wqmu7LAocGJai0ki7VeTHjMmuOXSQ61MnpNWipUruRiL9kIyuqCdY7av5Ovw8cKnHWTOUlboi5bdoGn6ww0oj4TjdzNavcS_EOwQgWYwwG7CYV--riQ,Sticker | LNZ | Cologne 2026,https://steamcommunity.com/market/listings/730/Sticker%20%7C%20LNZ%20%7C%20Cologne%202026,ok
71,64.8,P2,CHEAP HISTORY PUNT,max (Foil),Player,Foil,Autograph,sticker,max,9z Team,9z Team,30,0.3,30.0,0.3,Steam,False,0.0,Steam around $0.30,1-2 max,Very Cheap,Very Cheap,Low,30.0,24.0,145.0,116,321.31,60,6.0,0.6544,0.3732,0.4463,0.528,93.26666666666664,93.26666666666664,0.5256,0.0,0.65,0.0,+93% expected | 0.53 demand | 79% below high | 383% upside | -79% vs launch,"lower highs, unscored",2P is cheaper than current Steam but still above Steam's recorded low; wait for a stronger entry.,1.48,0.58,0.58,1.48,155.17241379310346,,-516.6666666666667,-393.3333333333333,0.0,0.036,2.0,False,,1.48,https://cs2tokens.com/iem-cologne-2026/items/sticker-max-foil-cologne-2026,https://community.akamai.steamstatic.com/economy/image/i0CoZ81Ui0m-9KwlBY1L_18myuGuq1wfhWSaZgMttyVfPaERSR0Wqmu7LAocGJai0ki7VeTHjMmuOXSQ61MnpNWipUruRiL8n47f-y1S47yva6JudvXBDGPFxL4v6LQwS3zgwxgi5zvXztf4I33CaA9yWMcmQrFerFDmxVGCI_te,Sticker | max (Foil) | Cologne 2026,https://steamcommunity.com/market/listings/730/Sticker%20%7C%20max%20%28Foil%29%20%7C%20Cologne%202026,ok
72,64.7,P2,CHEAP HISTORY PUNT,saadzin,Player,Paper,Autograph,sticker,saadzin,Legacy,Legacy,3,0.03,3.0,0.03,Steam,False,0.0,Steam around $0.03,1-2 max,Very Cheap,Very Cheap,Medium,3.0,3.0,23.0,116,321.31,65,6.0,0.7223,0.3691,0.4004,0.5729,119.33333333333334,119.33333333333334,0.3886,0.0,0.65,0.0,+119% expected | 0.39 demand | 87% below high | 667% upside | -87% vs launch,"lower highs, 2P new low, unscored",Cheap punt; prefer Steam around $0.03; small size is acceptable even before full scoring.,,,,,,,,,0.1,0.0,,,,,https://cs2tokens.com/iem-cologne-2026/items/sticker-saadzin-cologne-2026,https://community.akamai.steamstatic.com/economy/image/i0CoZ81Ui0m-9KwlBY1L_18myuGuq1wfhWSaZgMttyVfPaERSR0Wqmu7LAocGJai0ki7VeTHjMmuOXSQ61MnpNWipUruRiLin5fk5ytVofCqOfw7JvbGD2TJmbpy4-RtGHzlwEkj6jnVmdz8IHvBaVMlDsF2QuMU8k7vT2Ikslw,Sticker | saadzin | Cologne 2026,https://steamcommunity.com/market/listings/730/Sticker%20%7C%20saadzin%20%7C%20Cologne%202026,ok
73,64.6,P2,CHEAP HISTORY PUNT,stressarN,Player,Paper,Autograph,sticker,stressarN,,,3,0.03,3.0,0.03,Steam,False,0.0,Steam around $0.03,1-2 max,Very Cheap,Very Cheap,Medium,3.0,3.0,21.0,116,321.31,61,6.0,0.7139,0.3717,0.4082,0.5609,121.0,121.0,0.4429,0.0,0.65,0.0,+121% expected | 0.44 demand | 86% below high | 600% upside | -85% vs launch,"lower highs, 2P new low, unscored",Cheap punt; prefer Steam around $0.03; small size is acceptable even before full scoring.,,,,,,,,,0.1,0.0,,,,,https://cs2tokens.com/iem-cologne-2026/items/sticker-stressarn-cologne-2026,https://community.akamai.steamstatic.com/economy/image/i0CoZ81Ui0m-9KwlBY1L_18myuGuq1wfhWSaZgMttyVfPaERSR0Wqmu7LAocGJai0ki7VeTHjMmuOXSQ61MnpNWipUruRiLiioTl7jFa_fzgOaI4eKPBWWbJwr4i5OM_Sirnxxt0sWrSz9v8JyiVbwUlXMFzELNZ5A74zIMtObu6Pg,Sticker | stressarN | Cologne 2026,https://steamcommunity.com/market/listings/730/Sticker%20%7C%20stressarN%20%7C%20Cologne%202026,ok
74,64.6,P2,CHEAP HISTORY PUNT,vexite,Player,Paper,Autograph,sticker,vexite,Flyquest,Flyquest,3,0.03,3.0,0.03,Steam,False,0.0,Steam around $0.03,1-2 max,Very Cheap,Very Cheap,Medium,3.0,3.0,16.0,116,321.31,65,6.0,0.686,0.3619,0.4779,0.5276,94.33333333333334,94.33333333333334,0.5851,0.0,0.65,0.0,+94% expected | 0.59 demand | 81% below high | 433% upside | -81% vs launch,"lower highs, 2P new low, unscored",Cheap punt; prefer Steam around $0.03; small size is acceptable even before full scoring.,,,,,,,,,0.1,0.0,,,,,https://cs2tokens.com/iem-cologne-2026/items/sticker-vexite-cologne-2026,https://community.akamai.steamstatic.com/economy/image/i0CoZ81Ui0m-9KwlBY1L_18myuGuq1wfhWSaZgMttyVfPaERSR0Wqmu7LAocGJai0ki7VeTHjMmuOXSQ61MnpNWipUruRiLnm47p6ScVv6T4PfY8dfWSDD-SmLsn6LhrGHHhwkp14juHz4n7d3qTalJzWMZ1EflK7EcpUPxo-w,Sticker | vexite | Cologne 2026,https://steamcommunity.com/market/listings/730/Sticker%20%7C%20vexite%20%7C%20Cologne%202026,ok
75,64.6,P2,CHEAP HISTORY PUNT,yuurih (Foil),Player,Foil,Autograph,sticker,yuurih,FURIA,FURIA,26,0.26,26.0,0.26,Steam,False,0.0,Steam around $0.26,1-2 max,Very Cheap,Very Cheap,Medium,26.0,17.0,154.0,116,321.31,60,6.0,0.6714,0.3597,0.4747,0.5048,91.46153846153848,91.46153846153848,0.7453,0.0,0.65,0.0,+91% expected | 0.75 demand | 83% below high | 492% upside | -83% vs launch,"lower highs, 2P new low, unscored",2P is cheaper than current Steam but still above Steam's recorded low; wait for a stronger entry.,0.58,,0.58,0.58,,,-241.17647058823525,-123.07692307692308,0.1,0.0252,1.0,True,,,https://cs2tokens.com/iem-cologne-2026/items/sticker-yuurih-foil-cologne-2026,https://community.akamai.steamstatic.com/economy/image/i0CoZ81Ui0m-9KwlBY1L_18myuGuq1wfhWSaZgMttyVfPaERSR0Wqmu7LAocGJai0ki7VeTHjMmuOXSQ61MnpNWipUruRiLoi4Py9Cpk6f2nZOo0d6GXCmHAlLwn57Q_HXHqzEght2-Gy939IijGbw4oXJUiROQOsUbrjJS5YBOKuNhm,Sticker | yuurih (Foil) | Cologne 2026,https://steamcommunity.com/market/listings/730/Sticker%20%7C%20yuurih%20%28Foil%29%20%7C%20Cologne%202026,ok
76,64.4,P2,CHEAP HISTORY PUNT,luchov,Player,Paper,Autograph,sticker,luchov,9z Team,9z Team,3,0.03,3.0,0.03,Steam,False,0.0,Steam around $0.03,1-2 max,Very Cheap,Very Cheap,Low,3.0,3.0,27.0,116,321.31,61,6.0,0.72,0.3717,0.3522,0.5739,172.00000000000003,172.00000000000003,0.3748,0.0,0.65,0.0,+172% expected | 0.37 demand | 89% below high | 800% upside | -88% vs launch,"lower highs, 2P new low, unscored",Cheap punt; prefer Steam around $0.03; small size is acceptable even before full scoring.,,,,,,,,,0.1,0.0,,,,,https://cs2tokens.com/iem-cologne-2026/items/sticker-luchov-cologne-2026,https://community.akamai.steamstatic.com/economy/image/i0CoZ81Ui0m-9KwlBY1L_18myuGuq1wfhWSaZgMttyVfPaERSR0Wqmu7LAocGJai0ki7VeTHjMmuOXSQ61MnpNWipUruRiL9i5Xo8jQV6qf-bPc6d_bCWWPBmLsj5uc9F3jjw01-4TzQzNz6dn6VZlQiXJFwRPlK7EeZc_3inQ,Sticker | luchov | Cologne 2026,https://steamcommunity.com/market/listings/730/Sticker%20%7C%20luchov%20%7C%20Cologne%202026,ok
77,64.4,P2,CHEAP HISTORY PUNT,woxic,Player,Paper,Autograph,sticker,woxic,Aurora,Aurora,4,0.04,4.0,0.04,Steam,False,0.0,Steam around $0.04,1-2 max,Very Cheap,Very Cheap,Low,4.0,3.0,28.0,116,321.31,61,6.0,0.6718,0.3705,0.4064,0.5246,111.0,111.0,0.5779,0.0,0.65,0.0,+111% expected | 0.58 demand | 86% below high | 600% upside | -86% vs launch,"lower highs, 2P new low, unscored",Cheap punt; prefer Steam around $0.04; small size is acceptable even before full scoring.,,,,,,,,,0.1,0.0,,,,,https://cs2tokens.com/iem-cologne-2026/items/sticker-woxic-cologne-2026,https://community.akamai.steamstatic.com/economy/image/i0CoZ81Ui0m-9KwlBY1L_18myuGuq1wfhWSaZgMttyVfPaERSR0Wqmu7LAocGJai0ki7VeTHjMmuOXSQ61MnpNWipUruRiLmkY7p_mxZv_D7Mf1oIanBW2XFlup06bQ-GSrkkEsi4WuDmNz8IC7EbQQgDZFwW6dU5YjHbnsm,Sticker | woxic | Cologne 2026,https://steamcommunity.com/market/listings/730/Sticker%20%7C%20woxic%20%7C%20Cologne%202026,ok
78,64.4,P2,CHEAP HISTORY PUNT,Heavygod (Foil),Player,Foil,Autograph,sticker,Heavygod,G2 Esports,G2 Esports,27,0.27,27.0,0.27,Steam,False,0.0,Steam around $0.27,1-2 max,Very Cheap,Very Cheap,Medium,27.0,17.0,148.0,116,321.31,60,6.0,0.6519,0.3535,0.5536,0.4804,81.88888888888887,81.88888888888887,0.7242,0.0,0.65,0.0,+82% expected | 0.72 demand | 82% below high | 448% upside | -82% vs launch,"lower highs, 2P new low, unscored",2P is cheaper than current Steam but still above Steam's recorded low; wait for a stronger entry.,100.0,,100.0,100.0,,,-58723.5294117647,-36937.03703703704,0.1,0.0252,1.0,True,120.06,,https://cs2tokens.com/iem-cologne-2026/items/sticker-heavygod-foil-cologne-2026,https://community.akamai.steamstatic.com/economy/image/i0CoZ81Ui0m-9KwlBY1L_18myuGuq1wfhWSaZgMttyVfPaERSR0Wqmu7LAocGJai0ki7VeTHjMmuOXSQ61MnpNWipUruRiL5m5f25CVU682oZ61hbqfHVmPGmO0uteJrTnuwkR5-tT7cwtqgJHiebwF2X5smTecMt0HskND5d7S147IRp8U,Sticker | Heavygod (Foil) | Cologne 2026,https://steamcommunity.com/market/listings/730/Sticker%20%7C%20Heavygod%20%28Foil%29%20%7C%20Cologne%202026,ok
79,64.4,P2,CHEAP HISTORY PUNT,mzinho (Foil),Player,Foil,Autograph,sticker,mzinho,The MongolZ,The MongolZ,62,0.61,62.0,0.61,Steam,False,0.0,Steam around $0.61,1-2 max,Very Cheap,Very Cheap,Low,62.0,48.0,225.0,116,321.31,60,6.0,0.5915,0.3638,0.4681,0.4785,78.11290322580646,78.11290322580646,0.7214,0.0,0.65,0.0,+78% expected | 0.72 demand | 72% below high | 263% upside | -72% vs launch,"lower highs, 2P new low, unscored",2P is cheaper than current Steam but still above Steam's recorded low; wait for a stronger entry.,1.48,,1.48,1.48,,,-213.3879781420765,-142.62295081967213,0.1,0.0252,1.0,True,7.77,1.48,https://cs2tokens.com/iem-cologne-2026/items/sticker-mzinho-foil-cologne-2026,https://community.akamai.steamstatic.com/economy/image/i0CoZ81Ui0m-9KwlBY1L_18myuGuq1wfhWSaZgMttyVfPaERSR0Wqmu7LAocGJai0ki7VeTHjMmuOXSQ61MnpNWipUruRiL8hJ_u9S1k6f2nZOpvJKGXC2TJmb506OBoHny2xRx_tW-Bwtupd3iTaQBxDcF3R7VftELrjJS5YIFO6kW8,Sticker | mzinho (Foil) | Cologne 2026,https://steamcommunity.com/market/listings/730/Sticker%20%7C%20mzinho%20%28Foil%29%20%7C%20Cologne%202026,ok
80,64.2,P2,CHEAP HISTORY PUNT,Tauson,Player,Paper,Autograph,sticker,Tauson,GamerLegion,GamerLegion,3,0.03,3.0,0.03,Steam,False,0.0,Steam around $0.03,1-2 max,Very Cheap,Very Cheap,Medium,3.0,3.0,22.0,116,321.31,65,6.0,0.712,0.3605,0.4163,0.5502,109.0,109.0,0.4698,0.0,0.65,0.0,+109% expected | 0.47 demand | 86% below high | 633% upside | -86% vs launch,"lower highs, 2P new low, unscored",Cheap punt; prefer Steam around $0.03; small size is acceptable even before full scoring.,,,,,,,,,0.1,0.0,,,,,https://cs2tokens.com/iem-cologne-2026/items/sticker-tauson-cologne-2026,https://community.akamai.steamstatic.com/economy/image/i0CoZ81Ui0m-9KwlBY1L_18myuGuq1wfhWSaZgMttyVfPaERSR0Wqmu7LAocGJai0ki7VeTHjMmuOXSQ61MnpNWipUruRiLln4Pz8iwV7aarMaE4IaWXCj7FlOoksbM-F3u3xkQl4DmDy96hJHmQOwR0WJV5FvlK7EdYLqmrFQ,Sticker | Tauson | Cologne 2026,https://steamcommunity.com/market/listings/730/Sticker%20%7C%20Tauson%20%7C%20Cologne%202026,ok
81,64.0,P2,CHEAP HISTORY PUNT,kyxsan,Player,Paper,Autograph,sticker,kyxsan,Falcons,Falcons,6,0.06,6.0,0.06,Steam,False,0.0,Steam around $0.06,1-2 max,Very Cheap,Very Cheap,Low,6.0,6.0,35.0,116,321.31,61,6.0,0.6638,0.3651,0.439,0.507,105.00000000000004,105.00000000000004,0.5473,0.0,0.65,0.0,+105% expected | 0.55 demand | 83% below high | 483% upside | -83% vs launch,"lower highs, 2P new low, unscored",Cheap punt; prefer Steam around $0.06; small size is acceptable even before full scoring.,,,,,,,,,0.1,0.0,,,,,https://cs2tokens.com/iem-cologne-2026/items/sticker-kyxsan-cologne-2026,https://community.akamai.steamstatic.com/economy/image/i0CoZ81Ui0m-9KwlBY1L_18myuGuq1wfhWSaZgMttyVfPaERSR0Wqmu7LAocGJai0ki7VeTHjMmuOXSQ61MnpNWipUruRiL6h47z_CwVuvaqaqA1JaTEDDWSmLsktLM6FnqwxU8lt2yGmNyrIHOUOgVyD8YkQ_lK7EesjvrOOQ,Sticker | kyxsan | Cologne 2026,https://steamcommunity.com/market/listings/730/Sticker%20%7C%20kyxsan%20%7C%20Cologne%202026,ok
82,63.9,P2,CHEAP HISTORY PUNT,YEKINDAR,Player,Paper,Autograph,sticker,YEKINDAR,FURIA,FURIA,6,0.06,6.0,0.06,Steam,False,0.0,Steam around $0.06,1-2 max,Very Cheap,Very Cheap,Low,6.0,5.0,29.0,116,321.31,61,6.0,0.6133,0.3578,0.5096,0.466,80.5,80.5,0.667,0.0,0.65,0.0,+80% expected | 0.67 demand | 79% below high | 383% upside | -79% vs launch,"lower highs, 2P new low, unscored",Cheap punt; prefer Steam around $0.06; small size is acceptable even before full scoring.,,,,,,,,,0.1,0.0,,,,,https://cs2tokens.com/iem-cologne-2026/items/sticker-yekindar-cologne-2026,https://community.akamai.steamstatic.com/economy/image/i0CoZ81Ui0m-9KwlBY1L_18myuGuq1wfhWSaZgMttyVfPaERSR0Wqmu7LAocGJai0ki7VeTHjMmuOXSQ61MnpNWipUruRiLom53p8yZa_bz7OPdrJaiVWGGWw-xwtrBtHX_hwUohtzyGztipeCiXbVV1XJByR-ZcrFDmxYBAYuil,Sticker | YEKINDAR | Cologne 2026,https://steamcommunity.com/market/listings/730/Sticker%20%7C%20YEKINDAR%20%7C%20Cologne%202026,ok
83,63.8,P2,CHEAP HISTORY PUNT,Spinx,Player,Paper,Autograph,sticker,Spinx,MOUZ,MOUZ,3,0.03,3.0,0.03,Steam,False,0.0,Steam around $0.03,1-2 max,Very Cheap,Very Cheap,Low,3.0,3.0,26.0,116,321.31,61,6.0,0.7112,0.382,0.34,0.5927,142.66666666666669,142.66666666666669,0.2746,0.0,0.65,0.0,+143% expected | 0.27 demand | 88% below high | 767% upside | -88% vs launch,"lower highs, 2P new low, unscored",Cheap punt; prefer Steam around $0.03; small size is acceptable even before full scoring.,,,,,,,,,0.1,0.0,,,,,https://cs2tokens.com/iem-cologne-2026/items/sticker-spinx-cologne-2026,https://community.akamai.steamstatic.com/economy/image/i0CoZ81Ui0m-9KwlBY1L_18myuGuq1wfhWSaZgMttyVfPaERSR0Wqmu7LAocGJai0ki7VeTHjMmuOXSQ61MnpNWipUruRiLijp_u5WwDvaP2OfI_cfGQXWPJx-t06LI-G3rgkxlz5zjXmI6ucnPFP1IpWJRwW6dU5SkEsvTm,Sticker | Spinx | Cologne 2026,https://steamcommunity.com/market/listings/730/Sticker%20%7C%20Spinx%20%7C%20Cologne%202026,ok
84,63.8,P2,CHEAP HISTORY PUNT,AZUWU (Foil),Player,Foil,Autograph,sticker,AZUWU,Monte,Monte,33,0.33,33.0,0.33,Steam,False,0.0,Steam around $0.33,1-2 max,Very Cheap,Very Cheap,High,33.0,30.0,320.0,116,321.31,60,6.0,0.7319,0.3617,0.5901,0.5073,130.45454545454547,130.45454545454547,0.4637,0.0,0.65,0.0,+130% expected | 0.46 demand | 90% below high | 870% upside | -78% vs launch,"High crowding, lower highs, 2P new low, unscored",2P is cheaper than current Steam but still above Steam's recorded low; wait for a stronger entry.,1.5,,1.5,1.5,,,-400.0,-354.5454545454545,0.1,0.0252,1.0,True,1.89,,https://cs2tokens.com/iem-cologne-2026/items/sticker-azuwu-foil-cologne-2026,https://community.akamai.steamstatic.com/economy/image/i0CoZ81Ui0m-9KwlBY1L_18myuGuq1wfhWSaZgMttyVfPaERSR0Wqmu7LAocGJai0ki7VeTHjMmuOXSQ61MnpNWipUruRiLwhIP36B1d4PuiJvU_cfbEDzfEwrYg47NqGXnixkQh4G7cwo78eXnDbVQgWcR0FuIIsBGm0oqw7ufCHTU,Sticker | AZUWU (Foil) | Cologne 2026,https://steamcommunity.com/market/listings/730/Sticker%20%7C%20AZUWU%20%28Foil%29%20%7C%20Cologne%202026,ok
85,63.5,P2,CHEAP HISTORY PUNT,cobra,Player,Paper,Autograph,sticker,cobra,The MongolZ,The MongolZ,4,0.04,4.0,0.04,Steam,False,0.0,Steam around $0.04,1-2 max,Very Cheap,Very Cheap,Medium,4.0,3.0,28.0,116,321.31,61,6.0,0.6684,0.3624,0.4117,0.5115,106.25,106.25,0.5662,0.0,0.65,0.0,+106% expected | 0.57 demand | 86% below high | 600% upside | -86% vs launch,"lower highs, 2P new low, unscored",Cheap punt; prefer Steam around $0.04; small size is acceptable even before full scoring.,,,,,,,,,0.1,0.0,,,,,https://cs2tokens.com/iem-cologne-2026/items/sticker-cobra-cologne-2026,https://community.akamai.steamstatic.com/economy/image/i0CoZ81Ui0m-9KwlBY1L_18myuGuq1wfhWSaZgMttyVfPaERSR0Wqmu7LAocGJai0ki7VeTHjMmuOXSQ61MnpNWipUruRiLykZTy_GwDvar4P6I1cqjGV2aWwrgm57JrG3i3zRkh6z-Hnt-sdHvFbFInX5MiW6dU5VwWHmZQ,Sticker | cobra | Cologne 2026,https://steamcommunity.com/market/listings/730/Sticker%20%7C%20cobra%20%7C%20Cologne%202026,ok
86,63.4,P2,CHEAP HISTORY PUNT,cobra (Foil),Player,Foil,Autograph,sticker,cobra,The MongolZ,The MongolZ,32,0.32,32.0,0.32,Steam,False,0.0,Steam around $0.32,1-2 max,Very Cheap,Very Cheap,Low,32.0,26.0,162.0,116,321.31,60,6.0,0.6478,0.3557,0.4454,0.4985,85.625,85.625,0.573,0.0,0.65,0.0,+86% expected | 0.57 demand | 80% below high | 406% upside | -80% vs launch,"lower highs, 2P new low, unscored",2P is cheaper than current Steam but still above Steam's recorded low; wait for a stronger entry.,0.59,,0.59,0.59,,,-126.92307692307688,-84.37499999999999,0.1,0.0252,1.0,True,,,https://cs2tokens.com/iem-cologne-2026/items/sticker-cobra-foil-cologne-2026,https://community.akamai.steamstatic.com/economy/image/i0CoZ81Ui0m-9KwlBY1L_18myuGuq1wfhWSaZgMttyVfPaERSR0Wqmu7LAocGJai0ki7VeTHjMmuOXSQ61MnpNWipUruRiLykZTy_B1d4PuiJv1vdKbEV2aRx-wmsbNtGyjizUslsWWGno6vdCrBbgV0CJNxE-YIsBCm0oqwKlEbSQs,Sticker | cobra (Foil) | Cologne 2026,https://steamcommunity.com/market/listings/730/Sticker%20%7C%20cobra%20%28Foil%29%20%7C%20Cologne%202026,ok
87,63.3,P2,CHEAP HISTORY PUNT,yuurih,Player,Paper,Autograph,sticker,yuurih,FURIA,FURIA,4,0.04,4.0,0.04,Steam,False,0.0,Steam around $0.04,1-2 max,Very Cheap,Very Cheap,Medium,4.0,3.0,28.0,116,321.31,61,6.0,0.6727,0.3592,0.4117,0.5091,113.25,113.25,0.569,0.0,0.65,0.0,+113% expected | 0.57 demand | 86% below high | 600% upside | -86% vs launch,"lower highs, 2P new low, unscored",Cheap punt; prefer Steam around $0.04; small size is acceptable even before full scoring.,,,,,,,,,0.1,0.0,,,,,https://cs2tokens.com/iem-cologne-2026/items/sticker-yuurih-cologne-2026,https://community.akamai.steamstatic.com/economy/image/i0CoZ81Ui0m-9KwlBY1L_18myuGuq1wfhWSaZgMttyVfPaERSR0Wqmu7LAocGJai0ki7VeTHjMmuOXSQ61MnpNWipUruRiLoi4Py9CoV6aP-P_VrJaiRWDKSlrt157BsSijgzBgm423dmYz6dXzBag8nWMN0RPlK7Ee2l597iA,Sticker | yuurih | Cologne 2026,https://steamcommunity.com/market/listings/730/Sticker%20%7C%20yuurih%20%7C%20Cologne%202026,ok
88,63.2,P2,CHEAP HISTORY PUNT,insani (Foil),Player,Foil,Autograph,sticker,insani,MIBR,MIBR,20,0.2,20.0,0.2,Steam,False,0.0,Steam around $0.20,1-2 max,Very Cheap,Very Cheap,Low,20.0,17.0,108.0,116,321.31,62,6.0,0.6757,0.3619,0.4118,0.5333,104.5,104.5,0.379,0.0,0.65,0.0,+104% expected | 0.38 demand | 81% below high | 440% upside | -81% vs launch,"lower highs, unscored",2P is cheaper than current Steam but still above Steam's recorded low; wait for a stronger entry.,1.33,1.33,0.43,1.33,0.0,104.65116279069773,-682.3529411764706,-565.0,0.0,0.054,3.0,False,1.33,1.48,https://cs2tokens.com/iem-cologne-2026/items/sticker-insani-foil-cologne-2026,https://community.akamai.steamstatic.com/economy/image/i0CoZ81Ui0m-9KwlBY1L_18myuGuq1wfhWSaZgMttyVfPaERSR0Wqmu7LAocGJai0ki7VeTHjMmuOXSQ61MnpNWipUruRiL4kIXh8ytk6f2nZOo1JPORDzCUw7hwsuQ8TCzrzE4j62iHyYn4dnLFOg91D5JxRLFbshbqjJS5YAGZ8RJP,Sticker | insani (Foil) | Cologne 2026,https://steamcommunity.com/market/listings/730/Sticker%20%7C%20insani%20%28Foil%29%20%7C%20Cologne%202026,ok
89,63.1,P2,CHEAP HISTORY PUNT,cmtry,Player,Paper,Autograph,sticker,cmtry,,,3,0.03,3.0,0.03,Steam,False,0.0,Steam around $0.03,1-2 max,Very Cheap,Very Cheap,Medium,3.0,3.0,26.0,116,321.31,61,6.0,0.7357,0.3533,0.44,0.5491,123.99999999999996,123.99999999999996,0.3834,0.0,0.65,0.0,+124% expected | 0.38 demand | 88% below high | 767% upside | -88% vs launch,"lower highs, 2P new low, unscored",Cheap punt; prefer Steam around $0.03; small size is acceptable even before full scoring.,,,,,,,,,0.1,0.0,,,,,https://cs2tokens.com/iem-cologne-2026/items/sticker-cmtry-cologne-2026,https://community.akamai.steamstatic.com/economy/image/i0CoZ81Ui0m-9KwlBY1L_18myuGuq1wfhWSaZgMttyVfPaERSR0Wqmu7LAocGJai0ki7VeTHjMmuOXSQ61MnpNWipUruRiLyk4Ly5GwMt_P6OvQ-JvXDW2PAmOp36ORsS3zqxEQlsTnRmdf4cinEPQ8hDsZ5W6dU5cT3NEUT,Sticker | cmtry | Cologne 2026,https://steamcommunity.com/market/listings/730/Sticker%20%7C%20cmtry%20%7C%20Cologne%202026,ok
90,63.1,P2,CHEAP HISTORY PUNT,Techno4K,Player,Paper,Autograph,sticker,Techno4K,The MongolZ,The MongolZ,4,0.04,4.0,0.04,Steam,False,0.0,Steam around $0.04,1-2 max,Very Cheap,Very Cheap,Medium,4.0,4.0,28.0,116,321.31,61,6.0,0.6963,0.3565,0.4867,0.5178,107.75,107.75,0.4122,0.0,0.65,0.0,+108% expected | 0.41 demand | 86% below high | 600% upside | -86% vs launch,"lower highs, 2P new low, unscored",Cheap punt; prefer Steam around $0.04; small size is acceptable even before full scoring.,,,,,,,,,0.1,0.0,,,,,https://cs2tokens.com/iem-cologne-2026/items/sticker-techno4k-cologne-2026,https://community.akamai.steamstatic.com/economy/image/i0CoZ81Ui0m-9KwlBY1L_18myuGuq1wfhWSaZgMttyVfPaERSR0Wqmu7LAocGJai0ki7VeTHjMmuOXSQ61MnpNWipUruRiLlm5Xo8y0P5Lz9OfQ9cvTBCjHDkLZ16LIxTiixlht-5z6Dmd2gJXzDbFJzCJBwE7MMrFDmxcmTPGOO,Sticker | Techno4K | Cologne 2026,https://steamcommunity.com/market/listings/730/Sticker%20%7C%20Techno4K%20%7C%20Cologne%202026,ok
91,63.0,P2,CHEAP HISTORY PUNT,9z Team,Team,Paper,Team,sticker,,9z Team,9z Team,15,0.15,15.0,0.15,Steam,False,0.0,Steam around $0.15,1-2 max,Very Cheap,Very Cheap,Medium,15.0,12.0,53.0,116,321.31,61,6.0,0.6573,0.3377,0.4978,0.483,80.26666666666667,80.26666666666667,0.7694,0.0,0.65,0.0,+80% expected | 0.77 demand | 72% below high | 253% upside | -61% vs launch,"lower highs, 2P new low, unscored",2P is cheaper than current Steam but still above Steam's recorded low; wait for a stronger entry.,0.29,,0.29,0.29,,,-141.66666666666666,-93.33333333333331,0.1,0.0252,1.0,True,,,https://cs2tokens.com/iem-cologne-2026/items/sticker-9z-team-cologne-2026,https://community.akamai.steamstatic.com/economy/image/i0CoZ81Ui0m-9KwlBY1L_18myuGuq1wfhWSaZgMttyVfPaERSR0Wqmu7LAocGJai0ki7VeTHjMmuOXSQ61MnpNWipVfuTxi_m5Swr3UC7vD9aaA8JKCQCjPIkrcgtLU6GXzrxk0l4zyGztisdH2UbBhgVMWY30Fc8w,Sticker | 9z Team | Cologne 2026,https://steamcommunity.com/market/listings/730/Sticker%20%7C%209z%20Team%20%7C%20Cologne%202026,ok
92,62.8,P2,CHEAP HISTORY PUNT,kensizor (Foil),Player,Foil,Autograph,sticker,kensizor,B8,B8,17,0.17,17.0,0.17,Steam,False,0.0,Steam around $0.17,1-2 max,Very Cheap,Very Cheap,Medium,17.0,10.0,117.0,116,321.31,62,6.0,0.6741,0.3425,0.469,0.482,89.88235294117648,89.88235294117648,0.713,0.0,0.65,0.0,+90% expected | 0.71 demand | 85% below high | 588% upside | -85% vs launch,"lower highs, 2P new low, unscored",2P is cheaper than current Steam but still above Steam's recorded low; wait for a stronger entry.,0.25,,0.25,0.25,,,-149.99999999999997,-47.05882352941176,0.1,0.0252,1.0,True,,,https://cs2tokens.com/iem-cologne-2026/items/sticker-kensizor-foil-cologne-2026,https://community.akamai.steamstatic.com/economy/image/i0CoZ81Ui0m-9KwlBY1L_18myuGuq1wfhWSaZgMttyVfPaERSR0Wqmu7LAocGJai0ki7VeTHjMmuOXSQ61MnpNWipUruRiL6m5jz9DhU_c2oZ61hbqOSWzWVlr5ws7AxHXq3xh4j4WTUy9ypcy_COlUlDpUmEeIC4UXqkoL5d7S14DtSs4U,Sticker | kensizor (Foil) | Cologne 2026,https://steamcommunity.com/market/listings/730/Sticker%20%7C%20kensizor%20%28Foil%29%20%7C%20Cologne%202026,ok
93,62.3,P2,CHEAP HISTORY PUNT,meyern,Player,Paper,Autograph,sticker,meyern,9z Team,9z Team,3,0.03,3.0,0.03,Steam,False,0.0,Steam around $0.03,1-2 max,Very Cheap,Very Cheap,Low,3.0,3.0,27.0,116,321.31,61,6.0,0.7044,0.3522,0.3517,0.5458,161.66666666666666,161.66666666666666,0.2573,0.0,0.65,0.0,+162% expected | 0.26 demand | 89% below high | 800% upside | -88% vs launch,"lower highs, 2P new low, unscored",Cheap punt; prefer Steam around $0.03; small size is acceptable even before full scoring.,,,,,,,,,0.1,0.0,,,,,https://cs2tokens.com/iem-cologne-2026/items/sticker-meyern-cologne-2026,https://community.akamai.steamstatic.com/economy/image/i0CoZ81Ui0m-9KwlBY1L_18myuGuq1wfhWSaZgMttyVfPaERSR0Wqmu7LAocGJai0ki7VeTHjMmuOXSQ61MnpNWipUruRiL8m4_l7ywV6ff5a_07cajLXzTElbp34OI-HyrnwU114WnSmd-gIHufbg51W8d1RPlK7EdJXPlZgg,Sticker | meyern | Cologne 2026,https://steamcommunity.com/market/listings/730/Sticker%20%7C%20meyern%20%7C%20Cologne%202026,ok
94,62.2,P2,CHEAP HISTORY PUNT,n1ssim,Player,Paper,Autograph,sticker,n1ssim,Legacy,Legacy,4,0.04,4.0,0.04,Steam,False,0.0,Steam around $0.04,1-2 max,Very Cheap,Very Cheap,Low,4.0,3.0,23.0,116,321.31,63,6.0,0.6208,0.3371,0.4617,0.4556,73.50000000000001,73.50000000000001,0.652,0.0,0.65,0.0,+74% expected | 0.65 demand | 83% below high | 475% upside | -83% vs launch,"lower highs, 2P new low, unscored",Cheap punt; prefer Steam around $0.04; small size is acceptable even before full scoring.,,,,,,,,,0.1,0.0,,,,,https://cs2tokens.com/iem-cologne-2026/items/sticker-n1ssim-cologne-2026,https://community.akamai.steamstatic.com/economy/image/i0CoZ81Ui0m-9KwlBY1L_18myuGuq1wfhWSaZgMttyVfPaERSR0Wqmu7LAocGJai0ki7VeTHjMmuOXSQ61MnpNWipUruRiL_z4Xz9C8V7aT-MPI0dvHLDDHDlLx0srY-TX3jlBh-42yBmIqueS-fZwMnDMR0EPlK7Ef8SzMOUg,Sticker | n1ssim | Cologne 2026,https://steamcommunity.com/market/listings/730/Sticker%20%7C%20n1ssim%20%7C%20Cologne%202026,ok
95,62.0,P2,CHEAP HISTORY PUNT,Krabeni (Foil),Player,Foil,Autograph,sticker,Krabeni,,,18,0.18,18.0,0.18,Steam,False,0.0,Steam around $0.18,1-2 max,Very Cheap,Very Cheap,Medium,18.0,16.0,152.0,116,321.31,60,6.0,0.7045,0.3515,0.4135,0.5279,134.77777777777774,134.77777777777774,0.2556,0.0,0.65,0.0,+135% expected | 0.26 demand | 88% below high | 744% upside | -88% vs launch,"lower highs, 2P new low, unscored",2P is cheaper than current Steam but still above Steam's recorded low; wait for a stronger entry.,0.31,,0.31,0.31,,,-93.75000000000004,-72.22222222222223,0.1,0.0252,1.0,True,,,https://cs2tokens.com/iem-cologne-2026/items/sticker-krabeni-foil-cologne-2026,https://community.akamai.steamstatic.com/economy/image/i0CoZ81Ui0m-9KwlBY1L_18myuGuq1wfhWSaZgMttyVfPaERSR0Wqmu7LAocGJai0ki7VeTHjMmuOXSQ61MnpNWipUruRiL6jJfi-CxS0PShYagjI6mVWT_Dk-t06LA_Fy3nxkkl5W2Az9yoJ3iWaQEjXJp4QeMJ4BO-msqnab2tzR3Zgg,Sticker | Krabeni (Foil) | Cologne 2026,https://steamcommunity.com/market/listings/730/Sticker%20%7C%20Krabeni%20%28Foil%29%20%7C%20Cologne%202026,ok
96,62.0,P2,CHEAP HISTORY PUNT,npl,Player,Paper,Autograph,sticker,npl,B8,B8,3,0.03,3.0,0.03,Steam,False,0.0,Steam around $0.03,1-2 max,Very Cheap,Very Cheap,Medium,3.0,3.0,21.0,116,321.31,65,6.0,0.6875,0.34,0.3958,0.5169,98.66666666666666,98.66666666666666,0.4118,0.0,0.65,0.0,+99% expected | 0.41 demand | 86% below high | 600% upside | -86% vs launch,"lower highs, 2P new low, unscored",Cheap punt; prefer Steam around $0.03; small size is acceptable even before full scoring.,,,,,,,,,0.1,0.0,,,,,https://cs2tokens.com/iem-cologne-2026/items/sticker-npl-cologne-2026,https://community.akamai.steamstatic.com/economy/image/i0CoZ81Ui0m-9KwlBY1L_18myuGuq1wfhWSaZgMttyVfPaERSR0Wqmu7LAocGJai0ki7VeTHjMmuOXSQ61MnpNWipUruRiL_jpqu-XJavaD4a_NodPKRX2PIkOsks-c8Fi_qxRty5D-EnN6tcCrBbFQpWIwwG7AAIHL7NA,Sticker | npl | Cologne 2026,https://steamcommunity.com/market/listings/730/Sticker%20%7C%20npl%20%7C%20Cologne%202026,ok
97,62.0,P2,CHEAP HISTORY PUNT,AZUWU,Player,Paper,Autograph,sticker,AZUWU,Monte,Monte,4,0.04,4.0,0.04,Steam,False,0.0,Steam around $0.04,1-2 max,Very Cheap,Very Cheap,High,4.0,4.0,38.0,116,321.31,61,6.0,0.7206,0.3466,0.5731,0.4908,219.0,219.0,0.3982,0.0,0.65,0.0,+219% expected | 0.40 demand | 89% below high | 850% upside | -87% vs launch,"High crowding, lower highs, 2P new low, unscored",2P is cheaper than current Steam but still above Steam's recorded low; wait for a stronger entry.,0.36,,0.36,0.36,,,-800.0,-800.0,0.1,0.0252,1.0,True,,,https://cs2tokens.com/iem-cologne-2026/items/sticker-azuwu-cologne-2026,https://community.akamai.steamstatic.com/economy/image/i0CoZ81Ui0m-9KwlBY1L_18myuGuq1wfhWSaZgMttyVfPaERSR0Wqmu7LAocGJai0ki7VeTHjMmuOXSQ61MnpNWipUruRiLwhIP36GwM7aevafNscPaWDT7Hkrxw47dsGSi2lE8j52jczNf7cSjDZwMhCJojW6dU5SEC0KdB,Sticker | AZUWU | Cologne 2026,https://steamcommunity.com/market/listings/730/Sticker%20%7C%20AZUWU%20%7C%20Cologne%202026,ok
98,61.8,P3,CHEAP HISTORY PUNT,KSCERATO,Player,Paper,Autograph,sticker,KSCERATO,FURIA,FURIA,6,0.06,6.0,0.06,Steam,False,0.0,Steam around $0.06,1-2 max,Very Cheap,Very Cheap,Low,6.0,5.0,30.0,116,321.31,61,6.0,0.6141,0.3435,0.4441,0.4545,89.16666666666666,89.16666666666666,0.6114,0.0,0.65,0.0,+89% expected | 0.61 demand | 80% below high | 400% upside | -79% vs launch,"lower highs, 2P new low, unscored",Cheap punt; prefer Steam around $0.06; small size is acceptable even before full scoring.,,,,,,,,,0.1,0.0,,,,,https://cs2tokens.com/iem-cologne-2026/items/sticker-kscerato-cologne-2026,https://community.akamai.steamstatic.com/economy/image/i0CoZ81Ui0m-9KwlBY1L_18myuGuq1wfhWSaZgMttyVfPaERSR0Wqmu7LAocGJai0ki7VeTHjMmuOXSQ61MnpNWipUruRiL6jZXl7yNP4Lz8OPY6d6PKXjXEk-ok5LRsHXjmw0Qj4z6Gmdb_IyqRPQIgDsciF-JerFDmxcTw6OKV,Sticker | KSCERATO | Cologne 2026,https://steamcommunity.com/market/listings/730/Sticker%20%7C%20KSCERATO%20%7C%20Cologne%202026,ok
99,61.7,P3,CHEAP HISTORY PUNT,xfl0ud,Player,Paper,Autograph,sticker,xfl0ud,HEROIC,HEROIC,3,0.03,3.0,0.03,Steam,False,0.0,Steam around $0.03,1-2 max,Very Cheap,Very Cheap,Low,3.0,3.0,20.0,116,321.31,65,6.0,0.6763,0.3412,0.3804,0.5154,96.33333333333331,96.33333333333331,0.3712,0.0,0.65,0.0,+96% expected | 0.37 demand | 85% below high | 567% upside | -85% vs launch,"lower highs, 2P new low, unscored",Cheap punt; prefer Steam around $0.03; small size is acceptable even before full scoring.,,,,,,,,,0.1,0.0,,,,,https://cs2tokens.com/iem-cologne-2026/items/sticker-xfl0ud-cologne-2026,https://community.akamai.steamstatic.com/economy/image/i0CoZ81Ui0m-9KwlBY1L_18myuGuq1wfhWSaZgMttyVfPaERSR0Wqmu7LAocGJai0ki7VeTHjMmuOXSQ61MnpNWipUruRiLpmJqw6CYVuvb_PvNvcqmXDTDIlbsutrE7Gyuwl0x35jzUw92qdHPGbg91XJNwF_lK7EdJh_4BMQ,Sticker | xfl0ud | Cologne 2026,https://steamcommunity.com/market/listings/730/Sticker%20%7C%20xfl0ud%20%7C%20Cologne%202026,ok
100,61.7,P3,CHEAP HISTORY PUNT,Techno4K (Foil),Player,Foil,Autograph,sticker,Techno4K,The MongolZ,The MongolZ,40,0.4,40.0,0.4,Steam,False,0.0,Steam around $0.40,1-2 max,Very Cheap,Very Cheap,High,40.0,37.0,258.0,116,321.31,60,6.0,0.6762,0.3417,0.5919,0.4589,97.175,97.175,0.448,0.0,0.65,0.0,+97% expected | 0.45 demand | 84% below high | 545% upside | -76% vs launch,"High crowding, lower highs, 2P new low, unscored",2P is cheaper than current Steam but still above Steam's recorded low; wait for a stronger entry.,2.26,,2.26,2.26,,,-510.8108108108106,-465.0,0.1,0.0252,1.0,True,,,https://cs2tokens.com/iem-cologne-2026/items/sticker-techno4k-foil-cologne-2026,https://community.akamai.steamstatic.com/economy/image/i0CoZ81Ui0m-9KwlBY1L_18myuGuq1wfhWSaZgMttyVfPaERSR0Wqmu7LAocGJai0ki7VeTHjMmuOXSQ61MnpNWipUruRiLlm5Xo8y0P5M2oZ61hbqCXWTWRlOggtbQ8TCvnzE1w6jvXw9apdH-UOwAnXpp3ROML40S_w9L5d7S1BHsA3rk,Sticker | Techno4K (Foil) | Cologne 2026,https://steamcommunity.com/market/listings/730/Sticker%20%7C%20Techno4K%20%28Foil%29%20%7C%20Cologne%202026,ok
101,61.7,P3,CHEAP HISTORY PUNT,v$m (Foil),Player,Foil,Autograph,sticker,v$m,paiN Gaming,paiN Gaming,20,0.2,20.0,0.2,Steam,False,0.0,Steam around $0.20,1-2 max,Very Cheap,Very Cheap,High,20.0,12.0,131.0,116,321.31,62,6.0,0.663,0.3342,0.5771,0.4534,95.9,95.9,0.5502,0.0,0.65,0.0,+96% expected | 0.55 demand | 85% below high | 555% upside | -85% vs launch,"High crowding, lower highs, 2P new low, unscored",Cheap punt; prefer Steam around $0.20; small size is acceptable even before full scoring.,,,,,,,,,0.1,0.0,,,,,https://cs2tokens.com/iem-cologne-2026/items/sticker-v-m-foil-cologne-2026,https://community.akamai.steamstatic.com/economy/image/i0CoZ81Ui0m-9KwlBY1L_18myuGuq1wfhWSaZgMttyVfPaERSR0Wqmu7LAocGJai0ki7VeTHjMmuOXSQ61MnpNWipUruRiLnjZvf-y1S47yoMaI6cKeQCmTDk7l3suU6H3_rwU535jzXz4ugcnyUaVQnX5NxELZbrFDmxW7yvKeW,Sticker | v$m (Foil) | Cologne 2026,https://steamcommunity.com/market/listings/730/Sticker%20%7C%20v%24m%20%28Foil%29%20%7C%20Cologne%202026,ok
102,61.6,P3,CHEAP HISTORY PUNT,Astralis,Team,Paper,Team,sticker,,Astralis,Astralis,20,0.2,20.0,0.2,Steam,False,0.0,Steam around $0.20,1-2 max,Very Cheap,Very Cheap,Low,20.0,19.0,54.0,116,321.31,61,6.0,0.5944,0.34,0.4184,0.4745,68.75,68.75,0.5429,0.0,0.65,0.0,+69% expected | 0.54 demand | 63% below high | 170% upside | -50% vs launch,"lower highs, 2P new low, unscored",2P is cheaper than current Steam but still above Steam's recorded low; wait for a stronger entry.,0.43,,0.43,0.43,,,-126.3157894736842,-115.0,0.1,0.0252,1.0,True,,,https://cs2tokens.com/iem-cologne-2026/items/sticker-astralis-cologne-2026,https://community.akamai.steamstatic.com/economy/image/i0CoZ81Ui0m-9KwlBY1L_18myuGuq1wfhWSaZgMttyVfPaERSR0Wqmu7LAocGJai0ki7VeTHjMmuOXSQ61MnpNWipVj0VQ-_mse2rCYPufP6OfU6I_OXXj-UmbZw4eQ5SnzlzE0k62-By9qqcH6XPRhgVMUdhwlxbg,Sticker | Astralis | Cologne 2026,https://steamcommunity.com/market/listings/730/Sticker%20%7C%20Astralis%20%7C%20Cologne%202026,ok
103,61.3,P3,CHEAP HISTORY PUNT,Natus Vincere,Team,Paper,Team,sticker,,Natus Vincere,Natus Vincere,88,0.87,46.53,0.46,2P,True,47.13,"2P around $0.46, 47% below Steam",1-2 max,Cheap,Cheap,High,88.0,68.0,191.0,116,321.31,61,6.0,0.6816,0.3634,0.5163,0.4888,29.681818181818187,145.2677865612648,0.521,0.0,0.65,0.0,+145% expected | 0.52 demand | 2P 47% below Steam | 76% below high | 310% upside,"High crowding, lower highs, 2P new low, unscored","Cheap punt; prefer 2P around $0.46, 47% below Steam; small size is acceptable even before full scoring.",0.46,,0.46,0.46,,,31.57538877620013,47.12643678160919,0.1,0.1528,1.0,True,,,https://cs2tokens.com/iem-cologne-2026/items/sticker-natus-vincere-cologne-2026,https://community.akamai.steamstatic.com/economy/image/i0CoZ81Ui0m-9KwlBY1L_18myuGuq1wfhWSaZgMttyVfPaERSR0Wqmu7LAocGJai0ki7VeTHjMmuOXSQ61MnpNWipVfmVxS_ycOyqXVfuqesaqI1dqHLDDXHxLwm5-NoTi2xxh4jsGzczYmudyjDaBhgVMWwKW-ZJg,Sticker | Natus Vincere | Cologne 2026,https://steamcommunity.com/market/listings/730/Sticker%20%7C%20Natus%20Vincere%20%7C%20Cologne%202026,ok
104,61.3,P3,CHEAP HISTORY PUNT,S1ren,Player,Paper,Autograph,sticker,S1ren,BetBoom,BetBoom,4,0.04,4.0,0.04,Steam,False,0.0,Steam around $0.04,1-2 max,Very Cheap,Very Cheap,High,4.0,4.0,20.0,116,321.31,65,6.0,0.6678,0.3541,0.5423,0.4771,85.5,85.5,0.4738,0.0815,0.65,0.0,+86% expected | 0.47 demand | 80% below high | 400% upside | -80% vs launch,"High crowding, lower highs, 2P new low, unscored",Cheap punt; prefer Steam around $0.04; small size is acceptable even before full scoring.,,,,,,,,,0.1,0.0,,,,,https://cs2tokens.com/iem-cologne-2026/items/sticker-s1ren-cologne-2026,https://community.akamai.steamstatic.com/economy/image/i0CoZ81Ui0m-9KwlBY1L_18myuGuq1wfhWSaZgMttyVfPaERSR0Wqmu7LAocGJai0ki7VeTHjMmuOXSQ61MnpNWipUruRiLiz4Tl82wC66SrbfM1eKOVDzfIlOsj47drSi_gzEhz4G-GzImoci2fPAEoWMRyW6dU5bO2kB5N,Sticker | S1ren | Cologne 2026,https://steamcommunity.com/market/listings/730/Sticker%20%7C%20S1ren%20%7C%20Cologne%202026,ok
105,61.2,P3,CHEAP HISTORY PUNT,XANTARES,Player,Paper,Autograph,sticker,XANTARES,Aurora,Aurora,12,0.12,12.0,0.12,Steam,False,0.0,Steam around $0.12,1-2 max,Very Cheap,Very Cheap,Low,12.0,12.0,39.0,116,321.31,61,6.0,0.5796,0.3385,0.4099,0.4506,78.41666666666667,78.41666666666667,0.5982,0.0,0.65,0.0,+78% expected | 0.60 demand | 69% below high | 225% upside | -64% vs launch,"lower highs, 2P new low, unscored",2P is cheaper than current Steam but still above Steam's recorded low; wait for a stronger entry.,0.22,,0.22,0.22,,,-83.33333333333334,-83.33333333333334,0.1,0.0252,1.0,True,,,https://cs2tokens.com/iem-cologne-2026/items/sticker-xantares-cologne-2026,https://community.akamai.steamstatic.com/economy/image/i0CoZ81Ui0m-9KwlBY1L_18myuGuq1wfhWSaZgMttyVfPaERSR0Wqmu7LAocGJai0ki7VeTHjMmuOXSQ61MnpNWipUruRiLpn5j0_DBe_Lz8afdscfLBDTfAl75y57RqS3zkwkUl4mXQm4n4JXLDZwIoX5MkEeRerFDmxYZ_dlNQ,Sticker | XANTARES | Cologne 2026,https://steamcommunity.com/market/listings/730/Sticker%20%7C%20XANTARES%20%7C%20Cologne%202026,ok
106,61.1,P3,CHEAP HISTORY PUNT,phzy (Foil),Player,Foil,Autograph,sticker,phzy,Astralis,Astralis,29,0.29,29.0,0.29,Steam,False,0.0,Steam around $0.29,1-2 max,Very Cheap,Very Cheap,Low,29.0,22.0,142.0,116,321.31,60,6.0,0.6246,0.327,0.4398,0.4585,73.79310344827586,73.79310344827586,0.5795,0.0,0.65,0.0,+74% expected | 0.58 demand | 80% below high | 390% upside | -80% vs launch,"lower highs, 2P new low, unscored",Cheap punt; prefer Steam around $0.29; small size is acceptable even before full scoring.,,,,,,,,,0.1,0.0,,,,,https://cs2tokens.com/iem-cologne-2026/items/sticker-phzy-foil-cologne-2026,https://community.akamai.steamstatic.com/economy/image/i0CoZ81Ui0m-9KwlBY1L_18myuGuq1wfhWSaZgMttyVfPaERSR0Wqmu7LAocGJai0ki7VeTHjMmuOXSQ61MnpNWipUruRiLhloz5wiRU5v7gOfE6d6fKXz6Wl74g6Lk6GHiwkBwm5GzVn9msJCqXOwUlDJclFrQI5g74zIMD6TtjbQ,Sticker | phzy (Foil) | Cologne 2026,https://steamcommunity.com/market/listings/730/Sticker%20%7C%20phzy%20%28Foil%29%20%7C%20Cologne%202026,ok
107,61.1,P3,CHEAP HISTORY PUNT,Grim (Foil),Player,Foil,Autograph,sticker,Grim,NRG,NRG,30,0.3,30.0,0.3,Steam,False,0.0,Steam around $0.30,1-2 max,Very Cheap,Very Cheap,Low,30.0,25.0,114.0,116,321.31,62,6.0,0.592,0.327,0.451,0.4514,53.43333333333333,53.43333333333333,0.5846,0.0,0.65,0.0,+53% expected | 0.58 demand | 74% below high | 280% upside | -74% vs launch,"lower highs, 2P new low, unscored",2P is cheaper than current Steam but still above Steam's recorded low; wait for a stronger entry.,0.56,,0.56,0.56,,,-124.00000000000004,-86.66666666666669,0.1,0.0252,1.0,True,1.16,,https://cs2tokens.com/iem-cologne-2026/items/sticker-grim-foil-cologne-2026,https://community.akamai.steamstatic.com/economy/image/i0CoZ81Ui0m-9KwlBY1L_18myuGuq1wfhWSaZgMttyVfPaERSR0Wqmu7LAocGJai0ki7VeTHjMmuOXSQ61MnpNWipUruRiL2jJ_twiRU5v7gMPNrJqDCXGbCmL93src7G3zmwBtytjvRyIr4cHrGZw8gDcMhRrIMug74zIMHSpDZeA,Sticker | Grim (Foil) | Cologne 2026,https://steamcommunity.com/market/listings/730/Sticker%20%7C%20Grim%20%28Foil%29%20%7C%20Cologne%202026,ok
108,61.0,P3,CHEAP HISTORY PUNT,jabbi (Foil),Player,Foil,Autograph,sticker,jabbi,Astralis,Astralis,26,0.26,26.0,0.26,Steam,False,0.0,Steam around $0.26,1-2 max,Very Cheap,Very Cheap,Low,26.0,20.0,144.0,116,321.31,62,6.0,0.6402,0.3352,0.4135,0.4797,89.92307692307693,89.92307692307693,0.4317,0.0,0.65,0.0,+90% expected | 0.43 demand | 82% below high | 454% upside | -82% vs launch,"lower highs, 2P new low, unscored",2P is cheaper than current Steam but still above Steam's recorded low; wait for a stronger entry.,0.51,,0.51,0.51,,,-154.99999999999997,-96.15384615384616,0.1,0.0252,1.0,True,,,https://cs2tokens.com/iem-cologne-2026/items/sticker-jabbi-foil-cologne-2026,https://raw.githubusercontent.com/ByMykel/counter-strike-image-tracker/main/static/panorama/images/econ/stickers/cologne2026/sig_jabbi_foil_png.png,Sticker | jabbi (Foil) | Cologne 2026,https://steamcommunity.com/market/listings/730/Sticker%20%7C%20jabbi%20%28Foil%29%20%7C%20Cologne%202026,ok
109,61.0,P3,CHEAP HISTORY PUNT,doc,Player,Paper,Autograph,sticker,doc,Sharks Esports,Sharks Esports,4,0.04,4.0,0.04,Steam,False,0.0,Steam around $0.04,1-2 max,Very Cheap,Very Cheap,Low,4.0,3.0,17.0,116,321.31,63,6.0,0.585,0.338,0.3948,0.4532,81.74999999999999,81.74999999999999,0.5874,0.0,0.65,0.0,+82% expected | 0.59 demand | 76% below high | 325% upside | -76% vs launch,"lower highs, 2P new low, unscored",Cheap punt; prefer Steam around $0.04; small size is acceptable even before full scoring.,,,,,,,,,0.1,0.0,,,,,https://cs2tokens.com/iem-cologne-2026/items/sticker-doc-cologne-2026,https://community.akamai.steamstatic.com/economy/image/i0CoZ81Ui0m-9KwlBY1L_18myuGuq1wfhWSaZgMttyVfPaERSR0Wqmu7LAocGJai0ki7VeTHjMmuOXSQ61MnpNWipUruRiL1kZWupSZe7ar9MPdpdKTCVjSVxetz4bNoFnnnxkR-4D_cm9esJX7Ea1UnA4wwG7A9vO4QLg,Sticker | doc | Cologne 2026,https://steamcommunity.com/market/listings/730/Sticker%20%7C%20doc%20%7C%20Cologne%202026,ok
110,60.9,P3,CHEAP HISTORY PUNT,yxngstxr,Player,Paper,Autograph,sticker,yxngstxr,HEROIC,HEROIC,3,0.03,3.0,0.03,Steam,False,0.0,Steam around $0.03,1-2 max,Very Cheap,Very Cheap,Low,3.0,3.0,21.0,116,321.31,63,6.0,0.6664,0.3434,0.3498,0.5196,108.0,108.0,0.1747,0.0,0.65,0.0,+108% expected | 0.17 demand | 86% below high | 600% upside | -86% vs launch,"lower highs, 2P new low, unscored",Cheap punt; prefer Steam around $0.03; small size is acceptable even before full scoring.,,,,,,,,,0.1,0.0,,,,,https://cs2tokens.com/iem-cologne-2026/items/sticker-yxngstxr-cologne-2026,https://community.akamai.steamstatic.com/economy/image/i0CoZ81Ui0m-9KwlBY1L_18myuGuq1wfhWSaZgMttyVfPaERSR0Wqmu7LAocGJai0ki7VeTHjMmuOXSQ61MnpNWipUruRiLohpjn7jZD_bz8OvJpIafBV2KRkrZ1suBvSyziw0ki4jyDytv6J3nCZwMiDZZ2TbMJrFDmxTfWLfS3,Sticker | yxngstxr | Cologne 2026,https://steamcommunity.com/market/listings/730/Sticker%20%7C%20yxngstxr%20%7C%20Cologne%202026,ok
111,60.8,P3,CHEAP HISTORY PUNT,Chr1zN (Foil),Player,Foil,Autograph,sticker,Chr1zN,HEROIC,HEROIC,14,0.14,14.0,0.14,Steam,False,0.0,Steam around $0.14,1-2 max,Very Cheap,Very Cheap,Low,14.0,11.0,117.0,116,321.31,62,6.0,0.6855,0.3423,0.3725,0.5168,123.07142857142858,123.07142857142858,0.1972,0.0,0.65,0.0,+123% expected | 0.20 demand | 88% below high | 736% upside | -88% vs launch,"lower highs, 2P new low, unscored",2P is cheaper than current Steam but still above Steam's recorded low; wait for a stronger entry.,0.22,,0.22,0.22,,,-99.99999999999996,-57.14285714285713,0.1,0.0252,1.0,True,,,https://cs2tokens.com/iem-cologne-2026/items/sticker-chr1zn-foil-cologne-2026,https://raw.githubusercontent.com/ByMykel/counter-strike-image-tracker/main/static/panorama/images/econ/stickers/cologne2026/sig_chr1zn_foil_png.png,Sticker | Chr1zN (Foil) | Cologne 2026,https://steamcommunity.com/market/listings/730/Sticker%20%7C%20Chr1zN%20%28Foil%29%20%7C%20Cologne%202026,ok
112,60.8,P3,CHEAP HISTORY PUNT,Aleksib,Player,Paper,Autograph,sticker,Aleksib,Natus Vincere,Natus Vincere,8,0.08,8.0,0.08,Steam,False,0.0,Steam around $0.08,1-2 max,Very Cheap,Very Cheap,Low,8.0,8.0,38.0,116,321.31,61,6.0,0.6122,0.3522,0.3638,0.4842,111.625,111.625,0.2433,0.0,0.65,0.0,+112% expected | 0.24 demand | 79% below high | 375% upside | -77% vs launch,"lower highs, 2P new low, unscored",2P is cheaper than current Steam but still above Steam's recorded low; wait for a stronger entry.,0.14,,0.14,0.14,,,-75.00000000000001,-75.00000000000001,0.1,0.0252,1.0,True,,,https://cs2tokens.com/iem-cologne-2026/items/sticker-aleksib-cologne-2026,https://community.akamai.steamstatic.com/economy/image/i0CoZ81Ui0m-9KwlBY1L_18myuGuq1wfhWSaZgMttyVfPaERSR0Wqmu7LAocGJai0ki7VeTHjMmuOXSQ61MnpNWipUruRiLwkpPr7itZofP7bvw1IqOWD2PHxb4jtbJrFirkxUpyt2Xcnt6reH7BaQEmX5ciQLMU8k7vPq6drsc,Sticker | Aleksib | Cologne 2026,https://steamcommunity.com/market/listings/730/Sticker%20%7C%20Aleksib%20%7C%20Cologne%202026,ok
113,60.5,P3,CHEAP HISTORY PUNT,esenthial,Player,Paper,Autograph,sticker,esenthial,B8,B8,3,0.03,3.0,0.03,Steam,False,0.0,Steam around $0.03,1-2 max,Very Cheap,Very Cheap,Medium,3.0,3.0,21.0,116,321.31,65,6.0,0.6786,0.328,0.4071,0.4962,97.66666666666666,97.66666666666666,0.3443,0.0,0.65,0.0,+98% expected | 0.34 demand | 86% below high | 600% upside | -86% vs launch,"lower highs, 2P new low, unscored",Cheap punt; prefer Steam around $0.03; small size is acceptable even before full scoring.,,,,,,,,,0.1,0.0,,,,,https://cs2tokens.com/iem-cologne-2026/items/sticker-esenthial-cologne-2026,https://community.akamai.steamstatic.com/economy/image/i0CoZ81Ui0m-9KwlBY1L_18myuGuq1wfhWSaZgMttyVfPaERSR0Wqmu7LAocGJai0ki7VeTHjMmuOXSQ61MnpNWipUruRiL0jZPu6SpS7v7gPaI6JfWXDWbJlO9w4LYxGyu2l0Rwsj_dyNatci_Ca1cjWcAiRrQJ5g74zIOxPIem8Q,Sticker | esenthial | Cologne 2026,https://steamcommunity.com/market/listings/730/Sticker%20%7C%20esenthial%20%7C%20Cologne%202026,ok
114,60.5,P3,CHEAP HISTORY PUNT,TYLOO,Team,Paper,Team,sticker,,TYLOO,TYLOO,44,0.44,28.0,0.28,2P,True,36.36,"2P around $0.28, 36% below Steam",1-2 max,Very Cheap,Very Cheap,Medium,44.0,35.0,88.0,116,321.31,61,6.0,0.6485,0.3415,0.4078,0.4837,30.909090909090907,105.7142857142857,0.5171,0.0,0.65,0.0,+106% expected | 0.52 demand | 2P 36% below Steam | 68% below high | 214% upside,"lower highs, 2P new low, unscored","Cheap punt; prefer 2P around $0.28, 36% below Steam; small size is acceptable even before full scoring.",0.28,,0.28,0.28,,,19.999999999999982,36.36363636363636,0.1,0.122,1.0,True,,,https://cs2tokens.com/iem-cologne-2026/items/sticker-tyloo-cologne-2026,https://community.akamai.steamstatic.com/economy/image/i0CoZ81Ui0m-9KwlBY1L_18myuGuq1wfhWSaZgMttyVfPaERSR0Wqmu7LAocGJai0ki7VeTHjMmuOXSQ61MnpNWipU3-TVOjy5LkrHNd7ab_bfM4d6KXXzLIkb1wtrA4SXGxzBh05DmEn4v7eCnDcEZ-XS4c0-O0,Sticker | TYLOO | Cologne 2026,https://steamcommunity.com/market/listings/730/Sticker%20%7C%20TYLOO%20%7C%20Cologne%202026,ok
115,60.3,P3,CHEAP HISTORY PUNT,doc (Foil),Player,Foil,Autograph,sticker,doc,Sharks Esports,Sharks Esports,44,0.44,44.0,0.44,Steam,False,0.0,Steam around $0.44,1-3 max,Very Cheap,Very Cheap,Low,44.0,43.0,128.0,116,321.31,60,6.5,0.5552,0.3927,0.3468,0.4556,88.34090909090911,88.34090909090911,0.1255,0.0,1.0,1.0,+88% expected | 0.13 demand | 66% below high | 191% upside | -65% vs launch,"lower highs, 2P new low, modest quality score",2P is cheaper than current Steam but still above Steam's recorded low; wait for a stronger entry.,3.69,3.69,3.69,3.69,0.0,,-758.1395348837209,-738.6363636363636,0.0,0.054,2.0,True,3.69,,https://cs2tokens.com/iem-cologne-2026/items/sticker-doc-foil-cologne-2026,https://community.akamai.steamstatic.com/economy/image/i0CoZ81Ui0m-9KwlBY1L_18myuGuq1wfhWSaZgMttyVfPaERSR0Wqmu7LAocGJai0ki7VeTHjMmuOXSQ61MnpNWipUruRiL1kZXf-y1S47yrPvQ_IfLFWzXFxLp0s7A8F33qxEl0sDyByIn8dSqSbwR1WZchR7YNrFDmxeLM82KX,Sticker | doc (Foil) | Cologne 2026,https://steamcommunity.com/market/listings/730/Sticker%20%7C%20doc%20%28Foil%29%20%7C%20Cologne%202026,ok
116,60.1,P3,CHEAP HISTORY PUNT,ryu,Player,Paper,Autograph,sticker,ryu,Astralis,Astralis,4,0.04,4.0,0.04,Steam,False,0.0,Steam around $0.04,1-2 max,Very Cheap,Very Cheap,Low,4.0,3.0,24.0,116,321.31,63,6.0,0.6187,0.3266,0.3941,0.4502,84.74999999999999,84.74999999999999,0.5221,0.0,0.65,0.0,+85% expected | 0.52 demand | 83% below high | 500% upside | -83% vs launch,"lower highs, 2P new low, unscored",Cheap punt; prefer Steam around $0.04; small size is acceptable even before full scoring.,,,,,,,,,0.1,0.0,,,,,https://cs2tokens.com/iem-cologne-2026/items/sticker-ryu-cologne-2026,https://community.akamai.steamstatic.com/economy/image/i0CoZ81Ui0m-9KwlBY1L_18myuGuq1wfhWSaZgMttyVfPaERSR0Wqmu7LAocGJai0ki7VeTHjMmuOXSQ61MnpNWipUruRiLjh4OurHpZvaWvbfY1JKfEXDOUmb4k5rc7S361lEQm42nSw9qpIH6UaAFzXowwG7BK-fLbbQ,Sticker | ryu | Cologne 2026,https://steamcommunity.com/market/listings/730/Sticker%20%7C%20ryu%20%7C%20Cologne%202026,ok
117,60.0,P3,CHEAP HISTORY PUNT,HUASOPEEK (Foil),Player,Foil,Autograph,sticker,HUASOPEEK,9z Team,9z Team,26,0.26,26.0,0.26,Steam,False,0.0,Steam around $0.26,1-2 max,Very Cheap,Very Cheap,Low,26.0,25.0,153.0,116,321.31,60,6.0,0.656,0.3403,0.3417,0.518,124.53846153846152,124.53846153846152,0.0882,0.0,0.65,0.0,+125% expected | 0.09 demand | 83% below high | 488% upside | -83% vs launch,"lower highs, 2P new low, unscored",2P is cheaper than current Steam but still above Steam's recorded low; wait for a stronger entry.,0.59,,0.59,0.59,,,-136.0,-126.92307692307688,0.1,0.0252,1.0,True,,,https://cs2tokens.com/iem-cologne-2026/items/sticker-huasopeek-foil-cologne-2026,https://community.akamai.steamstatic.com/economy/image/i0CoZ81Ui0m-9KwlBY1L_18myuGuq1wfhWSaZgMttyVfPaERSR0Wqmu7LAocGJai0ki7VeTHjMmuOXSQ61MnpNWipUruRiL5i5fz8jJe6vmRbqtkLL6VXGLCwL105-cwGH3mwkgk4W7dyomtIi3Cb1JyCpMmEOQM5BC8kNTmKaq8sK4V18iP,Sticker | HUASOPEEK (Foil) | Cologne 2026,https://steamcommunity.com/market/listings/730/Sticker%20%7C%20HUASOPEEK%20%28Foil%29%20%7C%20Cologne%202026,ok
118,59.9,P3,CHEAP HISTORY PUNT,Lake,Player,Paper,Autograph,sticker,Lake,M80,M80,3,0.03,3.0,0.03,Steam,False,0.0,Steam around $0.03,1-2 max,Very Cheap,Very Cheap,Medium,3.0,3.0,20.0,116,321.31,65,6.0,0.6883,0.3472,0.4486,0.5082,111.33333333333331,111.33333333333331,0.285,0.0,0.65,0.0,+111% expected | 0.28 demand | 85% below high | 567% upside | -85% vs launch,"lower highs, 2P new low, unscored",Cheap punt; prefer Steam around $0.03; small size is acceptable even before full scoring.,,,,,,,,,0.1,0.0,,,,,https://cs2tokens.com/iem-cologne-2026/items/sticker-lake-cologne-2026,https://community.akamai.steamstatic.com/economy/image/i0CoZ81Ui0m-9KwlBY1L_18myuGuq1wfhWSaZgMttyVfPaERSR0Wqmu7LAocGJai0ki7VeTHjMmuOXSQ61MnpNWipUruRiL9n53lsyYDuKutPadoIfKRDT_FmL4j6bgwTXDhkE904TnQn9b6cHiSbVMnDcNuBbldlWl9XIM,Sticker | Lake | Cologne 2026,https://steamcommunity.com/market/listings/730/Sticker%20%7C%20Lake%20%7C%20Cologne%202026,ok
119,59.9,P3,CHEAP HISTORY PUNT,stressarN (Foil),Player,Foil,Autograph,sticker,stressarN,,,24,0.24,24.0,0.24,Steam,False,0.0,Steam around $0.24,1-2 max,Very Cheap,Very Cheap,Low,24.0,23.0,111.0,116,321.31,62,6.0,0.6389,0.3232,0.4834,0.4638,73.33333333333334,73.33333333333334,0.3375,0.0092,0.65,0.0,+73% expected | 0.34 demand | 78% below high | 362% upside | -78% vs launch,"lower highs, 2P new low, unscored",2P is cheaper than current Steam but still above Steam's recorded low; wait for a stronger entry.,0.35,,0.35,0.35,,,-52.17391304347825,-45.83333333333333,0.1,0.0252,1.0,True,,,https://cs2tokens.com/iem-cologne-2026/items/sticker-stressarn-foil-cologne-2026,https://community.akamai.steamstatic.com/economy/image/i0CoZ81Ui0m-9KwlBY1L_18myuGuq1wfhWSaZgMttyVfPaERSR0Wqmu7LAocGJai0ki7VeTHjMmuOXSQ61MnpNWipUruRiLiioTl7jFa_fyRbqtkLL7FWGSWlOt1tbM4GCqwzU8hsWyBnN-ucCmXOAB1X8QhEbIMs0a5ktK1Kaq8sJaj3vNI,Sticker | stressarN (Foil) | Cologne 2026,https://steamcommunity.com/market/listings/730/Sticker%20%7C%20stressarN%20%28Foil%29%20%7C%20Cologne%202026,ok
120,59.8,P3,CHEAP HISTORY PUNT,dumau (Foil),Player,Foil,Autograph,sticker,dumau,Legacy,Legacy,35,0.35,35.0,0.35,Steam,False,0.0,Steam around $0.35,1-2 max,Very Cheap,Very Cheap,Medium,35.0,30.0,142.0,116,321.31,60,6.0,0.6254,0.3249,0.4663,0.4542,94.85714285714286,94.85714285714286,0.4469,0.0,0.65,0.0,+95% expected | 0.45 demand | 75% below high | 306% upside | -75% vs launch,"lower highs, 2P new low, unscored",2P is cheaper than current Steam but still above Steam's recorded low; wait for a stronger entry.,3.81,,3.81,3.81,,,-1170.0,-988.5714285714288,0.1,0.0252,1.0,True,3.81,,https://cs2tokens.com/iem-cologne-2026/items/sticker-dumau-foil-cologne-2026,https://community.akamai.steamstatic.com/economy/image/i0CoZ81Ui0m-9KwlBY1L_18myuGuq1wfhWSaZgMttyVfPaERSR0Wqmu7LAocGJai0ki7VeTHjMmuOXSQ61MnpNWipUruRiL1i5vh6B1d4PuiJqZrJvXFDDPBwrZy5LM7TirklB505j-Emdn7cS-fb1UhXJQkFrIIt0Gm0oqwqIuhh9A,Sticker | dumau (Foil) | Cologne 2026,https://steamcommunity.com/market/listings/730/Sticker%20%7C%20dumau%20%28Foil%29%20%7C%20Cologne%202026,ok
121,59.7,P3,CHEAP HISTORY PUNT,dumau,Player,Paper,Autograph,sticker,dumau,Legacy,Legacy,4,0.04,4.0,0.04,Steam,False,0.0,Steam around $0.04,1-2 max,Very Cheap,Very Cheap,Low,4.0,4.0,24.0,116,321.31,61,6.0,0.6437,0.3274,0.4086,0.4708,94.0,94.0,0.3013,0.0,0.65,0.0,+94% expected | 0.30 demand | 83% below high | 500% upside | -83% vs launch,"lower highs, 2P new low, unscored",Cheap punt; prefer Steam around $0.04; small size is acceptable even before full scoring.,,,,,,,,,0.1,0.0,,,,,https://cs2tokens.com/iem-cologne-2026/items/sticker-dumau-cologne-2026,https://community.akamai.steamstatic.com/economy/image/i0CoZ81Ui0m-9KwlBY1L_18myuGuq1wfhWSaZgMttyVfPaERSR0Wqmu7LAocGJai0ki7VeTHjMmuOXSQ61MnpNWipUruRiL1i5vh6Gxfu6b3OvY9eKfDCDHBlbomteM9HXy3lEwmtW-Bw9yrcnqWalB0DZImW6dU5dXCDCRV,Sticker | dumau | Cologne 2026,https://steamcommunity.com/market/listings/730/Sticker%20%7C%20dumau%20%7C%20Cologne%202026,ok
122,59.6,P3,CHEAP HISTORY PUNT,luchov (Foil),Player,Foil,Autograph,sticker,luchov,9z Team,9z Team,18,0.18,18.0,0.18,Steam,False,0.0,Steam around $0.18,1-2 max,Very Cheap,Very Cheap,Low,18.0,18.0,153.0,116,321.31,60,6.0,0.6801,0.3304,0.3294,0.5197,174.66666666666666,174.66666666666666,0.0906,0.0,0.65,0.0,+175% expected | 0.09 demand | 88% below high | 750% upside | -88% vs launch,"lower highs, 2P new low, unscored",2P is cheaper than current Steam but still above Steam's recorded low; wait for a stronger entry.,0.4,,0.4,0.4,,,-122.22222222222224,-122.22222222222224,0.1,0.0252,1.0,True,,,https://cs2tokens.com/iem-cologne-2026/items/sticker-luchov-foil-cologne-2026,https://community.akamai.steamstatic.com/economy/image/i0CoZ81Ui0m-9KwlBY1L_18myuGuq1wfhWSaZgMttyVfPaERSR0Wqmu7LAocGJai0ki7VeTHjMmuOXSQ61MnpNWipUruRiL9i5Xo8jRk6f2nZOprc6nEWTHExb4m5OM9G3zkxB8isjvQztyhJHqWOwJ0WJEiQedf5BGxjJS5YCXN6PSn,Sticker | luchov (Foil) | Cologne 2026,https://steamcommunity.com/market/listings/730/Sticker%20%7C%20luchov%20%28Foil%29%20%7C%20Cologne%202026,ok
123,59.6,P3,CHEAP HISTORY PUNT,biguzera,Player,Paper,Autograph,sticker,biguzera,paiN Gaming,paiN Gaming,3,0.03,3.0,0.03,Steam,False,0.0,Steam around $0.03,1-2 max,Very Cheap,Very Cheap,High,3.0,2.0,23.0,116,321.31,65,6.0,0.6834,0.3558,0.381,0.5024,116.0,116.0,0.3809,0.0,0.65,0.0,+116% expected | 0.38 demand | 87% below high | 667% upside | -87% vs launch,"High crowding, lower highs, 2P new low, unscored",Cheap punt; prefer Steam around $0.03; small size is acceptable even before full scoring.,,,,,,,,,0.1,0.0,,,,,https://cs2tokens.com/iem-cologne-2026/items/sticker-biguzera-cologne-2026,https://community.akamai.steamstatic.com/economy/image/i0CoZ81Ui0m-9KwlBY1L_18myuGuq1wfhWSaZgMttyVfPaERSR0Wqmu7LAocGJai0ki7VeTHjMmuOXSQ61MnpNWipUruRiLzl5H15ydJ7rz8PaI_dqDEVz7Jlb0i4bg_GHvjwUp2sjzXz9f_JSjDZg51DpJ5F-ECrFDmxa7lQRoZ,Sticker | biguzera | Cologne 2026,https://steamcommunity.com/market/listings/730/Sticker%20%7C%20biguzera%20%7C%20Cologne%202026,ok
124,59.3,P3,CHEAP HISTORY PUNT,nilo (Foil),Player,Foil,Autograph,sticker,nilo,HEROIC,HEROIC,16,0.16,16.0,0.16,Steam,False,0.0,Steam around $0.16,1-2 max,Very Cheap,Very Cheap,Medium,16.0,10.0,116.0,116,321.31,62,6.0,0.6705,0.336,0.3686,0.4791,105.5,105.5,0.4197,0.0465,0.65,0.0,+106% expected | 0.42 demand | 86% below high | 625% upside | -86% vs launch,"lower highs, 2P new low, unscored",2P is cheaper than current Steam but still above Steam's recorded low; wait for a stronger entry.,0.3,,0.3,0.3,,,-200.0,-87.49999999999999,0.1,0.0252,1.0,True,,,https://cs2tokens.com/iem-cologne-2026/items/sticker-nilo-foil-cologne-2026,https://raw.githubusercontent.com/ByMykel/counter-strike-image-tracker/main/static/panorama/images/econ/stickers/cologne2026/sig_nilo_foil_png.png,Sticker | nilo (Foil) | Cologne 2026,https://steamcommunity.com/market/listings/730/Sticker%20%7C%20nilo%20%28Foil%29%20%7C%20Cologne%202026,ok
125,59.1,P3,CHEAP HISTORY PUNT,Rainwaker,Player,Paper,Autograph,sticker,Rainwaker,Monte,Monte,3,0.03,3.0,0.03,Steam,False,0.0,Steam around $0.03,1-2 max,Very Cheap,Very Cheap,Low,3.0,3.0,23.0,116,321.31,61,6.0,0.6784,0.3271,0.3555,0.5052,113.66666666666669,113.66666666666669,0.1171,0.0,0.65,0.0,+114% expected | 0.12 demand | 87% below high | 667% upside | -87% vs launch,"lower highs, 2P new low, unscored",Cheap punt; prefer Steam around $0.03; small size is acceptable even before full scoring.,,,,,,,,,0.1,0.0,,,,,https://cs2tokens.com/iem-cologne-2026/items/sticker-rainwaker-cologne-2026,https://community.akamai.steamstatic.com/economy/image/i0CoZ81Ui0m-9KwlBY1L_18myuGuq1wfhWSaZgMttyVfPaERSR0Wqmu7LAocGJai0ki7VeTHjMmuOXSQ61MnpNWipUruRiLjn5_u6iNQ6uDgO_w4JajAWzDJmOogtrY-Sny2lk4j4Wzdyt2pJXOUaFV2CJsiEecMtw74zIMk_q2dcA,Sticker | Rainwaker | Cologne 2026,https://steamcommunity.com/market/listings/730/Sticker%20%7C%20Rainwaker%20%7C%20Cologne%202026,ok
126,59.1,P3,CHEAP HISTORY PUNT,REZ (Foil),Player,Foil,Autograph,sticker,REZ,GamerLegion,GamerLegion,37,0.37,37.0,0.37,Steam,False,0.0,Steam around $0.37,1-2 max,Very Cheap,Very Cheap,Low,37.0,37.0,140.0,116,321.31,60,6.0,0.5879,0.323,0.3937,0.4505,69.97297297297298,69.97297297297298,0.2808,0.0,0.65,0.0,+70% expected | 0.28 demand | 74% below high | 278% upside | -73% vs launch,"lower highs, 2P new low, unscored",2P is cheaper than current Steam but still above Steam's recorded low; wait for a stronger entry.,0.63,,0.63,0.63,,,-70.27027027027027,-70.27027027027027,0.1,0.0252,1.0,True,,,https://cs2tokens.com/iem-cologne-2026/items/sticker-rez-foil-cologne-2026,https://community.akamai.steamstatic.com/economy/image/i0CoZ81Ui0m-9KwlBY1L_18myuGuq1wfhWSaZgMttyVfPaERSR0Wqmu7LAocGJai0ki7VeTHjMmuOXSQ61MnpNWipUruRiLjm4zf-y1S47z5bvFpd_LLWmbIl7l14LBqS3znl0hy4W7XntyrdH6TawVyDcdyFOBfrFDmxYVlYcYb,Sticker | REZ (Foil) | Cologne 2026,https://steamcommunity.com/market/listings/730/Sticker%20%7C%20REZ%20%28Foil%29%20%7C%20Cologne%202026,ok
127,59.0,P3,CHEAP HISTORY PUNT,luken (Foil),Player,Foil,Autograph,sticker,luken,,,14,0.14,14.0,0.14,Steam,False,0.0,Steam around $0.14,1-2 max,Very Cheap,Very Cheap,Medium,14.0,11.0,107.0,116,321.31,62,6.0,0.6748,0.3295,0.3463,0.4992,135.14285714285714,135.14285714285714,0.1507,0.0,0.65,0.0,+135% expected | 0.15 demand | 87% below high | 664% upside | -87% vs launch,"lower highs, 2P new low, unscored",2P is cheaper than current Steam but still above Steam's recorded low; wait for a stronger entry.,1.16,,1.16,1.16,,,-954.5454545454544,-728.5714285714286,0.1,0.0252,1.0,True,1.16,,https://cs2tokens.com/iem-cologne-2026/items/sticker-luken-foil-cologne-2026,https://community.akamai.steamstatic.com/economy/image/i0CoZ81Ui0m-9KwlBY1L_18myuGuq1wfhWSaZgMttyVfPaERSR0Wqmu7LAocGJai0ki7VeTHjMmuOXSQ61MnpNWipUruRiL9i53l8x1d4PuiJvVvJabKDzbEl79z5uc-GXrrkx5_sjvVy9atd3uTZlMmDsAhTOQCsRSm0oqwyTLuJ5U,Sticker | luken (Foil) | Cologne 2026,https://steamcommunity.com/market/listings/730/Sticker%20%7C%20luken%20%28Foil%29%20%7C%20Cologne%202026,ok
128,58.9,P3,CHEAP HISTORY PUNT,HEN1 (Foil),Player,Foil,Autograph,sticker,HEN1,,,15,0.15,15.0,0.15,Steam,False,0.0,Steam around $0.15,1-2 max,Very Cheap,Very Cheap,High,15.0,14.0,96.0,116,321.31,62,6.0,0.6978,0.3222,0.4858,0.4872,161.46666666666664,161.46666666666664,0.1472,0.0,0.65,0.0,+161% expected | 0.15 demand | 84% below high | 540% upside | -84% vs launch,"High crowding, lower highs, 2P new low, unscored",2P is cheaper than current Steam but still above Steam's recorded low; wait for a stronger entry.,0.45,,0.45,0.45,,,-221.42857142857147,-200.00000000000009,0.1,0.0252,1.0,True,,,https://cs2tokens.com/iem-cologne-2026/items/sticker-hen1-foil-cologne-2026,https://community.akamai.steamstatic.com/economy/image/i0CoZ81Ui0m-9KwlBY1L_18myuGuq1wfhWSaZgMttyVfPaERSR0Wqmu7LAocGJai0ki7VeTHjMmuOXSQ61MnpNWipUruRiL5m5ixwiRU5v7gOv1rdfaXX2PJmL53tLZsSiu2xU1352ncydevJX7Ebw9yC5R3RucIuw74zIMyuihChw,Sticker | HEN1 (Foil) | Cologne 2026,https://steamcommunity.com/market/listings/730/Sticker%20%7C%20HEN1%20%28Foil%29%20%7C%20Cologne%202026,ok
129,58.6,P3,CHEAP HISTORY PUNT,meyern (Foil),Player,Foil,Autograph,sticker,meyern,9z Team,9z Team,19,0.19,19.0,0.19,Steam,False,0.0,Steam around $0.19,1-2 max,Very Cheap,Very Cheap,Low,19.0,15.0,147.0,116,321.31,60,6.0,0.661,0.3316,0.3205,0.493,150.94736842105263,150.94736842105263,0.1055,0.0,0.65,0.0,+151% expected | 0.11 demand | 87% below high | 674% upside | -87% vs launch,"lower highs, 2P new low, unscored",2P is cheaper than current Steam but still above Steam's recorded low; wait for a stronger entry.,0.4,,0.4,0.4,,,-166.66666666666669,-110.5263157894737,0.1,0.0252,1.0,True,,,https://cs2tokens.com/iem-cologne-2026/items/sticker-meyern-foil-cologne-2026,https://community.akamai.steamstatic.com/economy/image/i0CoZ81Ui0m-9KwlBY1L_18myuGuq1wfhWSaZgMttyVfPaERSR0Wqmu7LAocGJai0ki7VeTHjMmuOXSQ61MnpNWipUruRiL8m4_l7yxk6f2nZOo4d6PKV2SVxO134rI7Tn_ikB9x4z7dm4z4I3uWaAMmA8QkQrJf4RiwjJS5YHpYnda1,Sticker | meyern (Foil) | Cologne 2026,https://steamcommunity.com/market/listings/730/Sticker%20%7C%20meyern%20%28Foil%29%20%7C%20Cologne%202026,ok
130,58.6,P3,CHEAP HISTORY PUNT,kensizor,Player,Paper,Autograph,sticker,kensizor,B8,B8,3,0.03,3.0,0.03,Steam,False,0.0,Steam around $0.03,1-2 max,Very Cheap,Very Cheap,Medium,3.0,3.0,21.0,116,321.31,65,6.0,0.6649,0.3132,0.3759,0.4759,96.66666666666669,96.66666666666669,0.2657,0.0,0.65,0.0,+97% expected | 0.27 demand | 86% below high | 600% upside | -86% vs launch,"lower highs, 2P new low, unscored",Cheap punt; prefer Steam around $0.03; small size is acceptable even before full scoring.,,,,,,,,,0.1,0.0,,,,,https://cs2tokens.com/iem-cologne-2026/items/sticker-kensizor-cologne-2026,https://community.akamai.steamstatic.com/economy/image/i0CoZ81Ui0m-9KwlBY1L_18myuGuq1wfhWSaZgMttyVfPaERSR0Wqmu7LAocGJai0ki7VeTHjMmuOXSQ61MnpNWipUruRiL6m5jz9DhU_bytPPBsIvLDX2WVxbl3suM9Gi2yl0lztWvQnor9I32WaQMiWZckQLVerFDmxXa6d4SV,Sticker | kensizor | Cologne 2026,https://steamcommunity.com/market/listings/730/Sticker%20%7C%20kensizor%20%7C%20Cologne%202026,ok
131,58.6,P3,CHEAP HISTORY PUNT,dgt,Player,Paper,Autograph,sticker,dgt,9z Team,9z Team,3,0.03,3.0,0.03,Steam,False,0.0,Steam around $0.03,1-2 max,Very Cheap,Very Cheap,Medium,3.0,2.0,25.0,116,321.31,61,6.0,0.6594,0.326,0.3501,0.4742,144.0,144.0,0.2947,0.0,0.65,0.0,+144% expected | 0.29 demand | 88% below high | 733% upside | -88% vs launch,"lower highs, 2P new low, unscored",Cheap punt; prefer Steam around $0.03; small size is acceptable even before full scoring.,,,,,,,,,0.1,0.0,,,,,https://cs2tokens.com/iem-cologne-2026/items/sticker-dgt-cologne-2026,https://community.akamai.steamstatic.com/economy/image/i0CoZ81Ui0m-9KwlBY1L_18myuGuq1wfhWSaZgMttyVfPaERSR0Wqmu7LAocGJai0ki7VeTHjMmuOXSQ61MnpNWipUruRiL1mYKu-yELt_P7OvI4eaKVDD-SlbkmtuQ7S3zqx0om5znSwtmocXifalJzCIwwG7BeKWkq8Q,Sticker | dgt | Cologne 2026,https://steamcommunity.com/market/listings/730/Sticker%20%7C%20dgt%20%7C%20Cologne%202026,ok
132,58.6,P3,CHEAP HISTORY PUNT,Vitality,Team,Paper,Team,sticker,,Vitality,Vitality,77,0.76,38.5,0.38,2P,True,50.0,"2P around $0.38, 50% below Steam",1-2 max,Cheap,Very Cheap,Medium,77.0,66.0,159.0,116,321.31,61,6.0,0.6511,0.3437,0.4231,0.4732,28.94805194805197,157.89610389610394,0.2519,0.0,0.65,0.0,+158% expected | 0.25 demand | 2P 50% below Steam | 76% below high | 313% upside,"lower highs, 2P new low, unscored","Cheap punt; prefer 2P around $0.38, 50% below Steam; small size is acceptable even before full scoring.",0.38,,0.38,0.38,,,41.66666666666666,50.0,0.1,0.175,1.0,True,,,https://cs2tokens.com/iem-cologne-2026/items/sticker-vitality-cologne-2026,https://community.akamai.steamstatic.com/economy/image/i0CoZ81Ui0m-9KwlBY1L_18myuGuq1wfhWSaZgMttyVfPaERSR0Wqmu7LAocGJai0ki7VeTHjMmuOXSQ61MnpNWipU_uVRy_yMa1-CNevPD_bPE-JKSQX2XEk7Zw4uMwSnvhx0shtznRw92udy6UOBhgVMXFFNEOnw,Sticker | Vitality | Cologne 2026,https://steamcommunity.com/market/listings/730/Sticker%20%7C%20Vitality%20%7C%20Cologne%202026,ok
133,58.1,P3,CHEAP HISTORY PUNT,afro,Player,Paper,Autograph,sticker,afro,Monte,Monte,3,0.03,3.0,0.03,Steam,False,0.0,Steam around $0.03,1-2 max,Very Cheap,Very Cheap,High,3.0,3.0,22.0,116,321.31,65,6.0,0.6895,0.3099,0.451,0.4729,112.0,112.0,0.1996,0.0,0.65,0.0,+112% expected | 0.20 demand | 86% below high | 633% upside | -86% vs launch,"High crowding, lower highs, 2P new low, unscored",Cheap punt; prefer Steam around $0.03; small size is acceptable even before full scoring.,,,,,,,,,0.1,0.0,,,,,https://cs2tokens.com/iem-cologne-2026/items/sticker-afro-cologne-2026,https://community.akamai.steamstatic.com/economy/image/i0CoZ81Ui0m-9KwlBY1L_18myuGuq1wfhWSaZgMttyVfPaERSR0Wqmu7LAocGJai0ki7VeTHjMmuOXSQ61MnpNWipUruRiLwmITvs3QPu_P2P6FsdvKSXzGSmb4m47Y6Si-1wUVz4W3XwtugdymSagMmDZpuBbldUrzVssY,Sticker | afro | Cologne 2026,https://steamcommunity.com/market/listings/730/Sticker%20%7C%20afro%20%7C%20Cologne%202026,ok
134,57.8,P3,CHEAP HISTORY PUNT,rdnzao,Player,Paper,Autograph,sticker,rdnzao,Sharks Esports,Sharks Esports,3,0.03,3.0,0.03,Steam,False,0.0,Steam around $0.03,1-2 max,Very Cheap,Very Cheap,Low,3.0,3.0,17.0,116,321.31,65,6.0,0.6225,0.3084,0.389,0.4529,85.66666666666667,85.66666666666667,0.1637,0.0,0.65,0.0,+86% expected | 0.16 demand | 82% below high | 467% upside | -82% vs launch,"lower highs, 2P new low, unscored",Cheap punt; prefer Steam around $0.03; small size is acceptable even before full scoring.,,,,,,,,,0.1,0.0,,,,,https://cs2tokens.com/iem-cologne-2026/items/sticker-rdnzao-cologne-2026,https://community.akamai.steamstatic.com/economy/image/i0CoZ81Ui0m-9KwlBY1L_18myuGuq1wfhWSaZgMttyVfPaERSR0Wqmu7LAocGJai0ki7VeTHjMmuOXSQ61MnpNWipUruRiLjmpj6_C0VuvP6MfBsefKXWjPBmOgl4Oc_GCrlk0oktW_QntuveHqXZwZyC5V4FPlK7Ee6xvlYfQ,Sticker | rdnzao | Cologne 2026,https://steamcommunity.com/market/listings/730/Sticker%20%7C%20rdnzao%20%7C%20Cologne%202026,ok
135,57.5,P3,CHEAP HISTORY PUNT,nitr0,Player,Paper,Autograph,sticker,nitr0,NRG,NRG,3,0.03,3.0,0.03,Steam,False,0.0,Steam around $0.03,1-2 max,Very Cheap,Very Cheap,Low,3.0,3.0,18.0,116,321.31,65,6.0,0.6391,0.313,0.31,0.4754,104.66666666666664,104.66666666666664,0.12,0.0,0.65,0.0,+105% expected | 0.12 demand | 83% below high | 500% upside | -83% vs launch,"lower highs, 2P new low, unscored",Cheap punt; prefer Steam around $0.03; small size is acceptable even before full scoring.,,,,,,,,,0.1,0.0,,,,,https://cs2tokens.com/iem-cologne-2026/items/sticker-nitr0-cologne-2026,https://community.akamai.steamstatic.com/economy/image/i0CoZ81Ui0m-9KwlBY1L_18myuGuq1wfhWSaZgMttyVfPaERSR0Wqmu7LAocGJai0ki7VeTHjMmuOXSQ61MnpNWipUruRiL_l4Ly8mxYu_T7OPFsI6WSXDDCke8u6LRsGnrllEpz6mzdyNmsdirDawUkXsBxW6dU5ZxOKk2R,Sticker | nitr0 | Cologne 2026,https://steamcommunity.com/market/listings/730/Sticker%20%7C%20nitr0%20%7C%20Cologne%202026,ok
136,57.4,P3,CHEAP HISTORY PUNT,susp (Foil),Player,Foil,Autograph,sticker,susp,HEROIC,HEROIC,14,0.14,14.0,0.14,Steam,False,0.0,Steam around $0.14,1-2 max,Very Cheap,Very Cheap,Medium,14.0,11.0,119.0,116,321.31,62,6.0,0.6781,0.3111,0.4031,0.4675,134.7142857142857,134.7142857142857,0.1136,0.0,0.65,0.0,+135% expected | 0.11 demand | 88% below high | 750% upside | -88% vs launch,"lower highs, 2P new low, unscored",Cheap punt; prefer Steam around $0.14; small size is acceptable even before full scoring.,,,,,,,,,0.1,0.0,,,,,https://cs2tokens.com/iem-cologne-2026/items/sticker-susp-foil-cologne-2026,https://community.akamai.steamstatic.com/economy/image/i0CoZ81Ui0m-9KwlBY1L_18myuGuq1wfhWSaZgMttyVfPaERSR0Wqmu7LAocGJai0ki7VeTHjMmuOXSQ61MnpNWipUruRiLii4XwwiRU5v7gaaFoJKXCWGLClO1z4eI6Tiu1xh8itzvdyYz_ciqUbQN0ApB2QuAJuw74zIOiqRuKRg,Sticker | susp (Foil) | Cologne 2026,https://steamcommunity.com/market/listings/730/Sticker%20%7C%20susp%20%28Foil%29%20%7C%20Cologne%202026,ok
137,57.1,P3,CHEAP HISTORY PUNT,brnz4n,Player,Paper,Autograph,sticker,brnz4n,MIBR,MIBR,3,0.03,3.0,0.03,Steam,False,0.0,Steam around $0.03,1-2 max,Very Cheap,Very Cheap,Low,3.0,3.0,19.0,116,321.31,65,6.0,0.6435,0.3072,0.3775,0.46,103.0,103.0,0.1014,0.0,0.65,0.0,+103% expected | 0.10 demand | 84% below high | 533% upside | -84% vs launch,"lower highs, 2P new low, unscored",Cheap punt; prefer Steam around $0.03; small size is acceptable even before full scoring.,,,,,,,,,0.1,0.0,,,,,https://cs2tokens.com/iem-cologne-2026/items/sticker-brnz4n-cologne-2026,https://community.akamai.steamstatic.com/economy/image/i0CoZ81Ui0m-9KwlBY1L_18myuGuq1wfhWSaZgMttyVfPaERSR0Wqmu7LAocGJai0ki7VeTHjMmuOXSQ61MnpNWipUruRiLzjJj6qSwV66b2PfRrcqORXWPAx-t047k8Siy1xUV2tmTQmd6hJ3qTZg5zXMQhEPlK7EfYSZdrJw,Sticker | brnz4n | Cologne 2026,https://steamcommunity.com/market/listings/730/Sticker%20%7C%20brnz4n%20%7C%20Cologne%202026,ok
138,57.0,P3,CHEAP HISTORY PUNT,JDC,Player,Paper,Autograph,sticker,JDC,BIG,BIG,3,0.03,3.0,0.03,Steam,False,0.0,Steam around $0.03,1-2 max,Very Cheap,Very Cheap,Medium,3.0,3.0,20.0,116,321.31,65,6.0,0.6719,0.3088,0.3381,0.4755,115.0,115.0,0.1777,0.0,0.65,0.0,+115% expected | 0.18 demand | 85% below high | 567% upside | -85% vs launch,"lower highs, 2P new low, unscored",Cheap punt; prefer Steam around $0.03; small size is acceptable even before full scoring.,,,,,,,,,0.1,0.0,,,,,https://cs2tokens.com/iem-cologne-2026/items/sticker-jdc-cologne-2026,https://community.akamai.steamstatic.com/economy/image/i0CoZ81Ui0m-9KwlBY1L_18myuGuq1wfhWSaZgMttyVfPaERSR0Wqmu7LAocGJai0ki7VeTHjMmuOXSQ61MnpNWipUruRiL7mpWuryBYvaH7bKc0I6DFCzHDluok4OQ7GCjmlk93smzcmY6uc3-WOA9yX4wwG7DOLd0drQ,Sticker | JDC | Cologne 2026,https://steamcommunity.com/market/listings/730/Sticker%20%7C%20JDC%20%7C%20Cologne%202026,ok
139,57.6,P3,SCORE FIRST,huNter- (Foil),Player,Foil,Autograph,sticker,huNter-,G2 Esports,G2 Esports,30,0.3,30.0,0.3,Steam,False,0.0,Steam around $0.30,0 until scored,Very Cheap,Very Cheap,Medium,30.0,19.0,148.0,116,321.31,60,6.0,0.6186,0.3271,0.5161,0.4385,68.73333333333333,68.73333333333333,0.7066,0.0,0.65,0.0,+69% expected | 0.71 demand | 80% below high | 393% upside | -80% vs launch,"lower highs, 2P new low, unscored",2P is cheaper than current Steam but still above Steam's recorded low; wait for a stronger entry.,0.54,,0.54,0.54,,,-184.21052631578956,-80.00000000000001,0.1,0.0252,1.0,True,,,https://cs2tokens.com/iem-cologne-2026/items/sticker-hunter-foil-cologne-2026,https://community.akamai.steamstatic.com/economy/image/i0CoZ81Ui0m-9KwlBY1L_18myuGuq1wfhWSaZgMttyVfPaERSR0Wqmu7LAocGJai0ki7VeTHjMmuOXSQ61MnpNWipUruRiL5i5j0-DBk6f2nZOo5cfPADWaTkbsg6ec9Sy22xU51tW-Dm4z9Jy-RaAUnX8QlTOMPtRLqjJS5YGiKP9MI,Sticker | huNter- (Foil) | Cologne 2026,https://steamcommunity.com/market/listings/730/Sticker%20%7C%20huNter-%20%28Foil%29%20%7C%20Cologne%202026,ok
140,57.5,P3,SCORE FIRST,FlameZ,Player,Paper,Autograph,sticker,FlameZ,Vitality,Vitality,11,0.11,11.0,0.11,Steam,False,0.0,Steam around $0.11,0 until scored,Very Cheap,Very Cheap,Low,11.0,10.0,38.0,116,321.31,61,6.0,0.555,0.3378,0.4338,0.4372,63.27272727272728,63.27272727272728,0.6085,0.0,0.65,0.0,+63% expected | 0.61 demand | 71% below high | 245% upside | -69% vs launch,"lower highs, 2P new low, unscored",2P is cheaper than current Steam but still above Steam's recorded low; wait for a stronger entry.,0.16,,0.16,0.16,,,-60.00000000000002,-45.45454545454546,0.1,0.0252,1.0,True,,,https://cs2tokens.com/iem-cologne-2026/items/sticker-flamez-cologne-2026,https://community.akamai.steamstatic.com/economy/image/i0CoZ81Ui0m-9KwlBY1L_18myuGuq1wfhWSaZgMttyVfPaERSR0Wqmu7LAocGJai0ki7VeTHjMmuOXSQ61MnpNWipUruRiL3kpft-DgVuaKrbvY0cqfFCj6VxOtw4ucwHnrrzUgl5DjRztmvc3mUPwImXsZ1RflK7EcvpXjB-Q,Sticker | FlameZ | Cologne 2026,https://steamcommunity.com/market/listings/730/Sticker%20%7C%20FlameZ%20%7C%20Cologne%202026,ok
141,57.3,P3,SCORE FIRST,zorte,Player,Paper,Autograph,sticker,zorte,BetBoom,BetBoom,4,0.04,4.0,0.04,Steam,False,0.0,Steam around $0.04,0 until scored,Very Cheap,Very Cheap,Low,4.0,3.0,20.0,116,321.31,63,6.0,0.5967,0.3337,0.4217,0.4489,70.5,70.5,0.606,0.0,0.65,0.0,+70% expected | 0.61 demand | 80% below high | 400% upside | -80% vs launch,"lower highs, 2P new low, unscored",Potentially interesting; needs manual score.,,,,,,,,,0.1,0.0,,,,,https://cs2tokens.com/iem-cologne-2026/items/sticker-zorte-cologne-2026,https://community.akamai.steamstatic.com/economy/image/i0CoZ81Ui0m-9KwlBY1L_18myuGuq1wfhWSaZgMttyVfPaERSR0Wqmu7LAocGJai0ki7VeTHjMmuOXSQ61MnpNWipUruRiLrkYT0-GwNvqCvPPc1JaTGDzLFlugj6eBqGivhkEp04TvWyd-hJH2WZg9xX8QjW6dU5dB5JhzR,Sticker | zorte | Cologne 2026,https://steamcommunity.com/market/listings/730/Sticker%20%7C%20zorte%20%7C%20Cologne%202026,ok
142,56.9,P3,SCORE FIRST,TeSeS (Gold),Player,Gold,Autograph,sticker,TeSeS,Falcons,Falcons,2649,26.23,1310.87,12.98,2P,True,50.51,"2P around $12.98, 51% below Steam",0 until scored,Premium,Premium,Low,2649.0,1839.0,6131.0,116,321.31,57,6.0,0.7272,0.4079,0.5091,0.625,5.9267648169120335,114.05693691429914,0.6399,0.2744,0.65,0.0,+114% expected | 0.64 demand | 2P 51% below Steam | 79% below high | 368% upside,"lower highs, 2P new low, unscored",Potentially interesting; needs manual score.,12.98,,12.98,12.98,,,28.718532693906763,50.51467784979031,0.1,0.1495,1.0,True,,,https://cs2tokens.com/iem-cologne-2026/items/sticker-teses-gold-cologne-2026,https://community.akamai.steamstatic.com/economy/image/i0CoZ81Ui0m-9KwlBY1L_18myuGuq1wfhWSaZgMttyVfPaERSR0Wqmu7LAocGJai0ki7VeTHjMmuOXSQ61MnpNWipUruRiLlm4Xl7h1c4P6qJvE_c6nAXjKUwronsrJoH33llEoh42zRzt6qJHiSawNxC5V3EeZetBSm0oqwGe4AS48,Sticker | TeSeS (Gold) | Cologne 2026,https://steamcommunity.com/market/listings/730/Sticker%20%7C%20TeSeS%20%28Gold%29%20%7C%20Cologne%202026,ok
143,56.8,P3,SCORE FIRST,ropz (Gold),Player,Gold,Autograph,sticker,ropz,Vitality,Vitality,10036,99.36,5478.59,54.24,2P,True,45.41,"2P around $54.24, 45% below Steam",0 until scored,Premium,Premium,Low,10036.0,8129.0,42065.0,116,321.31,57,6.0,0.7145,0.4017,0.4837,0.5718,52.40424471901157,179.18299696314511,0.7891,0.0,0.65,0.0,+179% expected | 0.79 demand | 2P 45% below Steam | 87% below high | 668% upside,"lower highs, 2P new low, unscored",Potentially interesting; needs manual score.,54.24,,54.24,54.24,,,32.604387108123056,45.41062801932367,0.1,0.1536,1.0,True,,,https://cs2tokens.com/iem-cologne-2026/items/sticker-ropz-gold-cologne-2026,https://community.akamai.steamstatic.com/economy/image/i0CoZ81Ui0m-9KwlBY1L_18myuGuq1wfhWSaZgMttyVfPaERSR0Wqmu7LAocGJai0ki7VeTHjMmuOXSQ61MnpNWipUruRiLjkYb6wiVU4_bga6c8cPbDXmKRkbon4rA-HCzrk0125mzWwtagJXzCO1JyWJMjFrMCtA74zIMyolrZkA,Sticker | ropz (Gold) | Cologne 2026,https://steamcommunity.com/market/listings/730/Sticker%20%7C%20ropz%20%28Gold%29%20%7C%20Cologne%202026,ok
144,56.8,P3,SCORE FIRST,NiKo (Gold),Player,Gold,Autograph,sticker,NiKo,Falcons,Falcons,12216,120.94,6712.03,66.45,2P,True,45.06,"2P around $66.45, 45% below Steam",0 until scored,Premium,Premium,Medium,12216.0,8693.0,55073.0,116,321.31,57,6.0,0.7389,0.3935,0.6921,0.5366,33.327275703994765,142.65764821130364,0.8555,0.0,0.65,0.0,+143% expected | 0.86 demand | 2P 45% below Steam | 88% below high | 721% upside,"lower highs, 2P new low, unscored",Potentially interesting; needs manual score.,66.45,,66.45,66.45,,,22.78807761685653,45.05539937158922,0.1,0.1338,1.0,True,,,https://cs2tokens.com/iem-cologne-2026/items/sticker-niko-gold-cologne-2026,https://community.akamai.steamstatic.com/economy/image/i0CoZ81Ui0m-9KwlBY1L_18myuGuq1wfhWSaZgMttyVfPaERSR0Wqmu7LAocGJai0ki7VeTHjMmuOXSQ61MnpNWipUruRiL_l53vwiVU4_bgav0_IvbHDTCUkO106bc5F3G2wE9ysWuByt34JH-WbAF1WJt5F-QP4Q74zIMwPTA9kQ,Sticker | NiKo (Gold) | Cologne 2026,https://steamcommunity.com/market/listings/730/Sticker%20%7C%20NiKo%20%28Gold%29%20%7C%20Cologne%202026,ok
145,56.7,P3,SCORE FIRST,westmelon,Player,Paper,Autograph,sticker,westmelon,Lynn Vision,Lynn Vision,4,0.04,4.0,0.04,Steam,False,0.0,Steam around $0.04,0 until scored,Very Cheap,Very Cheap,Low,4.0,3.0,17.0,116,321.31,65,6.0,0.5599,0.3313,0.4152,0.4337,65.75,65.75,0.556,0.0,0.65,0.0,+66% expected | 0.56 demand | 76% below high | 325% upside | -76% vs launch,"lower highs, 2P new low, unscored",Potentially interesting; needs manual score.,,,,,,,,,0.1,0.0,,,,,https://cs2tokens.com/iem-cologne-2026/items/sticker-westmelon-cologne-2026,https://community.akamai.steamstatic.com/economy/image/i0CoZ81Ui0m-9KwlBY1L_18myuGuq1wfhWSaZgMttyVfPaERSR0Wqmu7LAocGJai0ki7VeTHjMmuOXSQ61MnpNWipUruRiLmm4X08CdX4PzgPfM8JaKVDDTFw7kh6OI_Si3ixU5_4znSyoygcyqQaA4pW8F3QrYMtA74zINpgWWC-A,Sticker | westmelon | Cologne 2026,https://steamcommunity.com/market/listings/730/Sticker%20%7C%20westmelon%20%7C%20Cologne%202026,ok
146,56.6,P3,SCORE FIRST,jks,Player,Paper,Autograph,sticker,jks,Flyquest,Flyquest,4,0.04,4.0,0.04,Steam,False,0.0,Steam around $0.04,0 until scored,Very Cheap,Very Cheap,Low,4.0,3.0,18.0,116,321.31,63,6.0,0.5791,0.3329,0.3657,0.4432,71.50000000000001,71.50000000000001,0.6369,0.0,0.65,0.0,+72% expected | 0.64 demand | 78% below high | 350% upside | -76% vs launch,"lower highs, 2P new low, unscored",Potentially interesting; needs manual score.,,,,,,,,,0.1,0.0,,,,,https://cs2tokens.com/iem-cologne-2026/items/sticker-jks-cologne-2026,https://community.akamai.steamstatic.com/economy/image/i0CoZ81Ui0m-9KwlBY1L_18myuGuq1wfhWSaZgMttyVfPaERSR0Wqmu7LAocGJai0ki7VeTHjMmuOXSQ61MnpNWipUruRiL7lYWu_iRe7qCva_JvcqHDC2TIl-xy5LQ5GXG1xUoj4W2En4mhci6UPQR0WIwwG7B3jTHabA,Sticker | jks | Cologne 2026,https://steamcommunity.com/market/listings/730/Sticker%20%7C%20jks%20%7C%20Cologne%202026,ok
147,56.3,P3,SCORE FIRST,EmiliaQAQ,Player,Paper,Autograph,sticker,EmiliaQAQ,Lynn Vision,Lynn Vision,5,0.05,5.0,0.05,Steam,False,0.0,Steam around $0.05,0 until scored,Very Cheap,Very Cheap,Low,5.0,5.0,19.0,116,321.31,61,6.0,0.5797,0.324,0.4264,0.4347,61.60000000000001,61.60000000000001,0.536,0.0,0.65,0.0,+62% expected | 0.54 demand | 74% below high | 280% upside | -74% vs launch,"lower highs, 2P new low, unscored",Potentially interesting; needs manual score.,,,,,,,,,0.1,0.0,,,,,https://cs2tokens.com/iem-cologne-2026/items/sticker-emiliaqaq-cologne-2026,https://community.akamai.steamstatic.com/economy/image/i0CoZ81Ui0m-9KwlBY1L_18myuGuq1wfhWSaZgMttyVfPaERSR0Wqmu7LAocGJai0ki7VeTHjMmuOXSQ61MnpNWipUruRiL0k5_s9CNK7uPgOvw0dvTFXGSRwLovtrc4G3C2wE11t2uEyN2hIinCbAZyX8YhTOJfsg74zIOTloetKQ,Sticker | EmiliaQAQ | Cologne 2026,https://steamcommunity.com/market/listings/730/Sticker%20%7C%20EmiliaQAQ%20%7C%20Cologne%202026,ok
148,56.3,P3,SCORE FIRST,saadzin (Foil),Player,Foil,Autograph,sticker,saadzin,Legacy,Legacy,30,0.3,30.0,0.3,Steam,False,0.0,Steam around $0.30,0 until scored,Very Cheap,Very Cheap,Medium,30.0,22.0,130.0,116,321.31,62,6.0,0.6164,0.3152,0.5274,0.4284,67.19999999999999,67.19999999999999,0.6471,0.0,0.65,0.0,+67% expected | 0.65 demand | 77% below high | 333% upside | -77% vs launch,"lower highs, 2P new low, unscored",2P is cheaper than current Steam but still above Steam's recorded low; wait for a stronger entry.,0.94,,0.94,0.94,,,-327.2727272727273,-213.33333333333331,0.1,0.0252,1.0,True,,,https://cs2tokens.com/iem-cologne-2026/items/sticker-saadzin-foil-cologne-2026,https://raw.githubusercontent.com/ByMykel/counter-strike-image-tracker/main/static/panorama/images/econ/stickers/cologne2026/sig_saadzin_foil_png.png,Sticker | saadzin (Foil) | Cologne 2026,https://steamcommunity.com/market/listings/730/Sticker%20%7C%20saadzin%20%28Foil%29%20%7C%20Cologne%202026,ok
149,56.3,P3,SCORE FIRST,sh1ro,Player,Paper,Autograph,sticker,sh1ro,Team Spirit,Team Spirit,12,0.12,12.0,0.12,Steam,False,0.0,Steam around $0.12,0 until scored,Very Cheap,Very Cheap,Low,12.0,11.0,36.0,116,321.31,61,6.0,0.5343,0.3293,0.4226,0.4238,63.83333333333334,63.83333333333334,0.5778,0.0,0.65,0.0,+64% expected | 0.58 demand | 67% below high | 200% upside | -66% vs launch,"lower highs, 2P new low, unscored",2P is cheaper than current Steam but still above Steam's recorded low; wait for a stronger entry.,0.2,,0.2,0.2,,,-81.81818181818184,-66.66666666666669,0.1,0.0252,1.0,True,,,https://cs2tokens.com/iem-cologne-2026/items/sticker-sh1ro-cologne-2026,https://community.akamai.steamstatic.com/economy/image/i0CoZ81Ui0m-9KwlBY1L_18myuGuq1wfhWSaZgMttyVfPaERSR0Wqmu7LAocGJai0ki7VeTHjMmuOXSQ61MnpNWipUruRiLilsfy8mwNuqqrbKJrJfKWWGKUkb8ltrVtSn63zE8j5mqDmIz8eS-ePABxXMNxW6dU5Q3HJGJh,Sticker | sh1ro | Cologne 2026,https://steamcommunity.com/market/listings/730/Sticker%20%7C%20sh1ro%20%7C%20Cologne%202026,ok
150,55.9,P3,SCORE FIRST,Spinx (Foil),Player,Foil,Autograph,sticker,Spinx,MOUZ,MOUZ,35,0.35,35.0,0.35,Steam,False,0.0,Steam around $0.35,0 until scored,Very Cheap,Very Cheap,Low,35.0,25.0,157.0,116,321.31,60,6.0,0.5841,0.3216,0.4209,0.4299,63.771428571428565,63.771428571428565,0.5665,0.0,0.65,0.0,+64% expected | 0.57 demand | 78% below high | 349% upside | -78% vs launch,"lower highs, 2P new low, unscored",2P is cheaper than current Steam but still above Steam's recorded low; wait for a stronger entry.,5.52,,5.52,5.52,,,-2108.0,-1477.142857142857,0.1,0.0252,1.0,True,5.52,,https://cs2tokens.com/iem-cologne-2026/items/sticker-spinx-foil-cologne-2026,https://community.akamai.steamstatic.com/economy/image/i0CoZ81Ui0m-9KwlBY1L_18myuGuq1wfhWSaZgMttyVfPaERSR0Wqmu7LAocGJai0ki7VeTHjMmuOXSQ61MnpNWipUruRiLijp_u5R1d4PuiJvc4dKmSWWXGk7tysbQ9TH61whl3tziBydateHjDPQ8oCZd2RbVZskWm0oqwQyYpJJk,Sticker | Spinx (Foil) | Cologne 2026,https://steamcommunity.com/market/listings/730/Sticker%20%7C%20Spinx%20%28Foil%29%20%7C%20Cologne%202026,ok
151,55.7,P3,SCORE FIRST,mezii,Player,Paper,Autograph,sticker,mezii,Vitality,Vitality,8,0.08,8.0,0.08,Steam,False,0.0,Steam around $0.08,0 until scored,Very Cheap,Very Cheap,Low,8.0,7.0,36.0,116,321.31,61,6.0,0.5765,0.3272,0.4596,0.4204,80.0,80.0,0.4309,0.0,0.65,0.0,+80% expected | 0.43 demand | 78% below high | 350% upside | -76% vs launch,"lower highs, 2P new low, unscored",Potentially interesting; needs manual score.,,,,,,,,,0.1,0.0,,,,,https://cs2tokens.com/iem-cologne-2026/items/sticker-mezii-cologne-2026,https://community.akamai.steamstatic.com/economy/image/i0CoZ81Ui0m-9KwlBY1L_18myuGuq1wfhWSaZgMttyVfPaERSR0Wqmu7LAocGJai0ki7VeTHjMmuOXSQ61MnpNWipUruRiL8m4zp9GwMuvf-PPVvcKLEXjHJmbsi5ec-TnHrwEUm5D-HntyodHyXaQYgX5MjW6dU5Q-VYXbM,Sticker | mezii | Cologne 2026,https://steamcommunity.com/market/listings/730/Sticker%20%7C%20mezii%20%7C%20Cologne%202026,ok
152,55.7,P3,SCORE FIRST,Brollan (Foil),Player,Foil,Autograph,sticker,Brollan,MOUZ,MOUZ,34,0.34,34.0,0.34,Steam,False,0.0,Steam around $0.34,0 until scored,Very Cheap,Very Cheap,High,34.0,23.0,149.0,116,321.31,62,6.0,0.6134,0.3127,0.6172,0.4038,78.38235294117646,78.38235294117646,0.5991,0.0,0.65,0.0,+78% expected | 0.60 demand | 77% below high | 338% upside | -77% vs launch,"High crowding, lower highs, 2P new low, unscored",2P is cheaper than current Steam but still above Steam's recorded low; wait for a stronger entry.,0.82,,0.82,0.82,,,-256.5217391304347,-141.17647058823525,0.1,0.0252,1.0,True,,,https://cs2tokens.com/iem-cologne-2026/items/sticker-brollan-foil-cologne-2026,https://community.akamai.steamstatic.com/economy/image/i0CoZ81Ui0m-9KwlBY1L_18myuGuq1wfhWSaZgMttyVfPaERSR0Wqmu7LAocGJai0ki7VeTHjMmuOXSQ61MnpNWipUruRiLzjJns8SNV0PShYagjc6LBWzfHlegltLk_HCiyw08mtTiGzNv8dHifOAYnC5oiRrVZtES_w8qnab1-UwtM3A,Sticker | Brollan (Foil) | Cologne 2026,https://steamcommunity.com/market/listings/730/Sticker%20%7C%20Brollan%20%28Foil%29%20%7C%20Cologne%202026,ok
153,55.5,P3,SCORE FIRST,npl (Foil),Player,Foil,Autograph,sticker,npl,B8,B8,27,0.27,27.0,0.27,Steam,False,0.0,Steam around $0.27,0 until scored,Very Cheap,Very Cheap,High,27.0,13.0,121.0,116,321.31,62,6.0,0.5849,0.302,0.6863,0.3667,39.14814814814815,39.14814814814815,0.7583,0.0,0.65,0.0,+39% expected | 0.76 demand | 78% below high | 348% upside | -78% vs launch,"High crowding, lower highs, 2P new low, unscored",2P is cheaper than current Steam but still above Steam's recorded low; wait for a stronger entry.,1.04,1.04,1.04,1.04,0.0,-6.6442305424230275e-15,-700.0,-285.1851851851852,0.0,0.135,8.0,True,,1.04,https://cs2tokens.com/iem-cologne-2026/items/sticker-npl-foil-cologne-2026,https://community.akamai.steamstatic.com/economy/image/i0CoZ81Ui0m-9KwlBY1L_18myuGuq1wfhWSaZgMttyVfPaERSR0Wqmu7LAocGJai0ki7VeTHjMmuOXSQ61MnpNWipUruRiL_jprf-y1S47z7Pvw0dKiVXzGVw7gl4rQ_G3vgw0134DmAyN-qcC3BbAEoCpYlQbJYrFDmxSviCTCu,Sticker | npl (Foil) | Cologne 2026,https://steamcommunity.com/market/listings/730/Sticker%20%7C%20npl%20%28Foil%29%20%7C%20Cologne%202026,ok
154,55.3,P3,SCORE FIRST,xertioN (Foil),Player,Foil,Autograph,sticker,xertioN,MOUZ,MOUZ,33,0.33,33.0,0.33,Steam,False,0.0,Steam around $0.33,0 until scored,Very Cheap,Very Cheap,Medium,33.0,20.0,148.0,116,321.31,60,6.0,0.5842,0.3233,0.454,0.4178,60.51515151515152,60.51515151515152,0.6179,0.145,0.65,0.0,+61% expected | 0.62 demand | 78% below high | 348% upside | -78% vs launch,"lower highs, 2P new low, unscored",Potentially interesting; needs manual score.,,,,,,,,,0.1,0.0,,,,,https://cs2tokens.com/iem-cologne-2026/items/sticker-xertion-foil-cologne-2026,https://community.akamai.steamstatic.com/economy/image/i0CoZ81Ui0m-9KwlBY1L_18myuGuq1wfhWSaZgMttyVfPaERSR0Wqmu7LAocGJai0ki7VeTHjMmuOXSQ61MnpNWipUruRiLpm4T09C1V0PShYagjI6DGWmLDlLchs-IxSSyyxk1ztm_Rz937Ii3GaQYhWMYhRrUPtxa5kMqnab1SsceIaw,Sticker | xertioN (Foil) | Cologne 2026,https://steamcommunity.com/market/listings/730/Sticker%20%7C%20xertioN%20%28Foil%29%20%7C%20Cologne%202026,ok
155,55.3,P3,SCORE FIRST,gr1ks (Foil),Player,Foil,Autograph,sticker,gr1ks,BIG,BIG,23,0.23,23.0,0.23,Steam,False,0.0,Steam around $0.23,0 until scored,Very Cheap,Very Cheap,Medium,23.0,12.0,128.0,116,321.31,62,6.0,0.6082,0.3076,0.5667,0.3992,68.17391304347827,68.17391304347827,0.5918,0.0,0.65,0.0,+68% expected | 0.59 demand | 82% below high | 457% upside | -82% vs launch,"lower highs, 2P new low, unscored",2P is cheaper than current Steam but still above Steam's recorded low; wait for a stronger entry.,0.26,,0.26,0.26,,,-116.66666666666669,-13.043478260869565,0.1,0.0252,1.0,True,,,https://cs2tokens.com/iem-cologne-2026/items/sticker-gr1ks-foil-cologne-2026,https://community.akamai.steamstatic.com/economy/image/i0CoZ81Ui0m-9KwlBY1L_18myuGuq1wfhWSaZgMttyVfPaERSR0Wqmu7LAocGJai0ki7VeTHjMmuOXSQ61MnpNWipUruRiL2jMfr7h1d4PuiJqY8dqbHDDLJkegj4uRrGC_hx0px4D6AyY2qIy-TblJ2WZt2QrFZskam0oqwW6vilYQ,Sticker | gr1ks (Foil) | Cologne 2026,https://steamcommunity.com/market/listings/730/Sticker%20%7C%20gr1ks%20%28Foil%29%20%7C%20Cologne%202026,ok
156,55.2,P3,SCORE FIRST,FURIA (Foil),Team,Foil,Team,sticker,,FURIA,FURIA,274,2.71,224.46,2.22,UUSkins,True,18.08,"UUSkins around $2.22, 18% below Steam",0 until scored,Fair,Cheap,Low,274.0,213.0,506.0,116,321.31,60,6.0,0.597,0.3283,0.4125,0.4706,29.828467153284688,58.48429999342406,0.81,0.0,0.65,0.0,+58% expected | 0.81 demand | UUSkins 18% below Steam | 56% below high | 125% upside,"lower highs, 2P new low, unscored",Potentially interesting; needs manual score.,2.22,,2.22,2.22,,,-5.379138298425242,18.08118081180811,0.1,0.0689,1.0,True,,2.22,https://cs2tokens.com/iem-cologne-2026/items/sticker-furia-foil-cologne-2026,https://community.akamai.steamstatic.com/economy/image/i0CoZ81Ui0m-9KwlBY1L_18myuGuq1wfhWSaZgMttyVfPaERSR0Wqmu7LAocGJai0ki7VeTHjMmuOXSQ61MnpNWipV_yUxTOmJnp8WxauvGobqU_I6bCVmPIlL505-VrTX-xzRtz5DuAmduqdy-VawIpX5UhW6dU5dm6Y9SR,Sticker | FURIA (Foil) | Cologne 2026,https://steamcommunity.com/market/listings/730/Sticker%20%7C%20FURIA%20%28Foil%29%20%7C%20Cologne%202026,ok
157,55.2,P3,SCORE FIRST,nitr0 (Foil),Player,Foil,Autograph,sticker,nitr0,NRG,NRG,31,0.31,31.0,0.31,Steam,False,0.0,Steam around $0.31,0 until scored,Very Cheap,Very Cheap,Low,31.0,25.0,111.0,116,321.31,62,6.0,0.5712,0.307,0.43,0.4225,48.61290322580645,48.61290322580645,0.5919,0.0,0.65,0.0,+49% expected | 0.59 demand | 72% below high | 258% upside | -72% vs launch,"lower highs, 2P new low, unscored",2P is cheaper than current Steam but still above Steam's recorded low; wait for a stronger entry.,5.71,,5.71,5.71,,,-2184.0000000000005,-1741.935483870968,0.1,0.0252,1.0,True,5.71,,https://cs2tokens.com/iem-cologne-2026/items/sticker-nitr0-foil-cologne-2026,https://community.akamai.steamstatic.com/economy/image/i0CoZ81Ui0m-9KwlBY1L_18myuGuq1wfhWSaZgMttyVfPaERSR0Wqmu7LAocGJai0ki7VeTHjMmuOXSQ61MnpNWipUruRiL_l4Ly8h1d4PuiJqI0dPXDWWPFl-sh5uc7Giu3wB4k4zjWn9yvJy6RalAgWZQjQe5bskKm0oqwTcSdj9w,Sticker | nitr0 (Foil) | Cologne 2026,https://steamcommunity.com/market/listings/730/Sticker%20%7C%20nitr0%20%28Foil%29%20%7C%20Cologne%202026,ok
158,55.0,P3,SCORE FIRST,piriajr (Foil),Player,Foil,Autograph,sticker,piriajr,paiN Gaming,paiN Gaming,19,0.19,19.0,0.19,Steam,False,0.0,Steam around $0.19,0 until scored,Very Cheap,Very Cheap,Medium,19.0,10.0,128.0,116,321.31,62,6.0,0.6326,0.3112,0.4547,0.4204,78.6842105263158,78.6842105263158,0.6061,0.0,0.65,0.0,+79% expected | 0.61 demand | 85% below high | 574% upside | -85% vs launch,"lower highs, 2P new low, unscored",Potentially interesting; needs manual score.,,,,,,,,,0.1,0.0,,,,,https://cs2tokens.com/iem-cologne-2026/items/sticker-piriajr-foil-cologne-2026,https://raw.githubusercontent.com/ByMykel/counter-strike-image-tracker/main/static/panorama/images/econ/stickers/cologne2026/sig_piriajr_foil_png.png,Sticker | piriajr (Foil) | Cologne 2026,https://steamcommunity.com/market/listings/730/Sticker%20%7C%20piriajr%20%28Foil%29%20%7C%20Cologne%202026,ok
159,54.5,P3,SCORE FIRST,iM,Player,Paper,Autograph,sticker,iM,Natus Vincere,Natus Vincere,7,0.07,7.0,0.07,Steam,False,0.0,Steam around $0.07,0 until scored,Very Cheap,Very Cheap,Low,7.0,7.0,33.0,116,321.31,61,6.0,0.5948,0.3233,0.3671,0.4398,91.57142857142856,91.57142857142856,0.2957,0.0,0.65,0.0,+92% expected | 0.30 demand | 79% below high | 371% upside | -78% vs launch,"lower highs, 2P new low, unscored",Potentially interesting; needs manual score.,,,,,,,,,0.1,0.0,,,,,https://cs2tokens.com/iem-cologne-2026/items/sticker-im-cologne-2026,https://community.akamai.steamstatic.com/economy/image/i0CoZ81Ui0m-9KwlBY1L_18myuGuq1wfhWSaZgMttyVfPaERSR0Wqmu7LAocGJai0ki7VeTHjMmuOXSQ61MnpNWipUruRiL4k9jlq3oIv_T4afA5d6CQWjfFkL50tbI9SXmwl0ki6jndnNb7c3ueZgckFNIuEvKZzgOP,Sticker | iM | Cologne 2026,https://steamcommunity.com/market/listings/730/Sticker%20%7C%20iM%20%7C%20Cologne%202026,ok
160,54.5,P3,SCORE FIRST,latto (Foil),Player,Foil,Autograph,sticker,latto,Legacy,Legacy,38,0.38,38.0,0.38,Steam,False,0.0,Steam around $0.38,0 until scored,Very Cheap,Very Cheap,High,38.0,27.0,131.0,116,321.31,60,6.0,0.5841,0.302,0.5336,0.3956,72.47368421052633,72.47368421052633,0.6929,0.0,0.65,0.0,+72% expected | 0.69 demand | 71% below high | 245% upside | -71% vs launch,"High crowding, lower highs, 2P new low, unscored",2P is cheaper than current Steam but still above Steam's recorded low; wait for a stronger entry.,1.05,,1.05,1.05,,,-288.88888888888886,-176.31578947368422,0.1,0.0252,1.0,True,4.26,1.48,https://cs2tokens.com/iem-cologne-2026/items/sticker-latto-foil-cologne-2026,https://community.akamai.steamstatic.com/economy/image/i0CoZ81Ui0m-9KwlBY1L_18myuGuq1wfhWSaZgMttyVfPaERSR0Wqmu7LAocGJai0ki7VeTHjMmuOXSQ61MnpNWipUruRiL9n4L08h1d4PuiJqA4daXEDGXFxbwhsrA9H33nxU0jtziEz92hcX2VPVVzXMd1FLNfuxWm0oqwXX1fRs8,Sticker | latto (Foil) | Cologne 2026,https://steamcommunity.com/market/listings/730/Sticker%20%7C%20latto%20%28Foil%29%20%7C%20Cologne%202026,ok
161,54.4,P3,SCORE FIRST,susp,Player,Paper,Autograph,sticker,susp,HEROIC,HEROIC,3,0.03,3.0,0.03,Steam,False,0.0,Steam around $0.03,0 until scored,Very Cheap,Very Cheap,Low,3.0,2.0,20.0,116,321.31,65,6.0,0.6113,0.3174,0.3752,0.4466,95.0,95.0,0.2897,0.0,0.65,0.0,+95% expected | 0.29 demand | 85% below high | 567% upside | -85% vs launch,"lower highs, 2P new low, unscored",Potentially interesting; needs manual score.,,,,,,,,,0.1,0.0,,,,,https://cs2tokens.com/iem-cologne-2026/items/sticker-susp-cologne-2026,https://community.akamai.steamstatic.com/economy/image/i0CoZ81Ui0m-9KwlBY1L_18myuGuq1wfhWSaZgMttyVfPaERSR0Wqmu7LAocGJai0ki7VeTHjMmuOXSQ61MnpNWipUruRiLii4Xws3AKvvf4bvA0d_XKXzLHkr114rdvF33rwEx1sDmHmd_6J3qTa1AhX5ZuBbldXICh9wI,Sticker | susp | Cologne 2026,https://steamcommunity.com/market/listings/730/Sticker%20%7C%20susp%20%7C%20Cologne%202026,ok
162,54.4,P3,SCORE FIRST,TjP,Player,Paper,Autograph,sticker,TjP,,,6,0.06,6.0,0.06,Steam,False,0.0,Steam around $0.06,0 until scored,Very Cheap,Very Cheap,Low,6.0,6.0,17.0,116,321.31,61,6.0,0.5295,0.3061,0.3988,0.4035,48.33333333333334,48.33333333333334,0.5432,0.0,0.65,0.0,+48% expected | 0.54 demand | 65% below high | 183% upside | -65% vs launch,"lower highs, 2P new low, unscored",Potentially interesting; needs manual score.,,,,,,,,,0.1,0.0,,,,,https://cs2tokens.com/iem-cologne-2026/items/sticker-tjp-cologne-2026,https://community.akamai.steamstatic.com/economy/image/i0CoZ81Ui0m-9KwlBY1L_18myuGuq1wfhWSaZgMttyVfPaERSR0Wqmu7LAocGJai0ki7VeTHjMmuOXSQ61MnpNWipUruRiLllIauqSMPuPD_Ovxuc6bLCjDJl7pz5LNtHSjrwUx1tmTQz9uqc3ifb1QkWIwwG7AT66z5Gw,Sticker | TjP | Cologne 2026,https://steamcommunity.com/market/listings/730/Sticker%20%7C%20TjP%20%7C%20Cologne%202026,ok
163,54.3,P3,SCORE FIRST,AZUWU (Gold),Player,Gold,Autograph,sticker,AZUWU,Monte,Monte,1091,10.8,943.51,9.34,2P,True,13.52,"2P around $9.34, 14% below Steam",0 until scored,Premium,Expensive,Low,1091.0,1091.0,5202.0,116,321.31,57,6.0,0.7452,0.3925,0.4229,0.6155,96.26764436296978,126.94759733619634,0.4752,0.0593,0.65,0.0,+127% expected | 0.48 demand | 2P 14% below Steam | 82% below high | 451% upside,"lower highs, 2P new low, unscored",Potentially interesting; needs manual score.,9.34,,9.34,9.34,,,13.518518518518524,13.518518518518524,0.1,0.0927,1.0,True,,,https://cs2tokens.com/iem-cologne-2026/items/sticker-azuwu-gold-cologne-2026,https://community.akamai.steamstatic.com/economy/image/i0CoZ81Ui0m-9KwlBY1L_18myuGuq1wfhWSaZgMttyVfPaERSR0Wqmu7LAocGJai0ki7VeTHjMmuOXSQ61MnpNWipUruRiLwhIP36B1c4P6qJvFvc6PCXjLEl7dw5bdrTH7qxxx_5TjSzIqhc3LBbgcjW8Z2E-cJsBam0oqw5psHq3o,Sticker | AZUWU (Gold) | Cologne 2026,https://steamcommunity.com/market/listings/730/Sticker%20%7C%20AZUWU%20%28Gold%29%20%7C%20Cologne%202026,ok
164,54.3,P3,SCORE FIRST,Liazz,Player,Paper,Autograph,sticker,Liazz,,,6,0.06,6.0,0.06,Steam,False,0.0,Steam around $0.06,0 until scored,Very Cheap,Very Cheap,Low,6.0,5.0,17.0,116,321.31,61,6.0,0.514,0.2988,0.4816,0.377,44.50000000000001,44.50000000000001,0.6826,0.0,0.65,0.0,+45% expected | 0.68 demand | 65% below high | 183% upside | -65% vs launch,"lower highs, 2P new low, unscored",Potentially interesting; needs manual score.,,,,,,,,,0.1,0.0,,,,,https://cs2tokens.com/iem-cologne-2026/items/sticker-liazz-cologne-2026,https://community.akamai.steamstatic.com/economy/image/i0CoZ81Ui0m-9KwlBY1L_18myuGuq1wfhWSaZgMttyVfPaERSR0Wqmu7LAocGJai0ki7VeTHjMmuOXSQ61MnpNWipUruRiL9l5f652wP66L7PfM-I6DAVzaWkb4gtLE-Gi_qxBh0sTjXzN-gdHnBPAQkDsMmW6dU5c4Z0lH4,Sticker | Liazz | Cologne 2026,https://steamcommunity.com/market/listings/730/Sticker%20%7C%20Liazz%20%7C%20Cologne%202026,ok
165,54.1,P3,SCORE FIRST,apEX,Player,Paper,Autograph,sticker,apEX,Vitality,Vitality,17,0.17,17.0,0.17,Steam,False,0.0,Steam around $0.17,0 until scored,Very Cheap,Very Cheap,Low,17.0,16.0,46.0,116,321.31,61,6.0,0.5188,0.3093,0.4276,0.394,61.11764705882354,61.11764705882354,0.5494,0.0,0.65,0.0,+61% expected | 0.55 demand | 63% below high | 171% upside | -57% vs launch,"lower highs, 2P new low, unscored",2P is cheaper than current Steam but still above Steam's recorded low; wait for a stronger entry.,0.27,,0.27,0.27,,,-68.75000000000001,-58.82352941176471,0.1,0.0252,1.0,True,,,https://cs2tokens.com/iem-cologne-2026/items/sticker-apex-cologne-2026,https://community.akamai.steamstatic.com/economy/image/i0CoZ81Ui0m-9KwlBY1L_18myuGuq1wfhWSaZgMttyVfPaERSR0Wqmu7LAocGJai0ki7VeTHjMmuOXSQ61MnpNWipUruRiLwjpP4s3pa6_b2OPdoIaXGWzKWkrdy4rY9HSjgxBh1t2rRzIz7cn2QbgInC5puBbldV4zrVX8,Sticker | apEX | Cologne 2026,https://steamcommunity.com/market/listings/730/Sticker%20%7C%20apEX%20%7C%20Cologne%202026,ok
166,54.1,P3,SCORE FIRST,Sharks Esports,Team,Paper,Team,sticker,,Sharks Esports,Sharks Esports,21,0.21,21.0,0.21,Steam,False,0.0,Steam around $0.21,0 until scored,Very Cheap,Very Cheap,Low,21.0,20.0,45.0,116,321.31,61,6.0,0.5271,0.2933,0.4641,0.3929,36.2857142857143,36.2857142857143,0.6362,0.0,0.65,0.0,+36% expected | 0.64 demand | 53% below high | 114% upside | -25% vs launch,"lower highs, 2P new low, unscored",Potentially interesting; needs manual score.,,,,,,,,,0.1,0.0,,,,,https://cs2tokens.com/iem-cologne-2026/items/sticker-sharks-esports-cologne-2026,https://community.akamai.steamstatic.com/economy/image/i0CoZ81Ui0m-9KwlBY1L_18myuGuq1wfhWSaZgMttyVfPaERSR0Wqmu7LAocGJai0ki7VeTHjMmuOXSQ61MnpNWipUrvUxa_nc-yrXFfvqT-Pqc9eaKWCzfDwr1w6bI9Gnm3xB9y42_Tztn9JX3GaRhgVMWUqzgO0g,Sticker | Sharks Esports | Cologne 2026,https://steamcommunity.com/market/listings/730/Sticker%20%7C%20Sharks%20Esports%20%7C%20Cologne%202026,ok
167,54.0,P3,SCORE FIRST,dem0n (Foil),Player,Foil,Autograph,sticker,dem0n,,,32,0.32,32.0,0.32,Steam,False,0.0,Steam around $0.32,0 until scored,Very Cheap,Very Cheap,Low,32.0,24.0,156.0,116,321.31,60,6.0,0.6006,0.3058,0.4212,0.4207,76.84375000000001,76.84375000000001,0.427,0.0,0.65,0.0,+77% expected | 0.43 demand | 79% below high | 388% upside | -79% vs launch,"lower highs, 2P new low, unscored",2P is cheaper than current Steam but still above Steam's recorded low; wait for a stronger entry.,0.65,,0.65,0.65,,,-170.83333333333334,-103.125,0.1,0.0252,1.0,True,1.0,,https://cs2tokens.com/iem-cologne-2026/items/sticker-dem0n-foil-cologne-2026,https://community.akamai.steamstatic.com/economy/image/i0CoZ81Ui0m-9KwlBY1L_18myuGuq1wfhWSaZgMttyVfPaERSR0Wqmu7LAocGJai0ki7VeTHjMmuOXSQ61MnpNWipUruRiL1m5uw8x1d4PuiJqY-eaTDWGHFw7Yh6LE_Hy3jxU104m3SztirJ32RPQRyXpsjQu4Nu0am0oqw59fm3w0,Sticker | dem0n (Foil) | Cologne 2026,https://steamcommunity.com/market/listings/730/Sticker%20%7C%20dem0n%20%28Foil%29%20%7C%20Cologne%202026,ok
168,54.0,P3,SCORE FIRST,MOUZ,Team,Paper,Team,sticker,,MOUZ,MOUZ,20,0.2,20.0,0.2,Steam,False,0.0,Steam around $0.20,0 until scored,Very Cheap,Very Cheap,Low,20.0,18.0,58.0,116,321.31,61,6.0,0.5788,0.2983,0.4305,0.4132,59.14999999999999,59.14999999999999,0.5321,0.0,0.65,0.0,+59% expected | 0.53 demand | 66% below high | 190% upside | -52% vs launch,"lower highs, 2P new low, unscored",2P is cheaper than current Steam but still above Steam's recorded low; wait for a stronger entry.,0.36,,0.36,0.36,,,-99.99999999999996,-79.99999999999999,0.1,0.0252,1.0,True,,,https://cs2tokens.com/iem-cologne-2026/items/sticker-mouz-cologne-2026,https://community.akamai.steamstatic.com/economy/image/i0CoZ81Ui0m-9KwlBY1L_18myuGuq1wfhWSaZgMttyVfPaERSR0Wqmu7LAocGJai0ki7VeTHjMmuOXSQ61MnpNWipVToVAe_nMa5-HoO7aH3a_JrI6nGDDXJwL4j4LI_Fy3jzRhx4jmDmdmgdnKXPRhgVMXu5b9vwg,Sticker | MOUZ | Cologne 2026,https://steamcommunity.com/market/listings/730/Sticker%20%7C%20MOUZ%20%7C%20Cologne%202026,ok
169,53.9,P3,SCORE FIRST,bLitz,Player,Paper,Autograph,sticker,bLitz,The MongolZ,The MongolZ,4,0.04,4.0,0.04,Steam,False,0.0,Steam around $0.04,0 until scored,Very Cheap,Very Cheap,Medium,4.0,3.0,28.0,116,321.31,61,6.0,0.6331,0.3086,0.3782,0.4346,93.5,93.5,0.4379,0.0,0.65,0.0,+94% expected | 0.44 demand | 86% below high | 600% upside | -86% vs launch,"lower highs, 2P new low, unscored",Potentially interesting; needs manual score.,,,,,,,,,0.1,0.0,,,,,https://cs2tokens.com/iem-cologne-2026/items/sticker-blitz-cologne-2026,https://community.akamai.steamstatic.com/economy/image/i0CoZ81Ui0m-9KwlBY1L_18myuGuq1wfhWSaZgMttyVfPaERSR0Wqmu7LAocGJai0ki7VeTHjMmuOXSQ61MnpNWipUruRiLzkp_052wKvvT3Mac8daeRXzbJw7p0sbRvFnzmxR4ksj_Uyt6oI3_CaAMmWJIlW6dU5azEdve4,Sticker | bLitz | Cologne 2026,https://steamcommunity.com/market/listings/730/Sticker%20%7C%20bLitz%20%7C%20Cologne%202026,ok
170,53.8,P3,SCORE FIRST,venomzera (Foil),Player,Foil,Autograph,sticker,venomzera,MIBR,MIBR,17,0.17,17.0,0.17,Steam,False,0.0,Steam around $0.17,0 until scored,Very Cheap,Very Cheap,Medium,17.0,13.0,107.0,116,321.31,62,6.0,0.6343,0.3063,0.4019,0.4446,89.29411764705881,89.29411764705881,0.2722,0.0,0.65,0.0,+89% expected | 0.27 demand | 84% below high | 529% upside | -84% vs launch,"lower highs, 2P new low, unscored",2P is cheaper than current Steam but still above Steam's recorded low; wait for a stronger entry.,0.33,,0.33,0.33,,,-153.84615384615387,-94.11764705882352,0.1,0.0252,1.0,True,,,https://cs2tokens.com/iem-cologne-2026/items/sticker-venomzera-foil-cologne-2026,https://raw.githubusercontent.com/ByMykel/counter-strike-image-tracker/main/static/panorama/images/econ/stickers/cologne2026/sig_venomzera_foil_png.png,Sticker | venomzera (Foil) | Cologne 2026,https://steamcommunity.com/market/listings/730/Sticker%20%7C%20venomzera%20%28Foil%29%20%7C%20Cologne%202026,ok
171,53.7,P3,SCORE FIRST,piriajr,Player,Paper,Autograph,sticker,piriajr,paiN Gaming,paiN Gaming,3,0.03,3.0,0.03,Steam,False,0.0,Steam around $0.03,0 until scored,Very Cheap,Very Cheap,Medium,3.0,2.0,22.0,116,321.31,65,6.0,0.6463,0.3071,0.3873,0.4449,103.0,103.0,0.3805,0.0,0.65,0.0,+103% expected | 0.38 demand | 86% below high | 633% upside | -86% vs launch,"lower highs, 2P new low, unscored",Potentially interesting; needs manual score.,,,,,,,,,0.1,0.0,,,,,https://cs2tokens.com/iem-cologne-2026/items/sticker-piriajr-cologne-2026,https://community.akamai.steamstatic.com/economy/image/i0CoZ81Ui0m-9KwlBY1L_18myuGuq1wfhWSaZgMttyVfPaERSR0Wqmu7LAocGJai0ki7VeTHjMmuOXSQ61MnpNWipUruRiLhl4Tp_ChJoaGoPvE8I6PFXGSWxO8l4bI6Gn-1kEV04z7WwtiuIy7BbgcpWMRwQ7MU8k7vAy6RlRU,Sticker | piriajr | Cologne 2026,https://steamcommunity.com/market/listings/730/Sticker%20%7C%20piriajr%20%7C%20Cologne%202026,ok
172,53.7,P3,SCORE FIRST,910,Player,Paper,Autograph,sticker,910,The MongolZ,The MongolZ,7,0.07,7.0,0.07,Steam,False,0.0,Steam around $0.07,0 until scored,Very Cheap,Very Cheap,Low,7.0,6.0,31.0,116,321.31,61,6.0,0.5542,0.3098,0.3759,0.4015,71.42857142857142,71.42857142857142,0.4133,0.0,0.65,0.0,+71% expected | 0.41 demand | 77% below high | 343% upside | -77% vs launch,"lower highs, 2P new low, unscored",Potentially interesting; needs manual score.,,,,,,,,,0.1,0.0,,,,,https://cs2tokens.com/iem-cologne-2026/items/sticker-910-cologne-2026,https://community.akamai.steamstatic.com/economy/image/i0CoZ81Ui0m-9KwlBY1L_18myuGuq1wfhWSaZgMttyVfPaERSR0Wqmu7LAocGJai0ki7VeTHjMmuOXSQ61MnpNWipUruRiKoz8auqXVYu6WoPPQ6dvSVCz6Sx7l06blqTn21wh4ktjvXmd2rI33DPAQkA4wwG7DsBK2kDw,Sticker | 910 | Cologne 2026,https://steamcommunity.com/market/listings/730/Sticker%20%7C%20910%20%7C%20Cologne%202026,ok
173,53.6,P3,SCORE FIRST,Grim,Player,Paper,Autograph,sticker,Grim,NRG,NRG,4,0.04,4.0,0.04,Steam,False,0.0,Steam around $0.04,0 until scored,Very Cheap,Very Cheap,Low,4.0,3.0,18.0,116,321.31,65,6.0,0.5523,0.2977,0.5096,0.3745,56.74999999999999,56.74999999999999,0.4559,0.0,0.65,0.0,+57% expected | 0.46 demand | 78% below high | 350% upside | -78% vs launch,"lower highs, 2P new low, unscored",Potentially interesting; needs manual score.,,,,,,,,,0.1,0.0,,,,,https://cs2tokens.com/iem-cologne-2026/items/sticker-grim-cologne-2026,https://community.akamai.steamstatic.com/economy/image/i0CoZ81Ui0m-9KwlBY1L_18myuGuq1wfhWSaZgMttyVfPaERSR0Wqmu7LAocGJai0ki7VeTHjMmuOXSQ61MnpNWipUruRiL2jJ_ts3oD6qb5bPY4JaTBD2KRlu9y5LY_Firmwhgj62uGnNivcnrBZgEpWMduBbldi2bWAJQ,Sticker | Grim | Cologne 2026,https://steamcommunity.com/market/listings/730/Sticker%20%7C%20Grim%20%7C%20Cologne%202026,ok
174,53.2,P3,SCORE FIRST,torzsi (Foil),Player,Foil,Autograph,sticker,torzsi,MOUZ,MOUZ,37,0.37,37.0,0.37,Steam,False,0.0,Steam around $0.37,0 until scored,Very Cheap,Very Cheap,Low,37.0,34.0,177.0,116,321.31,60,6.0,0.5986,0.3139,0.3688,0.4417,96.27027027027027,96.27027027027027,0.0969,0.0,0.65,0.0,+96% expected | 0.10 demand | 79% below high | 378% upside | -79% vs launch,"lower highs, 2P new low, unscored",2P is cheaper than current Steam but still above Steam's recorded low; wait for a stronger entry.,0.77,,0.77,0.77,,,-126.47058823529412,-108.10810810810813,0.1,0.0252,1.0,True,,,https://cs2tokens.com/iem-cologne-2026/items/sticker-torzsi-foil-cologne-2026,https://community.akamai.steamstatic.com/economy/image/i0CoZ81Ui0m-9KwlBY1L_18myuGuq1wfhWSaZgMttyVfPaERSR0Wqmu7LAocGJai0ki7VeTHjMmuOXSQ61MnpNWipUruRiLlkYT67itk6f2nZOo4dPSQX2aWwrdy6OUwSn7ikBl04mqHwtiheXyUaFAjCpRzR-Bc5kW-jJS5YKb0tIsr,Sticker | torzsi (Foil) | Cologne 2026,https://steamcommunity.com/market/listings/730/Sticker%20%7C%20torzsi%20%28Foil%29%20%7C%20Cologne%202026,ok
175,53.2,P3,SCORE FIRST,Jimpphat,Player,Paper,Autograph,sticker,Jimpphat,MOUZ,MOUZ,4,0.04,4.0,0.04,Steam,False,0.0,Steam around $0.04,0 until scored,Very Cheap,Very Cheap,Medium,4.0,3.0,27.0,116,321.31,61,6.0,0.6255,0.2994,0.3904,0.4146,86.5,86.5,0.4855,0.0,0.65,0.0,+86% expected | 0.49 demand | 85% below high | 575% upside | -85% vs launch,"lower highs, 2P new low, unscored",Potentially interesting; needs manual score.,,,,,,,,,0.1,0.0,,,,,https://cs2tokens.com/iem-cologne-2026/items/sticker-jimpphat-cologne-2026,https://community.akamai.steamstatic.com/economy/image/i0CoZ81Ui0m-9KwlBY1L_18myuGuq1wfhWSaZgMttyVfPaERSR0Wqmu7LAocGJai0ki7VeTHjMmuOXSQ61MnpNWipUruRiL7l5vw7Spa-7yoPqI7dqKSWzTGlrYg5rgxFyznwxwl6mzXn936Iy3BaldyCpZyTLMOrFDmxf4zP65s,Sticker | Jimpphat | Cologne 2026,https://steamcommunity.com/market/listings/730/Sticker%20%7C%20Jimpphat%20%7C%20Cologne%202026,ok
176,53.2,P3,SCORE FIRST,torzsi,Player,Paper,Autograph,sticker,torzsi,MOUZ,MOUZ,4,0.04,4.0,0.04,Steam,False,0.0,Steam around $0.04,0 until scored,Very Cheap,Very Cheap,Medium,4.0,3.0,26.0,116,321.31,61,6.0,0.6208,0.2996,0.4862,0.4022,87.99999999999999,87.99999999999999,0.3992,0.0,0.65,0.0,+88% expected | 0.40 demand | 85% below high | 550% upside | -85% vs launch,"lower highs, 2P new low, unscored",Potentially interesting; needs manual score.,,,,,,,,,0.1,0.0,,,,,https://cs2tokens.com/iem-cologne-2026/items/sticker-torzsi-cologne-2026,https://community.akamai.steamstatic.com/economy/image/i0CoZ81Ui0m-9KwlBY1L_18myuGuq1wfhWSaZgMttyVfPaERSR0Wqmu7LAocGJai0ki7VeTHjMmuOXSQ61MnpNWipUruRiLlkYT67isV6vD3bPM1eKmVW2TIke0jtbFtHXrhxB9y62XXy4n_cS6QZgcpWcEkR_lK7Eee8Hg4IQ,Sticker | torzsi | Cologne 2026,https://steamcommunity.com/market/listings/730/Sticker%20%7C%20torzsi%20%7C%20Cologne%202026,ok
177,53.1,P3,SCORE FIRST,JOTA,Player,Paper,Autograph,sticker,JOTA,,,3,0.03,3.0,0.03,Steam,False,0.0,Steam around $0.03,0 until scored,Very Cheap,Very Cheap,Low,3.0,2.0,16.0,116,321.31,65,6.0,0.589,0.3042,0.3816,0.4174,83.0,83.0,0.388,0.0,0.65,0.0,+83% expected | 0.39 demand | 81% below high | 433% upside | -81% vs launch,"lower highs, 2P new low, unscored",Potentially interesting; needs manual score.,,,,,,,,,0.1,0.0,,,,,https://cs2tokens.com/iem-cologne-2026/items/sticker-jota-cologne-2026,https://community.akamai.steamstatic.com/economy/image/i0CoZ81Ui0m-9KwlBY1L_18myuGuq1wfhWSaZgMttyVfPaERSR0Wqmu7LAocGJai0ki7VeTHjMmuOXSQ61MnpNWipUruRiL7kYLhs3RYufOrMfI6eKjKDTDAl-pzs7M5F3DqlEsh5DjQy9qvdC2fPwZzCcBuBbldB75gcCc,Sticker | JOTA | Cologne 2026,https://steamcommunity.com/market/listings/730/Sticker%20%7C%20JOTA%20%7C%20Cologne%202026,ok
178,52.9,P3,SCORE FIRST,FL4MUS,Player,Paper,Autograph,sticker,FL4MUS,BetBoom,BetBoom,4,0.04,4.0,0.04,Steam,False,0.0,Steam around $0.04,0 until scored,Very Cheap,Very Cheap,Low,4.0,4.0,20.0,116,321.31,61,6.0,0.5989,0.2943,0.3849,0.4134,67.75,67.75,0.3517,0.0,0.65,0.0,+68% expected | 0.35 demand | 80% below high | 400% upside | -80% vs launch,"lower highs, 2P new low, unscored",Potentially interesting; needs manual score.,,,,,,,,,0.1,0.0,,,,,https://cs2tokens.com/iem-cologne-2026/items/sticker-fl4mus-cologne-2026,https://community.akamai.steamstatic.com/economy/image/i0CoZ81Ui0m-9KwlBY1L_18myuGuq1wfhWSaZgMttyVfPaERSR0Wqmu7LAocGJai0ki7VeTHjMmuOXSQ61MnpNWipUruRiL3ksLt6DEVuquqOaBuJqjHDDTHxL0u6bc9Hyriwkwj4jvWzoqqdn7FPQ4nD5QjQvlK7EeYpt8wnA,Sticker | FL4MUS | Cologne 2026,https://steamcommunity.com/market/listings/730/Sticker%20%7C%20FL4MUS%20%7C%20Cologne%202026,ok
179,52.8,P3,SCORE FIRST,Wicadia,Player,Paper,Autograph,sticker,Wicadia,Aurora,Aurora,4,0.04,4.0,0.04,Steam,False,0.0,Steam around $0.04,0 until scored,Very Cheap,Very Cheap,Medium,4.0,3.0,27.0,116,321.31,61,6.0,0.6287,0.301,0.3583,0.4251,97.5,97.5,0.406,0.0,0.65,0.0,+98% expected | 0.41 demand | 85% below high | 575% upside | -85% vs launch,"lower highs, 2P new low, unscored",Potentially interesting; needs manual score.,,,,,,,,,0.1,0.0,,,,,https://cs2tokens.com/iem-cologne-2026/items/sticker-wicadia-cologne-2026,https://community.akamai.steamstatic.com/economy/image/i0CoZ81Ui0m-9KwlBY1L_18myuGuq1wfhWSaZgMttyVfPaERSR0Wqmu7LAocGJai0ki7VeTHjMmuOXSQ61MnpNWipUruRiLml5Xh-StaoaX8avQ9cqCSXD-Rlb50sbk5Sy3kwR51423Sw9mgcS7CalB0WJpwEOAU8k7vAXeTMIE,Sticker | Wicadia | Cologne 2026,https://steamcommunity.com/market/listings/730/Sticker%20%7C%20Wicadia%20%7C%20Cologne%202026,ok
180,52.8,P3,SCORE FIRST,kisserek,Player,Paper,Autograph,sticker,kisserek,,,4,0.04,4.0,0.04,Steam,False,0.0,Steam around $0.04,0 until scored,Very Cheap,Very Cheap,Medium,4.0,3.0,22.0,116,321.31,61,6.0,0.6019,0.3073,0.3752,0.4155,99.75,99.75,0.3696,0.0,0.65,0.0,+100% expected | 0.37 demand | 82% below high | 450% upside | -81% vs launch,"lower highs, 2P new low, unscored",Potentially interesting; needs manual score.,,,,,,,,,0.1,0.0,,,,,https://cs2tokens.com/iem-cologne-2026/items/sticker-kisserek-cologne-2026,https://community.akamai.steamstatic.com/economy/image/i0CoZ81Ui0m-9KwlBY1L_18myuGuq1wfhWSaZgMttyVfPaERSR0Wqmu7LAocGJai0ki7VeTHjMmuOXSQ61MnpNWipUruRiL6l4Xz-DBe5Lz6OKE4I6WSDWSWmLYhtuJsSn_nk09x4zmAyI79J3PDOwF2WZd0FOIKrFDmxZkmx4Cr,Sticker | kisserek | Cologne 2026,https://steamcommunity.com/market/listings/730/Sticker%20%7C%20kisserek%20%7C%20Cologne%202026,ok
181,52.7,P3,SCORE FIRST,v$m,Player,Paper,Autograph,sticker,v$m,paiN Gaming,paiN Gaming,3,0.03,3.0,0.03,Steam,False,0.0,Steam around $0.03,0 until scored,Very Cheap,Very Cheap,Extreme,3.0,3.0,43.0,116,321.31,65,6.0,0.704,0.2966,0.5349,0.4567,199.33333333333337,199.33333333333337,0.2483,0.0,0.65,0.0,+199% expected | 0.25 demand | 93% below high | 1333% upside | -87% vs launch,"Extreme crowding, lower highs, falling demand, 2P new low, unscored",Potentially interesting; needs manual score.,,,,,,,,,0.1,0.0,,,,,https://cs2tokens.com/iem-cologne-2026/items/sticker-v-m-cologne-2026,https://community.akamai.steamstatic.com/economy/image/i0CoZ81Ui0m-9KwlBY1L_18myuGuq1wfhWSaZgMttyVfPaERSR0Wqmu7LAocGJai0ki7VeTHjMmuOXSQ61MnpNWipUruRiLnjZuuqCZeu_Gqafc9JvWQWGHDxOwh4OVvGyuyxR4l62TXm9qoJCqRPAckWYwwG7COw5BLxw,Sticker | v$m | Cologne 2026,https://steamcommunity.com/market/listings/730/Sticker%20%7C%20v%24m%20%7C%20Cologne%202026,ok
182,52.7,P3,SCORE FIRST,felps (Foil),Player,Foil,Autograph,sticker,felps,,,16,0.16,16.0,0.16,Steam,False,0.0,Steam around $0.16,0 until scored,Very Cheap,Very Cheap,Low,16.0,11.0,95.0,116,321.31,62,6.0,0.6215,0.3034,0.3756,0.4388,97.3125,97.3125,0.2034,0.0,0.65,0.0,+97% expected | 0.20 demand | 83% below high | 494% upside | -83% vs launch,"lower highs, 2P new low, unscored",2P is cheaper than current Steam but still above Steam's recorded low; wait for a stronger entry.,1.16,,1.16,1.16,,,-954.5454545454544,-624.9999999999999,0.1,0.0252,1.0,True,1.16,,https://cs2tokens.com/iem-cologne-2026/items/sticker-felps-foil-cologne-2026,https://community.akamai.steamstatic.com/economy/image/i0CoZ81Ui0m-9KwlBY1L_18myuGuq1wfhWSaZgMttyVfPaERSR0Wqmu7LAocGJai0ki7VeTHjMmuOXSQ61MnpNWipUruRiL3m5rw7h1d4PuiJvw_JaeRXGOTlO8h5bI5HizixR4itmXUn4uvJCmQPQ8lWcRxTOdb5BOm0oqwGUwBAX8,Sticker | felps (Foil) | Cologne 2026,https://steamcommunity.com/market/listings/730/Sticker%20%7C%20felps%20%28Foil%29%20%7C%20Cologne%202026,ok
183,52.7,P3,SCORE FIRST,JOTA (Foil),Player,Foil,Autograph,sticker,JOTA,,,17,0.17,17.0,0.17,Steam,False,0.0,Steam around $0.17,0 until scored,Very Cheap,Very Cheap,High,17.0,10.0,95.0,116,321.31,62,6.0,0.6276,0.3031,0.5265,0.4125,94.11764705882352,94.11764705882352,0.2762,0.0,0.65,0.0,+94% expected | 0.28 demand | 82% below high | 459% upside | -82% vs launch,"High crowding, lower highs, 2P new low, unscored",2P is cheaper than current Steam but still above Steam's recorded low; wait for a stronger entry.,2.96,2.96,2.96,2.96,0.0,1.5757216213689618e-15,-2860.0,-1641.1764705882351,0.0,0.135,7.0,True,,2.96,https://cs2tokens.com/iem-cologne-2026/items/sticker-jota-foil-cologne-2026,https://community.akamai.steamstatic.com/economy/image/i0CoZ81Ui0m-9KwlBY1L_18myuGuq1wfhWSaZgMttyVfPaERSR0Wqmu7LAocGJai0ki7VeTHjMmuOXSQ61MnpNWipUruRiL7kYLhwiRU5v7gOaA_I6iSCjLHwrci5LM7HHDhzEsmsmvVw4n4dXjFbVQpX5JyEOQOsA74zIMnGUmo_A,Sticker | JOTA (Foil) | Cologne 2026,https://steamcommunity.com/market/listings/730/Sticker%20%7C%20JOTA%20%28Foil%29%20%7C%20Cologne%202026,ok
184,52.7,P3,SCORE FIRST,Snax,Player,Paper,Autograph,sticker,Snax,GamerLegion,GamerLegion,17,0.17,17.0,0.17,Steam,False,0.0,Steam around $0.17,0 until scored,Very Cheap,Very Cheap,Low,17.0,15.0,41.0,116,321.31,61,6.0,0.4871,0.2869,0.4432,0.3552,41.88235294117648,41.88235294117648,0.7226,0.0,0.65,0.0,+42% expected | 0.72 demand | 59% below high | 141% upside | -37% vs launch,"lower highs, 2P new low, unscored",2P is cheaper than current Steam but still above Steam's recorded low; wait for a stronger entry.,0.24,,0.24,0.24,,,-60.0,-41.17647058823528,0.1,0.0252,1.0,True,,,https://cs2tokens.com/iem-cologne-2026/items/sticker-snax-cologne-2026,https://community.akamai.steamstatic.com/economy/image/i0CoZ81Ui0m-9KwlBY1L_18myuGuq1wfhWSaZgMttyVfPaERSR0Wqmu7LAocGJai0ki7VeTHjMmuOXSQ61MnpNWipUruRiLikJf4s3Bevaf_a_JodafDXzaVkut147M6HH6xlEl_sT_dn92sdXqSPwUmW5duBbld5Jt9dIY,Sticker | Snax | Cologne 2026,https://steamcommunity.com/market/listings/730/Sticker%20%7C%20Snax%20%7C%20Cologne%202026,ok
185,52.6,P3,SCORE FIRST,HEN1,Player,Paper,Autograph,sticker,HEN1,,,3,0.03,3.0,0.03,Steam,False,0.0,Steam around $0.03,0 until scored,Very Cheap,Very Cheap,Low,3.0,2.0,17.0,116,321.31,65,6.0,0.5931,0.3028,0.346,0.4214,89.33333333333333,89.33333333333333,0.3396,0.0,0.65,0.0,+89% expected | 0.34 demand | 82% below high | 467% upside | -82% vs launch,"lower highs, 2P new low, unscored",Potentially interesting; needs manual score.,,,,,,,,,0.1,0.0,,,,,https://cs2tokens.com/iem-cologne-2026/items/sticker-hen1-cologne-2026,https://community.akamai.steamstatic.com/economy/image/i0CoZ81Ui0m-9KwlBY1L_18myuGuq1wfhWSaZgMttyVfPaERSR0Wqmu7LAocGJai0ki7VeTHjMmuOXSQ61MnpNWipUruRiL5m5ixs3ZYtvf3MP05JfTLX2bAmex1s7c9TSjrzE0j5mSHn9yvdXrCOFRxX8ZuBbldW9ZLCNo,Sticker | HEN1 | Cologne 2026,https://steamcommunity.com/market/listings/730/Sticker%20%7C%20HEN1%20%7C%20Cologne%202026,ok
186,52.6,P3,SCORE FIRST,HEROIC,Team,Paper,Team,sticker,,HEROIC,HEROIC,8,0.08,8.0,0.08,Steam,False,0.0,Steam around $0.08,0 until scored,Very Cheap,Very Cheap,Low,8.0,7.0,24.0,116,321.31,61,6.0,0.5725,0.2831,0.4223,0.4198,48.875,48.875,0.3001,0.0,0.65,0.0,+49% expected | 0.30 demand | 67% below high | 200% upside | -65% vs launch,"lower highs, 2P new low, unscored",2P is cheaper than current Steam but still above Steam's recorded low; wait for a stronger entry.,0.11,,0.11,0.11,,,-57.14285714285713,-37.5,0.1,0.0252,1.0,True,,,https://cs2tokens.com/iem-cologne-2026/items/sticker-heroic-cologne-2026,https://community.akamai.steamstatic.com/economy/image/i0CoZ81Ui0m-9KwlBY1L_18myuGuq1wfhWSaZgMttyVfPaERSR0Wqmu7LAocGJai0ki7VeTHjMmuOXSQ61MnpNWipVHiUxK_y8_hryNet6erPvc-IaPLDWLIw-11trBrTnHglx9z42jWmIz_cijDPxhgVMWul1UPIQ,Sticker | HEROIC | Cologne 2026,https://steamcommunity.com/market/listings/730/Sticker%20%7C%20HEROIC%20%7C%20Cologne%202026,ok
187,52.5,P3,SCORE FIRST,faveN (Foil),Player,Foil,Autograph,sticker,faveN,BIG,BIG,17,0.17,17.0,0.17,Steam,False,0.0,Steam around $0.17,0 until scored,Very Cheap,Very Cheap,Medium,17.0,11.0,120.0,116,321.31,62,6.0,0.6321,0.3055,0.378,0.4372,106.70588235294116,106.70588235294116,0.1708,0.0,0.65,0.0,+107% expected | 0.17 demand | 86% below high | 606% upside | -86% vs launch,"lower highs, 2P new low, unscored",2P is cheaper than current Steam but still above Steam's recorded low; wait for a stronger entry.,0.22,,0.22,0.22,,,-99.99999999999996,-29.411764705882344,0.1,0.0252,1.0,True,,,https://cs2tokens.com/iem-cologne-2026/items/sticker-faven-foil-cologne-2026,https://raw.githubusercontent.com/ByMykel/counter-strike-image-tracker/main/static/panorama/images/econ/stickers/cologne2026/sig_faven_foil_png.png,Sticker | faveN (Foil) | Cologne 2026,https://steamcommunity.com/market/listings/730/Sticker%20%7C%20faveN%20%28Foil%29%20%7C%20Cologne%202026,ok
188,52.5,P3,SCORE FIRST,NAF,Player,Paper,Autograph,sticker,NAF,Team Liquid,Team Liquid,5,0.05,5.0,0.05,Steam,False,0.0,Steam around $0.05,0 until scored,Very Cheap,Very Cheap,High,5.0,5.0,36.0,116,321.31,63,6.0,0.6329,0.2934,0.5509,0.3778,73.8,73.8,0.4381,0.0,0.65,0.0,+74% expected | 0.44 demand | 86% below high | 620% upside | -71% vs launch,"High crowding, lower highs, 2P new low, unscored",Potentially interesting; needs manual score.,,,,,,,,,0.1,0.0,,,,,https://cs2tokens.com/iem-cologne-2026/items/sticker-naf-cologne-2026,https://community.akamai.steamstatic.com/economy/image/i0CoZ81Ui0m-9KwlBY1L_18myuGuq1wfhWSaZgMttyVfPaERSR0Wqmu7LAocGJai0ki7VeTHjMmuOXSQ61MnpNWipUruRiL_n5CuqnsN6vGvPPw0dqPBDzWWlrYutuc6Sirnx0oh52vSyI76IHqSaFQiWIwwG7Dr6JtXcw,Sticker | NAF | Cologne 2026,https://steamcommunity.com/market/listings/730/Sticker%20%7C%20NAF%20%7C%20Cologne%202026,ok
189,52.5,P3,SCORE FIRST,ultimate,Player,Paper,Autograph,sticker,ultimate,Team Liquid,Team Liquid,4,0.04,4.0,0.04,Steam,False,0.0,Steam around $0.04,0 until scored,Very Cheap,Very Cheap,Medium,4.0,3.0,17.0,116,321.31,65,6.0,0.5602,0.2891,0.4105,0.3739,58.74999999999999,58.74999999999999,0.6175,0.0,0.65,0.0,+59% expected | 0.62 demand | 76% below high | 325% upside | -76% vs launch,"lower highs, 2P new low, unscored",Potentially interesting; needs manual score.,,,,,,,,,0.1,0.0,,,,,https://cs2tokens.com/iem-cologne-2026/items/sticker-ultimate-cologne-2026,https://community.akamai.steamstatic.com/economy/image/i0CoZ81Ui0m-9KwlBY1L_18myuGuq1wfhWSaZgMttyVfPaERSR0Wqmu7LAocGJai0ki7VeTHjMmuOXSQ61MnpNWipUruRiLkkoLp8CNP6rz2Oac8caXHDDXAxbxz4rcxGHjmzUx_sjvTwoqtcC6SaVQpCpUmF7RfrFDmxXdYYDGu,Sticker | ultimate | Cologne 2026,https://steamcommunity.com/market/listings/730/Sticker%20%7C%20ultimate%20%7C%20Cologne%202026,ok
190,52.5,P3,SCORE FIRST,zweih (Foil),Player,Foil,Autograph,sticker,zweih,PARIVISION,PARIVISION,47,0.47,47.0,0.47,Steam,False,0.0,Steam around $0.47,0 until scored,Very Cheap,Very Cheap,Low,47.0,35.0,175.0,116,321.31,60,6.0,0.534,0.2899,0.4375,0.367,51.1276595744681,51.1276595744681,0.4966,0.0,0.65,0.0,+51% expected | 0.50 demand | 73% below high | 272% upside | -73% vs launch,"lower highs, 2P new low, unscored",Potentially interesting; needs manual score.,,,,,,,,,0.1,0.0,,,,,https://cs2tokens.com/iem-cologne-2026/items/sticker-zweih-foil-cologne-2026,https://community.akamai.steamstatic.com/economy/image/i0CoZ81Ui0m-9KwlBY1L_18myuGuq1wfhWSaZgMttyVfPaERSR0Wqmu7LAocGJai0ki7VeTHjMmuOXSQ61MnpNWipUruRiLriZPp9R1d4PuiJv1pIafFX2SSlLty4rY-TCi1kE5-tTuAm96qdiqSbQB0A5NyRuVfuhOm0oqwoexxlCM,Sticker | zweih (Foil) | Cologne 2026,https://steamcommunity.com/market/listings/730/Sticker%20%7C%20zweih%20%28Foil%29%20%7C%20Cologne%202026,ok
191,52.5,P3,SCORE FIRST,FlameZ (Foil),Player,Foil,Autograph,sticker,FlameZ,Vitality,Vitality,102,1.01,102.0,1.01,Steam,False,0.0,Steam around $1.01,0 until scored,Cheap,Cheap,Low,102.0,89.0,263.0,116,321.31,60,6.0,0.5078,0.2912,0.4709,0.3652,43.11764705882353,43.11764705882353,0.6737,0.0,0.65,0.0,+43% expected | 0.67 demand | 61% below high | 158% upside | -59% vs launch,"lower highs, 2P new low, unscored",2P is cheaper than current Steam but still above Steam's recorded low; wait for a stronger entry.,1.77,,1.77,1.77,,,-100.84547780620758,-75.24752475247524,0.1,0.0252,1.0,True,,2.96,https://cs2tokens.com/iem-cologne-2026/items/sticker-flamez-foil-cologne-2026,https://community.akamai.steamstatic.com/economy/image/i0CoZ81Ui0m-9KwlBY1L_18myuGuq1wfhWSaZgMttyVfPaERSR0Wqmu7LAocGJai0ki7VeTHjMmuOXSQ61MnpNWipUruRiL3kpft-Dhk6f2nZOo9c6TGXmWSw7gl57ZtHXvhxExz4znTmdiqd37FblR1CMZ2TbYMtkK9jJS5YN2iRZeN,Sticker | FlameZ (Foil) | Cologne 2026,https://steamcommunity.com/market/listings/730/Sticker%20%7C%20FlameZ%20%28Foil%29%20%7C%20Cologne%202026,ok
192,52.4,P3,SCORE FIRST,Moseyuh,Player,Paper,Autograph,sticker,Moseyuh,TYLOO,TYLOO,5,0.05,5.0,0.05,Steam,False,0.0,Steam around $0.05,0 until scored,Very Cheap,Very Cheap,Low,5.0,4.0,21.0,116,321.31,61,6.0,0.5505,0.3021,0.3518,0.4003,81.60000000000001,81.60000000000001,0.3403,0.0,0.65,0.0,+82% expected | 0.34 demand | 76% below high | 320% upside | -76% vs launch,"lower highs, 2P new low, unscored",Potentially interesting; needs manual score.,,,,,,,,,0.1,0.0,,,,,https://cs2tokens.com/iem-cologne-2026/items/sticker-moseyuh-cologne-2026,https://community.akamai.steamstatic.com/economy/image/i0CoZ81Ui0m-9KwlBY1L_18myuGuq1wfhWSaZgMttyVfPaERSR0Wqmu7LAocGJai0ki7VeTHjMmuOXSQ61MnpNWipUruRiL8kYXl5DdToaP2OvA1JvLEXjPHmO8k4eU9S3m2wEh15WvQz4n8cnyWa1ApD5olE-YU8k7vXzZNgwc,Sticker | Moseyuh | Cologne 2026,https://steamcommunity.com/market/listings/730/Sticker%20%7C%20Moseyuh%20%7C%20Cologne%202026,ok
193,52.4,P3,SCORE FIRST,makazze,Player,Paper,Autograph,sticker,makazze,Natus Vincere,Natus Vincere,11,0.11,11.0,0.11,Steam,False,0.0,Steam around $0.11,0 until scored,Very Cheap,Very Cheap,Low,11.0,9.0,36.0,116,321.31,61,6.0,0.5054,0.2925,0.4178,0.3615,53.63636363636361,53.63636363636361,0.5089,0.0,0.65,0.0,+54% expected | 0.51 demand | 69% below high | 227% upside | -67% vs launch,"lower highs, 2P new low, unscored",Potentially interesting; needs manual score.,,,,,,,,,0.1,0.0,,,,,https://cs2tokens.com/iem-cologne-2026/items/sticker-makazze-cologne-2026,https://community.akamai.steamstatic.com/economy/image/i0CoZ81Ui0m-9KwlBY1L_18myuGuq1wfhWSaZgMttyVfPaERSR0Wqmu7LAocGJai0ki7VeTHjMmuOXSQ61MnpNWipUruRiL8n53h5zheofGrbfA7JaXHXWTDx74mtbFoG3iyxkR-4j6AyN6vJSqTbAEjX8F2E-QU8k7veDRScGI,Sticker | makazze | Cologne 2026,https://steamcommunity.com/market/listings/730/Sticker%20%7C%20makazze%20%7C%20Cologne%202026,ok
194,52.3,P3,SCORE FIRST,brnz4n (Foil),Player,Foil,Autograph,sticker,brnz4n,MIBR,MIBR,23,0.23,23.0,0.23,Steam,False,0.0,Steam around $0.23,0 until scored,Very Cheap,Very Cheap,Low,23.0,19.0,114.0,116,321.31,62,6.0,0.6058,0.294,0.3716,0.4257,77.65217391304347,77.65217391304347,0.2601,0.0,0.65,0.0,+78% expected | 0.26 demand | 80% below high | 396% upside | -80% vs launch,"lower highs, 2P new low, unscored",2P is cheaper than current Steam but still above Steam's recorded low; wait for a stronger entry.,1.34,,1.34,1.34,,,-605.2631578947369,-482.60869565217394,0.1,0.0252,1.0,True,1.34,,https://cs2tokens.com/iem-cologne-2026/items/sticker-brnz4n-foil-cologne-2026,https://community.akamai.steamstatic.com/economy/image/i0CoZ81Ui0m-9KwlBY1L_18myuGuq1wfhWSaZgMttyVfPaERSR0Wqmu7LAocGJai0ki7VeTHjMmuOXSQ61MnpNWipUruRiLzjJj6qSxk6f2nZOo_cqfHCj_GwL506bQ5GSjjlh9w427VzNusI3-QOwJyDZp5E-NcthC9jJS5YGuLiVpZ,Sticker | brnz4n (Foil) | Cologne 2026,https://steamcommunity.com/market/listings/730/Sticker%20%7C%20brnz4n%20%28Foil%29%20%7C%20Cologne%202026,ok
195,52.3,P3,SCORE FIRST,afro (Foil),Player,Foil,Autograph,sticker,afro,Monte,Monte,45,0.45,45.0,0.45,Steam,False,0.0,Steam around $0.45,0 until scored,Very Cheap,Very Cheap,High,45.0,35.0,552.0,116,321.31,62,6.0,0.6385,0.2937,0.6137,0.3499,66.24444444444444,66.24444444444444,0.4415,0.0,0.65,0.0,+66% expected | 0.44 demand | 92% below high | 1127% upside | -66% vs launch,"High crowding, lower highs, 2P new low, unscored",Potentially interesting; needs manual score.,,,,,,,,,0.1,0.0,,,,,https://cs2tokens.com/iem-cologne-2026/items/sticker-afro-foil-cologne-2026,https://raw.githubusercontent.com/ByMykel/counter-strike-image-tracker/main/static/panorama/images/econ/stickers/cologne2026/sig_afro_foil_png.png,Sticker | afro (Foil) | Cologne 2026,https://steamcommunity.com/market/listings/730/Sticker%20%7C%20afro%20%28Foil%29%20%7C%20Cologne%202026,ok
196,52.2,P3,SCORE FIRST,MIBR,Team,Paper,Team,sticker,,MIBR,MIBR,9,0.09,9.0,0.09,Steam,False,0.0,Steam around $0.09,0 until scored,Very Cheap,Very Cheap,Medium,9.0,7.0,22.0,116,321.31,61,6.0,0.5467,0.2666,0.4323,0.3917,35.55555555555554,35.55555555555554,0.6712,0.0,0.65,0.0,+36% expected | 0.67 demand | 59% below high | 144% upside | -57% vs launch,"lower highs, 2P new low, unscored",Potentially interesting; needs manual score.,,,,,,,,,0.1,0.0,,,,,https://cs2tokens.com/iem-cologne-2026/items/sticker-mibr-cologne-2026,https://community.akamai.steamstatic.com/economy/image/i0CoZ81Ui0m-9KwlBY1L_18myuGuq1wfhWSaZgMttyVfPaERSR0Wqmu7LAocGJai0ki7VeTHjMmuOXSQ61MnpNWipVTuQw-_y8Hmq3cDvaT5MPw4IqXEXjTFx-xytrA8H322lk9w5jnWnNuvcH_DaxhgVMWFQhDvfw,Sticker | MIBR | Cologne 2026,https://steamcommunity.com/market/listings/730/Sticker%20%7C%20MIBR%20%7C%20Cologne%202026,ok
197,52.1,P3,SCORE FIRST,NEKiZ,Player,Paper,Autograph,sticker,NEKiZ,,,3,0.03,3.0,0.03,Steam,False,0.0,Steam around $0.03,0 until scored,Very Cheap,Very Cheap,Medium,3.0,2.0,16.0,116,321.31,65,6.0,0.6025,0.2871,0.4308,0.3934,83.0,83.0,0.4822,0.0,0.65,0.0,+83% expected | 0.48 demand | 81% below high | 433% upside | -81% vs launch,"lower highs, 2P new low, unscored",Potentially interesting; needs manual score.,,,,,,,,,0.1,0.0,,,,,https://cs2tokens.com/iem-cologne-2026/items/sticker-nekiz-cologne-2026,https://community.akamai.steamstatic.com/economy/image/i0CoZ81Ui0m-9KwlBY1L_18myuGuq1wfhWSaZgMttyVfPaERSR0Wqmu7LAocGJai0ki7VeTHjMmuOXSQ61MnpNWipUruRiL_m53p52wK7PT5bqdpc6KQCz6Swrh06LhvGSuwwEQl4DzUz96gInmUaw5yApAjW6dU5ex4V52W,Sticker | NEKiZ | Cologne 2026,https://steamcommunity.com/market/listings/730/Sticker%20%7C%20NEKiZ%20%7C%20Cologne%202026,ok
198,52.1,P3,SCORE FIRST,xertioN,Player,Paper,Autograph,sticker,xertioN,MOUZ,MOUZ,5,0.05,5.0,0.05,Steam,False,0.0,Steam around $0.05,0 until scored,Very Cheap,Very Cheap,High,5.0,4.0,37.0,116,321.31,63,6.0,0.6202,0.2863,0.5666,0.3576,81.4,81.4,0.4439,0.0,0.65,0.0,+81% expected | 0.44 demand | 86% below high | 640% upside | -81% vs launch,"High crowding, lower highs, 2P new low, unscored",Potentially interesting; needs manual score.,,,,,,,,,0.1,0.0,,,,,https://cs2tokens.com/iem-cologne-2026/items/sticker-xertion-cologne-2026,https://community.akamai.steamstatic.com/economy/image/i0CoZ81Ui0m-9KwlBY1L_18myuGuq1wfhWSaZgMttyVfPaERSR0Wqmu7LAocGJai0ki7VeTHjMmuOXSQ61MnpNWipUruRiLpm4T09C1VoaKsO_FudaKWXWOWxL8lseNvSXzilhgh5z7VyIyvdXqQPwIkCcMhF-EU8k7vzV6XxyY,Sticker | xertioN | Cologne 2026,https://steamcommunity.com/market/listings/730/Sticker%20%7C%20xertioN%20%7C%20Cologne%202026,ok
199,52.0,P3,SCORE FIRST,FlyQuest,Team,Paper,Team,sticker,,Flyquest,Flyquest,22,0.22,22.0,0.22,Steam,False,0.0,Steam around $0.22,0 until scored,Very Cheap,Very Cheap,Medium,22.0,21.0,64.0,116,321.31,61,6.0,0.5695,0.287,0.4627,0.3836,63.99999999999999,63.99999999999999,0.3709,0.0,0.65,0.0,+64% expected | 0.37 demand | 66% below high | 191% upside | -31% vs launch,"lower highs, 2P new low, unscored",2P is cheaper than current Steam but still above Steam's recorded low; wait for a stronger entry.,0.38,,0.38,0.38,,,-80.95238095238095,-72.72727272727273,0.1,0.0252,1.0,True,,,https://cs2tokens.com/iem-cologne-2026/items/sticker-flyquest-cologne-2026,https://community.akamai.steamstatic.com/economy/image/i0CoZ81Ui0m-9KwlBY1L_18myuGuq1wfhWSaZgMttyVfPaERSR0Wqmu7LAocGJai0ki7VeTHjMmuOXSQ61MnpNWipV_2D0z3yZO2pCRfuKv5MfZvJKfDW2OUx-hz5uQ9Ti3mxBl14WzWzNn9c3qJLlh3qHI1Dus,Sticker | FlyQuest | Cologne 2026,https://steamcommunity.com/market/listings/730/Sticker%20%7C%20FlyQuest%20%7C%20Cologne%202026,ok
200,52.0,P3,SCORE FIRST,KSCERATO (Foil),Player,Foil,Autograph,sticker,KSCERATO,FURIA,FURIA,57,0.56,57.0,0.56,Steam,False,0.0,Steam around $0.56,0 until scored,Very Cheap,Very Cheap,Low,57.0,41.0,180.0,116,321.31,60,6.0,0.5124,0.2792,0.4598,0.3459,42.87719298245614,42.87719298245614,0.6314,0.0,0.65,0.0,+43% expected | 0.63 demand | 68% below high | 216% upside | -68% vs launch,"lower highs, 2P new low, unscored",2P is cheaper than current Steam but still above Steam's recorded low; wait for a stronger entry.,1.02,,1.02,1.02,,,-153.22299651567943,-82.14285714285712,0.1,0.0252,1.0,True,,,https://cs2tokens.com/iem-cologne-2026/items/sticker-kscerato-foil-cologne-2026,https://community.akamai.steamstatic.com/economy/image/i0CoZ81Ui0m-9KwlBY1L_18myuGuq1wfhWSaZgMttyVfPaERSR0Wqmu7LAocGJai0ki7VeTHjMmuOXSQ61MnpNWipUruRiL6jZXl7yNP4M2oZ61hbqTKDDSTw7oltecwGXrnkEQm5mXWydz_eH3DalUoDZEiF7EC4EXqkNz5d7S1pBxORU8,Sticker | KSCERATO (Foil) | Cologne 2026,https://steamcommunity.com/market/listings/730/Sticker%20%7C%20KSCERATO%20%28Foil%29%20%7C%20Cologne%202026,ok
201,51.9,P4,SCORE FIRST,MATYS,Player,Paper,Autograph,sticker,MATYS,G2 Esports,G2 Esports,3,0.03,3.0,0.03,Steam,False,0.0,Steam around $0.03,0 until scored,Very Cheap,Very Cheap,Medium,3.0,2.0,24.0,116,321.31,65,6.0,0.6371,0.3028,0.3515,0.4409,113.66666666666669,113.66666666666669,0.148,0.0,0.65,0.0,+114% expected | 0.15 demand | 88% below high | 700% upside | -88% vs launch,"lower highs, 2P new low, unscored",Potentially interesting; needs manual score.,,,,,,,,,0.1,0.0,,,,,https://cs2tokens.com/iem-cologne-2026/items/sticker-matys-cologne-2026,https://community.akamai.steamstatic.com/economy/image/i0CoZ81Ui0m-9KwlBY1L_18myuGuq1wfhWSaZgMttyVfPaERSR0Wqmu7LAocGJai0ki7VeTHjMmuOXSQ61MnpNWipUruRiL8n4L57mxevaD7OvRsJaTFDTSRlLou6eVtTnvmwEl-5WXSz9iseX2fbg8iCZB3W6dU5cSULNET,Sticker | MATYS | Cologne 2026,https://steamcommunity.com/market/listings/730/Sticker%20%7C%20MATYS%20%7C%20Cologne%202026,ok
202,51.9,P4,SCORE FIRST,HooXi,Player,Paper,Autograph,sticker,HooXi,Astralis,Astralis,4,0.04,4.0,0.04,Steam,False,0.0,Steam around $0.04,0 until scored,Very Cheap,Very Cheap,Medium,4.0,3.0,25.0,116,321.31,61,6.0,0.6012,0.2894,0.4058,0.3925,81.0,81.0,0.3857,0.0,0.65,0.0,+81% expected | 0.39 demand | 84% below high | 525% upside | -84% vs launch,"lower highs, 2P new low, unscored",Potentially interesting; needs manual score.,,,,,,,,,0.1,0.0,,,,,https://cs2tokens.com/iem-cologne-2026/items/sticker-hooxi-cologne-2026,https://community.akamai.steamstatic.com/economy/image/i0CoZ81Ui0m-9KwlBY1L_18myuGuq1wfhWSaZgMttyVfPaERSR0Wqmu7LAocGJai0ki7VeTHjMmuOXSQ61MnpNWipUruRiL5kZn49GxYuKT-avY6I6jLCmLFx-pztbFsGi_nw05z5WzdzY34dHLBbwRxDZckW6dU5dsZ_sim,Sticker | HooXi | Cologne 2026,https://steamcommunity.com/market/listings/730/Sticker%20%7C%20HooXi%20%7C%20Cologne%202026,ok
203,51.9,P4,SCORE FIRST,EliGE,Player,Paper,Autograph,sticker,EliGE,Team Liquid,Team Liquid,5,0.05,5.0,0.05,Steam,False,0.0,Steam around $0.05,0 until scored,Very Cheap,Very Cheap,Low,5.0,4.0,19.0,116,321.31,61,6.0,0.5403,0.2962,0.3856,0.3865,77.39999999999998,77.39999999999998,0.3539,0.0,0.65,0.0,+77% expected | 0.35 demand | 74% below high | 280% upside | -74% vs launch,"lower highs, 2P new low, unscored",Potentially interesting; needs manual score.,,,,,,,,,0.1,0.0,,,,,https://cs2tokens.com/iem-cologne-2026/items/sticker-elige-cologne-2026,https://community.akamai.steamstatic.com/economy/image/i0CoZ81Ui0m-9KwlBY1L_18myuGuq1wfhWSaZgMttyVfPaERSR0Wqmu7LAocGJai0ki7VeTHjMmuOXSQ61MnpNWipUruRiL0kp_n-Gxd7qT4bvFpcKKRDWLIkL8gsrk8Gi3jxkl34mjXn4msd3rGOgQoD5EhW6dU5WYQ9jMx,Sticker | EliGE | Cologne 2026,https://steamcommunity.com/market/listings/730/Sticker%20%7C%20EliGE%20%7C%20Cologne%202026,ok
204,51.9,P4,SCORE FIRST,b1t,Player,Paper,Autograph,sticker,b1t,Natus Vincere,Natus Vincere,10,0.1,10.0,0.1,Steam,False,0.0,Steam around $0.10,0 until scored,Very Cheap,Very Cheap,Low,10.0,9.0,36.0,116,321.31,61,6.0,0.5305,0.2974,0.361,0.3852,72.80000000000003,72.80000000000003,0.3263,0.0,0.65,0.0,+73% expected | 0.33 demand | 72% below high | 260% upside | -71% vs launch,"lower highs, 2P new low, unscored",2P is cheaper than current Steam but still above Steam's recorded low; wait for a stronger entry.,0.15,,0.15,0.15,,,-66.66666666666664,-49.99999999999999,0.1,0.0252,1.0,True,,,https://cs2tokens.com/iem-cologne-2026/items/sticker-b1t-cologne-2026,https://community.akamai.steamstatic.com/economy/image/i0CoZ81Ui0m-9KwlBY1L_18myuGuq1wfhWSaZgMttyVfPaERSR0Wqmu7LAocGJai0ki7VeTHjMmuOXSQ61MnpNWipUruRiLzz4Ku_nVd7ff4afM4caPEDTbHkuom4bNoTCznxUhx4z-Dn9v6c3_DagN1DowwG7CKlCsznQ,Sticker | b1t | Cologne 2026,https://steamcommunity.com/market/listings/730/Sticker%20%7C%20b1t%20%7C%20Cologne%202026,ok
205,51.8,P4,SCORE FIRST,TjP (Gold),Player,Gold,Autograph,sticker,TjP,,,2518,24.93,596.93,5.91,2P,True,76.29,"2P around $5.91, 76% below Steam",0 until scored,Premium,Expensive,Medium,2518.0,664.0,7216.0,116,321.31,57,6.0,0.785,0.3699,0.4427,0.5874,-2.34034948371723,311.955175528076,0.5168,0.0,0.65,0.0,+312% expected | 0.52 demand | 2P 76% below Steam | 92% below high | 1109% upside,"lower highs, 2P new low, unscored",Potentially interesting; needs manual score.,5.91,,5.91,5.91,,,10.101416496310144,76.2936221419976,0.1,0.1262,1.0,True,,,https://cs2tokens.com/iem-cologne-2026/items/sticker-tjp-gold-cologne-2026,https://community.akamai.steamstatic.com/economy/image/i0CoZ81Ui0m-9KwlBY1L_18myuGuq1wfhWSaZgMttyVfPaERSR0Wqmu7LAocGJai0ki7VeTHjMmuOXSQ61MnpNWipUruRiLllIbf-i1X67ysP6ZrcfLFD2PJmOp1tuRoGSy2x0l_6zmBmd2tdnnDOFQkD5RxQ-MCrFDmxUHNs2pX,Sticker | TjP (Gold) | Cologne 2026,https://steamcommunity.com/market/listings/730/Sticker%20%7C%20TjP%20%28Gold%29%20%7C%20Cologne%202026,ok
206,51.7,P4,SCORE FIRST,Falcons,Team,Paper,Team,sticker,,Falcons,Falcons,95,0.94,43.46,0.43,2P,True,54.26,"2P around $0.43, 54% below Steam",0 until scored,Fair,Very Cheap,High,95.0,64.0,176.0,116,321.31,61,6.0,0.6643,0.3312,0.4231,0.4568,21.78947368421053,166.2374541003672,0.4016,0.0,0.65,0.0,+166% expected | 0.40 demand | 2P 54% below Steam | 75% below high | 305% upside,"High crowding, lower highs, 2P new low, unscored",Potentially interesting; needs manual score.,0.43,,0.43,0.43,,,32.09773936170212,54.255319148936174,0.1,0.1589,1.0,True,,,https://cs2tokens.com/iem-cologne-2026/items/sticker-falcons-cologne-2026,https://community.akamai.steamstatic.com/economy/image/i0CoZ81Ui0m-9KwlBY1L_18myuGuq1wfhWSaZgMttyVfPaERSR0Wqmu7LAocGJai0ki7VeTHjMmuOXSQ61MnpNWipV_mTVOhyMPhrHsM7ff5PaY1dqnGCz_JmLoh4rBsGXq3kUUm5WyBn96sdSiXcEZ-Xf5YaOOq,Sticker | Falcons | Cologne 2026,https://steamcommunity.com/market/listings/730/Sticker%20%7C%20Falcons%20%7C%20Cologne%202026,ok
207,51.7,P4,SCORE FIRST,bLitz (Foil),Player,Foil,Autograph,sticker,bLitz,The MongolZ,The MongolZ,34,0.34,34.0,0.34,Steam,False,0.0,Steam around $0.34,0 until scored,Very Cheap,Very Cheap,Medium,34.0,26.0,167.0,116,321.31,60,6.0,0.5909,0.2879,0.423,0.3874,72.97058823529412,72.97058823529412,0.372,0.0,0.65,0.0,+73% expected | 0.37 demand | 80% below high | 391% upside | -80% vs launch,"lower highs, 2P new low, unscored",2P is cheaper than current Steam but still above Steam's recorded low; wait for a stronger entry.,0.52,,0.52,0.52,,,-100.0,-52.94117647058823,0.1,0.0252,1.0,True,,,https://cs2tokens.com/iem-cologne-2026/items/sticker-blitz-foil-cologne-2026,https://raw.githubusercontent.com/ByMykel/counter-strike-image-tracker/main/static/panorama/images/econ/stickers/cologne2026/sig_blitz_foil_png.png,Sticker | bLitz (Foil) | Cologne 2026,https://steamcommunity.com/market/listings/730/Sticker%20%7C%20bLitz%20%28Foil%29%20%7C%20Cologne%202026,ok
208,51.6,P4,SCORE FIRST,nota (Foil),Player,Foil,Autograph,sticker,nota,PARIVISION,PARIVISION,29,0.29,29.0,0.29,Steam,False,0.0,Steam around $0.29,0 until scored,Very Cheap,Very Cheap,Low,29.0,22.0,161.0,116,321.31,62,6.0,0.593,0.2916,0.3871,0.4066,80.62068965517241,80.62068965517241,0.1874,0.0,0.65,0.0,+81% expected | 0.19 demand | 82% below high | 455% upside | -82% vs launch,"lower highs, 2P new low, unscored",2P is cheaper than current Steam but still above Steam's recorded low; wait for a stronger entry.,0.53,,0.53,0.53,,,-140.9090909090909,-82.75862068965519,0.1,0.0252,1.0,True,,,https://cs2tokens.com/iem-cologne-2026/items/sticker-nota-foil-cologne-2026,https://community.akamai.steamstatic.com/economy/image/i0CoZ81Ui0m-9KwlBY1L_18myuGuq1wfhWSaZgMttyVfPaERSR0Wqmu7LAocGJai0ki7VeTHjMmuOXSQ61MnpNWipUruRiL_kYLhwiRU5v7gafRuc6eRXj_CxLly6bg6H3u3w04l5jnWnNr8J3jFawQgA8F2RuFbsg74zIPBOr1vsQ,Sticker | nota (Foil) | Cologne 2026,https://steamcommunity.com/market/listings/730/Sticker%20%7C%20nota%20%28Foil%29%20%7C%20Cologne%202026,ok
209,51.6,P4,SCORE FIRST,br0,Player,Paper,Autograph,sticker,br0,NRG,NRG,5,0.05,5.0,0.05,Steam,False,0.0,Steam around $0.05,0 until scored,Very Cheap,Very Cheap,Low,5.0,3.0,19.0,116,321.31,61,6.0,0.5139,0.2823,0.4177,0.3472,58.00000000000001,58.00000000000001,0.5996,0.0,0.65,0.0,+58% expected | 0.60 demand | 74% below high | 280% upside | -74% vs launch,"lower highs, 2P new low, unscored",Potentially interesting; needs manual score.,,,,,,,,,0.1,0.0,,,,,https://cs2tokens.com/iem-cologne-2026/items/sticker-br0-cologne-2026,https://community.akamai.steamstatic.com/economy/image/i0CoZ81Ui0m-9KwlBY1L_18myuGuq1wfhWSaZgMttyVfPaERSR0Wqmu7LAocGJai0ki7VeTHjMmuOXSQ61MnpNWipUruRiLzjMau_CZZ7aH2a6A0IanDXjGTw7kk5eU_TSiwlx50sWzVztyqIiqTOg4kXowwG7Cde2oCVw,Sticker | br0 | Cologne 2026,https://steamcommunity.com/market/listings/730/Sticker%20%7C%20br0%20%7C%20Cologne%202026,ok
210,51.5,P4,SCORE FIRST,Gaimin Gladiators,Team,Paper,Team,sticker,,,,9,0.09,9.0,0.09,Steam,False,0.0,Steam around $0.09,0 until scored,Very Cheap,Very Cheap,Medium,9.0,7.0,26.0,116,321.31,61,6.0,0.5795,0.2665,0.4664,0.3828,48.777777777777786,48.777777777777786,0.5867,0.0,0.65,0.0,+49% expected | 0.59 demand | 65% below high | 189% upside | -55% vs launch,"lower highs, 2P new low, unscored",Potentially interesting; needs manual score.,,,,,,,,,0.1,0.0,,,,,https://cs2tokens.com/iem-cologne-2026/items/sticker-gaimin-gladiators-cologne-2026,https://community.akamai.steamstatic.com/economy/image/i0CoZ81Ui0m-9KwlBY1L_18myuGuq1wfhWSaZgMttyVfPaERSR0Wqmu7LAocGJai0ki7VeTHjMmuOXSQ61MnpNWipV7mSBC_yZW5_iMD7vetMPw9eaCXVzKRl7t34-QwHC22xRtx4TvSzoqrJ32RbhhgVMX3Wvc4VA,Sticker | Gaimin Gladiators | Cologne 2026,https://steamcommunity.com/market/listings/730/Sticker%20%7C%20Gaimin%20Gladiators%20%7C%20Cologne%202026,ok
211,51.2,P4,SCORE FIRST,Mercury,Player,Paper,Autograph,sticker,Mercury,TYLOO,TYLOO,4,0.04,4.0,0.04,Steam,False,0.0,Steam around $0.04,0 until scored,Very Cheap,Very Cheap,Medium,4.0,4.0,19.0,116,321.31,61,6.0,0.6236,0.2976,0.424,0.4173,111.0,111.0,0.1466,0.0,0.65,0.0,+111% expected | 0.15 demand | 79% below high | 375% upside | -79% vs launch,"lower highs, 2P new low, unscored",Potentially interesting; needs manual score.,,,,,,,,,0.1,0.0,,,,,https://cs2tokens.com/iem-cologne-2026/items/sticker-mercury-cologne-2026,https://community.akamai.steamstatic.com/economy/image/i0CoZ81Ui0m-9KwlBY1L_18myuGuq1wfhWSaZgMttyVfPaERSR0Wqmu7LAocGJai0ki7VeTHjMmuOXSQ61MnpNWipUruRiL8m4Tj6DBCoaGqOvw0JKOQWzKVmOt1tbdtGSvhlE126mqGmY2scSrFbQVzD8RxF-8U8k7vKlt7Wsg,Sticker | Mercury | Cologne 2026,https://steamcommunity.com/market/listings/730/Sticker%20%7C%20Mercury%20%7C%20Cologne%202026,ok
212,51.0,P4,SCORE FIRST,lauNX,Player,Paper,Autograph,sticker,lauNX,,,4,0.04,4.0,0.04,Steam,False,0.0,Steam around $0.04,0 until scored,Very Cheap,Very Cheap,Medium,4.0,3.0,26.0,116,321.31,61,6.0,0.5981,0.284,0.5279,0.3693,87.00000000000001,87.00000000000001,0.1961,0.0,0.65,0.0,+87% expected | 0.20 demand | 85% below high | 550% upside | -85% vs launch,"lower highs, 2P new low, unscored",Potentially interesting; needs manual score.,,,,,,,,,0.1,0.0,,,,,https://cs2tokens.com/iem-cologne-2026/items/sticker-launx-cologne-2026,https://community.akamai.steamstatic.com/economy/image/i0CoZ81Ui0m-9KwlBY1L_18myuGuq1wfhWSaZgMttyVfPaERSR0Wqmu7LAocGJai0ki7VeTHjMmuOXSQ61MnpNWipUruRiL9n4Pu5WwKuqOsMKVpdvPKXDLAkusu4Lk5HXvnlE4k4TjVzYn4JyqRa1QjDZIlW6dU5TEpKbyx,Sticker | lauNX | Cologne 2026,https://steamcommunity.com/market/listings/730/Sticker%20%7C%20lauNX%20%7C%20Cologne%202026,ok
213,50.9,P4,SCORE FIRST,Mercury (Foil),Player,Foil,Autograph,sticker,Mercury,TYLOO,TYLOO,41,0.41,41.0,0.41,Steam,False,0.0,Steam around $0.41,0 until scored,Very Cheap,Very Cheap,Low,41.0,36.0,147.0,116,321.31,60,6.0,0.5583,0.2963,0.3893,0.3997,73.82926829268293,73.82926829268293,0.1585,0.0,0.65,0.0,+74% expected | 0.16 demand | 72% below high | 259% upside | -72% vs launch,"lower highs, 2P new low, unscored",2P is cheaper than current Steam but still above Steam's recorded low; wait for a stronger entry.,1.32,1.32,1.32,1.32,0.0,-1.7739483516754602e-15,-266.6666666666667,-221.9512195121952,0.0,0.135,7.0,True,,1.32,https://cs2tokens.com/iem-cologne-2026/items/sticker-mercury-foil-cologne-2026,https://community.akamai.steamstatic.com/economy/image/i0CoZ81Ui0m-9KwlBY1L_18myuGuq1wfhWSaZgMttyVfPaERSR0Wqmu7LAocGJai0ki7VeTHjMmuOXSQ61MnpNWipUruRiL8m4Tj6DBC0PShYagjIaHCCDDBl7dzteI9Fiy1wkR3527Uw934JSqQbQJxDMZxE7IM4EK5xMqnab2BWy97FA,Sticker | Mercury (Foil) | Cologne 2026,https://steamcommunity.com/market/listings/730/Sticker%20%7C%20Mercury%20%28Foil%29%20%7C%20Cologne%202026,ok
214,50.9,P4,SCORE FIRST,GamerLegion,Team,Paper,Team,sticker,,GamerLegion,GamerLegion,27,0.27,27.0,0.27,Steam,False,0.0,Steam around $0.27,0 until scored,Very Cheap,Very Cheap,Low,27.0,24.0,68.0,116,321.31,61,6.0,0.5225,0.2742,0.4307,0.3602,50.37037037037037,50.37037037037037,0.4339,0.0,0.65,0.0,+50% expected | 0.43 demand | 60% below high | 152% upside | -27% vs launch,"lower highs, 2P new low, unscored",2P is cheaper than current Steam but still above Steam's recorded low; wait for a stronger entry.,0.32,,0.32,0.32,,,-33.33333333333334,-18.518518518518512,0.1,0.0252,1.0,True,,,https://cs2tokens.com/iem-cologne-2026/items/sticker-gamerlegion-cologne-2026,https://community.akamai.steamstatic.com/economy/image/i0CoZ81Ui0m-9KwlBY1L_18myuGuq1wfhWSaZgMttyVfPaERSR0Wqmu7LAocGJai0ki7VeTHjMmuOXSQ61MnpNWipV7rDx7wyM-yrXpat_SqP6I9cqHBCGaWkuon4OBvSnG2lxtxsTiGzo77d36JLlh3CtRKAXA,Sticker | GamerLegion | Cologne 2026,https://steamcommunity.com/market/listings/730/Sticker%20%7C%20GamerLegion%20%7C%20Cologne%202026,ok
215,50.8,P4,SCORE FIRST,MoDo,Player,Paper,Autograph,sticker,MoDo,,,4,0.04,4.0,0.04,Steam,False,0.0,Steam around $0.04,0 until scored,Very Cheap,Very Cheap,Low,4.0,3.0,22.0,116,321.31,61,6.0,0.5741,0.2873,0.3478,0.3837,84.74999999999999,84.74999999999999,0.3116,0.0,0.65,0.0,+85% expected | 0.31 demand | 82% below high | 450% upside | -81% vs launch,"lower highs, 2P new low, unscored",Potentially interesting; needs manual score.,,,,,,,,,0.1,0.0,,,,,https://cs2tokens.com/iem-cologne-2026/items/sticker-modo-cologne-2026,https://community.akamai.steamstatic.com/economy/image/i0CoZ81Ui0m-9KwlBY1L_18myuGuq1wfhWSaZgMttyVfPaERSR0Wqmu7LAocGJai0ki7VeTHjMmuOXSQ61MnpNWipUruRiL8kZLvs3peuqT5OaI6JfXLCzPFxO1y5rc4HHrrlx90tm-DzoutcXORalckCcFuBbld9hFszyY,Sticker | MoDo | Cologne 2026,https://steamcommunity.com/market/listings/730/Sticker%20%7C%20MoDo%20%7C%20Cologne%202026,ok
216,50.7,P4,SCORE FIRST,blameF (Foil),Player,Foil,Autograph,sticker,blameF,BIG,BIG,29,0.29,29.0,0.29,Steam,False,0.0,Steam around $0.29,0 until scored,Very Cheap,Very Cheap,Low,29.0,19.0,133.0,116,321.31,60,6.0,0.5588,0.2766,0.4426,0.3686,66.75862068965517,66.75862068965517,0.2859,0.0,0.65,0.0,+67% expected | 0.29 demand | 78% below high | 359% upside | -78% vs launch,"lower highs, 2P new low, unscored",2P is cheaper than current Steam but still above Steam's recorded low; wait for a stronger entry.,4.31,,4.31,4.31,,,-2168.4210526315787,-1386.206896551724,0.1,0.0252,1.0,True,4.31,,https://cs2tokens.com/iem-cologne-2026/items/sticker-blamef-foil-cologne-2026,https://community.akamai.steamstatic.com/economy/image/i0CoZ81Ui0m-9KwlBY1L_18myuGuq1wfhWSaZgMttyVfPaERSR0Wqmu7LAocGJai0ki7VeTHjMmuOXSQ61MnpNWipUruRiLzkpft-CRk6f2nZOo0eaHLW2XCkeh047VsS3GyxkUm5GjWmdf_JHOUbFAkDcB4TOULsBi5jJS5YO_B_SN4,Sticker | blameF (Foil) | Cologne 2026,https://steamcommunity.com/market/listings/730/Sticker%20%7C%20blameF%20%28Foil%29%20%7C%20Cologne%202026,ok
217,50.6,P4,SCORE FIRST,REZ,Player,Paper,Autograph,sticker,REZ,GamerLegion,GamerLegion,4,0.04,4.0,0.04,Steam,False,0.0,Steam around $0.04,0 until scored,Very Cheap,Very Cheap,Medium,4.0,3.0,22.0,116,321.31,61,6.0,0.5722,0.2779,0.4888,0.3581,75.25,75.25,0.2516,0.0,0.65,0.0,+75% expected | 0.25 demand | 82% below high | 450% upside | -82% vs launch,"lower highs, 2P new low, unscored",Potentially interesting; needs manual score.,,,,,,,,,0.1,0.0,,,,,https://cs2tokens.com/iem-cologne-2026/items/sticker-rez-cologne-2026,https://community.akamai.steamstatic.com/economy/image/i0CoZ81Ui0m-9KwlBY1L_18myuGuq1wfhWSaZgMttyVfPaERSR0Wqmu7LAocGJai0ki7VeTHjMmuOXSQ61MnpNWipUruRiLjm4yu-CNYvvT7OfI5JPaVXGTBx7dwtbBqSy_kxEtz4znSw9egeSnGaVNzXowwG7Bl_aDY_A,Sticker | REZ | Cologne 2026,https://steamcommunity.com/market/listings/730/Sticker%20%7C%20REZ%20%7C%20Cologne%202026,ok
218,50.5,P4,SCORE FIRST,Boombl4 (Gold),Player,Gold,Autograph,sticker,Boombl4,BetBoom,BetBoom,5818,57.6,1012.09,10.02,2P,True,82.6,"2P around $10.02, 83% below Steam",0 until scored,Premium,Premium,Medium,5818.0,2204.0,14561.0,116,321.31,57,6.0,0.7705,0.3537,0.469,0.5648,-5.563251976624272,442.86992875713,0.495,0.0,0.65,0.0,+443% expected | 0.49 demand | 2P 83% below Steam | 93% below high | 1339% upside,"lower highs, 2P new low, unscored",Potentially interesting; needs manual score.,10.02,,10.02,10.02,,,54.0794199939504,82.60416666666666,0.1,0.196,1.0,True,,,https://cs2tokens.com/iem-cologne-2026/items/sticker-boombl4-gold-cologne-2026,https://community.akamai.steamstatic.com/economy/image/i0CoZ81Ui0m-9KwlBY1L_18myuGuq1wfhWSaZgMttyVfPaERSR0Wqmu7LAocGJai0ki7VeTHjMmuOXSQ61MnpNWipUruRiLzkZnt_y4P0PWhZKAjJafHXjOUkO90tbJrSnq3lxwktjvdnt2rJ3uQPQUnC5p5Ru9bskPtm8qnab1FVEAtxQ,Sticker | Boombl4 (Gold) | Cologne 2026,https://steamcommunity.com/market/listings/730/Sticker%20%7C%20Boombl4%20%28Gold%29%20%7C%20Cologne%202026,ok
219,50.5,P4,SCORE FIRST,venomzera,Player,Paper,Autograph,sticker,venomzera,MIBR,MIBR,4,0.04,4.0,0.04,Steam,False,0.0,Steam around $0.04,0 until scored,Very Cheap,Very Cheap,Medium,4.0,2.0,19.0,116,321.31,65,6.0,0.5307,0.2667,0.5437,0.3079,51.75000000000001,51.75000000000001,0.5827,0.0,0.65,0.0,+52% expected | 0.58 demand | 79% below high | 375% upside | -79% vs launch,"lower highs, 2P new low, unscored",Potentially interesting; needs manual score.,,,,,,,,,0.1,0.0,,,,,https://cs2tokens.com/iem-cologne-2026/items/sticker-venomzera-cologne-2026,https://community.akamai.steamstatic.com/economy/image/i0CoZ81Ui0m-9KwlBY1L_18myuGuq1wfhWSaZgMttyVfPaERSR0Wqmu7LAocGJai0ki7VeTHjMmuOXSQ61MnpNWipUruRiLnm5jv8Dhe_fPgbPFsIqSQDz6Tkrkk5-I8H3G3xU5x5m_Tydz6c3KTOFQlXJtzROBeuw74zINfqW0img,Sticker | venomzera | Cologne 2026,https://steamcommunity.com/market/listings/730/Sticker%20%7C%20venomzera%20%7C%20Cologne%202026,ok
220,50.4,P4,SCORE FIRST,snow (Foil),Player,Foil,Autograph,sticker,snow,paiN Gaming,paiN Gaming,35,0.35,35.0,0.35,Steam,False,0.0,Steam around $0.35,0 until scored,Very Cheap,Very Cheap,High,35.0,21.0,150.0,116,321.31,60,6.0,0.5701,0.2829,0.5135,0.3502,72.77142857142857,72.77142857142857,0.4341,0.0528,0.65,0.0,+73% expected | 0.43 demand | 77% below high | 329% upside | -77% vs launch,"High crowding, lower highs, 2P new low, unscored",2P is cheaper than current Steam but still above Steam's recorded low; wait for a stronger entry.,1.23,,1.23,1.23,,,-485.7142857142858,-251.42857142857147,0.1,0.0252,1.0,True,,,https://cs2tokens.com/iem-cologne-2026/items/sticker-snow-foil-cologne-2026,https://raw.githubusercontent.com/ByMykel/counter-strike-image-tracker/main/static/panorama/images/econ/stickers/cologne2026/sig_snow_foil_png.png,Sticker | snow (Foil) | Cologne 2026,https://steamcommunity.com/market/listings/730/Sticker%20%7C%20snow%20%28Foil%29%20%7C%20Cologne%202026,ok
221,50.3,P4,SCORE FIRST,TYLOO (Gold),Team,Gold,Team,sticker,,TYLOO,TYLOO,79761,789.63,3811.13,37.73,2P,True,95.22,"2P around $37.73, 95% below Steam",0 until scored,Premium,Premium,Medium,79761.0,3993.0,108073.0,116,321.31,57,6.0,0.7654,0.3511,0.3522,0.5664,-52.57708654605635,892.4875470616889,0.7152,0.0,0.65,0.0,+892% expected | 0.72 demand | 2P 95% below Steam | 96% below high | 2736% upside,"lower highs, 2P new low, unscored",Potentially interesting; needs manual score.,37.73,,37.73,37.73,,,4.55472240738758,95.2218127477426,0.1,0.1151,1.0,True,,,https://cs2tokens.com/iem-cologne-2026/items/sticker-tyloo-gold-cologne-2026,https://community.akamai.steamstatic.com/economy/image/i0CoZ81Ui0m-9KwlBY1L_18myuGuq1wfhWSaZgMttyVfPaERSR0Wqmu7LAocGJai0ki7VeTHjMmuOXSQ61MnpNWipU3-TSL2kZrks3sKvqKtafA_caKXXGHCxOsktrY9SS_nwEgh4WXUydepeX7DPQYmWcRuBbldia-hnm4,Sticker | TYLOO (Gold) | Cologne 2026,https://steamcommunity.com/market/listings/730/Sticker%20%7C%20TYLOO%20%28Gold%29%20%7C%20Cologne%202026,ok
222,50.3,P4,SCORE FIRST,910 (Foil),Player,Foil,Autograph,sticker,910,The MongolZ,The MongolZ,82,0.81,74.91,0.74,UUSkins,True,8.64,"UUSkins around $0.74, 9% below Steam",0 until scored,Cheap,Cheap,Low,82.0,65.0,260.0,116,321.31,60,6.0,0.5603,0.296,0.3796,0.3941,84.3780487804878,101.81921555702048,0.1894,0.0,0.65,0.0,+102% expected | 0.19 demand | UUSkins 9% below Steam | 71% below high | 247% upside,"lower highs, 2P new low, unscored",Potentially interesting; needs manual score.,0.74,,0.74,0.74,,,-15.25166191832856,8.641975308641982,0.1,0.0622,1.0,True,150.0,0.74,https://cs2tokens.com/iem-cologne-2026/items/sticker-910-foil-cologne-2026,https://community.akamai.steamstatic.com/economy/image/i0CoZ81Ui0m-9KwlBY1L_18myuGuq1wfhWSaZgMttyVfPaERSR0Wqmu7LAocGJai0ki7VeTHjMmuOXSQ61MnpNWipUruRiKoz8bf-y1S47z8OfA9IqjEXmPGx7omtbQ6HHjnzB904m_WwtytJy7FOwBzXpN4QuIIrFDmxeKtcKDt,Sticker | 910 (Foil) | Cologne 2026,https://steamcommunity.com/market/listings/730/Sticker%20%7C%20910%20%28Foil%29%20%7C%20Cologne%202026,ok
223,50.3,P4,SCORE FIRST,Moseyuh (Foil),Player,Foil,Autograph,sticker,Moseyuh,TYLOO,TYLOO,46,0.46,46.0,0.46,Steam,False,0.0,Steam around $0.46,0 until scored,Very Cheap,Very Cheap,Low,46.0,43.0,155.0,116,321.31,60,6.0,0.5457,0.2888,0.3708,0.3868,61.34782608695652,61.34782608695652,0.1914,0.0,0.65,0.0,+61% expected | 0.19 demand | 70% below high | 237% upside | -70% vs launch,"lower highs, 2P new low, unscored",2P is cheaper than current Steam but still above Steam's recorded low; wait for a stronger entry.,1.47,1.47,1.47,1.47,0.0,1.7214980639882654e-15,-241.86046511627904,-219.56521739130437,0.0,0.135,7.0,True,,1.47,https://cs2tokens.com/iem-cologne-2026/items/sticker-moseyuh-foil-cologne-2026,https://community.akamai.steamstatic.com/economy/image/i0CoZ81Ui0m-9KwlBY1L_18myuGuq1wfhWSaZgMttyVfPaERSR0Wqmu7LAocGJai0ki7VeTHjMmuOXSQ61MnpNWipUruRiL8kYXl5DdT0PShYagjIvGXX2WRxL105LQ5THm2xUkl6z_SzdascXmWOFQkA8MkTLJftRbrmsqnab2gERGXlg,Sticker | Moseyuh (Foil) | Cologne 2026,https://steamcommunity.com/market/listings/730/Sticker%20%7C%20Moseyuh%20%28Foil%29%20%7C%20Cologne%202026,ok
224,50.3,P4,SCORE FIRST,koala,Player,Paper,Autograph,sticker,koala,Sharks Esports,Sharks Esports,4,0.04,4.0,0.04,Steam,False,0.0,Steam around $0.04,0 until scored,Very Cheap,Very Cheap,Medium,4.0,4.0,17.0,116,321.31,65,6.0,0.5823,0.2719,0.4673,0.3644,68.25000000000001,68.25000000000001,0.3064,0.0,0.65,0.0,+68% expected | 0.31 demand | 76% below high | 325% upside | -76% vs launch,"lower highs, 2P new low, unscored",Potentially interesting; needs manual score.,,,,,,,,,0.1,0.0,,,,,https://cs2tokens.com/iem-cologne-2026/items/sticker-koala-cologne-2026,https://community.akamai.steamstatic.com/economy/image/i0CoZ81Ui0m-9KwlBY1L_18myuGuq1wfhWSaZgMttyVfPaERSR0Wqmu7LAocGJai0ki7VeTHjMmuOXSQ61MnpNWipUruRiL6kZfs_GwO7vT-Mfc9JfbDWT_GmOxz4eIwG3uyl0914W2Hm46udHjGawJyCJYkW6dU5eIUHk2D,Sticker | koala | Cologne 2026,https://steamcommunity.com/market/listings/730/Sticker%20%7C%20koala%20%7C%20Cologne%202026,ok
225,50.3,P4,SCORE FIRST,w0nderful,Player,Paper,Autograph,sticker,w0nderful,Natus Vincere,Natus Vincere,16,0.16,16.0,0.16,Steam,False,0.0,Steam around $0.16,0 until scored,Very Cheap,Very Cheap,Low,16.0,14.0,43.0,116,321.31,61,6.0,0.4776,0.2744,0.4054,0.3378,49.37499999999999,49.37499999999999,0.4603,0.0,0.65,0.0,+49% expected | 0.46 demand | 63% below high | 169% upside | -57% vs launch,"lower highs, 2P new low, unscored",2P is cheaper than current Steam but still above Steam's recorded low; wait for a stronger entry.,0.22,,0.22,0.22,,,-57.14285714285713,-37.5,0.1,0.0252,1.0,True,,,https://cs2tokens.com/iem-cologne-2026/items/sticker-w0nderful-cologne-2026,https://community.akamai.steamstatic.com/economy/image/i0CoZ81Ui0m-9KwlBY1L_18myuGuq1wfhWSaZgMttyVfPaERSR0Wqmu7LAocGJai0ki7VeTHjMmuOXSQ61MnpNWipUruRiLmzpjk-DBd-v7gPqU4cvXCWTKTlrYm47VrH3nqxkQm42vTzYr4In2eaAZxCZVzEe8OtQ74zIPoq8N_tA,Sticker | w0nderful | Cologne 2026,https://steamcommunity.com/market/listings/730/Sticker%20%7C%20w0nderful%20%7C%20Cologne%202026,ok
226,50.1,P4,SCORE FIRST,Magnojez,Player,Paper,Autograph,sticker,Magnojez,BetBoom,BetBoom,4,0.04,4.0,0.04,Steam,False,0.0,Steam around $0.04,0 until scored,Very Cheap,Very Cheap,Low,4.0,3.0,21.0,116,321.31,65,6.0,0.5605,0.2763,0.3367,0.37,71.24999999999999,71.24999999999999,0.3424,0.0,0.65,0.0,+71% expected | 0.34 demand | 81% below high | 425% upside | -81% vs launch,"lower highs, 2P new low, unscored",Potentially interesting; needs manual score.,,,,,,,,,0.1,0.0,,,,,https://cs2tokens.com/iem-cologne-2026/items/sticker-magnojez-cologne-2026,https://community.akamai.steamstatic.com/economy/image/i0CoZ81Ui0m-9KwlBY1L_18myuGuq1wfhWSaZgMttyVfPaERSR0Wqmu7LAocGJai0ki7VeTHjMmuOXSQ61MnpNWipUruRiL8n5Hu8ihe9bz3P6Y8IqOVWzbBlb93tLQ_Fyjhxxx_sDuEw96sIiiSZgEoCMF5QOQMrFDmxWrw58dt,Sticker | Magnojez | Cologne 2026,https://steamcommunity.com/market/listings/730/Sticker%20%7C%20Magnojez%20%7C%20Cologne%202026,ok
227,50.0,P4,SCORE FIRST,max,Player,Paper,Autograph,sticker,max,9z Team,9z Team,4,0.04,4.0,0.04,Steam,False,0.0,Steam around $0.04,0 until scored,Very Cheap,Very Cheap,Medium,4.0,3.0,25.0,116,321.31,61,6.0,0.5985,0.2855,0.3453,0.3931,103.5,103.5,0.1924,0.0,0.65,0.0,+104% expected | 0.19 demand | 84% below high | 525% upside | -84% vs launch,"lower highs, 2P new low, unscored",Potentially interesting; needs manual score.,,,,,,,,,0.1,0.0,,,,,https://cs2tokens.com/iem-cologne-2026/items/sticker-max-cologne-2026,https://community.akamai.steamstatic.com/economy/image/i0CoZ81Ui0m-9KwlBY1L_18myuGuq1wfhWSaZgMttyVfPaERSR0Wqmu7LAocGJai0ki7VeTHjMmuOXSQ61MnpNWipUruRiL8n46u-XYDvKX3OvI0I6DGXWXBme915bg4GHmywB9352vWzd76dXLEaAV0WYwwG7BrUT36dA,Sticker | max | Cologne 2026,https://steamcommunity.com/market/listings/730/Sticker%20%7C%20max%20%7C%20Cologne%202026,ok
228,50.0,P4,SCORE FIRST,PR (Foil),Player,Foil,Autograph,sticker,PR,GamerLegion,GamerLegion,37,0.37,37.0,0.37,Steam,False,0.0,Steam around $0.37,0 until scored,Very Cheap,Very Cheap,Medium,37.0,25.0,144.0,116,321.31,60,6.0,0.5412,0.2693,0.4463,0.3452,65.86486486486484,65.86486486486484,0.3984,0.0,0.65,0.0,+66% expected | 0.40 demand | 74% below high | 289% upside | -74% vs launch,"lower highs, 2P new low, unscored",Potentially interesting; needs manual score.,,,,,,,,,0.1,0.0,,,,,https://cs2tokens.com/iem-cologne-2026/items/sticker-pr-foil-cologne-2026,https://community.akamai.steamstatic.com/economy/image/i0CoZ81Ui0m-9KwlBY1L_18myuGuq1wfhWSaZgMttyVfPaERSR0Wqmu7LAocGJai0ki7VeTHjMmuOXSQ61MnpNWipUruRiLhjKnm8itXoaKoPvVvJaiWXT6Wlugi47U_F3rhlhhysDiGyov7cHyUZgUjXsdwRLIU8k7vAoLaA8k,Sticker | PR (Foil) | Cologne 2026,https://steamcommunity.com/market/listings/730/Sticker%20%7C%20PR%20%28Foil%29%20%7C%20Cologne%202026,ok
229,49.9,P4,SCORE FIRST,S1ren (Foil),Player,Foil,Autograph,sticker,S1ren,BetBoom,BetBoom,67,0.66,67.0,0.66,Steam,False,0.0,Steam around $0.66,0 until scored,Very Cheap,Very Cheap,High,67.0,46.0,519.0,116,321.31,60,6.0,0.5782,0.2675,0.5544,0.2928,40.04477611940298,40.04477611940298,0.5633,0.1391,0.65,0.0,+40% expected | 0.56 demand | 87% below high | 675% upside | -42% vs launch,"High crowding, lower highs, 2P new low, unscored",2P is cheaper than current Steam but still above Steam's recorded low; wait for a stronger entry.,3.0,,3.0,3.0,,,-562.0553359683794,-354.5454545454545,0.1,0.0252,1.0,True,,,https://cs2tokens.com/iem-cologne-2026/items/sticker-s1ren-foil-cologne-2026,https://community.akamai.steamstatic.com/economy/image/i0CoZ81Ui0m-9KwlBY1L_18myuGuq1wfhWSaZgMttyVfPaERSR0Wqmu7LAocGJai0ki7VeTHjMmuOXSQ61MnpNWipUruRiLiz4Tl8x1d4PuiJvc-IqDGWzbGlrwg5LM-FyzmwxlzsmyAmNf6ci3BbAZ2X8EjF-MItxSm0oqwjqhFrzA,Sticker | S1ren (Foil) | Cologne 2026,https://steamcommunity.com/market/listings/730/Sticker%20%7C%20S1ren%20%28Foil%29%20%7C%20Cologne%202026,ok
230,49.8,P4,SCORE FIRST,ZywOo (Gold),Player,Gold,Autograph,sticker,ZywOo,Vitality,Vitality,17843,176.65,7070.53,70.0,2P,True,60.37,"2P around $70.00, 60% below Steam",0 until scored,Premium,Premium,Low,17843.0,12876.0,49998.0,116,321.31,57,6.0,0.6768,0.3552,0.4188,0.5018,34.50350277419716,239.42919664374185,0.5087,0.1189,0.65,0.0,+239% expected | 0.51 demand | 2P 60% below Steam | 86% below high | 607% upside,"lower highs, 2P new low, unscored",Potentially interesting; needs manual score.,70.0,,70.0,70.0,,,45.08748869114681,60.37362015284461,0.1,0.1891,1.0,True,,,https://cs2tokens.com/iem-cologne-2026/items/sticker-zywoo-gold-cologne-2026,https://community.akamai.steamstatic.com/economy/image/i0CoZ81Ui0m-9KwlBY1L_18myuGuq1wfhWSaZgMttyVfPaERSR0Wqmu7LAocGJai0ki7VeTHjMmuOXSQ61MnpNWipUruRiLrh4Hv8h1c4P6qJvY5dfHDXj7HlLp35LUxH3zrxhtztm_Un9agIi6WaFcjCpF3ReZeuhGm0oqwxvIUAAE,Sticker | ZywOo (Gold) | Cologne 2026,https://steamcommunity.com/market/listings/730/Sticker%20%7C%20ZywOo%20%28Gold%29%20%7C%20Cologne%202026,ok
231,49.6,P4,SCORE FIRST,FalleN,Player,Paper,Autograph,sticker,FalleN,FURIA,FURIA,79,0.78,49.63,0.49,2P,True,37.18,"2P around $0.49, 37% below Steam",0 until scored,Fair,Fair,Low,79.0,56.0,147.0,116,321.31,61,6.0,0.5604,0.3078,0.4352,0.4091,13.9746835443038,81.42908809093257,0.5823,0.0,0.65,0.0,+81% expected | 0.58 demand | 2P 37% below Steam | 66% below high | 196% upside,"lower highs, 2P new low, unscored",Potentially interesting; needs manual score.,0.49,,0.49,0.49,,,11.378205128205126,37.17948717948718,0.1,0.1053,1.0,True,,,https://cs2tokens.com/iem-cologne-2026/items/sticker-fallen-cologne-2026,https://community.akamai.steamstatic.com/economy/image/i0CoZ81Ui0m-9KwlBY1L_18myuGuq1wfhWSaZgMttyVfPaERSR0Wqmu7LAocGJai0ki7VeTHjMmuOXSQ61MnpNWipUruRiL3n5rs-CwVuKr6OfNuIvSQVmGTl7gk5rQ_TX7nxRx04muHw46sdn7DbFAnW8NwQ_lK7EepxJSo3g,Sticker | FalleN | Cologne 2026,https://steamcommunity.com/market/listings/730/Sticker%20%7C%20FalleN%20%7C%20Cologne%202026,ok
232,49.6,P4,SCORE FIRST,alex666,Player,Paper,Autograph,sticker,alex666,B8,B8,4,0.04,4.0,0.04,Steam,False,0.0,Steam around $0.04,0 until scored,Very Cheap,Very Cheap,Medium,4.0,4.0,21.0,116,321.31,63,6.0,0.6051,0.2696,0.495,0.3682,80.0,80.0,0.1546,0.0,0.65,0.0,+80% expected | 0.15 demand | 81% below high | 425% upside | -81% vs launch,"lower highs, 2P new low, unscored",Potentially interesting; needs manual score.,,,,,,,,,0.1,0.0,,,,,https://cs2tokens.com/iem-cologne-2026/items/sticker-alex666-cologne-2026,https://community.akamai.steamstatic.com/economy/image/i0CoZ81Ui0m-9KwlBY1L_18myuGuq1wfhWSaZgMttyVfPaERSR0Wqmu7LAocGJai0ki7VeTHjMmuOXSQ61MnpNWipUruRiLwkpP4q3QNoaH2PqA9IqHCC2WRlLcmsrNsHXvmlxh_4DuEmY6geS2RbQZxCJRzTbQU8k7vO0VhnUg,Sticker | alex666 | Cologne 2026,https://steamcommunity.com/market/listings/730/Sticker%20%7C%20alex666%20%7C%20Cologne%202026,ok
233,49.5,P4,SCORE FIRST,mzinho,Player,Paper,Autograph,sticker,mzinho,The MongolZ,The MongolZ,7,0.07,7.0,0.07,Steam,False,0.0,Steam around $0.07,0 until scored,Very Cheap,Very Cheap,Low,7.0,7.0,32.0,116,321.31,61,6.0,0.5608,0.2805,0.3448,0.3745,82.85714285714288,82.85714285714288,0.1278,0.0,0.65,0.0,+83% expected | 0.13 demand | 78% below high | 357% upside | -78% vs launch,"lower highs, 2P new low, unscored",2P is cheaper than current Steam but still above Steam's recorded low; wait for a stronger entry.,0.11,,0.11,0.11,,,-57.14285714285713,-57.14285714285713,0.1,0.0252,1.0,True,,,https://cs2tokens.com/iem-cologne-2026/items/sticker-mzinho-cologne-2026,https://community.akamai.steamstatic.com/economy/image/i0CoZ81Ui0m-9KwlBY1L_18myuGuq1wfhWSaZgMttyVfPaERSR0Wqmu7LAocGJai0ki7VeTHjMmuOXSQ61MnpNWipUruRiL8hJ_u9S0VtqD4MPQ1damVX2HBmLkv6bI7G37kkR5_sTjQz9-gIy3EbAckCJckRflK7Edohtx6DA,Sticker | mzinho | Cologne 2026,https://steamcommunity.com/market/listings/730/Sticker%20%7C%20mzinho%20%7C%20Cologne%202026,ok
234,49.5,P4,SCORE FIRST,Bymas (Foil),Player,Foil,Autograph,sticker,Bymas,Monte,Monte,32,0.32,32.0,0.32,Steam,False,0.0,Steam around $0.32,0 until scored,Very Cheap,Very Cheap,Medium,32.0,19.0,135.0,116,321.31,60,6.0,0.5418,0.2658,0.3919,0.3493,66.90624999999999,66.90624999999999,0.3868,0.0,0.65,0.0,+67% expected | 0.39 demand | 76% below high | 322% upside | -76% vs launch,"lower highs, 2P new low, unscored",2P is cheaper than current Steam but still above Steam's recorded low; wait for a stronger entry.,68.91,,68.91,68.91,,,-36168.42105263158,-21434.375,0.1,0.0252,1.0,True,68.91,,https://cs2tokens.com/iem-cologne-2026/items/sticker-bymas-foil-cologne-2026,https://community.akamai.steamstatic.com/economy/image/i0CoZ81Ui0m-9KwlBY1L_18myuGuq1wfhWSaZgMttyVfPaERSR0Wqmu7LAocGJai0ki7VeTHjMmuOXSQ61MnpNWipUruRiLzh5vh7h1d4PuiJvBpdfLBXj7GxL4ituM5Sn2wxUx05D_TmIn8JyrGOFR2DZZxR7VbtxWm0oqwwjYgnAI,Sticker | Bymas (Foil) | Cologne 2026,https://steamcommunity.com/market/listings/730/Sticker%20%7C%20Bymas%20%28Foil%29%20%7C%20Cologne%202026,ok
235,49.4,P4,SCORE FIRST,Rainwaker (Foil),Player,Foil,Autograph,sticker,Rainwaker,Monte,Monte,30,0.3,30.0,0.3,Steam,False,0.0,Steam around $0.30,0 until scored,Very Cheap,Very Cheap,Medium,30.0,20.0,147.0,116,321.31,60,6.0,0.573,0.2733,0.3808,0.3691,77.70000000000002,77.70000000000002,0.2605,0.0,0.65,0.0,+78% expected | 0.26 demand | 80% below high | 390% upside | -80% vs launch,"lower highs, 2P new low, unscored",2P is cheaper than current Steam but still above Steam's recorded low; wait for a stronger entry.,0.63,,0.63,0.63,,,-215.00000000000003,-110.0,0.1,0.0252,1.0,True,,,https://cs2tokens.com/iem-cologne-2026/items/sticker-rainwaker-foil-cologne-2026,https://community.akamai.steamstatic.com/economy/image/i0CoZ81Ui0m-9KwlBY1L_18myuGuq1wfhWSaZgMttyVfPaERSR0Wqmu7LAocGJai0ki7VeTHjMmuOXSQ61MnpNWipUruRiLjn5_u6iNQ6uCRbqtkLL7EW2aWmLYg5rM_SSjizURysjzQn479cCqeOwMjWMd3Q7IK4RbpxIWyKaq8sEJa-mxP,Sticker | Rainwaker (Foil) | Cologne 2026,https://steamcommunity.com/market/listings/730/Sticker%20%7C%20Rainwaker%20%28Foil%29%20%7C%20Cologne%202026,ok
236,49.2,P4,SCORE FIRST,SINNERS (Gold),Team,Gold,Team,sticker,,,,90016,891.16,6410.09,63.46,2P,True,92.88,"2P around $63.46, 93% below Steam",0 until scored,Premium,Premium,Medium,90016.0,4340.0,154168.0,116,321.31,57,6.0,0.7115,0.3495,0.4069,0.4932,-48.94269907571987,616.9906128534741,0.7733,0.1376,0.65,0.0,+617% expected | 0.77 demand | 2P 93% below Steam | 96% below high | 2305% upside,"lower highs, 2P new low, unscored",2P is cheaper than current Steam but still above Steam's recorded low; wait for a stronger entry.,63.46,,63.46,63.46,,,-47.69791477705338,92.87894429732034,0.1,0.0477,1.0,True,,,https://cs2tokens.com/iem-cologne-2026/items/sticker-sinners-gold-cologne-2026,https://community.akamai.steamstatic.com/economy/image/i0CoZ81Ui0m-9KwlBY1L_18myuGuq1wfhWSaZgMttyVfPaERSR0Wqmu7LAocGJai0ki7VeTHjMmuOXSQ61MnpNWipUruTxPOmZns-WxfuvP8PaVveaLCCGPHlbsk47I7Fiq2xEh_6m3UzI6hdC6RbAcnWJV1W6dU5cQuowCD,Sticker | SINNERS (Gold) | Cologne 2026,https://steamcommunity.com/market/listings/730/Sticker%20%7C%20SINNERS%20%28Gold%29%20%7C%20Cologne%202026,ok
237,49.0,P4,SCORE FIRST,arT,Player,Paper,Autograph,sticker,arT,Legacy,Legacy,4,0.04,4.0,0.04,Steam,False,0.0,Steam around $0.04,0 until scored,Very Cheap,Very Cheap,Low,4.0,3.0,24.0,116,321.31,61,6.0,0.5776,0.2745,0.3351,0.3764,92.5,92.5,0.1424,0.0,0.65,0.0,+92% expected | 0.14 demand | 83% below high | 500% upside | -83% vs launch,"lower highs, 2P new low, unscored",Potentially interesting; needs manual score.,,,,,,,,,0.1,0.0,,,,,https://cs2tokens.com/iem-cologne-2026/items/sticker-art-cologne-2026,https://community.akamai.steamstatic.com/economy/image/i0CoZ81Ui0m-9KwlBY1L_18myuGuq1wfhWSaZgMttyVfPaERSR0Wqmu7LAocGJai0ki7VeTHjMmuOXSQ61MnpNWipUruRiLwjIKurnoOvqH2a_M4dKLKXzSUk7t36bNsFnvkzEV15Wrcw9j7IHOQbAMhXowwG7DBpfz0Gg,Sticker | arT | Cologne 2026,https://steamcommunity.com/market/listings/730/Sticker%20%7C%20arT%20%7C%20Cologne%202026,ok
238,48.9,P4,SCORE FIRST,MAJ3R (Foil),Player,Foil,Autograph,sticker,MAJ3R,Aurora,Aurora,31,0.31,31.0,0.31,Steam,False,0.0,Steam around $0.31,0 until scored,Very Cheap,Very Cheap,Medium,31.0,20.0,152.0,116,321.31,62,6.0,0.562,0.2611,0.4101,0.3457,69.03225806451611,69.03225806451611,0.316,0.0,0.65,0.0,+69% expected | 0.32 demand | 80% below high | 390% upside | -80% vs launch,"lower highs, 2P new low, unscored",2P is cheaper than current Steam but still above Steam's recorded low; wait for a stronger entry.,0.52,,0.52,0.52,,,-160.00000000000006,-67.74193548387098,0.1,0.0252,1.0,True,,,https://cs2tokens.com/iem-cologne-2026/items/sticker-maj3r-foil-cologne-2026,https://community.akamai.steamstatic.com/economy/image/i0CoZ81Ui0m-9KwlBY1L_18myuGuq1wfhWSaZgMttyVfPaERSR0Wqmu7LAocGJai0ki7VeTHjMmuOXSQ61MnpNWipUruRiL8n5yz7x1d4PuiJv09dKnAXzSTkO9y6LhtHHG3lBh342WEwtquJSqXaAFzDJoiQ-QLshim0oqw3ST2ft8,Sticker | MAJ3R (Foil) | Cologne 2026,https://steamcommunity.com/market/listings/730/Sticker%20%7C%20MAJ3R%20%28Foil%29%20%7C%20Cologne%202026,ok
239,48.6,P4,SCORE FIRST,Jee (Gold),Player,Gold,Autograph,sticker,Jee,TYLOO,TYLOO,13287,131.54,1343.45,13.3,2P,True,89.89,"2P around $13.30, 90% below Steam",0 until scored,Premium,Premium,High,13287.0,2442.0,37406.0,116,321.31,57,6.0,0.7634,0.3353,0.4995,0.5169,-27.35643862421916,618.4612077721963,0.5055,0.0,0.65,0.0,+618% expected | 0.51 demand | 2P 90% below Steam | 96% below high | 2684% upside,"High crowding, lower highs, 2P new low, unscored",Potentially interesting; needs manual score.,13.3,,13.3,13.3,,,44.98576492646737,89.88900714611525,0.1,0.196,1.0,True,,,https://cs2tokens.com/iem-cologne-2026/items/sticker-jee-gold-cologne-2026,https://community.akamai.steamstatic.com/economy/image/i0CoZ81Ui0m-9KwlBY1L_18myuGuq1wfhWSaZgMttyVfPaERSR0Wqmu7LAocGJai0ki7VeTHjMmuOXSQ61MnpNWipUruRiL7m5Pf-i1X67ysafI-daeWXT6Sw-8g5OcxFnjlxRhy6juAy9iocy-VbFVxW5p4FOVcrFDmxdXaqVgX,Sticker | Jee (Gold) | Cologne 2026,https://steamcommunity.com/market/listings/730/Sticker%20%7C%20Jee%20%28Gold%29%20%7C%20Cologne%202026,ok
240,48.6,P4,SCORE FIRST,BELCHONOKK (Foil),Player,Foil,Autograph,sticker,BELCHONOKK,PARIVISION,PARIVISION,33,0.33,33.0,0.33,Steam,False,0.0,Steam around $0.33,0 until scored,Very Cheap,Very Cheap,Medium,33.0,22.0,168.0,116,321.31,60,6.0,0.5728,0.2608,0.4706,0.3378,76.99999999999999,76.99999999999999,0.256,0.0,0.65,0.0,+77% expected | 0.26 demand | 80% below high | 409% upside | -80% vs launch,"lower highs, 2P new low, unscored",2P is cheaper than current Steam but still above Steam's recorded low; wait for a stronger entry.,0.62,,0.62,0.62,,,-181.81818181818184,-87.87878787878786,0.1,0.0252,1.0,True,,,https://cs2tokens.com/iem-cologne-2026/items/sticker-belchonokk-foil-cologne-2026,https://community.akamai.steamstatic.com/economy/image/i0CoZ81Ui0m-9KwlBY1L_18myuGuq1wfhWSaZgMttyVfPaERSR0Wqmu7LAocGJai0ki7VeTHjMmuOXSQ61MnpNWipUruRiLzm5rj9S1V4PmlV6JiKfzdXjbBkO1wtrhqH3jjxhsh6mTdzI2sIC6WPVMpWZpzROdfsUK5k4G1PvSiuVJmZVmwJA,Sticker | BELCHONOKK (Foil) | Cologne 2026,https://steamcommunity.com/market/listings/730/Sticker%20%7C%20BELCHONOKK%20%28Foil%29%20%7C%20Cologne%202026,ok
241,48.1,P4,SCORE FIRST,BELCHONOKK,Player,Paper,Autograph,sticker,BELCHONOKK,PARIVISION,PARIVISION,4,0.04,4.0,0.04,Steam,False,0.0,Steam around $0.04,0 until scored,Very Cheap,Very Cheap,Medium,4.0,3.0,28.0,116,321.31,61,6.0,0.5917,0.264,0.3473,0.365,91.0,91.0,0.1493,0.0,0.65,0.0,+91% expected | 0.15 demand | 86% below high | 600% upside | -86% vs launch,"lower highs, 2P new low, unscored",Potentially interesting; needs manual score.,,,,,,,,,0.1,0.0,,,,,https://cs2tokens.com/iem-cologne-2026/items/sticker-belchonokk-cologne-2026,https://community.akamai.steamstatic.com/economy/image/i0CoZ81Ui0m-9KwlBY1L_18myuGuq1wfhWSaZgMttyVfPaERSR0Wqmu7LAocGJai0ki7VeTHjMmuOXSQ61MnpNWipUruRiLzm5rj9S1V4PmlJv01JfTCDz_JxOsg5-I6FnvgkR9-sGXSzdaqcniTPA8mWZZyTbZY4EWm0oqwmoqMPJc,Sticker | BELCHONOKK | Cologne 2026,https://steamcommunity.com/market/listings/730/Sticker%20%7C%20BELCHONOKK%20%7C%20Cologne%202026,ok
242,48.1,P4,SCORE FIRST,Brollan,Player,Paper,Autograph,sticker,Brollan,MOUZ,MOUZ,4,0.04,4.0,0.04,Steam,False,0.0,Steam around $0.04,0 until scored,Very Cheap,Very Cheap,Medium,4.0,3.0,26.0,116,321.31,63,6.0,0.5862,0.2609,0.3594,0.3564,85.75,85.75,0.2109,0.0,0.65,0.0,+86% expected | 0.21 demand | 85% below high | 550% upside | -85% vs launch,"lower highs, 2P new low, unscored",Potentially interesting; needs manual score.,,,,,,,,,0.1,0.0,,,,,https://cs2tokens.com/iem-cologne-2026/items/sticker-brollan-cologne-2026,https://community.akamai.steamstatic.com/economy/image/i0CoZ81Ui0m-9KwlBY1L_18myuGuq1wfhWSaZgMttyVfPaERSR0Wqmu7LAocGJai0ki7VeTHjMmuOXSQ61MnpNWipUruRiLzjJns8SNVofSvOPw8cKTBXmaTmOghsrI6Si3jxUUmsm7Vyd2rdS2XPwYnDJBzF7IU8k7vS0Wx_5I,Sticker | Brollan | Cologne 2026,https://steamcommunity.com/market/listings/730/Sticker%20%7C%20Brollan%20%7C%20Cologne%202026,ok
243,47.9,P4,SCORE FIRST,Moseyuh (Gold),Player,Gold,Autograph,sticker,Moseyuh,TYLOO,TYLOO,2654,26.27,1167.88,11.56,2P,True,56.0,"2P around $11.56, 56% below Steam",0 until scored,Premium,Premium,Medium,2654.0,996.0,6188.0,116,321.31,57,6.0,0.7047,0.3314,0.4563,0.5129,16.603993971363984,164.9815676148557,0.5497,0.0903,0.65,0.0,+165% expected | 0.55 demand | 2P 56% below Steam | 81% below high | 430% upside,"lower highs, 2P new low, unscored",Potentially interesting; needs manual score.,11.56,,11.56,11.56,,,-17.25715194237169,55.99543205177008,0.1,0.096,1.0,True,,,https://cs2tokens.com/iem-cologne-2026/items/sticker-moseyuh-gold-cologne-2026,https://community.akamai.steamstatic.com/economy/image/i0CoZ81Ui0m-9KwlBY1L_18myuGuq1wfhWSaZgMttyVfPaERSR0Wqmu7LAocGJai0ki7VeTHjMmuOXSQ61MnpNWipUruRiL8kYXl5DdT0PWhZKAjc_TGDD7Bkrsn47c5GnHjxkpx5TvRmd6rdHLFPQFzXMAlFuEP4xi5kcqnab1Ts7B7Ow,Sticker | Moseyuh (Gold) | Cologne 2026,https://steamcommunity.com/market/listings/730/Sticker%20%7C%20Moseyuh%20%28Gold%29%20%7C%20Cologne%202026,ok
244,47.4,P4,SCORE FIRST,Vitality (Foil),Team,Foil,Team,sticker,,Vitality,Vitality,541,5.36,295.73,2.93,2P,True,45.34,"2P around $2.93, 45% below Steam",0 until scored,Fair,Fair,Medium,541.0,404.0,994.0,116,321.31,60,6.0,0.6365,0.3012,0.3551,0.4356,26.560073937153422,131.5228656324718,0.2229,0.0,0.65,0.0,+132% expected | 0.22 demand | 2P 45% below Steam | 70% below high | 236% upside,"lower highs, 2P new low, unscored",Potentially interesting; needs manual score.,2.93,,2.93,2.93,,,26.79871065464755,45.33582089552239,0.1,0.142,1.0,True,,,https://cs2tokens.com/iem-cologne-2026/items/sticker-vitality-foil-cologne-2026,https://community.akamai.steamstatic.com/economy/image/i0CoZ81Ui0m-9KwlBY1L_18myuGuq1wfhWSaZgMttyVfPaERSR0Wqmu7LAocGJai0ki7VeTHjMmuOXSQ61MnpNWipU_uVRzOmJnp8WwN7qb7PvJsJfSRXWHGwOx04LJsG3_qlk4h52_Szdn4cy6QZ1MmA5IjW6dU5eUoiClV,Sticker | Vitality (Foil) | Cologne 2026,https://steamcommunity.com/market/listings/730/Sticker%20%7C%20Vitality%20%28Foil%29%20%7C%20Cologne%202026,ok
245,47.1,P4,SCORE FIRST,donk,Player,Paper,Autograph,sticker,donk,Team Spirit,Team Spirit,217,2.15,59.55,0.59,2P,True,72.56,"2P around $0.59, 73% below Steam",0 until scored,Expensive,Fair,High,217.0,143.0,517.0,116,321.31,61,6.0,0.6541,0.3205,0.5166,0.4269,39.953917050691246,410.0015621338749,0.3188,0.0,0.65,0.0,+410% expected | 0.32 demand | 2P 73% below Steam | 88% below high | 768% upside,"High crowding, lower highs, 2P new low, unscored",Potentially interesting; needs manual score.,0.59,,0.59,0.59,,,58.357456496991375,72.55813953488372,0.1,0.196,1.0,True,,,https://cs2tokens.com/iem-cologne-2026/items/sticker-donk-cologne-2026,https://community.akamai.steamstatic.com/economy/image/i0CoZ81Ui0m-9KwlBY1L_18myuGuq1wfhWSaZgMttyVfPaERSR0Wqmu7LAocGJai0ki7VeTHjMmuOXSQ61MnpNWipUruRiL1kZjrsyFeuqD_bKA1I6DAVmSRlbp05-VvHXG1wkgm6m7Wz42tdHKWaQEjCcZuBbldZ0qdEZc,Sticker | donk | Cologne 2026,https://steamcommunity.com/market/listings/730/Sticker%20%7C%20donk%20%7C%20Cologne%202026,ok
246,46.5,P4,SCORE FIRST,esenthial (Gold),Player,Gold,Autograph,sticker,esenthial,B8,B8,1695,16.78,575.77,5.7,2P,True,66.03,"2P around $5.70, 66% below Steam",0 until scored,Premium,Expensive,Medium,1695.0,183.0,3887.0,116,321.31,57,6.0,0.664,0.3315,0.4866,0.4585,-0.3327433628318665,193.40641515292657,0.5194,0.0552,0.65,0.0,+193% expected | 0.52 demand | 2P 66% below Steam | 85% below high | 575% upside,"lower highs, 2P new low, unscored",2P is cheaper than current Steam but still above Steam's recorded low; wait for a stronger entry.,5.7,,5.7,5.7,,,-214.63100099650245,66.03098927294398,0.1,0.0464,1.0,True,,,https://cs2tokens.com/iem-cologne-2026/items/sticker-esenthial-gold-cologne-2026,https://community.akamai.steamstatic.com/economy/image/i0CoZ81Ui0m-9KwlBY1L_18myuGuq1wfhWSaZgMttyVfPaERSR0Wqmu7LAocGJai0ki7VeTHjMmuOXSQ61MnpNWipUruRiL0jZPu6SpS7v6Rb6thJL7KVjCUkepysbZqHCznxUh0426Am9yueXzEP1QpC5MhE-RZtES_m4C2Kaq8sPRJb4ui,Sticker | esenthial (Gold) | Cologne 2026,https://steamcommunity.com/market/listings/730/Sticker%20%7C%20esenthial%20%28Gold%29%20%7C%20Cologne%202026,ok
247,46.5,P4,SCORE FIRST,NEKiZ (Gold),Player,Gold,Autograph,sticker,NEKiZ,,,1101,10.9,406.06,4.02,2P,True,63.12,"2P around $4.02, 63% below Steam",0 until scored,Premium,Expensive,High,1101.0,143.0,3427.0,116,321.31,57,6.0,0.683,0.3316,0.5088,0.4539,38.59218891916441,275.7847908504708,0.4941,0.0,0.65,0.0,+276% expected | 0.49 demand | 2P 63% below Steam | 88% below high | 744% upside,"High crowding, lower highs, 2P new low, unscored",2P is cheaper than current Steam but still above Steam's recorded low; wait for a stronger entry.,4.02,,4.02,4.02,,,-183.95586065310832,63.11926605504588,0.1,0.0455,1.0,True,,,https://cs2tokens.com/iem-cologne-2026/items/sticker-nekiz-gold-cologne-2026,https://community.akamai.steamstatic.com/economy/image/i0CoZ81Ui0m-9KwlBY1L_18myuGuq1wfhWSaZgMttyVfPaERSR0Wqmu7LAocGJai0ki7VeTHjMmuOXSQ61MnpNWipUruRiL_m53p5x1c4P6qJvM6IaeVWjLGxb8l4-Q7G3jml0p04zjTzt-gI36SZlJxXpAmQOcPsEKm0oqwbp8jurc,Sticker | NEKiZ (Gold) | Cologne 2026,https://steamcommunity.com/market/listings/730/Sticker%20%7C%20NEKiZ%20%28Gold%29%20%7C%20Cologne%202026,ok
248,45.5,P4,SCORE FIRST,alex666 (Gold),Player,Gold,Autograph,sticker,alex666,B8,B8,2951,29.21,1180.0,11.68,2P,True,60.01,"2P around $11.68, 60% below Steam",0 until scored,Premium,Premium,High,2951.0,995.0,7821.0,116,321.31,57,6.0,0.7052,0.3128,0.4408,0.4807,-12.958658082006092,117.67787649183236,0.5047,0.0,0.65,0.0,+118% expected | 0.50 demand | 2P 60% below Steam | 85% below high | 563% upside,"High crowding, lower highs, 2P new low, unscored",Potentially interesting; needs manual score.,11.68,,11.68,11.68,,,-18.592551941494524,60.01369394043136,0.1,0.0989,1.0,True,,,https://cs2tokens.com/iem-cologne-2026/items/sticker-alex666-gold-cologne-2026,https://community.akamai.steamstatic.com/economy/image/i0CoZ81Ui0m-9KwlBY1L_18myuGuq1wfhWSaZgMttyVfPaERSR0Wqmu7LAocGJai0ki7VeTHjMmuOXSQ61MnpNWipUruRiLwkpP4q3QN0PWhZKAjdajACDeRxepytLY7Sirrlxtx52vQyd6uJC6SZw9xW5AlTeJb40O-m8qnab0txe-AKw,Sticker | alex666 (Gold) | Cologne 2026,https://steamcommunity.com/market/listings/730/Sticker%20%7C%20alex666%20%28Gold%29%20%7C%20Cologne%202026,ok
249,44.9,P4,SCORE FIRST,z4KR (Foil),Player,Foil,Autograph,sticker,z4KR,Lynn Vision,Lynn Vision,199,1.97,62.63,0.62,2P,True,68.53,"2P around $0.62, 69% below Steam",0 until scored,Fair,Very Cheap,High,199.0,36.0,246.0,116,321.31,60,6.0,0.5779,0.2965,0.3079,0.3846,-35.38693467336683,105.3028043443022,0.5588,0.124,0.65,0.0,+105% expected | 0.56 demand | 2P 69% below Steam | 75% below high | 293% upside,"High crowding, lower highs, 2P new low, unscored",2P is cheaper than current Steam but still above Steam's recorded low; wait for a stronger entry.,0.62,,0.62,0.62,,,-73.97067117879301,68.52791878172589,0.1,0.0472,1.0,True,,,https://cs2tokens.com/iem-cologne-2026/items/sticker-z4kr-foil-cologne-2026,https://community.akamai.steamstatic.com/economy/image/i0CoZ81Ui0m-9KwlBY1L_18myuGuq1wfhWSaZgMttyVfPaERSR0Wqmu7LAocGJai0ki7VeTHjMmuOXSQ61MnpNWipUruRiLryp3ywiRU5v7gOaU8dqPFWWLDwrkv47A4HiuykEhy5GXTyNqsIHKRalJxX5F3E-VfsQ74zIMyvz9yOw,Sticker | z4KR (Foil) | Cologne 2026,https://steamcommunity.com/market/listings/730/Sticker%20%7C%20z4KR%20%28Foil%29%20%7C%20Cologne%202026,ok
250,48.8,P4,WAIT FOR DROP,Jimpphat (Holo),Player,Holo,Autograph,sticker,Jimpphat,MOUZ,MOUZ,327,3.24,135.24,1.34,UUSkins,True,58.64,"UUSkins around $1.34, 59% below Steam",0,Fair,Cheap,High,327.0,104.0,1038.0,124,321.31,64,5.3,0.6889,0.3571,0.5671,0.5135,52.15290519877676,267.89209913734084,0.822,0.0,1.0,1.0,+268% expected | 0.82 demand | UUSkins 59% below Steam | 87% below high | 668% upside,"High crowding, lower highs, 2P still falling, 2P new low, modest quality score",2P market is still making lower lows; wait for stabilization before adding.,1.34,1.48,1.34,1.48,-9.459459459459453,,-30.039173789173795,58.64197530864198,0.68,0.0672,2.0,True,2.46,1.34,https://cs2tokens.com/iem-cologne-2026/items/sticker-jimpphat-holo-cologne-2026,https://community.akamai.steamstatic.com/economy/image/i0CoZ81Ui0m-9KwlBY1L_18myuGuq1wfhWSaZgMttyVfPaERSR0Wqmu7LAocGJai0ki7VeTHjMmuOXSQ61MnpNWipUruRiL7l5vw7Spa-82mZ6hibvXBXWHCx75ysrcwHijhlk5-tjmBw92vInnGbAJyWMB5EeUKtUS6loX5d7S1zp86wso,Sticker | Jimpphat (Holo) | Cologne 2026,https://steamcommunity.com/market/listings/730/Sticker%20%7C%20Jimpphat%20%28Holo%29%20%7C%20Cologne%202026,ok
251,48.4,P4,WAIT FOR DROP,cmtry (Holo),Player,Holo,Autograph,sticker,cmtry,,,262,2.59,149.71,1.48,UUSkins,True,42.86,"UUSkins around $1.48, 43% below Steam",0,Fair,Cheap,Low,262.0,91.0,697.0,124,321.31,66,5.05,0.6105,0.3483,0.5478,0.4961,19.496183206106863,109.11832061068698,0.8206,0.0,1.0,1.0,+109% expected | 0.82 demand | UUSkins 43% below Steam | 79% below high | 366% upside,"lower highs, 2P still falling, 2P new low, modest quality score",2P market is still making lower lows; wait for stabilization before adding.,1.48,1.54,1.48,1.63,-3.8961038961038974,-3.251533742331287,-64.52119309262166,42.85714285714285,0.68,0.1141,4.0,True,2.14,1.48,https://cs2tokens.com/iem-cologne-2026/items/sticker-cmtry-holo-cologne-2026,https://community.akamai.steamstatic.com/economy/image/i0CoZ81Ui0m-9KwlBY1L_18myuGuq1wfhWSaZgMttyVfPaERSR0Wqmu7LAocGJai0ki7VeTHjMmuOXSQ61MnpNWipUruRiLyk4Ly5B1T4P6hJvdpeabCXzbIkrku5rJrSirrwRty4WqHy9-oJH-Qag4mW5chEbUK5BGm0oqw6bmJ8gI,Sticker | cmtry (Holo) | Cologne 2026,https://steamcommunity.com/market/listings/730/Sticker%20%7C%20cmtry%20%28Holo%29%20%7C%20Cologne%202026,ok
252,48.2,P4,WAIT FOR DROP,cobra (Holo),Player,Holo,Autograph,sticker,cobra,The MongolZ,The MongolZ,409,4.05,148.45,1.47,UUSkins,True,63.7,"UUSkins around $1.47, 64% below Steam",0,Expensive,Cheap,Medium,409.0,83.0,2100.0,124,321.31,66,5.75,0.6685,0.3955,0.5341,0.5052,49.64792176039119,312.29529464597573,0.7118,0.0478,1.0,1.0,+312% expected | 0.71 demand | UUSkins 64% below Steam | 93% below high | 1315% upside,"lower highs, 2P still falling, 2P new low, modest quality score",2P market is still making lower lows; wait for stabilization before adding.,1.47,1.54,1.47,2.08,-4.545454545454552,-11.249999999999998,-78.85765283355647,63.70370370370371,0.68,0.1409,4.0,True,10.14,1.47,https://cs2tokens.com/iem-cologne-2026/items/sticker-cobra-holo-cologne-2026,https://community.akamai.steamstatic.com/economy/image/i0CoZ81Ui0m-9KwlBY1L_18myuGuq1wfhWSaZgMttyVfPaERSR0Wqmu7LAocGJai0ki7VeTHjMmuOXSQ61MnpNWipUruRiLykZTy_B1T4P6hJqA0I_XKWD6RmOtytrc7HHjhwBgh422Gyt_6JHrGbwMjDZRxEOdc4RCm0oqwkK52hwQ,Sticker | cobra (Holo) | Cologne 2026,https://steamcommunity.com/market/listings/730/Sticker%20%7C%20cobra%20%28Holo%29%20%7C%20Cologne%202026,ok
253,47.9,P4,WAIT FOR DROP,faveN (Holo),Player,Holo,Autograph,sticker,faveN,BIG,BIG,322,3.19,52.49,0.52,UUSkins,True,83.7,"UUSkins around $0.52, 84% below Steam",0,Fair,Very Cheap,High,322.0,42.0,1926.0,124,321.31,64,5.0,0.7371,0.3401,0.6007,0.5223,28.105590062111794,685.8785236502627,0.619,0.0,1.0,1.0,+686% expected | 0.62 demand | UUSkins 84% below Steam | 97% below high | 3569% upside,"High crowding, lower highs, 2P still falling, 2P new low, modest quality score",2P market is still making lower lows; wait for stabilization before adding.,0.52,0.52,0.52,0.62,0.0,-4.516129032258073,-24.97387669801464,83.69905956112854,0.68,0.1863,5.0,True,1.02,0.52,https://cs2tokens.com/iem-cologne-2026/items/sticker-faven-holo-cologne-2026,https://community.akamai.steamstatic.com/economy/image/i0CoZ81Ui0m-9KwlBY1L_18myuGuq1wfhWSaZgMttyVfPaERSR0Wqmu7LAocGJai0ki7VeTHjMmuOXSQ61MnpNWipUruRiL3n4Dl8x1T4P6hJqVuJKWSWmLHlr515rA5GHngkxl_sWrRnoqrdSqVOFd0A5R2FLMJ5xOm0oqwYWGCiP8,Sticker | faveN (Holo) | Cologne 2026,https://steamcommunity.com/market/listings/730/Sticker%20%7C%20faveN%20%28Holo%29%20%7C%20Cologne%202026,ok
254,47.6,P4,WAIT FOR DROP,afro (Holo),Player,Holo,Autograph,sticker,afro,Monte,Monte,237,2.35,86.73,0.86,UUSkins,True,63.4,"UUSkins around $0.86, 63% below Steam",0,Fair,Very Cheap,High,237.0,56.0,735.0,124,321.31,64,4.45,0.6793,0.3403,0.5772,0.5054,29.282700421940923,253.27249533902463,0.6627,0.0,1.0,1.0,+253% expected | 0.66 demand | UUSkins 63% below Steam | 88% below high | 747% upside,"High crowding, lower highs, 2P still falling, 2P new low, modest quality score",2P market is still making lower lows; wait for stabilization before adding.,0.86,0.87,0.86,1.04,-1.1494252873563204,-3.653846153846172,-54.87841945288753,63.40425531914894,0.68,0.1757,5.0,True,3.5,0.86,https://cs2tokens.com/iem-cologne-2026/items/sticker-afro-holo-cologne-2026,https://community.akamai.steamstatic.com/economy/image/i0CoZ81Ui0m-9KwlBY1L_18myuGuq1wfhWSaZgMttyVfPaERSR0Wqmu7LAocGJai0ki7VeTHjMmuOXSQ61MnpNWipUruRiLwmITvwipU4_3gPKY1efTCXTKUkr4i4uI8GX3ikBwht2WBn9-oJH2fbFVzA5AjTOYK4A74zIN0ZMqNlQ,Sticker | afro (Holo) | Cologne 2026,https://steamcommunity.com/market/listings/730/Sticker%20%7C%20afro%20%28Holo%29%20%7C%20Cologne%202026,ok
255,47.4,P4,WAIT FOR DROP,saadzin (Holo),Player,Holo,Autograph,sticker,saadzin,Legacy,Legacy,227,2.25,104.92,1.04,UUSkins,True,53.78,"UUSkins around $1.04, 54% below Steam",0,Fair,Cheap,High,227.0,42.0,1375.0,124,321.31,64,5.15,0.6593,0.3503,0.5675,0.4597,51.73127753303965,228.2647831243646,0.7376,0.0,1.0,1.0,+228% expected | 0.74 demand | UUSkins 54% below Steam | 92% below high | 1210% upside,"High crowding, lower highs, 2P still falling, 2P new low, modest quality score",2P market is still making lower lows; wait for stabilization before adding.,1.04,1.11,1.04,1.11,-6.3063063063063085,,-149.82010582010582,53.77777777777778,0.68,0.0641,2.0,True,1.15,1.04,https://cs2tokens.com/iem-cologne-2026/items/sticker-saadzin-holo-cologne-2026,https://community.akamai.steamstatic.com/economy/image/i0CoZ81Ui0m-9KwlBY1L_18myuGuq1wfhWSaZgMttyVfPaERSR0Wqmu7LAocGJai0ki7VeTHjMmuOXSQ61MnpNWipUruRiLin5fk5ytV0PqhZKsjcKTAXTHDlr9ztbRvHy22xkskt2rQzdiocnvFZw52WZBxTOIDtxK5wMqnab0VREJbAw,Sticker | saadzin (Holo) | Cologne 2026,https://steamcommunity.com/market/listings/730/Sticker%20%7C%20saadzin%20%28Holo%29%20%7C%20Cologne%202026,ok
256,46.7,P4,WAIT FOR DROP,br0 (Holo),Player,Holo,Autograph,sticker,br0,NRG,NRG,568,5.62,253.68,2.51,UUSkins,True,55.34,"UUSkins around $2.51, 55% below Steam",0,Expensive,Fair,High,568.0,81.0,3240.0,124,321.31,64,7.7,0.6087,0.4623,0.5757,0.3907,43.01408450704227,220.21480276078788,0.7442,0.0,1.0,1.0,+220% expected | 0.74 demand | UUSkins 55% below Steam | 92% below high | 1177% upside,"High crowding, lower highs, 2P still falling, 2P new low",2P market is still making lower lows; wait for stabilization before adding.,2.51,2.66,2.51,2.67,-5.63909774436091,-0.5350454788657086,-213.18483370677907,55.33807829181495,0.68,0.1627,14.0,True,4.6,2.51,https://cs2tokens.com/iem-cologne-2026/items/sticker-br0-holo-cologne-2026,https://community.akamai.steamstatic.com/economy/image/i0CoZ81Ui0m-9KwlBY1L_18myuGuq1wfhWSaZgMttyVfPaERSR0Wqmu7LAocGJai0ki7VeTHjMmuOXSQ61MnpNWipUruRiLzjMbf9S1X4Lz_P6c8cPKSXT6Wxeoh4LJrFi3kwEgh4TmGmdardnPEbgIgA5BzQrZZrFDmxTLQ4CQq,Sticker | br0 (Holo) | Cologne 2026,https://steamcommunity.com/market/listings/730/Sticker%20%7C%20br0%20%28Holo%29%20%7C%20Cologne%202026,ok
257,46.3,P4,WAIT FOR DROP,NQZ (Holo),Player,Holo,Autograph,sticker,NQZ,paiN Gaming,paiN Gaming,168,1.66,74.89,0.74,UUSkins,True,55.42,"UUSkins around $0.74, 55% below Steam",0,Fair,Very Cheap,Medium,168.0,41.0,574.0,124,321.31,66,4.65,0.6397,0.3321,0.4687,0.4911,53.30952380952381,243.91055341055335,0.5662,0.0335,1.0,1.0,+244% expected | 0.57 demand | UUSkins 55% below Steam | 87% below high | 666% upside,"lower highs, 2P still falling, 2P new low, modest quality score",2P market is still making lower lows; wait for stabilization before adding.,0.74,0.86,0.74,0.86,-13.953488372093029,,-82.66235674404938,55.42168674698795,0.68,0.0651,2.0,True,1.95,0.74,https://cs2tokens.com/iem-cologne-2026/items/sticker-nqz-holo-cologne-2026,https://community.akamai.steamstatic.com/economy/image/i0CoZ81Ui0m-9KwlBY1L_18myuGuq1wfhWSaZgMttyVfPaERSR0Wqmu7LAocGJai0ki7VeTHjMmuOXSQ61MnpNWipUruRiL_j4zf9S1X4Lz5PvQ9c_PFCmXIkbgms7lqGC3qlkUm52vUmNegd3qROlQlDZFwFOderFDmxaSDSOAT,Sticker | NQZ (Holo) | Cologne 2026,https://steamcommunity.com/market/listings/730/Sticker%20%7C%20NQZ%20%28Holo%29%20%7C%20Cologne%202026,ok
258,46.3,P4,WAIT FOR DROP,rdnzao (Holo),Player,Holo,Autograph,sticker,rdnzao,Sharks Esports,Sharks Esports,204,2.02,138.36,1.37,CSFloat,True,32.18,"CSFloat around $1.37, 32% below Steam",0,Fair,Cheap,Low,204.0,65.0,531.0,124,321.31,66,6.55,0.5158,0.369,0.5151,0.4003,14.250000000000009,68.45620437956204,0.7522,0.0,1.0,1.0,+68% expected | 0.75 demand | CSFloat 32% below Steam | 74% below high | 284% upside,"lower highs, 2P still falling, 2P new low, modest quality score",2P market is still making lower lows; wait for stabilization before adding.,1.37,1.37,1.37,2.06,0.0,-4.977794226498894,-112.8560548362529,32.17821782178218,0.68,0.1255,16.0,True,1.37,1.48,https://cs2tokens.com/iem-cologne-2026/items/sticker-rdnzao-holo-cologne-2026,https://community.akamai.steamstatic.com/economy/image/i0CoZ81Ui0m-9KwlBY1L_18myuGuq1wfhWSaZgMttyVfPaERSR0Wqmu7LAocGJai0ki7VeTHjMmuOXSQ61MnpNWipUruRiLjmpj6_C1k5_2iZ-o9IqTKC2TBxL9w57kwGCyywR4lsjjUyd2odnvDZwUiA8cjFrZZtRS4jJS5YCahNXZE,Sticker | rdnzao (Holo) | Cologne 2026,https://steamcommunity.com/market/listings/730/Sticker%20%7C%20rdnzao%20%28Holo%29%20%7C%20Cologne%202026,ok
259,45.3,P4,WAIT FOR DROP,Starry (Holo),Player,Holo,Autograph,sticker,Starry,Lynn Vision,Lynn Vision,494,4.89,179.82,1.78,UUSkins,True,63.6,"UUSkins around $1.78, 64% below Steam",0,Expensive,Fair,Medium,494.0,168.0,1450.0,124,321.31,66,6.7,0.67,0.3993,0.4846,0.4841,39.34210526315789,282.79937906564163,0.6065,0.0,1.0,1.0,+283% expected | 0.61 demand | UUSkins 64% below Steam | 88% below high | 706% upside,"lower highs, 2P still falling, 2P new low, modest quality score",2P market is still making lower lows; wait for stabilization before adding.,1.78,1.93,1.78,1.93,-7.772020725388595,,-7.03573863083067,63.59918200408997,0.68,0.1565,2.0,True,2.52,1.78,https://cs2tokens.com/iem-cologne-2026/items/sticker-starry-holo-cologne-2026,https://community.akamai.steamstatic.com/economy/image/i0CoZ81Ui0m-9KwlBY1L_18myuGuq1wfhWSaZgMttyVfPaERSR0Wqmu7LAocGJai0ki7VeTHjMmuOXSQ61MnpNWipUruRiLiipfy7ztk5_2iZ-o8d6bBCzLJkOpzsrk_THGwzE904TyDz4v8IC6Uag4oXsMjFuUIuhK-jJS5YB7QyJFv,Sticker | Starry (Holo) | Cologne 2026,https://steamcommunity.com/market/listings/730/Sticker%20%7C%20Starry%20%28Holo%29%20%7C%20Cologne%202026,ok
260,44.8,P4,WAIT FOR DROP,v$m (Holo),Player,Holo,Autograph,sticker,v$m,paiN Gaming,paiN Gaming,390,3.86,118.21,1.17,UUSkins,True,69.69,"UUSkins around $1.17, 70% below Steam",0,Fair,Cheap,Medium,390.0,75.0,819.0,124,321.31,66,5.2,0.6312,0.3434,0.5171,0.4864,0.8512820512820429,232.72303309226388,0.501,0.0,1.0,1.0,+233% expected | 0.50 demand | UUSkins 70% below Steam | 86% below high | 593% upside,"lower highs, 2P still falling, 2P new low, modest quality score",2P market is still making lower lows; wait for stabilization before adding.,1.17,1.26,1.17,1.26,-7.142857142857151,-0.5952380952380963,-57.61658031088081,69.68911917098445,0.68,0.1858,8.0,True,,1.17,https://cs2tokens.com/iem-cologne-2026/items/sticker-v-m-holo-cologne-2026,https://community.akamai.steamstatic.com/economy/image/i0CoZ81Ui0m-9KwlBY1L_18myuGuq1wfhWSaZgMttyVfPaERSR0Wqmu7LAocGJai0ki7VeTHjMmuOXSQ61MnpNWipUruRiLnjZvf9S1X4LyvOaVucqCWXzXJwLou5bVoTXjlxEkm5m-ByN38J3iXalIgW5smTLMNrFDmxeF92SXn,Sticker | v$m (Holo) | Cologne 2026,https://steamcommunity.com/market/listings/730/Sticker%20%7C%20v%24m%20%28Holo%29%20%7C%20Cologne%202026,ok
261,44.6,P4,WAIT FOR DROP,jks (Holo),Player,Holo,Autograph,sticker,jks,Flyquest,Flyquest,1011,10.01,268.66,2.66,CSFloat,True,73.43,"CSFloat around $2.66, 73% below Steam",0,Premium,Fair,Low,1011.0,173.0,1260.0,124,321.31,66,6.3,0.6207,0.4583,0.3239,0.5567,-15.928783382789312,216.3732625331876,0.6741,0.0,1.0,1.0,+216% expected | 0.67 demand | CSFloat 73% below Steam | 79% below high | 369% upside,"lower highs, modest quality score",2P is cheaper than current Steam but still above Steam's recorded low; wait for a stronger entry.,2.66,2.19,2.19,2.66,21.46118721461188,,-55.29326165164317,73.42657342657343,0.0,0.081,2.0,False,2.66,2.75,https://cs2tokens.com/iem-cologne-2026/items/sticker-jks-holo-cologne-2026,https://community.akamai.steamstatic.com/economy/image/i0CoZ81Ui0m-9KwlBY1L_18myuGuq1wfhWSaZgMttyVfPaERSR0Wqmu7LAocGJai0ki7VeTHjMmuOXSQ61MnpNWipUruRiL7lYXf9S1X4LyobPNsI6aQV2LIw-gu4eA7HSywwEp-4jncy96gIH_CbgIjWZsmE-YPrFDmxT7BuBTn,Sticker | jks (Holo) | Cologne 2026,https://steamcommunity.com/market/listings/730/Sticker%20%7C%20jks%20%28Holo%29%20%7C%20Cologne%202026,ok
262,44.6,P4,WAIT FOR DROP,Lake (Holo),Player,Holo,Autograph,sticker,Lake,M80,M80,669,6.62,223.34,2.21,CSFloat,True,66.62,"CSFloat around $2.21, 67% below Steam",0,Expensive,Fair,High,669.0,55.0,2685.0,124,321.31,64,6.88,0.6158,0.4057,0.5885,0.384,4.721973094170417,213.6920642006372,0.8809,0.0,1.0,1.0,+214% expected | 0.88 demand | CSFloat 67% below Steam | 92% below high | 1102% upside,"High crowding, lower highs, 2P still falling, 2P new low, modest quality score",2P market is still making lower lows; wait for stabilization before adding.,2.21,2.37,2.21,2.37,-6.7510548523206815,,-306.06701455644054,66.61631419939577,0.68,0.0723,2.0,True,2.21,2.22,https://cs2tokens.com/iem-cologne-2026/items/sticker-lake-holo-cologne-2026,https://community.akamai.steamstatic.com/economy/image/i0CoZ81Ui0m-9KwlBY1L_18myuGuq1wfhWSaZgMttyVfPaERSR0Wqmu7LAocGJai0ki7VeTHjMmuOXSQ61MnpNWipUruRiL9n53lwipU4_3gafRvcqWWDzPFwLsvtOI_Hiqxl0gmtTnRn9uvdX7BawZyCsdyTLUL4Q74zINNSt7vUg,Sticker | Lake (Holo) | Cologne 2026,https://steamcommunity.com/market/listings/730/Sticker%20%7C%20Lake%20%28Holo%29%20%7C%20Cologne%202026,ok
263,44.4,P4,WAIT FOR DROP,Chr1zN (Holo),Player,Holo,Autograph,sticker,Chr1zN,HEROIC,HEROIC,229,2.27,58.51,0.58,UUSkins,True,74.45,"UUSkins around $0.58, 74% below Steam",0,Fair,Very Cheap,High,229.0,37.0,1444.0,124,321.31,64,4.75,0.688,0.3122,0.5504,0.4651,34.384279475982524,425.9522662249662,0.471,0.0,1.0,1.0,+426% expected | 0.47 demand | UUSkins 74% below Steam | 96% below high | 2368% upside,"High crowding, lower highs, 2P still falling, 2P new low, modest quality score",2P market is still making lower lows; wait for stabilization before adding.,0.58,0.59,0.58,0.73,-1.6949152542372947,-5.205479452054811,-58.137873556375766,74.44933920704845,0.68,0.1863,5.0,True,0.9,0.58,https://cs2tokens.com/iem-cologne-2026/items/sticker-chr1zn-holo-cologne-2026,https://community.akamai.steamstatic.com/economy/image/i0CoZ81Ui0m-9KwlBY1L_18myuGuq1wfhWSaZgMttyVfPaERSR0Wqmu7LAocGJai0ki7VeTHjMmuOXSQ61MnpNWipUruRiLyloSx5yxk5_2iZ-pvc6XECmTDwrZ0sec4H3zjkxgk42-Gzt_9cHrGZ1d0C5p4RuID5ha4jJS5YAn7RBiG,Sticker | Chr1zN (Holo) | Cologne 2026,https://steamcommunity.com/market/listings/730/Sticker%20%7C%20Chr1zN%20%28Holo%29%20%7C%20Cologne%202026,ok
264,42.9,P4,WAIT FOR DROP,REZ (Holo),Player,Holo,Autograph,sticker,REZ,GamerLegion,GamerLegion,580,5.74,239.48,2.37,UUSkins,True,58.71,"UUSkins around $2.37, 59% below Steam",0,Expensive,Fair,Low,580.0,177.0,1264.0,124,321.31,66,6.15,0.5822,0.3729,0.4612,0.4529,21.201724137931045,193.54341626655028,0.4717,0.0,1.0,1.0,+194% expected | 0.47 demand | UUSkins 59% below Steam | 81% below high | 428% upside,"lower highs, 2P still falling, 2P new low, modest quality score",2P market is still making lower lows; wait for stabilization before adding.,2.37,2.81,2.37,2.81,-15.658362989323836,,-35.29793893580582,58.71080139372822,0.68,0.0673,2.0,True,3.78,2.37,https://cs2tokens.com/iem-cologne-2026/items/sticker-rez-holo-cologne-2026,https://community.akamai.steamstatic.com/economy/image/i0CoZ81Ui0m-9KwlBY1L_18myuGuq1wfhWSaZgMttyVfPaERSR0Wqmu7LAocGJai0ki7VeTHjMmuOXSQ61MnpNWipUruRiLjm4zf9S1X4LyrMf1oeKLLWzOVwLp0sucwTH_mxk105WSHz9j4JC7FbFB0DZZ3QbUPrFDmxUIINnTR,Sticker | REZ (Holo) | Cologne 2026,https://steamcommunity.com/market/listings/730/Sticker%20%7C%20REZ%20%28Holo%29%20%7C%20Cologne%202026,ok
265,42.6,P4,WAIT FOR DROP,Grim (Holo),Player,Holo,Autograph,sticker,Grim,NRG,NRG,359,3.55,164.84,1.63,UUSkins,True,54.08,"UUSkins around $1.63, 54% below Steam",0,Fair,Fair,Low,359.0,99.0,1143.0,124,321.31,66,7.15,0.5726,0.3933,0.46,0.3907,31.86072423398329,187.18133192063843,0.297,0.0,1.0,1.0,+187% expected | 0.30 demand | UUSkins 54% below Steam | 86% below high | 593% upside,"lower highs, 2P still falling, 2P new low, modest quality score",2P market is still making lower lows; wait for stabilization before adding.,1.63,2.36,1.63,2.36,-30.93220338983052,-14.41048034934497,-66.50163607910088,54.08450704225353,0.68,0.0964,3.0,True,3.66,1.63,https://cs2tokens.com/iem-cologne-2026/items/sticker-grim-holo-cologne-2026,https://community.akamai.steamstatic.com/economy/image/i0CoZ81Ui0m-9KwlBY1L_18myuGuq1wfhWSaZgMttyVfPaERSR0Wqmu7LAocGJai0ki7VeTHjMmuOXSQ61MnpNWipUruRiL2jJ_twipU4_3gPaE8dvHBDWORxboh5bBqHH23lE1152_Ryt79JH_CbgBzDpF1QO4Ksg74zIPwefaIaw,Sticker | Grim (Holo) | Cologne 2026,https://steamcommunity.com/market/listings/730/Sticker%20%7C%20Grim%20%28Holo%29%20%7C%20Cologne%202026,ok
266,42.5,P4,WAIT FOR DROP,felps (Holo),Player,Holo,Autograph,sticker,felps,,,292,2.89,67.7,0.67,UUSkins,True,76.82,"UUSkins around $0.67, 77% below Steam",0,Fair,Very Cheap,Medium,292.0,43.0,520.0,124,321.31,66,6.35,0.6218,0.3669,0.3292,0.4632,-4.40753424657534,312.3316806379063,0.3591,0.0,1.0,1.0,+312% expected | 0.36 demand | UUSkins 77% below Steam | 87% below high | 668% upside,"lower highs, 2P still falling, 2P new low, modest quality score",2P market is still making lower lows; wait for stabilization before adding.,0.67,0.82,0.67,0.82,-18.29268292682926,-5.487804878048761,-57.431399372334425,76.8166089965398,0.68,0.149,4.0,True,1.34,0.67,https://cs2tokens.com/iem-cologne-2026/items/sticker-felps-holo-cologne-2026,https://community.akamai.steamstatic.com/economy/image/i0CoZ81Ui0m-9KwlBY1L_18myuGuq1wfhWSaZgMttyVfPaERSR0Wqmu7LAocGJai0ki7VeTHjMmuOXSQ61MnpNWipUruRiL3m5rw7h1T4P6hJqU8eKOSWjSSxO1w4-I7GHm1x0gm5G7Uw4yqI3qRPQ8iDMcmFrILsBam0oqw8_7Ymt0,Sticker | felps (Holo) | Cologne 2026,https://steamcommunity.com/market/listings/730/Sticker%20%7C%20felps%20%28Holo%29%20%7C%20Cologne%202026,ok
267,41.9,P4,WAIT FOR DROP,Gizmy (Holo),Player,Holo,Autograph,sticker,Gizmy,Monte,Monte,292,2.89,209.15,2.07,UUSkins,True,28.37,"UUSkins around $2.07, 28% below Steam",0,Fair,Fair,Low,292.0,109.0,811.0,124,321.31,66,5.45,0.5187,0.314,0.4758,0.4058,46.91438356164384,105.11235192905836,0.5299,0.0,1.0,1.0,+105% expected | 0.53 demand | UUSkins 28% below Steam | 74% below high | 288% upside,"lower highs, 2P still falling, 2P new low, modest quality score",2P market is still making lower lows; wait for stabilization before adding.,2.07,2.67,2.07,2.81,-22.47191011235955,-4.170212765957447,-91.87962286911524,28.373702422145332,0.68,0.0955,4.0,True,3.12,2.07,https://cs2tokens.com/iem-cologne-2026/items/sticker-gizmy-holo-cologne-2026,https://community.akamai.steamstatic.com/economy/image/i0CoZ81Ui0m-9KwlBY1L_18myuGuq1wfhWSaZgMttyVfPaERSR0Wqmu7LAocGJai0ki7VeTHjMmuOXSQ61MnpNWipUruRiL2l4zt5B1T4P6hJvJrJqWQXGLJmLkv5uVvTn_hlEp06jjRy4mtcSjFZwR1CZN4FOIO5xim0oqwdb4fi1k,Sticker | Gizmy (Holo) | Cologne 2026,https://steamcommunity.com/market/listings/730/Sticker%20%7C%20Gizmy%20%28Holo%29%20%7C%20Cologne%202026,ok
268,41.1,P4,WAIT FOR DROP,dumau (Holo),Player,Holo,Autograph,sticker,dumau,Legacy,Legacy,506,5.01,253.5,2.51,UUSkins,True,49.9,"UUSkins around $2.51, 50% below Steam",0,Expensive,Fair,Medium,506.0,40.0,1833.0,124,321.31,64,5.95,0.5562,0.3459,0.5944,0.355,7.58695652173913,114.745279750563,0.7318,0.0,1.0,1.0,+115% expected | 0.73 demand | UUSkins 50% below Steam | 86% below high | 623% upside,"lower highs, 2P still falling, 2P new low, modest quality score",2P market is still making lower lows; wait for stabilization before adding.,2.51,3.05,2.51,3.26,-17.704918032786885,-7.300613496932506,-533.7624750499001,49.90019960079841,0.68,0.1232,4.0,True,8.16,2.51,https://cs2tokens.com/iem-cologne-2026/items/sticker-dumau-holo-cologne-2026,https://community.akamai.steamstatic.com/economy/image/i0CoZ81Ui0m-9KwlBY1L_18myuGuq1wfhWSaZgMttyVfPaERSR0Wqmu7LAocGJai0ki7VeTHjMmuOXSQ61MnpNWipUruRiL1i5vh6B1T4P6hJqJoeajDWj_EwLkn6edqH33hkU5x6mmAzNavcSnEblchD8B4E-Ne50Km0oqw8iCllec,Sticker | dumau (Holo) | Cologne 2026,https://steamcommunity.com/market/listings/730/Sticker%20%7C%20dumau%20%28Holo%29%20%7C%20Cologne%202026,ok
269,40.5,P4,WAIT FOR DROP,MAJ3R (Holo),Player,Holo,Autograph,sticker,MAJ3R,Aurora,Aurora,265,2.62,202.29,2.0,CSFloat,True,23.66,"CSFloat around $2.00, 24% below Steam",0,Fair,Fair,Medium,265.0,99.0,1209.0,124,321.31,64,4.0,0.5649,0.2727,0.5766,0.3593,52.00377358490567,99.12494339622644,0.6606,0.0,1.0,1.0,+99% expected | 0.66 demand | CSFloat 24% below Steam | 83% below high | 498% upside,"lower highs, 2P still falling, 2P new low, modest quality score",2P market is still making lower lows; wait for stabilization before adding.,2.0,2.22,2.0,2.37,-9.90990990990992,-7.805907172995766,-104.33341044028066,23.664122137404583,0.68,0.0671,3.0,True,2.0,2.07,https://cs2tokens.com/iem-cologne-2026/items/sticker-maj3r-holo-cologne-2026,https://community.akamai.steamstatic.com/economy/image/i0CoZ81Ui0m-9KwlBY1L_18myuGuq1wfhWSaZgMttyVfPaERSR0Wqmu7LAocGJai0ki7VeTHjMmuOXSQ61MnpNWipUruRiL8n5yz7x1T4P6hJqE7IanBCDfIluhz4LJsTXDmw0R-5D_Sy9aveCiVbg4oX5BxTLFe4EOm0oqwFbdTduA,Sticker | MAJ3R (Holo) | Cologne 2026,https://steamcommunity.com/market/listings/730/Sticker%20%7C%20MAJ3R%20%28Holo%29%20%7C%20Cologne%202026,ok
270,40.3,P4,WAIT FOR DROP,kisserek (Holo),Player,Holo,Autograph,sticker,kisserek,,,456,4.51,223.45,2.21,UUSkins,True,51.0,"UUSkins around $2.21, 51% below Steam",0,Expensive,Fair,Low,456.0,221.0,1158.0,124,321.31,66,4.5,0.5913,0.3094,0.4597,0.4632,2.1030701754385817,108.36418393268237,0.27,0.0,1.0,1.0,+108% expected | 0.27 demand | UUSkins 51% below Steam | 81% below high | 418% upside,"lower highs, 2P still falling, 2P new low, modest quality score",2P market is still making lower lows; wait for stabilization before adding.,2.21,3.23,2.21,3.23,-31.57894736842105,,-1.108647450110864,50.99778270509978,0.68,0.1385,2.0,True,3.23,2.21,https://cs2tokens.com/iem-cologne-2026/items/sticker-kisserek-holo-cologne-2026,https://community.akamai.steamstatic.com/economy/image/i0CoZ81Ui0m-9KwlBY1L_18myuGuq1wfhWSaZgMttyVfPaERSR0Wqmu7LAocGJai0ki7VeTHjMmuOXSQ61MnpNWipUruRiL6l4Xz-DBe5M2mZ6hibvWXCGSUxLwns-U4SX3qkUkjsTuAnor4dXqfPwQmWZJzE-UIsRiwlYf5d7S1AgoB-7o,Sticker | kisserek (Holo) | Cologne 2026,https://steamcommunity.com/market/listings/730/Sticker%20%7C%20kisserek%20%28Holo%29%20%7C%20Cologne%202026,ok
271,39.8,P4,WAIT FOR DROP,AZUWU (Holo),Player,Holo,Autograph,sticker,AZUWU,Monte,Monte,462,4.57,237.57,2.35,UUSkins,True,48.58,"UUSkins around $2.35, 49% below Steam",0,Expensive,Fair,Low,462.0,151.0,1676.0,124,321.31,66,5.4,0.5857,0.3119,0.4933,0.4142,42.97835497835496,178.0472690430137,0.4239,0.0,1.0,1.0,+178% expected | 0.42 demand | UUSkins 49% below Steam | 86% below high | 605% upside,"lower highs, 2P still falling, 2P new low, modest quality score",2P market is still making lower lows; wait for stabilization before adding.,2.35,2.81,2.35,2.9,-16.37010676156584,-3.793103448275871,-57.33186488327271,48.57768052516411,0.68,0.1519,5.0,True,2.87,2.35,https://cs2tokens.com/iem-cologne-2026/items/sticker-azuwu-holo-cologne-2026,https://community.akamai.steamstatic.com/economy/image/i0CoZ81Ui0m-9KwlBY1L_18myuGuq1wfhWSaZgMttyVfPaERSR0Wqmu7LAocGJai0ki7VeTHjMmuOXSQ61MnpNWipUruRiLwhIP36B1T4P6hJqFrJqbAVzSWkusitrhtHH23xk9x522Dwo6odi6QaFNyXpVzRLZbtxOm0oqwtfFAYs8,Sticker | AZUWU (Holo) | Cologne 2026,https://steamcommunity.com/market/listings/730/Sticker%20%7C%20AZUWU%20%28Holo%29%20%7C%20Cologne%202026,ok
272,39.6,P4,WAIT FOR DROP,luken (Holo),Player,Holo,Autograph,sticker,luken,,,195,1.93,101.04,1.0,UUSkins,True,48.19,"UUSkins around $1.00, 48% below Steam",0,Fair,Cheap,Medium,195.0,66.0,1189.0,124,321.31,66,3.5,0.625,0.2762,0.4792,0.4041,54.6,198.37800000000004,0.2362,0.0,1.0,1.0,+198% expected | 0.24 demand | UUSkins 48% below Steam | 92% below high | 1077% upside,"lower highs, 2P still falling, 2P new low, modest quality score",2P market is still making lower lows; wait for stabilization before adding.,1.0,1.06,1.0,1.06,-5.660377358490576,,-53.0852567121997,48.18652849740933,0.68,0.0605,2.0,True,1.16,1.0,https://cs2tokens.com/iem-cologne-2026/items/sticker-luken-holo-cologne-2026,https://community.akamai.steamstatic.com/economy/image/i0CoZ81Ui0m-9KwlBY1L_18myuGuq1wfhWSaZgMttyVfPaERSR0Wqmu7LAocGJai0ki7VeTHjMmuOXSQ61MnpNWipUruRiL9i53l8x1T4P6hJqFoIabBWz6Vku0k4LhsFnzhwxwjsG_Ty97_dnmWblJ1WJF4RuQD5hCm0oqwbJDR0Zs,Sticker | luken (Holo) | Cologne 2026,https://steamcommunity.com/market/listings/730/Sticker%20%7C%20luken%20%28Holo%29%20%7C%20Cologne%202026,ok
273,39.6,P4,WAIT FOR DROP,Brollan (Holo),Player,Holo,Autograph,sticker,Brollan,MOUZ,MOUZ,316,3.13,159.51,1.58,UUSkins,True,49.52,"UUSkins around $1.58, 50% below Steam",0,Fair,Fair,High,316.0,114.0,1515.0,124,321.31,64,6.02,0.6188,0.3105,0.5265,0.3774,47.08544303797469,191.37812449927895,0.3417,0.0,1.0,1.0,+191% expected | 0.34 demand | UUSkins 50% below Steam | 89% below high | 850% upside,"High crowding, lower highs, 2P still falling, 2P new low, modest quality score",2P market is still making lower lows; wait for stabilization before adding.,1.58,1.58,1.58,2.41,0.0,-3.987730061349695,-39.92489210246064,49.52076677316293,0.68,0.1534,7.0,True,1.79,1.58,https://cs2tokens.com/iem-cologne-2026/items/sticker-brollan-holo-cologne-2026,https://community.akamai.steamstatic.com/economy/image/i0CoZ81Ui0m-9KwlBY1L_18myuGuq1wfhWSaZgMttyVfPaERSR0Wqmu7LAocGJai0ki7VeTHjMmuOXSQ61MnpNWipUruRiLzjJns8SNV0PqhZKsjdfLAVjfJwr4hsuc4G363kE51sGrcw4qoIi6VbAQhXMZ1EOcKu0G-m8qnab2ZHhje6g,Sticker | Brollan (Holo) | Cologne 2026,https://steamcommunity.com/market/listings/730/Sticker%20%7C%20Brollan%20%28Holo%29%20%7C%20Cologne%202026,ok
274,39.0,P4,WAIT FOR DROP,HEN1 (Holo),Player,Holo,Autograph,sticker,HEN1,,,467,4.62,89.96,0.89,UUSkins,True,80.74,"UUSkins around $0.89, 81% below Steam",0,Expensive,Very Cheap,Medium,467.0,75.0,547.0,124,321.31,66,4.4,0.6711,0.3528,0.2332,0.5565,-21.646680942184148,306.7329596034935,0.2318,0.0,1.0,1.0,+307% expected | 0.23 demand | UUSkins 81% below Steam | 84% below high | 508% upside,"lower highs, 2P new low, modest quality score",Good/interesting sticker but entry is not ideal.,0.89,0.89,0.89,0.89,0.0,-1.2649165483203744e-14,-19.950937950937963,80.73593073593074,0.0,0.33,3.0,True,0.93,0.89,https://cs2tokens.com/iem-cologne-2026/items/sticker-hen1-holo-cologne-2026,https://community.akamai.steamstatic.com/economy/image/i0CoZ81Ui0m-9KwlBY1L_18myuGuq1wfhWSaZgMttyVfPaERSR0Wqmu7LAocGJai0ki7VeTHjMmuOXSQ61MnpNWipUruRiL5m5ixwipU4_3gOKBvcafKWjCTwup3tLRrHyvmkUl36znRytqvInOVOgUhXsMjF7YOsQ74zIM1DQPrBA,Sticker | HEN1 (Holo) | Cologne 2026,https://steamcommunity.com/market/listings/730/Sticker%20%7C%20HEN1%20%28Holo%29%20%7C%20Cologne%202026,ok
275,39.0,P4,WAIT FOR DROP,JBa (Holo),Player,Holo,Autograph,sticker,JBa,M80,M80,650,6.44,237.19,2.35,UUSkins,True,63.51,"UUSkins around $2.35, 64% below Steam",0,Expensive,Fair,Low,650.0,185.0,967.0,124,321.31,64,6.45,0.5529,0.3599,0.3891,0.4263,-15.655384615384616,131.14013747954175,0.369,0.0,1.0,1.0,+131% expected | 0.37 demand | UUSkins 64% below Steam | 75% below high | 308% upside,"lower highs, 2P still falling, 2P new low, modest quality score",2P market is still making lower lows; wait for stabilization before adding.,2.35,2.65,2.35,2.8,-11.32075471698113,-8.035714285714295,-28.21050864529126,63.50931677018633,0.68,0.1055,3.0,True,8.59,2.35,https://cs2tokens.com/iem-cologne-2026/items/sticker-jba-holo-cologne-2026,https://community.akamai.steamstatic.com/economy/image/i0CoZ81Ui0m-9KwlBY1L_18myuGuq1wfhWSaZgMttyVfPaERSR0Wqmu7LAocGJai0ki7VeTHjMmuOXSQ61MnpNWipUruRiL7nJff9S1X4LyobqBsJPXHCDeRlbZ0s-NrHCrjxBtw5TjczNetIi7COA50XscjEeYCrFDmxUUCci4U,Sticker | JBa (Holo) | Cologne 2026,https://steamcommunity.com/market/listings/730/Sticker%20%7C%20JBa%20%28Holo%29%20%7C%20Cologne%202026,ok
276,38.5,P4,WAIT FOR DROP,brnz4n (Holo),Player,Holo,Autograph,sticker,brnz4n,MIBR,MIBR,289,2.86,171.78,1.7,UUSkins,True,40.56,"UUSkins around $1.70, 41% below Steam",0,Fair,Fair,Low,289.0,116.0,956.0,124,321.31,66,5.2,0.5627,0.2862,0.4453,0.3982,35.65397923875433,128.21787095461025,0.2275,0.0,1.0,1.0,+128% expected | 0.23 demand | UUSkins 41% below Steam | 82% below high | 457% upside,"lower highs, 2P still falling, 2P new low, modest quality score",2P market is still making lower lows; wait for stabilization before adding.,1.7,1.73,1.7,2.22,-1.7341040462427793,-5.289575289575291,-48.08897998553172,40.55944055944056,0.68,0.139,6.0,True,2.6,1.7,https://cs2tokens.com/iem-cologne-2026/items/sticker-brnz4n-holo-cologne-2026,https://community.akamai.steamstatic.com/economy/image/i0CoZ81Ui0m-9KwlBY1L_18myuGuq1wfhWSaZgMttyVfPaERSR0Wqmu7LAocGJai0ki7VeTHjMmuOXSQ61MnpNWipUruRiLzjJj6qSxk5_2iZ-puJaKQWmSUl7h35bA4GX61w0ty4zjcwo39IniQaFdzCZMmFrEDsEG8jJS5YHwwyBvP,Sticker | brnz4n (Holo) | Cologne 2026,https://steamcommunity.com/market/listings/730/Sticker%20%7C%20brnz4n%20%28Holo%29%20%7C%20Cologne%202026,ok
277,38.0,P4,WAIT FOR DROP,Boombl4 (Holo),Player,Holo,Autograph,sticker,Boombl4,BetBoom,BetBoom,1412,13.98,492.89,4.88,UUSkins,True,65.09,"UUSkins around $4.88, 65% below Steam",0,Premium,Expensive,Low,1412.0,287.0,1714.0,124,321.31,64,6.75,0.5394,0.4301,0.2407,0.4769,-10.240084985835685,157.14008440533135,0.4985,0.0389,1.0,1.0,+157% expected | 0.50 demand | UUSkins 65% below Steam | 71% below high | 248% upside,"lower highs, 2P new low, modest quality score",2P is cheaper than current Steam but still above Steam's recorded low; wait for a stronger entry.,4.88,4.88,4.88,5.01,0.0,-0.3936444317205894,-71.73762418188252,65.09298998569386,0.0,0.2396,16.0,True,20.0,4.88,https://cs2tokens.com/iem-cologne-2026/items/sticker-boombl4-holo-cologne-2026,https://community.akamai.steamstatic.com/economy/image/i0CoZ81Ui0m-9KwlBY1L_18myuGuq1wfhWSaZgMttyVfPaERSR0Wqmu7LAocGJai0ki7VeTHjMmuOXSQ61MnpNWipUruRiLzkZnt_y4P0PqhZKsjeKnCXzXAkrx0suAxHnnixEl-sTvSzI6vJHjDbgN0CpAjEOILsEKxxsqnab2Ftb6ywQ,Sticker | Boombl4 (Holo) | Cologne 2026,https://steamcommunity.com/market/listings/730/Sticker%20%7C%20Boombl4%20%28Holo%29%20%7C%20Cologne%202026,ok
278,37.6,P4,WAIT FOR DROP,z4KR (Holo),Player,Holo,Autograph,sticker,z4KR,Lynn Vision,Lynn Vision,1695,16.78,224.25,2.22,UUSkins,True,86.77,"UUSkins around $2.22, 87% below Steam",0,Premium,Fair,High,1695.0,52.0,2317.0,124,321.31,64,7.15,0.6128,0.448,0.3238,0.4178,-18.142772861356924,518.7226447686625,0.5459,0.0,1.0,1.0,+519% expected | 0.55 demand | UUSkins 87% below Steam | 90% below high | 933% upside,"High crowding, lower highs, modest quality score",2P is cheaper than current Steam but still above Steam's recorded low; wait for a stronger entry.,2.22,2.22,1.85,2.51,0.0,-0.1753826530612282,-331.2482809205097,86.7699642431466,0.0,0.2223,14.0,False,4.15,2.22,https://cs2tokens.com/iem-cologne-2026/items/sticker-z4kr-holo-cologne-2026,https://community.akamai.steamstatic.com/economy/image/i0CoZ81Ui0m-9KwlBY1L_18myuGuq1wfhWSaZgMttyVfPaERSR0Wqmu7LAocGJai0ki7VeTHjMmuOXSQ61MnpNWipUruRiLryp3ywipU4_3gOPNvI6GWXjKRwL8i57E9HivgwEkk5j_SyI2tcH-ePVd2WcBzReMPsw74zINa9NZisA,Sticker | z4KR (Holo) | Cologne 2026,https://steamcommunity.com/market/listings/730/Sticker%20%7C%20z4KR%20%28Holo%29%20%7C%20Cologne%202026,ok
279,37.6,P4,WAIT FOR DROP,HooXi (Holo),Player,Holo,Autograph,sticker,HooXi,Astralis,Astralis,521,5.16,179.72,1.78,UUSkins,True,65.5,"UUSkins around $1.78, 66% below Steam",0,Expensive,Fair,Medium,521.0,136.0,1043.0,124,321.31,64,6.65,0.5953,0.3357,0.4274,0.386,22.73704414587332,255.7995212318576,0.4245,0.0,1.0,1.0,+256% expected | 0.42 demand | UUSkins 66% below Steam | 83% below high | 480% upside,"lower highs, 2P still falling, 2P new low, modest quality score",2P market is still making lower lows; wait for stabilization before adding.,1.78,1.93,1.78,2.15,-7.772020725388595,-8.604651162790674,-32.15059279525765,65.50387596899225,0.68,0.1074,3.0,True,2.46,1.78,https://cs2tokens.com/iem-cologne-2026/items/sticker-hooxi-holo-cologne-2026,https://community.akamai.steamstatic.com/economy/image/i0CoZ81Ui0m-9KwlBY1L_18myuGuq1wfhWSaZgMttyVfPaERSR0Wqmu7LAocGJai0ki7VeTHjMmuOXSQ61MnpNWipUruRiL5kZn49B1T4P6hJvQ-c6HACmSSlut05uUwTS3kxRt-62-DzImuc3-UOw4oCZRwELJethim0oqwzQXm2Wk,Sticker | HooXi (Holo) | Cologne 2026,https://steamcommunity.com/market/listings/730/Sticker%20%7C%20HooXi%20%28Holo%29%20%7C%20Cologne%202026,ok
280,37.4,P4,WAIT FOR DROP,Aurora (Gold),Team,Gold,Team,sticker,,Aurora,Aurora,7089,70.18,2108.11,20.87,2P,True,70.26,"2P around $20.87, 70% below Steam",0,Premium,Premium,Low,7089.0,1039.0,8221.0,116,321.31,57,6.0,0.6356,0.3266,0.3706,0.5055,-35.17759909719283,117.97968832577897,0.8463,0.0,0.65,0.0,+118% expected | 0.85 demand | 2P 70% below Steam | 74% below high | 290% upside,"lower highs, 2P new low, unscored",2P is cheaper than current Steam but still above Steam's recorded low; wait for a stronger entry.,20.87,,20.87,20.87,,,-102.8983493839984,70.26218295810772,0.1,0.0477,1.0,True,,,https://cs2tokens.com/iem-cologne-2026/items/sticker-aurora-gold-cologne-2026,https://community.akamai.steamstatic.com/economy/image/i0CoZ81Ui0m-9KwlBY1L_18myuGuq1wfhWSaZgMttyVfPaERSR0Wqmu7LAocGJai0ki7VeTHjMmuOXSQ61MnpNWipVjyUxzOmZns-WwPu6T-bvM1IfSQXDaUwux34eBoH3DiwEsh4DmBn9z6d3mfZ1IhCZBwW6dU5UnsFht2,Sticker | Aurora (Gold) | Cologne 2026,https://steamcommunity.com/market/listings/730/Sticker%20%7C%20Aurora%20%28Gold%29%20%7C%20Cologne%202026,ok
281,36.2,P4,WAIT FOR DROP,FlameZ (Holo),Player,Holo,Autograph,sticker,FlameZ,Vitality,Vitality,933,9.24,453.37,4.49,UUSkins,True,51.41,"UUSkins around $4.49, 51% below Steam",0,Expensive,Expensive,Low,933.0,373.0,2308.0,124,321.31,64,4.2,0.5638,0.2819,0.4353,0.4028,14.604501607717047,135.84534406576955,0.4868,0.0,1.0,1.0,+136% expected | 0.49 demand | UUSkins 51% below Steam | 80% below high | 409% upside,"lower highs, 2P still falling, 2P new low, modest quality score",2P market is still making lower lows; wait for stabilization before adding.,4.49,5.0,4.49,5.02,-10.199999999999998,-1.979166666666661,-21.547822151039306,51.4069264069264,0.68,0.1251,4.0,True,9.69,4.49,https://cs2tokens.com/iem-cologne-2026/items/sticker-flamez-holo-cologne-2026,https://community.akamai.steamstatic.com/economy/image/i0CoZ81Ui0m-9KwlBY1L_18myuGuq1wfhWSaZgMttyVfPaERSR0Wqmu7LAocGJai0ki7VeTHjMmuOXSQ61MnpNWipUruRiL3kpft-Dhk5_2iZ-o4eKHCWTWSk7om5bY-Sn_nkURz62yBzNn7InvGbQd2CMZwRbZY4xWwjJS5YA0n6gU_,Sticker | FlameZ (Holo) | Cologne 2026,https://steamcommunity.com/market/listings/730/Sticker%20%7C%20FlameZ%20%28Holo%29%20%7C%20Cologne%202026,ok
282,36.0,P4,WAIT FOR DROP,Zero (Holo),Player,Holo,Autograph,sticker,Zero,TYLOO,TYLOO,2671,26.44,358.63,3.55,UUSkins,True,86.57,"UUSkins around $3.55, 87% below Steam",0,Premium,Fair,High,2671.0,294.0,3351.0,124,321.31,64,6.1,0.6631,0.3857,0.2338,0.4808,-33.323848745788084,396.5964617355952,0.5156,0.026,1.0,1.0,+397% expected | 0.52 demand | UUSkins 87% below Steam | 89% below high | 834% upside,"High crowding, lower highs, modest quality score",2P is cheaper than current Steam but still above Steam's recorded low; wait for a stronger entry.,3.55,3.55,3.11,3.99,0.0,-0.0905797101449348,-21.98135683925612,86.57337367624811,0.0,0.225,16.0,False,20.0,3.55,https://cs2tokens.com/iem-cologne-2026/items/sticker-zero-holo-cologne-2026,https://community.akamai.steamstatic.com/economy/image/i0CoZ81Ui0m-9KwlBY1L_18myuGuq1wfhWSaZgMttyVfPaERSR0Wqmu7LAocGJai0ki7VeTHjMmuOXSQ61MnpNWipUruRiLrm4Tv_ixk5_2iZ-pscqGWXmKWlLt3s-M4SyzhlER2623dw4z6dS7EP1AkC8dwRuUJ5EHtjJS5YMuZV1_J,Sticker | Zero (Holo) | Cologne 2026,https://steamcommunity.com/market/listings/730/Sticker%20%7C%20Zero%20%28Holo%29%20%7C%20Cologne%202026,ok
283,32.3,P4,WAIT FOR DROP,FlyQuest (Gold),Team,Gold,Team,sticker,,Flyquest,Flyquest,61259,606.46,2270.72,22.48,2P,True,96.29,"2P around $22.48, 96% below Steam",0,Premium,Premium,Medium,61259.0,1485.0,78520.0,116,321.31,57,6.0,0.6984,0.2928,0.2729,0.4555,-52.77733884000718,1173.96152522639,0.4967,0.0,0.65,0.0,+1174% expected | 0.50 demand | 2P 96% below Steam | 97% below high | 3358% upside,"lower highs, 2P new low, unscored",2P is cheaper than current Steam but still above Steam's recorded low; wait for a stronger entry.,22.48,,22.48,22.48,,,-52.91060080295974,96.29324275302577,0.1,0.0477,1.0,True,,,https://cs2tokens.com/iem-cologne-2026/items/sticker-flyquest-gold-cologne-2026,https://community.akamai.steamstatic.com/economy/image/i0CoZ81Ui0m-9KwlBY1L_18myuGuq1wfhWSaZgMttyVfPaERSR0Wqmu7LAocGJai0ki7VeTHjMmuOXSQ61MnpNWipV_2fhr-kpKu_3YOvPb8a6ZoJKnHWGOTkLou4OVvGHjiwUQj6m2Dz4ytcnOQOlcgAowwG7BBEN2KkA,Sticker | FlyQuest (Gold) | Cologne 2026,https://steamcommunity.com/market/listings/730/Sticker%20%7C%20FlyQuest%20%28Gold%29%20%7C%20Cologne%202026,ok
284,27.8,P4,WAIT FOR DROP,910 (Holo),Player,Holo,Autograph,sticker,910,The MongolZ,The MongolZ,885,8.76,418.25,4.14,UUSkins,True,52.74,"UUSkins around $4.14, 53% below Steam",0,Expensive,Expensive,Medium,885.0,151.0,2293.0,124,321.31,64,6.3,0.4541,0.257,0.3819,0.2359,25.95028248587572,166.50349627446167,0.2724,0.0,1.0,1.0,+167% expected | 0.27 demand | UUSkins 53% below Steam | 82% below high | 448% upside,"lower highs, 2P still falling, 2P new low, modest quality score",2P market is still making lower lows; wait for stabilization before adding.,4.14,4.83,4.14,4.85,-14.28571428571429,-2.948453608247436,-176.98902295200944,52.73972602739726,0.68,0.1586,5.0,True,4.67,4.14,https://cs2tokens.com/iem-cologne-2026/items/sticker-910-holo-cologne-2026,https://community.akamai.steamstatic.com/economy/image/i0CoZ81Ui0m-9KwlBY1L_18myuGuq1wfhWSaZgMttyVfPaERSR0Wqmu7LAocGJai0ki7VeTHjMmuOXSQ61MnpNWipUruRiKoz8bf9S1X4Lz-afM-IajFCDfGmbtw5LFtTi_iwkkltmyAytavcnuea1QmCpdwEecCrFDmxUEzArv1,Sticker | 910 (Holo) | Cologne 2026,https://steamcommunity.com/market/listings/730/Sticker%20%7C%20910%20%28Holo%29%20%7C%20Cologne%202026,ok
285,26.8,P4,WAIT FOR DROP,Magnojez (Gold),Player,Gold,Autograph,sticker,Magnojez,BetBoom,BetBoom,2643,26.17,1208.89,11.97,2P,True,54.26,"2P around $11.97, 54% below Steam",0,Premium,Premium,Low,2643.0,819.0,3103.0,116,321.31,57,6.0,0.5235,0.2364,0.2954,0.3693,-22.015134317063943,70.498240177313,0.5798,0.1501,0.65,0.0,+70% expected | 0.58 demand | 2P 54% below Steam | 61% below high | 157% upside,"lower highs, 2P new low, unscored",2P is cheaper than current Steam but still above Steam's recorded low; wait for a stronger entry.,11.97,,11.97,11.97,,,-47.605890479409766,54.26060374474589,0.1,0.0426,1.0,True,,,https://cs2tokens.com/iem-cologne-2026/items/sticker-magnojez-gold-cologne-2026,https://community.akamai.steamstatic.com/economy/image/i0CoZ81Ui0m-9KwlBY1L_18myuGuq1wfhWSaZgMttyVfPaERSR0Wqmu7LAocGJai0ki7VeTHjMmuOXSQ61MnpNWipUruRiL8n5Hu8ihe9c2pZ6hpbvHGDzORxbwh4rU5Fiywlhh25mSGmNurJ3iRZg8mC5B3QeAJtkTqwdD5d7S18azyno4,Sticker | Magnojez (Gold) | Cologne 2026,https://steamcommunity.com/market/listings/730/Sticker%20%7C%20Magnojez%20%28Gold%29%20%7C%20Cologne%202026,ok
286,26.8,P4,WAIT FOR DROP,PR (Holo),Player,Holo,Autograph,sticker,PR,GamerLegion,GamerLegion,540,5.35,311.89,3.09,UUSkins,True,42.24,"UUSkins around $3.09, 42% below Steam",0,Expensive,Fair,Medium,540.0,89.0,1020.0,124,321.31,64,4.88,0.4018,0.189,0.3936,0.2289,11.66851851851851,93.34193335730548,0.4387,0.0,1.0,1.0,+93% expected | 0.44 demand | UUSkins 42% below Steam | 69% below high | 227% upside,"lower highs, 2P still falling, 2P new low, modest quality score",2P market is still making lower lows; wait for stabilization before adding.,3.09,3.24,3.09,3.24,-4.629629629629639,,-250.4357870418986,42.242990654205606,0.68,0.0567,2.0,True,3.77,3.09,https://cs2tokens.com/iem-cologne-2026/items/sticker-pr-holo-cologne-2026,https://community.akamai.steamstatic.com/economy/image/i0CoZ81Ui0m-9KwlBY1L_18myuGuq1wfhWSaZgMttyVfPaERSR0Wqmu7LAocGJai0ki7VeTHjMmuOXSQ61MnpNWipUruRiLhjKno8i5Uofb5OPc4c_WSCGXJwL0m5rE_Siu1wRsj42jdw4ugeX7EOAB0ApB3Q-YU8k7v2Ds_Was,Sticker | PR (Holo) | Cologne 2026,https://steamcommunity.com/market/listings/730/Sticker%20%7C%20PR%20%28Holo%29%20%7C%20Cologne%202026,ok
287,25.8,P4,WAIT FOR DROP,tN1R (Gold),Player,Gold,Autograph,sticker,tN1R,Team Spirit,Team Spirit,4923,48.74,2424.13,24.0,2P,True,50.76,"2P around $24.00, 51% below Steam",0,Premium,Premium,Medium,4923.0,2041.0,5592.0,116,321.31,57,6.0,0.512,0.2213,0.248,0.3412,-15.296567133861473,72.01855491231635,0.7136,0.0,0.65,0.0,+72% expected | 0.71 demand | 2P 51% below Steam | 57% below high | 131% upside,"lower highs, 2P new low, unscored",Good/interesting sticker but entry is not ideal.,24.0,,24.0,24.0,,,-18.771583844282077,50.75913007796471,0.1,0.0923,1.0,True,,,https://cs2tokens.com/iem-cologne-2026/items/sticker-tn1r-gold-cologne-2026,https://community.akamai.steamstatic.com/economy/image/i0CoZ81Ui0m-9KwlBY1L_18myuGuq1wfhWSaZgMttyVfPaERSR0Wqmu7LAocGJai0ki7VeTHjMmuOXSQ61MnpNWipUruRiLlkMfywiVU4_bgbPFsc_KRVzSVluoi4eRrHXvjkR4i5mzWzN3_JHKfaQEmDpQkEOIMuw74zIPb1GQ3bQ,Sticker | tN1R (Gold) | Cologne 2026,https://steamcommunity.com/market/listings/730/Sticker%20%7C%20tN1R%20%28Gold%29%20%7C%20Cologne%202026,ok
288,24.2,P4,WAIT FOR DROP,Bymas (Holo),Player,Holo,Autograph,sticker,Bymas,Monte,Monte,460,4.55,447.87,4.43,UUSkins,True,2.64,"UUSkins around $4.43, 3% below Steam",0,Expensive,Expensive,Low,460.0,81.0,1115.0,124,321.31,64,5.2,0.2661,0.1413,0.4827,0.1105,11.76521739130434,14.792717636666984,0.6714,0.0,1.0,1.0,+15% expected | 0.67 demand | UUSkins 3% below Steam | 60% below high | 149% upside,"lower highs, 2P still falling, 2P new low, modest quality score",2P market is still making lower lows; wait for stabilization before adding.,4.43,5.91,4.43,7.37,-25.042301184433168,-1.3743335171906603,-452.9236195902862,2.63736263736264,0.68,0.078,16.0,True,7.65,4.43,https://cs2tokens.com/iem-cologne-2026/items/sticker-bymas-holo-cologne-2026,https://community.akamai.steamstatic.com/economy/image/i0CoZ81Ui0m-9KwlBY1L_18myuGuq1wfhWSaZgMttyVfPaERSR0Wqmu7LAocGJai0ki7VeTHjMmuOXSQ61MnpNWipUruRiLzh5vh7h1T4P6hJvc1d6KQXjfJkeh04OI7SirnkEl26z-EnN2tI3vGPA50D5NyTOFf4RCm0oqwE3a8h2U,Sticker | Bymas (Holo) | Cologne 2026,https://steamcommunity.com/market/listings/730/Sticker%20%7C%20Bymas%20%28Holo%29%20%7C%20Cologne%202026,ok
289,23.6,P4,WAIT FOR DROP,The Mongolz (Foil),Team,Foil,Team,sticker,,The MongolZ,The MongolZ,216,2.14,216.0,2.14,Steam,False,0.0,Steam around $2.14,0,Cheap,Cheap,Low,216.0,151.0,400.0,116,321.31,60,6.0,0.3429,0.0963,0.3051,0.1431,33.671296296296305,33.671296296296305,0.2225,0.0,0.65,0.0,+34% expected | 0.22 demand | 46% below high | 85% upside | -39% vs launch,"lower highs, 2P still falling, 2P new low, unscored",2P market is still making lower lows; wait for stabilization before adding.,3.3,3.62,3.3,3.62,-8.839779005524873,,-120.58550473478984,-54.2056074766355,0.68,0.0295,2.0,True,3.3,5.31,https://cs2tokens.com/iem-cologne-2026/items/sticker-the-mongolz-foil-cologne-2026,https://community.akamai.steamstatic.com/economy/image/i0CoZ81Ui0m-9KwlBY1L_18myuGuq1wfhWSaZgMttyVfPaERSR0Wqmu7LAocGJai0ki7VeTHjMmuOXSQ61MnpNWipVTpRgfOmJnp8WwDuKf4afw9JfaXVzeUwL8v4ec8G3DhxU1_4T7Wwon6JXPDaw9yX8B1W6dU5QSqJ0rx,Sticker | The Mongolz (Foil) | Cologne 2026,https://steamcommunity.com/market/listings/730/Sticker%20%7C%20The%20Mongolz%20%28Foil%29%20%7C%20Cologne%202026,ok
290,22.6,P4,WAIT FOR DROP,Astralis (Gold),Team,Gold,Team,sticker,,Astralis,Astralis,8161,80.79,3249.65,32.17,2P,True,60.18,"2P around $32.17, 60% below Steam",0,Premium,Premium,Low,8161.0,2739.0,9190.0,116,321.31,57,6.0,0.5129,0.1975,0.1887,0.3406,-31.247396152432305,72.66157490969832,0.3296,0.0,0.65,0.0,+73% expected | 0.33 demand | 2P 60% below Steam | 65% below high | 183% upside,"lower highs, 2P new low, unscored",Good/interesting sticker but entry is not ideal.,32.17,,32.17,32.17,,,-18.643731775948712,60.1807154350786,0.1,0.099,1.0,True,,,https://cs2tokens.com/iem-cologne-2026/items/sticker-astralis-gold-cologne-2026,https://community.akamai.steamstatic.com/economy/image/i0CoZ81Ui0m-9KwlBY1L_18myuGuq1wfhWSaZgMttyVfPaERSR0Wqmu7LAocGJai0ki7VeTHjMmuOXSQ61MnpNWipVj0VQ_OmZns-Wxf6aX2PPY9cPaSWWbDwu0u6eJrSnrrxRh252mBmdutJ3KWOwEhD8MmW6dU5RhcUeD9,Sticker | Astralis (Gold) | Cologne 2026,https://steamcommunity.com/market/listings/730/Sticker%20%7C%20Astralis%20%28Gold%29%20%7C%20Cologne%202026,ok
291,21.2,P4,WAIT FOR DROP,JamYoung (Foil),Player,Foil,Autograph,sticker,JamYoung,TYLOO,TYLOO,378,3.74,189.0,1.87,2P,True,50.0,"2P around $1.87, 50% below Steam",0,Expensive,Fair,High,378.0,135.0,459.0,116,321.31,60,6.0,0.4309,0.1646,0.3467,0.1952,-20.859788359788368,58.280423280423264,0.4541,0.0,0.65,0.0,+58% expected | 0.45 demand | 2P 50% below Steam | 59% below high | 143% upside,"High crowding, lower highs, 2P new low, unscored",2P is cheaper than current Steam but still above Steam's recorded low; wait for a stronger entry.,1.87,,1.87,1.87,,,-39.99999999999999,50.0,0.1,0.0413,1.0,True,4.43,2.1,https://cs2tokens.com/iem-cologne-2026/items/sticker-jamyoung-foil-cologne-2026,https://community.akamai.steamstatic.com/economy/image/i0CoZ81Ui0m-9KwlBY1L_18myuGuq1wfhWSaZgMttyVfPaERSR0Wqmu7LAocGJai0ki7VeTHjMmuOXSQ61MnpNWipUruRiL7n5v58jdV6M2oZ61hbqGXXmXIxbd16OIwHyu1lE0k5Dzdn4r8dH-ROldxD8ZzRrYJt0LukIX5d7S114ESBOo,Sticker | JamYoung (Foil) | Cologne 2026,https://steamcommunity.com/market/listings/730/Sticker%20%7C%20JamYoung%20%28Foil%29%20%7C%20Cologne%202026,ok
292,20.9,P4,WAIT FOR DROP,apEX (Holo),Player,Holo,Autograph,sticker,apEX,Vitality,Vitality,1673,16.56,1044.61,10.34,UUSkins,True,37.56,"UUSkins around $10.34, 38% below Steam",0,Premium,Premium,Medium,1673.0,250.0,3793.0,124,321.31,64,6.78,0.3553,0.2104,0.4247,0.105,8.152420800956373,73.21122712416224,0.4654,0.0,1.0,1.0,+73% expected | 0.47 demand | UUSkins 38% below Steam | 72% below high | 263% upside,"lower highs, 2P still falling, 2P new low, modest quality score",2P market is still making lower lows; wait for stabilization before adding.,10.34,10.78,10.34,11.83,-4.081632653061218,-3.2882502113271523,-317.8458937198068,37.56038647342994,0.68,0.1342,5.0,True,12.85,10.34,https://cs2tokens.com/iem-cologne-2026/items/sticker-apex-holo-cologne-2026,https://community.akamai.steamstatic.com/economy/image/i0CoZ81Ui0m-9KwlBY1L_18myuGuq1wfhWSaZgMttyVfPaERSR0Wqmu7LAocGJai0ki7VeTHjMmuOXSQ61MnpNWipUruRiLwjpP4wipU4_3gOfc9eaiVDz_Hwrxytrk9TH7nlxl05jzTw4qseHrEbQRyA5Z0F-QCsg74zIM6lTx2MQ,Sticker | apEX (Holo) | Cologne 2026,https://steamcommunity.com/market/listings/730/Sticker%20%7C%20apEX%20%28Holo%29%20%7C%20Cologne%202026,ok
293,20.8,P4,WAIT FOR DROP,9z Team (Gold),Team,Gold,Team,sticker,,9z Team,9z Team,9570,94.74,4545.6,45.0,2P,True,52.5,"2P around $45.00, 52% below Steam",0,Premium,Premium,Medium,9570.0,2619.0,11544.0,116,321.31,57,6.0,0.449,0.1846,0.2378,0.2652,-26.26854754440961,55.22928456983631,0.5525,0.0836,0.65,0.0,+55% expected | 0.55 demand | 2P 52% below Steam | 61% below high | 154% upside,"lower highs, 2P new low, unscored",2P is cheaper than current Steam but still above Steam's recorded low; wait for a stronger entry.,45.0,,45.0,45.0,,,-73.56237037230491,52.501583280557305,0.1,0.0421,1.0,True,,,https://cs2tokens.com/iem-cologne-2026/items/sticker-9z-team-gold-cologne-2026,https://community.akamai.steamstatic.com/economy/image/i0CoZ81Ui0m-9KwlBY1L_18myuGuq1wfhWSaZgMttyVfPaERSR0Wqmu7LAocGJai0ki7VeTHjMmuOXSQ61MnpNWipVfuTxjOmZns-WwPvKWvOPU7IqfAXmGSmb0n5rQ7Tn61w0wm42zTnN38JH3GaVcjD8YkW6dU5XJjvUZS,Sticker | 9z Team (Gold) | Cologne 2026,https://steamcommunity.com/market/listings/730/Sticker%20%7C%209z%20Team%20%28Gold%29%20%7C%20Cologne%202026,ok
294,20.8,P4,WAIT FOR DROP,aliStair (Gold),Player,Gold,Autograph,sticker,aliStair,,,2148,21.27,1113.89,11.03,2P,True,48.14,"2P around $11.03, 48% below Steam",0,Premium,Premium,Low,2148.0,463.0,2507.0,116,321.31,57,6.0,0.4209,0.1686,0.2926,0.2605,-25.56145251396648,43.54559429083709,0.5879,0.1147,0.65,0.0,+44% expected | 0.59 demand | 2P 48% below Steam | 56% below high | 125% upside,"lower highs, 2P new low, unscored",2P is cheaper than current Steam but still above Steam's recorded low; wait for a stronger entry.,11.03,,11.03,11.03,,,-140.58099047421763,48.14292430653503,0.1,0.0407,1.0,True,,,https://cs2tokens.com/iem-cologne-2026/items/sticker-alistair-gold-cologne-2026,https://community.akamai.steamstatic.com/economy/image/i0CoZ81Ui0m-9KwlBY1L_18myuGuq1wfhWSaZgMttyVfPaERSR0Wqmu7LAocGJai0ki7VeTHjMmuOXSQ61MnpNWipUruRiLwkp_z6SNS_c2pZ6hpbvLBV2PIl-sj4-c_GXrmw0534WrTnt78JSmRbQ9xWZt1FLJcukS9m9f5d7S17YrPcJc,Sticker | aliStair (Gold) | Cologne 2026,https://steamcommunity.com/market/listings/730/Sticker%20%7C%20aliStair%20%28Gold%29%20%7C%20Cologne%202026,ok
295,17.9,P4,WAIT FOR DROP,The Mongolz (Gold),Team,Gold,Team,sticker,,The MongolZ,The MongolZ,8850,87.62,4358.34,43.15,2P,True,50.75,"2P around $43.15, 51% below Steam",0,Premium,Premium,High,8850.0,1496.0,10158.0,116,321.31,57,6.0,0.4139,0.1544,0.2983,0.2171,-15.78824858757062,70.99962129216834,0.5493,0.0489,0.65,0.0,+71% expected | 0.55 demand | 2P 51% below Steam | 57% below high | 133% upside,"High crowding, lower highs, 2P new low, unscored",2P is cheaper than current Steam but still above Steam's recorded low; wait for a stronger entry.,43.15,,43.15,43.15,,,-191.3326963662973,50.75325268203606,0.1,0.0415,1.0,True,,,https://cs2tokens.com/iem-cologne-2026/items/sticker-the-mongolz-gold-cologne-2026,https://community.akamai.steamstatic.com/economy/image/i0CoZ81Ui0m-9KwlBY1L_18myuGuq1wfhWSaZgMttyVfPaERSR0Wqmu7LAocGJai0ki7VeTHjMmuOXSQ61MnpNWipVTpRgfOmZns-WwDtvT3baI7dvTHXTLGlOwj4OUxTnDjkRsltz6EnN__dnvCawIhDJYjW6dU5dJT_S2W,Sticker | The Mongolz (Gold) | Cologne 2026,https://steamcommunity.com/market/listings/730/Sticker%20%7C%20The%20Mongolz%20%28Gold%29%20%7C%20Cologne%202026,ok
296,8.9,P4,WAIT FOR DROP,s1zzi,Player,Paper,Autograph,sticker,s1zzi,B8,B8,18,0.18,18.0,0.18,Steam,False,0.0,Steam around $0.18,0,Very Cheap,Very Cheap,High,18.0,3.0,21.0,116,321.31,65,6.0,0.0338,0.0,0.2323,0.0,-37.77777777777778,-37.77777777777778,0.2807,0.0,0.65,0.0,-38% expected | 0.28 demand | 14% below high | 17% upside | -14% vs launch,"High crowding, lower highs, near range high, 2P new low, unscored",Good/interesting sticker but entry is not ideal.,,,,,,,,,0.1,0.0,,,,,https://cs2tokens.com/iem-cologne-2026/items/sticker-s1zzi-cologne-2026,https://community.akamai.steamstatic.com/economy/image/i0CoZ81Ui0m-9KwlBY1L_18myuGuq1wfhWSaZgMttyVfPaERSR0Wqmu7LAocGJai0ki7VeTHjMmuOXSQ61MnpNWipUruRiLiz4z69GwCt6b9PaI-cKLGDGXBlOtysuQ5HHvqzE8lsDvUm42pcC_Faw50Xsd5W6dU5bF6wTRY,Sticker | s1zzi | Cologne 2026,https://steamcommunity.com/market/listings/730/Sticker%20%7C%20s1zzi%20%7C%20Cologne%202026,ok
297,6.6,P4,WAIT FOR DROP,Sharks Esports (Gold),Team,Gold,Team,sticker,,Sharks Esports,Sharks Esports,75398,746.44,75398.0,746.44,Steam,False,0.0,Steam around $746.44,0,Premium,Premium,Medium,75398.0,1601.0,95688.0,116,321.31,57,6.0,0.1103,0.0197,0.2879,0.0007,-54.70651741425503,-54.70651741425503,0.802,0.2722,0.65,0.0,-55% expected | 0.80 demand | 21% below high | 27% upside | +2516% vs launch,"lower highs, near range high, 2P new low, unscored",Good/interesting sticker but entry is not ideal.,,,,,,,,,0.1,0.0,,,,,https://cs2tokens.com/iem-cologne-2026/items/sticker-sharks-esports-gold-cologne-2026,https://community.akamai.steamstatic.com/economy/image/i0CoZ81Ui0m-9KwlBY1L_18myuGuq1wfhWSaZgMttyVfPaERSR0Wqmu7LAocGJai0ki7VeTHjMmuOXSQ61MnpNWipUrvUxbOmZns-WwJt_b8O6VvcaDLWT_JxbghtOA8HXjgl04j5jvXy9j8eHufZ1NzW8B0W6dU5WSXdjfV,Sticker | Sharks Esports (Gold) | Cologne 2026,https://steamcommunity.com/market/listings/730/Sticker%20%7C%20Sharks%20Esports%20%28Gold%29%20%7C%20Cologne%202026,ok
298,6.3,P4,WAIT FOR DROP,Boombl4 (Foil),Player,Foil,Autograph,sticker,Boombl4,BetBoom,BetBoom,229,2.27,221.94,2.2,2P,True,3.08,"2P around $2.20, 3% below Steam",0,Fair,Fair,Low,229.0,128.0,251.0,116,321.31,60,6.0,0.0692,0.0,0.1246,0.0,-10.34934497816593,-7.496824136562131,0.2988,0.0,0.65,0.0,-7% expected | 0.30 demand | 2P 3% below Steam | 12% below high | 13% upside,"lower highs, near range high, 2P new low, unscored",2P is cheaper than current Steam but still above Steam's recorded low; wait for a stronger entry.,2.2,,2.2,2.2,,,-73.38931718061676,3.0837004405286272,0.1,0.0262,1.0,True,7.36,2.92,https://cs2tokens.com/iem-cologne-2026/items/sticker-boombl4-foil-cologne-2026,https://community.akamai.steamstatic.com/economy/image/i0CoZ81Ui0m-9KwlBY1L_18myuGuq1wfhWSaZgMttyVfPaERSR0Wqmu7LAocGJai0ki7VeTHjMmuOXSQ61MnpNWipUruRiLzkZnt_y4P0PShYagjIqfECzbFkegntbFsSi3gkEUj4Djdw9j_eXLDPQMhXsNzF-ADtBXslMqnab2y8x5TIA,Sticker | Boombl4 (Foil) | Cologne 2026,https://steamcommunity.com/market/listings/730/Sticker%20%7C%20Boombl4%20%28Foil%29%20%7C%20Cologne%202026,ok
299,5.8,P4,WAIT FOR DROP,Falcons (Gold),Team,Gold,Team,sticker,,Falcons,Falcons,17766,175.88,17766.0,175.88,Steam,False,0.0,Steam around $175.88,0,Premium,Premium,Low,17766.0,4959.0,21155.0,116,321.31,57,6.0,0.0928,0.0119,0.2566,0.0205,-27.66013734098841,-27.66013734098841,0.5906,0.1372,0.65,0.0,-28% expected | 0.59 demand | 16% below high | 19% upside | +99% vs launch,"lower highs, near range high, 2P new low, unscored",Good/interesting sticker but entry is not ideal.,,,,,,,,,0.1,0.0,,,,,https://cs2tokens.com/iem-cologne-2026/items/sticker-falcons-gold-cologne-2026,https://community.akamai.steamstatic.com/economy/image/i0CoZ81Ui0m-9KwlBY1L_18myuGuq1wfhWSaZgMttyVfPaERSR0Wqmu7LAocGJai0ki7VeTHjMmuOXSQ61MnpNWipV_mTSL2kZrks3ADu6r3baI7eKnLCjHClexz6LQ6HXrlxEkmtWSDnon_dymXaQJzCMBuBbld38vKSOc,Sticker | Falcons (Gold) | Cologne 2026,https://steamcommunity.com/market/listings/730/Sticker%20%7C%20Falcons%20%28Gold%29%20%7C%20Cologne%202026,ok
300,5.5,P4,WAIT FOR DROP,iM (Gold),Player,Gold,Autograph,sticker,iM,Natus Vincere,Natus Vincere,5211,51.59,5211.0,51.59,Steam,False,0.0,Steam around $51.59,0,Premium,Premium,Medium,5211.0,1336.0,6170.0,116,321.31,57,6.0,0.067,0.0,0.4721,0.0,-26.1627326808674,-26.1627326808674,0.4501,0.0,0.65,0.0,-26% expected | 0.45 demand | 16% below high | 18% upside | +290% vs launch,"lower highs, near range high, 2P new low, unscored",Good/interesting sticker but entry is not ideal.,,,,,,,,,0.1,0.0,,,,,https://cs2tokens.com/iem-cologne-2026/items/sticker-im-gold-cologne-2026,https://community.akamai.steamstatic.com/economy/image/i0CoZ81Ui0m-9KwlBY1L_18myuGuq1wfhWSaZgMttyVfPaERSR0Wqmu7LAocGJai0ki7VeTHjMmuOXSQ61MnpNWipUruRiL4k6nn8i5foaqqP_dpd6DDDDaTkr114bVvTCjhwE1x6m2HydmuJXKSbFB2C5NzQLEU8k7vk5tq8Yw,Sticker | iM (Gold) | Cologne 2026,https://steamcommunity.com/market/listings/730/Sticker%20%7C%20iM%20%28Gold%29%20%7C%20Cologne%202026,ok
301,4.5,P4,WAIT FOR DROP,paiN Gaming (Gold),Team,Gold,Team,sticker,,paiN Gaming,paiN Gaming,5610,55.54,5610.0,55.54,Steam,False,0.0,Steam around $55.54,0,Premium,Premium,Low,5610.0,1383.0,6834.0,116,321.31,57,6.0,0.0971,0.0009,0.2457,0.0083,-27.95721925133689,-27.95721925133689,0.5225,0.0056,0.65,0.0,-28% expected | 0.52 demand | 18% below high | 22% upside | +101% vs launch,"lower highs, near range high, 2P new low, unscored",Good/interesting sticker but entry is not ideal.,,,,,,,,,0.1,0.0,,,,,https://cs2tokens.com/iem-cologne-2026/items/sticker-pain-gaming-gold-cologne-2026,https://community.akamai.steamstatic.com/economy/image/i0CoZ81Ui0m-9KwlBY1L_18myuGuq1wfhWSaZgMttyVfPaERSR0Wqmu7LAocGJai0ki7VeTHjMmuOXSQ61MnpNWipUnmSBPOmZns-WwPuqb2bfBsdfPADWXAx7p05rM8HXHkkUR_4m7RydivJS2XbwcjCsN5W6dU5VyJFgBr,Sticker | paiN Gaming (Gold) | Cologne 2026,https://steamcommunity.com/market/listings/730/Sticker%20%7C%20paiN%20Gaming%20%28Gold%29%20%7C%20Cologne%202026,ok
302,3.7,P4,WAIT FOR DROP,M80 (Gold),Team,Gold,Team,sticker,,M80,M80,74454,737.09,74454.0,737.09,Steam,False,0.0,Steam around $737.09,0,Premium,Premium,Medium,74454.0,1266.0,95997.0,116,321.31,57,6.0,0.0694,0.0,0.2995,0.0,-55.51688290756709,-55.51688290756709,0.4877,0.0,0.65,0.0,-56% expected | 0.49 demand | 22% below high | 29% upside | +5781% vs launch,"lower highs, near range high, 2P new low, unscored",Good/interesting sticker but entry is not ideal.,,,,,,,,,0.1,0.0,,,,,https://cs2tokens.com/iem-cologne-2026/items/sticker-m80-gold-cologne-2026,https://community.akamai.steamstatic.com/economy/image/i0CoZ81Ui0m-9KwlBY1L_18myuGuq1wfhWSaZgMttyVfPaERSR0Wqmu7LAocGJai0ki7VeTHjMmuOXSQ61MnpNWipVS_ESL2kZrksydY6vf8OvU7c_THDDDJlrwisrExSyvhxB905GnXmIqveSiWO1MkWZNuBbldLMvLj0s,Sticker | M80 (Gold) | Cologne 2026,https://steamcommunity.com/market/listings/730/Sticker%20%7C%20M80%20%28Gold%29%20%7C%20Cologne%202026,ok
303,30.7,P4,DO NOT CHASE,Swisher (Holo),Player,Holo,Autograph,sticker,Swisher,M80,M80,1432,14.18,278.72,2.76,UUSkins,True,80.54,"UUSkins around $2.76, 81% below Steam",0,Premium,Fair,Low,1432.0,207.0,1432.0,124,321.31,66,7.55,0.5976,0.4815,0.223,0.5047,-31.133379888268166,253.81473666099916,0.3756,0.0,1.0,1.0,+254% expected | 0.38 demand | UUSkins 81% below Steam | 81% below high | 414% upside,"lower highs, 2P new low",2P is cheaper than current Steam but still above Steam's recorded low; wait for a stronger entry.,2.76,2.76,2.76,2.76,0.0,,-34.649741419840126,80.53596614950635,0.0,0.099,2.0,True,7.99,2.76,https://cs2tokens.com/iem-cologne-2026/items/sticker-swisher-holo-cologne-2026,https://community.akamai.steamstatic.com/economy/image/i0CoZ81Ui0m-9KwlBY1L_18myuGuq1wfhWSaZgMttyVfPaERSR0Wqmu7LAocGJai0ki7VeTHjMmuOXSQ61MnpNWipUruRiLiiZ_z9SdJ0PqhZKsjdvLKWzLDkrh3seAxHSzlk0QmsGWEyNavJXLDawEnD5clQ-9bukHrwcqnab3fYe209A,Sticker | Swisher (Holo) | Cologne 2026,https://steamcommunity.com/market/listings/730/Sticker%20%7C%20Swisher%20%28Holo%29%20%7C%20Cologne%202026,ok
304,30.0,P4,DO NOT CHASE,TeSeS (Holo),Player,Holo,Autograph,sticker,TeSeS,Falcons,Falcons,1094,10.83,377.8,3.74,UUSkins,True,65.47,"UUSkins around $3.74, 65% below Steam",0,Premium,Fair,Low,1094.0,330.0,1204.0,124,321.31,64,7.35,0.5695,0.4699,0.259,0.5192,-23.85831809872029,120.48513769809072,0.2713,0.0,1.0,1.0,+120% expected | 0.27 demand | UUSkins 65% below Steam | 69% below high | 219% upside,lower highs,Too extended or too close to high.,3.74,3.74,3.35,3.76,0.0,-0.0854863221884482,-14.48445675592491,65.466297322253,0.0,0.4387,16.0,False,10.0,3.74,https://cs2tokens.com/iem-cologne-2026/items/sticker-teses-holo-cologne-2026,https://community.akamai.steamstatic.com/economy/image/i0CoZ81Ui0m-9KwlBY1L_18myuGuq1wfhWSaZgMttyVfPaERSR0Wqmu7LAocGJai0ki7VeTHjMmuOXSQ61MnpNWipUruRiLlm4Xl7h1T4P6hJvVpdvTKWT_Cw7p3tLY4Tn23lkVz4W3Tm4ypIy6RbgN1X8YhQbID4xGm0oqwn4kTwvY,Sticker | TeSeS (Holo) | Cologne 2026,https://steamcommunity.com/market/listings/730/Sticker%20%7C%20TeSeS%20%28Holo%29%20%7C%20Cologne%202026,ok
305,29.1,P4,DO NOT CHASE,s1zzi (Holo),Player,Holo,Autograph,sticker,s1zzi,B8,B8,4221,41.79,149.49,1.48,UUSkins,True,96.46,"UUSkins around $1.48, 96% below Steam",0,Premium,Cheap,High,4221.0,62.0,4447.0,124,321.31,66,4.3,0.7025,0.3798,0.2191,0.5325,-56.51551764984602,1127.8489982519834,0.7887,0.2274,1.0,1.0,+1128% expected | 0.79 demand | UUSkins 96% below Steam | 97% below high | 2875% upside,"High crowding, lower highs, modest quality score",2P is cheaper than current Steam but still above Steam's recorded low; wait for a stronger entry.,1.48,1.11,1.11,1.48,33.33333333333333,,-141.10876965472522,96.45848289064372,0.0,0.081,2.0,False,2.0,1.48,https://cs2tokens.com/iem-cologne-2026/items/sticker-s1zzi-holo-cologne-2026,https://community.akamai.steamstatic.com/economy/image/i0CoZ81Ui0m-9KwlBY1L_18myuGuq1wfhWSaZgMttyVfPaERSR0Wqmu7LAocGJai0ki7VeTHjMmuOXSQ61MnpNWipUruRiLiz4z69B1T4P6hJvRseabDWDPClOhy4LEwHyrqzE5w62uHzN2hc3yQOgd1DJYmReFY5xam0oqwfEBHRto,Sticker | s1zzi (Holo) | Cologne 2026,https://steamcommunity.com/market/listings/730/Sticker%20%7C%20s1zzi%20%28Holo%29%20%7C%20Cologne%202026,ok
306,27.2,P4,DO NOT CHASE,kl1m (Foil),Player,Foil,Autograph,sticker,kl1m,MIBR,MIBR,103,1.02,27.26,0.27,2P,True,73.53,"2P around $0.27, 74% below Steam",0,Cheap,Very Cheap,High,103.0,11.0,111.0,116,321.31,62,6.0,0.603,0.2967,0.2064,0.4282,-33.90291262135923,149.70010787486513,0.574,0.1907,0.65,0.0,+150% expected | 0.57 demand | 2P 74% below Steam | 75% below high | 307% upside,"High crowding, lower highs, 2P new low, unscored",2P is cheaper than current Steam but still above Steam's recorded low; wait for a stronger entry.,0.27,,0.27,0.27,,,-147.86096256684496,73.52941176470587,0.1,0.0477,1.0,True,0.46,,https://cs2tokens.com/iem-cologne-2026/items/sticker-kl1m-foil-cologne-2026,https://raw.githubusercontent.com/ByMykel/counter-strike-image-tracker/main/static/panorama/images/econ/stickers/cologne2026/sig_kl1m_foil_png.png,Sticker | kl1m (Foil) | Cologne 2026,https://steamcommunity.com/market/listings/730/Sticker%20%7C%20kl1m%20%28Foil%29%20%7C%20Cologne%202026,ok
307,26.8,P4,DO NOT CHASE,alex666 (Holo),Player,Holo,Autograph,sticker,alex666,B8,B8,1713,16.96,280.79,2.78,UUSkins,True,83.61,"UUSkins around $2.78, 84% below Steam",0,Premium,Fair,Low,1713.0,139.0,1724.0,124,321.31,64,4.55,0.6055,0.3596,0.1836,0.5068,-45.47635726795096,232.6334463077524,0.6542,0.0,1.0,1.0,+233% expected | 0.65 demand | UUSkins 84% below Steam | 84% below high | 514% upside,"lower highs, modest quality score",2P is cheaper than current Steam but still above Steam's recorded low; wait for a stronger entry.,2.78,2.78,1.92,2.78,0.0,9.53124999999999,-102.00471698113208,83.60849056603774,0.0,0.2025,5.0,False,3.49,2.78,https://cs2tokens.com/iem-cologne-2026/items/sticker-alex666-holo-cologne-2026,https://community.akamai.steamstatic.com/economy/image/i0CoZ81Ui0m-9KwlBY1L_18myuGuq1wfhWSaZgMttyVfPaERSR0Wqmu7LAocGJai0ki7VeTHjMmuOXSQ61MnpNWipUruRiLwkpP4q3QN0PqhZKsjc6CWWTSSk7gv6bZsGS-xzUklsj7Two6tcSiVb1IlWcN0FrED5hCxkcqnab0rDIncfQ,Sticker | alex666 (Holo) | Cologne 2026,https://steamcommunity.com/market/listings/730/Sticker%20%7C%20alex666%20%28Holo%29%20%7C%20Cologne%202026,ok
308,25.4,P4,DO NOT CHASE,FURIA (Gold),Team,Gold,Team,sticker,,FURIA,FURIA,9590,94.94,1951.54,19.32,2P,True,79.65,"2P around $19.32, 80% below Steam",0,Premium,Premium,Low,9590.0,1449.0,11023.0,116,321.31,57,6.0,0.6723,0.3242,0.2609,0.5249,-23.994056308654844,273.4991870629559,0.5305,0.105,0.65,0.0,+273% expected | 0.53 demand | 2P 80% below Steam | 82% below high | 465% upside,"lower highs, 2P new low, unscored",2P is cheaper than current Steam but still above Steam's recorded low; wait for a stronger entry.,19.32,,19.32,19.32,,,-34.681553261709155,79.65030545607753,0.1,0.0477,1.0,True,,,https://cs2tokens.com/iem-cologne-2026/items/sticker-furia-gold-cologne-2026,https://community.akamai.steamstatic.com/economy/image/i0CoZ81Ui0m-9KwlBY1L_18myuGuq1wfhWSaZgMttyVfPaERSR0Wqmu7LAocGJai0ki7VeTHjMmuOXSQ61MnpNWipV_yUxTOmZns-WxYvqH5MfVudqPDXWPDxbsvsuRqTHi2wkR26j6Azdf_dH7GOFAkD8dxW6dU5dUoi94N,Sticker | FURIA (Gold) | Cologne 2026,https://steamcommunity.com/market/listings/730/Sticker%20%7C%20FURIA%20%28Gold%29%20%7C%20Cologne%202026,ok
309,25.2,P4,DO NOT CHASE,s1zzi (Gold),Player,Gold,Autograph,sticker,s1zzi,B8,B8,10297,101.94,1114.14,11.03,2P,True,89.18,"2P around $11.03, 89% below Steam",0,Premium,Premium,Medium,10297.0,936.0,10624.0,116,321.31,57,6.0,0.7355,0.3148,0.2526,0.5231,-52.53180538020783,338.70423930567665,0.7311,0.0456,0.65,0.0,+339% expected | 0.73 demand | 2P 89% below Steam | 90% below high | 854% upside,"lower highs, 2P new low, unscored",Too extended or too close to high.,11.03,,11.03,11.03,,,-19.032552666307808,89.17990975083381,0.1,0.106,1.0,True,,,https://cs2tokens.com/iem-cologne-2026/items/sticker-s1zzi-gold-cologne-2026,https://raw.githubusercontent.com/ByMykel/counter-strike-image-tracker/main/static/panorama/images/econ/stickers/cologne2026/sig_s1zzi_gold_png.png,Sticker | s1zzi (Gold) | Cologne 2026,https://steamcommunity.com/market/listings/730/Sticker%20%7C%20s1zzi%20%28Gold%29%20%7C%20Cologne%202026,ok
310,24.7,P4,DO NOT CHASE,HEROIC (Gold),Team,Gold,Team,sticker,,HEROIC,HEROIC,66237,655.75,1629.28,16.13,2P,True,97.54,"2P around $16.13, 98% below Steam",0,Premium,Premium,High,66237.0,1417.0,76779.0,116,321.31,57,6.0,0.7648,0.3191,0.3111,0.5207,-54.524736929510695,1748.754107778882,0.5733,0.035,0.65,0.0,+1749% expected | 0.57 demand | 2P 98% below Steam | 98% below high | 4612% upside,"High crowding, 2P new low, unscored",Too extended or too close to high.,16.13,,16.13,16.13,,,-14.981209328154309,97.540221120854,0.1,0.106,1.0,True,,,https://cs2tokens.com/iem-cologne-2026/items/sticker-heroic-gold-cologne-2026,https://community.akamai.steamstatic.com/economy/image/i0CoZ81Ui0m-9KwlBY1L_18myuGuq1wfhWSaZgMttyVfPaERSR0Wqmu7LAocGJai0ki7VeTHjMmuOXSQ61MnpNWipVHiUxLOmZns-WwCuqv9Pqc8dKDDWDSUlrwi5-NvHSiywBl1tmWGmNqqd3iSaQ8gWJBzW6dU5UMGpeLE,Sticker | HEROIC (Gold) | Cologne 2026,https://steamcommunity.com/market/listings/730/Sticker%20%7C%20HEROIC%20%28Gold%29%20%7C%20Cologne%202026,ok
311,24.2,P4,DO NOT CHASE,n1ssim (Holo),Player,Holo,Autograph,sticker,n1ssim,Legacy,Legacy,2376,23.52,115.16,1.14,UUSkins,True,95.15,"UUSkins around $1.14, 95% below Steam",0,Premium,Cheap,High,2376.0,59.0,2376.0,124,321.31,66,5.85,0.6685,0.3574,0.2257,0.4613,-56.76430976430977,792.0205564416092,0.4024,0.0,1.0,1.0,+792% expected | 0.40 demand | UUSkins 95% below Steam | 95% below high | 1963% upside,"High crowding, lower highs, 2P new low, modest quality score",2P is cheaper than current Steam but still above Steam's recorded low; wait for a stronger entry.,1.14,1.18,1.14,1.18,-3.3898305084745783,,-95.1919750951228,95.1530612244898,0.0,0.099,2.0,True,7.89,1.14,https://cs2tokens.com/iem-cologne-2026/items/sticker-n1ssim-holo-cologne-2026,https://community.akamai.steamstatic.com/economy/image/i0CoZ81Ui0m-9KwlBY1L_18myuGuq1wfhWSaZgMttyVfPaERSR0Wqmu7LAocGJai0ki7VeTHjMmuOXSQ61MnpNWipUruRiL_z4Xz9C9k5_2iZ-o-dqXKWmKTl7gmtbc9Tniylhx14m3Xmdf8cyrFOAcpDJt4QbEIsUa7jJS5YBLQsJSx,Sticker | n1ssim (Holo) | Cologne 2026,https://steamcommunity.com/market/listings/730/Sticker%20%7C%20n1ssim%20%28Holo%29%20%7C%20Cologne%202026,ok
312,23.6,P4,DO NOT CHASE,tabseN (Holo),Player,Holo,Autograph,sticker,tabseN,BIG,BIG,1171,11.59,280.88,2.78,UUSkins,True,76.01,"UUSkins around $2.78, 76% below Steam",0,Premium,Fair,Low,1171.0,236.0,1171.0,124,321.31,64,4.45,0.5872,0.3366,0.1777,0.5032,-23.2937660119556,219.79325608684707,0.2882,0.0,1.0,1.0,+220% expected | 0.29 demand | UUSkins 76% below Steam | 76% below high | 317% upside,"lower highs, 2P new low, modest quality score",Too extended or too close to high.,2.78,2.78,2.78,2.78,0.0,,-19.01624720317045,76.01380500431407,0.0,0.22,2.0,True,5.0,2.78,https://cs2tokens.com/iem-cologne-2026/items/sticker-tabsen-holo-cologne-2026,https://community.akamai.steamstatic.com/economy/image/i0CoZ81Ui0m-9KwlBY1L_18myuGuq1wfhWSaZgMttyVfPaERSR0Wqmu7LAocGJai0ki7VeTHjMmuOXSQ61MnpNWipUruRiLln5Tz-Cxk5_2iZ-o_I_HBVzfIkepy4OU7TnGywkR14T7Rmdn4d36SPAAnCMF5QrUNsEOwjJS5YMJcjj0P,Sticker | tabseN (Holo) | Cologne 2026,https://steamcommunity.com/market/listings/730/Sticker%20%7C%20tabseN%20%28Holo%29%20%7C%20Cologne%202026,ok
313,19.6,P4,DO NOT CHASE,Brollan (Gold),Player,Gold,Autograph,sticker,Brollan,MOUZ,MOUZ,2319,22.96,676.71,6.7,2P,True,70.82,"2P around $6.70, 71% below Steam",0,Premium,Expensive,Low,2319.0,870.0,2424.0,116,321.31,57,6.0,0.6595,0.2768,0.1684,0.493,-27.321690383786112,149.05880429675685,0.2522,0.0,0.65,0.0,+149% expected | 0.25 demand | 2P 71% below Steam | 72% below high | 258% upside,"lower highs, 2P new low, unscored",Too extended or too close to high.,6.7,,6.7,6.7,,,22.21704914093476,70.81881533101046,0.1,0.1504,1.0,True,,,https://cs2tokens.com/iem-cologne-2026/items/sticker-brollan-gold-cologne-2026,https://community.akamai.steamstatic.com/economy/image/i0CoZ81Ui0m-9KwlBY1L_18myuGuq1wfhWSaZgMttyVfPaERSR0Wqmu7LAocGJai0ki7VeTHjMmuOXSQ61MnpNWipUruRiLzjJns8SNV0PWhZKAjcfKQXzHHwLsl6OM_TC3rxkt-52jXntmocyqebQEjApV4RrFbsha7l8qnab2UELSubg,Sticker | Brollan (Gold) | Cologne 2026,https://steamcommunity.com/market/listings/730/Sticker%20%7C%20Brollan%20%28Gold%29%20%7C%20Cologne%202026,ok
314,18.2,P4,DO NOT CHASE,LNZ (Holo),Player,Holo,Autograph,sticker,LNZ,MIBR,MIBR,1549,15.34,223.16,2.21,CSFloat,True,85.59,"CSFloat around $2.21, 86% below Steam",0,Premium,Fair,High,1549.0,38.0,1549.0,124,321.31,66,4.9,0.5633,0.2808,0.3166,0.3539,-59.92704970948999,178.15341966354006,0.4526,0.0,1.0,1.0,+178% expected | 0.45 demand | CSFloat 86% below Steam | 86% below high | 594% upside,"High crowding, lower highs, modest quality score",2P is cheaper than current Steam but still above Steam's recorded low; wait for a stronger entry.,2.21,1.78,1.78,2.21,24.15730337078652,,-487.2658340767172,85.59322033898304,0.0,0.081,2.0,False,2.21,2.22,https://cs2tokens.com/iem-cologne-2026/items/sticker-lnz-holo-cologne-2026,https://community.akamai.steamstatic.com/economy/image/i0CoZ81Ui0m-9KwlBY1L_18myuGuq1wfhWSaZgMttyVfPaERSR0Wqmu7LAocGJai0ki7VeTHjMmuOXSQ61MnpNWipUruRiL9kIzf9S1X4Lz3a_xoIfWWDD6Wlb4ltLU7HHi2lk1ztz7SzI6tJC6RaQ8kDJMlR-cJrFDmxYfbLuv4,Sticker | LNZ (Holo) | Cologne 2026,https://steamcommunity.com/market/listings/730/Sticker%20%7C%20LNZ%20%28Holo%29%20%7C%20Cologne%202026,ok
315,12.5,P4,DO NOT CHASE,LNZ (Gold),Player,Gold,Autograph,sticker,LNZ,MIBR,MIBR,4384,43.4,1081.86,10.71,2P,True,75.32,"2P around $10.71, 75% below Steam",0,Premium,Premium,Medium,4384.0,373.0,4397.0,116,321.31,57,6.0,0.5542,0.2098,0.1965,0.333,-46.69844890510949,115.993213587138,0.4285,0.0,0.65,0.0,+116% expected | 0.43 demand | 2P 75% below Steam | 75% below high | 306% upside,"lower highs, 2P new low, unscored",2P is cheaper than current Steam but still above Steam's recorded low; wait for a stronger entry.,10.71,,10.71,10.71,,,-190.0423765458791,75.32258064516128,0.1,0.0477,1.0,True,,,https://cs2tokens.com/iem-cologne-2026/items/sticker-lnz-gold-cologne-2026,https://community.akamai.steamstatic.com/economy/image/i0CoZ81Ui0m-9KwlBY1L_18myuGuq1wfhWSaZgMttyVfPaERSR0Wqmu7LAocGJai0ki7VeTHjMmuOXSQ61MnpNWipUruRiL9kIzf-i1X67ysP6c1JPXCXzSWw-oituM_TSrkwk5-tz7XmYv4c3LDblUhDpElR7QMrFDmxdw_be0R,Sticker | LNZ (Gold) | Cologne 2026,https://steamcommunity.com/market/listings/730/Sticker%20%7C%20LNZ%20%28Gold%29%20%7C%20Cologne%202026,ok
316,11.5,P4,DO NOT CHASE,Legacy (Gold),Team,Gold,Team,sticker,,Legacy,Legacy,9671,95.74,3283.94,32.51,2P,True,66.04,"2P around $32.51, 66% below Steam",0,Premium,Premium,Medium,9671.0,1273.0,9671.0,116,321.31,57,6.0,0.4733,0.1928,0.2871,0.2888,-35.87260883052424,88.85132053416207,0.4134,0.0,0.65,0.0,+89% expected | 0.41 demand | 2P 66% below Steam | 66% below high | 194% upside,"lower highs, 2P new low, unscored",2P is cheaper than current Steam but still above Steam's recorded low; wait for a stronger entry.,32.51,,32.51,32.51,,,-157.96840946718257,66.04345101316065,0.1,0.0464,1.0,True,,,https://cs2tokens.com/iem-cologne-2026/items/sticker-legacy-gold-cologne-2026,https://community.akamai.steamstatic.com/economy/image/i0CoZ81Ui0m-9KwlBY1L_18myuGuq1wfhWSaZgMttyVfPaERSR0Wqmu7LAocGJai0ki7VeTHjMmuOXSQ61MnpNWipVXgQgTOmZns-WxetqH-P_Q0cKTBXGPFxOwl5rQwHy3hlkh3t2uDyNz7I3OQaVRzApd4W6dU5Q5vnbzJ,Sticker | Legacy (Gold) | Cologne 2026,https://steamcommunity.com/market/listings/730/Sticker%20%7C%20Legacy%20%28Gold%29%20%7C%20Cologne%202026,ok
317,9.8,P4,DO NOT CHASE,s1zzi (Foil),Player,Foil,Autograph,sticker,s1zzi,B8,B8,265,2.62,63.72,0.63,2P,True,75.95,"2P around $0.63, 76% below Steam",0,Expensive,Very Cheap,High,265.0,15.0,266.0,116,321.31,62,6.0,0.4577,0.1845,0.1204,0.2114,-51.25283018867924,102.72632524707998,0.2167,0.0,0.65,0.0,+103% expected | 0.22 demand | 2P 76% below Steam | 76% below high | 317% upside,"High crowding, lower highs, 2P new low, unscored",2P is cheaper than current Steam but still above Steam's recorded low; wait for a stronger entry.,0.63,,0.63,0.63,,,-324.8091603053435,75.95419847328245,0.1,0.0477,1.0,True,,,https://cs2tokens.com/iem-cologne-2026/items/sticker-s1zzi-foil-cologne-2026,https://community.akamai.steamstatic.com/economy/image/i0CoZ81Ui0m-9KwlBY1L_18myuGuq1wfhWSaZgMttyVfPaERSR0Wqmu7LAocGJai0ki7VeTHjMmuOXSQ61MnpNWipUruRiLiz4z69B1d4PuiJqE9cKnFXD6Ww-sn4bQ6Fn_jwRtwsmiDntz8InrFbFcmC8ZxR-EDukam0oqwJaua4sM,Sticker | s1zzi (Foil) | Cologne 2026,https://steamcommunity.com/market/listings/730/Sticker%20%7C%20s1zzi%20%28Foil%29%20%7C%20Cologne%202026,ok
318,9.6,P4,DO NOT CHASE,nettik (Foil),Player,Foil,Autograph,sticker,nettik,Flyquest,Flyquest,165,1.63,74.91,0.74,UUSkins,True,54.6,"UUSkins around $0.74, 55% below Steam",0,Fair,Cheap,High,165.0,21.0,165.0,116,321.31,62,5.9,0.305,0.1537,0.3171,0.0905,-49.72121212121212,10.749221949221944,0.4447,0.0,1.0,1.0,+11% expected | 0.44 demand | UUSkins 55% below Steam | 55% below high | 120% upside,"High crowding, lower highs, 2P new low, modest quality score",2P is cheaper than current Steam but still above Steam's recorded low; wait for a stronger entry.,0.74,0.74,0.74,0.74,0.0,1.5757216213689618e-15,-256.70464504820336,54.60122699386503,0.0,0.2228,7.0,True,,0.74,https://cs2tokens.com/iem-cologne-2026/items/sticker-nettik-foil-cologne-2026,https://community.akamai.steamstatic.com/economy/image/i0CoZ81Ui0m-9KwlBY1L_18myuGuq1wfhWSaZgMttyVfPaERSR0Wqmu7LAocGJai0ki7VeTHjMmuOXSQ61MnpNWipUruRiL_m4L09Clk6f2nZOo-c6WQVz-Wx74hsbRrSnzhzUsh6mqGz9igdn-QaVUjXMAhQeJY5xm9jJS5YOkS28oI,Sticker | nettik (Foil) | Cologne 2026,https://steamcommunity.com/market/listings/730/Sticker%20%7C%20nettik%20%28Foil%29%20%7C%20Cologne%202026,ok
319,8.7,P4,DO NOT CHASE,malbsMd (Foil),Player,Foil,Autograph,sticker,malbsMd,Team Liquid,Team Liquid,110,1.09,74.68,0.74,UUSkins,True,32.11,"UUSkins around $0.74, 32% below Steam",0,Cheap,Cheap,High,110.0,22.0,113.0,116,321.31,62,5.45,0.2093,0.0979,0.3746,0.0604,-34.163636363636364,-3.024815724815721,0.5335,0.0,1.0,1.0,-3% expected | 0.53 demand | UUSkins 32% below Steam | 34% below high | 51% upside,"High crowding, lower highs, 2P new low, modest quality score",2P is cheaper than current Steam but still above Steam's recorded low; wait for a stronger entry.,0.74,0.74,0.74,0.74,0.0,1.5757216213689618e-15,-239.44954128440364,32.11009174311927,0.0,0.1866,7.0,True,,0.74,https://cs2tokens.com/iem-cologne-2026/items/sticker-malbsmd-foil-cologne-2026,https://community.akamai.steamstatic.com/economy/image/i0CoZ81Ui0m-9KwlBY1L_18myuGuq1wfhWSaZgMttyVfPaERSR0Wqmu7LAocGJai0ki7VeTHjMmuOXSQ61MnpNWipUruRiL8n5ri7i9f0PShYagjeaGVC2aTx7gm5OdsGnHkl05-t2SAm9b7cCnCalQmDMcmQedZtRG5w8qnab3WM6DIxQ,Sticker | malbsMd (Foil) | Cologne 2026,https://steamcommunity.com/market/listings/730/Sticker%20%7C%20malbsMd%20%28Foil%29%20%7C%20Cologne%202026,ok
320,7.0,P4,DO NOT CHASE,lauNX (Gold),Player,Gold,Autograph,sticker,lauNX,,,3512,34.77,1818.12,18.0,2P,True,48.23,"2P around $18.00, 48% below Steam",0,Premium,Premium,Medium,3512.0,1184.0,3651.0,116,321.31,57,6.0,0.3921,0.1312,0.3411,0.1888,-29.24430523917996,36.67641704631741,0.5438,0.0,0.65,0.0,+37% expected | 0.54 demand | 2P 48% below Steam | 50% below high | 101% upside,"lower highs, 2P new low, unscored",2P is cheaper than current Steam but still above Steam's recorded low; wait for a stronger entry.,18.0,,18.0,18.0,,,-53.55735372991628,48.23123382226057,0.1,0.0407,1.0,True,,,https://cs2tokens.com/iem-cologne-2026/items/sticker-launx-gold-cologne-2026,https://community.akamai.steamstatic.com/economy/image/i0CoZ81Ui0m-9KwlBY1L_18myuGuq1wfhWSaZgMttyVfPaERSR0Wqmu7LAocGJai0ki7VeTHjMmuOXSQ61MnpNWipUruRiL9n4Pu5R1c4P6qJqc7dPWXC2WTlrsu47Q5THq1lh8jtziGnIz9dy2UZ1QkCZN2E7Jb50Om0oqw16s0VBg,Sticker | lauNX (Gold) | Cologne 2026,https://steamcommunity.com/market/listings/730/Sticker%20%7C%20lauNX%20%28Gold%29%20%7C%20Cologne%202026,ok
321,3.3,P4,DO NOT CHASE,Aleksib (Gold),Player,Gold,Autograph,sticker,Aleksib,Natus Vincere,Natus Vincere,7416,73.42,4545.36,45.0,2P,True,38.71,"2P around $45.00, 39% below Steam",0,Premium,Premium,Medium,7416.0,2928.0,7416.0,116,321.31,57,6.0,0.3163,0.095,0.2204,0.138,-21.3598975188781,28.305696092532663,0.7439,0.0,0.65,0.0,+28% expected | 0.74 demand | 2P 39% below Steam | 39% below high | 63% upside,"lower highs, 2P new low, unscored",2P is cheaper than current Steam but still above Steam's recorded low; wait for a stronger entry.,45.0,,45.0,45.0,,,-55.23755085271803,38.70879869245437,0.1,0.0376,1.0,True,,,https://cs2tokens.com/iem-cologne-2026/items/sticker-aleksib-gold-cologne-2026,https://community.akamai.steamstatic.com/economy/image/i0CoZ81Ui0m-9KwlBY1L_18myuGuq1wfhWSaZgMttyVfPaERSR0Wqmu7LAocGJai0ki7VeTHjMmuOXSQ61MnpNWipUruRiLwkpPr7itZ0PWhZKAjJaCRVzXCkL8js-BtSSixlBgjtWTWm4uodH6SbVJ1XpAlQLZb5BnulMqnab3J6ViiPA,Sticker | Aleksib (Gold) | Cologne 2026,https://steamcommunity.com/market/listings/730/Sticker%20%7C%20Aleksib%20%28Gold%29%20%7C%20Cologne%202026,ok
322,0.0,P4,DO NOT CHASE,phzy (Gold),Player,Gold,Autograph,sticker,phzy,Astralis,Astralis,1941,19.22,1941.0,19.22,Steam,False,0.0,Steam around $19.22,0,Premium,Premium,Low,1941.0,954.0,1941.0,116,321.31,57,6.0,0.0742,0.0023,0.2103,0.0831,-26.96032972694488,-26.96032972694488,0.7951,0.0,0.65,0.0,-27% expected | 0.80 demand | 0% below high | 0% upside | +7% vs launch,"lower highs, near range high, 2P new low, unscored",Too extended or too close to high.,,,,,,,,,0.1,0.0,,,,,https://cs2tokens.com/iem-cologne-2026/items/sticker-phzy-gold-cologne-2026,https://community.akamai.steamstatic.com/economy/image/i0CoZ81Ui0m-9KwlBY1L_18myuGuq1wfhWSaZgMttyVfPaERSR0Wqmu7LAocGJai0ki7VeTHjMmuOXSQ61MnpNWipUruRiLhloz5wiVU4_bga6A0c6DCXTPJl7citLE9TX_kl0lx6mqAzt34eXKfPwAhDMcmQbFc4Q74zIN0hvnhMA,Sticker | phzy (Gold) | Cologne 2026,https://steamcommunity.com/market/listings/730/Sticker%20%7C%20phzy%20%28Gold%29%20%7C%20Cologne%202026,ok
323,0.0,P4,DO NOT CHASE,Team Spirit (Gold),Team,Gold,Team,sticker,,Team Spirit,Team Spirit,27431,271.57,27431.0,271.57,Steam,False,0.0,Steam around $271.57,0,Premium,Premium,Low,27431.0,9541.0,29248.0,116,321.31,57,6.0,0.0559,0.0109,0.2513,0.0418,-25.45474098647517,-25.45474098647517,0.5896,0.1204,0.65,0.0,-25% expected | 0.59 demand | 6% below high | 7% upside | +62% vs launch,"lower highs, near range high, 2P new low, unscored",Too extended or too close to high.,,,,,,,,,0.1,0.0,,,,,https://cs2tokens.com/iem-cologne-2026/items/sticker-team-spirit-gold-cologne-2026,https://community.akamai.steamstatic.com/economy/image/i0CoZ81Ui0m-9KwlBY1L_18myuGuq1wfhWSaZgMttyVfPaERSR0Wqmu7LAocGJai0ki7VeTHjMmuOXSQ61MnpNWipUr3SA_OmZns-WwD7ar2PKE1I6WSXWKSlrkv6Lc8SS3hzE4jtjjWn46vJX7FaAFyDMFwW6dU5UffrHPu,Sticker | Team Spirit (Gold) | Cologne 2026,https://steamcommunity.com/market/listings/730/Sticker%20%7C%20Team%20Spirit%20%28Gold%29%20%7C%20Cologne%202026,ok
324,0.0,P4,DO NOT CHASE,Monte (Gold),Team,Gold,Team,sticker,,Monte,Monte,7016,69.46,7016.0,69.46,Steam,False,0.0,Steam around $69.46,0,Premium,Premium,Low,7016.0,876.0,7389.0,116,321.31,57,6.0,0.0,0.0,0.1862,0.0,-28.76282782212086,-28.76282782212086,0.267,0.0,0.65,0.0,-29% expected | 0.27 demand | 5% below high | 5% upside | +701% vs launch,"lower highs, near range high, 2P new low, unscored",Too extended or too close to high.,,,,,,,,,0.1,0.0,,,,,https://cs2tokens.com/iem-cologne-2026/items/sticker-monte-gold-cologne-2026,https://community.akamai.steamstatic.com/economy/image/i0CoZ81Ui0m-9KwlBY1L_18myuGuq1wfhWSaZgMttyVfPaERSR0Wqmu7LAocGJai0ki7VeTHjMmuOXSQ61MnpNWipVToTwnOmZns-Wxa7KL6P6Y9cKOVCzHAxeov4rhrTXy1wRx_5D7Szd6vcHjDaVJyCsZzW6dU5TcBUa7R,Sticker | Monte (Gold) | Cologne 2026,https://steamcommunity.com/market/listings/730/Sticker%20%7C%20Monte%20%28Gold%29%20%7C%20Cologne%202026,ok
325,0.0,P4,DO NOT CHASE,IEM (Gold),Player,Gold,Event,sticker,,,,36754,363.86,36754.0,363.86,Steam,False,0.0,Steam around $363.86,0,Premium,Premium,Low,36754.0,9208.0,36754.0,116,321.31,57,6.0,0.0,0.0,0.2483,0.0,-36.31680905479677,-36.31680905479677,0.3435,0.0,0.65,0.0,-36% expected | 0.34 demand | 0% below high | 0% upside | +20% vs launch,"lower highs, near range high, 2P new low, unscored",Too extended or too close to high.,,,,,,,,,0.1,0.0,,,,,https://cs2tokens.com/iem-cologne-2026/items/sticker-iem-gold-cologne-2026,https://community.akamai.steamstatic.com/economy/image/i0CoZ81Ui0m-9KwlBY1L_18myuGuq1wfhWSaZgMttyVfPaERSR0Wqmu7LAocGJai0ki7VeTHjMmuOXSQ61MnpNWipVDiTCL2kZrksyRe7vT9bqY4JqiXDTTAx7gvs7E7SX3mzU9x5WvXntqheS2QPFV0XJRuBbld2cAJuvs,Sticker | IEM (Gold) | Cologne 2026,https://steamcommunity.com/market/listings/730/Sticker%20%7C%20IEM%20%28Gold%29%20%7C%20Cologne%202026,ok
326,0.0,P4,DO NOT CHASE,jabbi (Gold),Player,Gold,Autograph,sticker,jabbi,Astralis,Astralis,1645,16.29,1645.0,16.29,Steam,False,0.0,Steam around $16.29,0,Premium,Premium,Low,1645.0,769.0,1648.0,116,321.31,57,6.0,0.0025,0.0,0.0974,0.0,-21.086322188449845,-21.086322188449845,0.2368,0.0,0.65,0.0,-21% expected | 0.24 demand | 0% below high | 0% upside | +60% vs launch,"lower highs, near range high, 2P new low, unscored",Too extended or too close to high.,,,,,,,,,0.1,0.0,,,,,https://cs2tokens.com/iem-cologne-2026/items/sticker-jabbi-gold-cologne-2026,https://community.akamai.steamstatic.com/economy/image/i0CoZ81Ui0m-9KwlBY1L_18myuGuq1wfhWSaZgMttyVfPaERSR0Wqmu7LAocGJai0ki7VeTHjMmuOXSQ61MnpNWipUruRiL7n5Ti9B1c4P6qJvI5cvbKX2LJlbl34rg5HHC1wx916m-Bzt2sdXLGaAAgCsZ1QOMOsROm0oqw31eQ7ig,Sticker | jabbi (Gold) | Cologne 2026,https://steamcommunity.com/market/listings/730/Sticker%20%7C%20jabbi%20%28Gold%29%20%7C%20Cologne%202026,ok
327,0.0,P4,DO NOT CHASE,B8 (Gold),Team,Gold,Team,sticker,,B8,B8,47629,471.53,47629.0,471.53,Steam,False,0.0,Steam around $471.53,0,Premium,Premium,Medium,47629.0,2058.0,47629.0,116,321.31,57,6.0,0.0,0.0,0.1772,0.0,-51.65726763106511,-51.65726763106511,0.3205,0.0,0.65,0.0,-52% expected | 0.32 demand | 0% below high | 0% upside | +1547% vs launch,"lower highs, near range high, 2P new low, unscored",Too extended or too close to high.,,,,,,,,,0.1,0.0,,,,,https://cs2tokens.com/iem-cologne-2026/items/sticker-b8-gold-cologne-2026,https://community.akamai.steamstatic.com/economy/image/i0CoZ81Ui0m-9KwlBY1L_18myuGuq1wfhWSaZgMttyVfPaERSR0Wqmu7LAocGJai0ki7VeTHjMmuOXSQ61MnpNWipVu_fhr-kpKu-3AN6qD5bPJsIvaRVzaTwLYjtOQxTnuywE1zsDjXm4utc3mfZ1UhXowwG7CKJKTlHA,Sticker | B8 (Gold) | Cologne 2026,https://steamcommunity.com/market/listings/730/Sticker%20%7C%20B8%20%28Gold%29%20%7C%20Cologne%202026,ok
328,67.4,P2,SCORE/WAIT,BELCHONOKK (Holo),Player,Holo,Autograph,sticker,BELCHONOKK,PARIVISION,PARIVISION,318,3.15,96.91,0.96,UUSkins,True,69.52,"UUSkins around $0.96, 70% below Steam",0,Fair,Very Cheap,Medium,318.0,73.0,684.0,124,321.31,64,7.0,0.7598,0.5599,0.5242,0.676,23.864779874213827,306.4313089622641,0.8614,0.0,1.0,1.0,+306% expected | 0.86 demand | UUSkins 70% below Steam | 86% below high | 606% upside,"lower highs, 2P new low, modest quality score",2P is cheaper than current Steam but still above Steam's recorded low; wait for a stronger entry.,0.96,0.96,0.96,1.04,0.0,-0.7072135785007096,-32.759295499021526,69.52380952380952,0.0,0.2467,16.0,True,1.56,0.96,https://cs2tokens.com/iem-cologne-2026/items/sticker-belchonokk-holo-cologne-2026,https://community.akamai.steamstatic.com/economy/image/i0CoZ81Ui0m-9KwlBY1L_18myuGuq1wfhWSaZgMttyVfPaERSR0Wqmu7LAocGJai0ki7VeTHjMmuOXSQ61MnpNWipUruRiLzm5rj9S1V4PmlV6xiLP_dCjbJw7cu4-M_TnnrxEpz5zvdzN_8eSjCbAJ0Cpd2EO8CtRS-wIXiYvSiuVJRGS-o_g,Sticker | BELCHONOKK (Holo) | Cologne 2026,https://steamcommunity.com/market/listings/730/Sticker%20%7C%20BELCHONOKK%20%28Holo%29%20%7C%20Cologne%202026,ok
329,65.9,P2,SCORE/WAIT,Gaimin Gladiators (Holo),Team,Holo,Team,sticker,,,,969,9.59,370.83,3.67,UUSkins,True,61.73,"UUSkins around $3.67, 62% below Steam",0,Fair,Cheap,Medium,969.0,218.0,3297.0,124,321.31,64,6.88,0.7396,0.5432,0.5147,0.6433,36.79979360165117,257.4686704740694,0.8589,0.0,1.0,1.0,+257% expected | 0.86 demand | UUSkins 62% below Steam | 89% below high | 789% upside,"lower highs, 2P new low, modest quality score",2P is cheaper than current Steam but still above Steam's recorded low; wait for a stronger entry.,3.67,3.67,3.67,4.8,0.0,-2.106227106227108,-70.10408395595566,61.73096976016684,0.0,0.2342,14.0,True,5.11,3.67,https://cs2tokens.com/iem-cologne-2026/items/sticker-gaimin-gladiators-holo-cologne-2026,https://community.akamai.steamstatic.com/economy/image/i0CoZ81Ui0m-9KwlBY1L_18myuGuq1wfhWSaZgMttyVfPaERSR0Wqmu7LAocGJai0ki7VeTHjMmuOXSQ61MnpNWipV7mSBDOlpns8mwL7Kr9PqFvJfbLC2TBkr8utLI9Fn7qk00h62_Xwtuodn6XZlchDsRxW6dU5crLSAYN,Sticker | Gaimin Gladiators (Holo) | Cologne 2026,https://steamcommunity.com/market/listings/730/Sticker%20%7C%20Gaimin%20Gladiators%20%28Holo%29%20%7C%20Cologne%202026,ok
330,64.5,P2,SCORE/WAIT,MATYS (Holo),Player,Holo,Autograph,sticker,MATYS,G2 Esports,G2 Esports,381,3.77,82.87,0.82,UUSkins,True,78.25,"UUSkins around $0.82, 78% below Steam",0,Fair,Very Cheap,Medium,381.0,74.0,1148.0,124,321.31,66,4.15,0.789,0.4705,0.612,0.6973,7.658792650918644,394.96786377312594,0.6158,0.0,1.0,1.0,+395% expected | 0.62 demand | UUSkins 78% below Steam | 93% below high | 1285% upside,"lower highs, 2P new low, modest quality score","Scored, but edge is not strong enough yet.",0.82,0.83,0.82,0.87,-1.2048192771084376,-2.8735632183908155,-11.986522331349914,78.24933687002653,0.0,0.33,3.0,True,1.91,0.82,https://cs2tokens.com/iem-cologne-2026/items/sticker-matys-holo-cologne-2026,https://community.akamai.steamstatic.com/economy/image/i0CoZ81Ui0m-9KwlBY1L_18myuGuq1wfhWSaZgMttyVfPaERSR0Wqmu7LAocGJai0ki7VeTHjMmuOXSQ61MnpNWipUruRiL8n4L57h1T4P6hJqU9I_bDXGLCxLwi5OdoF37lkxl36juEwtypdnnEZgd1CJdxFu5Zt0Gm0oqwCKU0wYc,Sticker | MATYS (Holo) | Cologne 2026,https://steamcommunity.com/market/listings/730/Sticker%20%7C%20MATYS%20%28Holo%29%20%7C%20Cologne%202026,ok
331,63.1,P2,SCORE/WAIT,s1n (Holo),Player,Holo,Autograph,sticker,s1n,M80,M80,391,3.87,105.07,1.04,UUSkins,True,73.13,"UUSkins around $1.04, 73% below Steam",0,Fair,Cheap,Medium,391.0,81.0,857.0,124,321.31,64,6.7,0.7389,0.5186,0.467,0.6449,27.60613810741688,374.8420716112532,0.6766,0.0,1.0,1.0,+375% expected | 0.68 demand | UUSkins 73% below Steam | 88% below high | 716% upside,"lower highs, modest quality score",2P is cheaper than current Steam but still above Steam's recorded low; wait for a stronger entry.,1.04,1.04,0.98,1.41,0.0,2.150145772594751,-29.72214246977382,73.1266149870801,0.0,0.2412,14.0,False,2.87,1.04,https://cs2tokens.com/iem-cologne-2026/items/sticker-s1n-holo-cologne-2026,https://community.akamai.steamstatic.com/economy/image/i0CoZ81Ui0m-9KwlBY1L_18myuGuq1wfhWSaZgMttyVfPaERSR0Wqmu7LAocGJai0ki7VeTHjMmuOXSQ61MnpNWipUruRiLiz5jf9S1X4Lz9PKdscKSQC2bJxe9ztrQ7FyznlER0sDjQzN77IHLGPVcnD5BwQudfrFDmxdWPH0OL,Sticker | s1n (Holo) | Cologne 2026,https://steamcommunity.com/market/listings/730/Sticker%20%7C%20s1n%20%28Holo%29%20%7C%20Cologne%202026,ok
332,62.6,P2,SCORE/WAIT,piriajr (Holo),Player,Holo,Autograph,sticker,piriajr,paiN Gaming,paiN Gaming,164,1.62,59.73,0.59,UUSkins,True,63.58,"UUSkins around $0.59, 64% below Steam",0,Fair,Very Cheap,High,164.0,36.0,1458.0,124,321.31,66,4.75,0.7796,0.4309,0.5831,0.6155,30.31707317073171,257.81976023150065,0.8277,0.0,1.0,1.0,+258% expected | 0.83 demand | UUSkins 64% below Steam | 96% below high | 2341% upside,"High crowding, lower highs, 2P new low, modest quality score",2P is cheaper than current Steam but still above Steam's recorded low; wait for a stronger entry.,0.59,0.59,0.59,0.59,0.0,,-65.91220850480107,63.58024691358026,0.0,0.0949,2.0,True,0.85,0.59,https://cs2tokens.com/iem-cologne-2026/items/sticker-piriajr-holo-cologne-2026,https://community.akamai.steamstatic.com/economy/image/i0CoZ81Ui0m-9KwlBY1L_18myuGuq1wfhWSaZgMttyVfPaERSR0Wqmu7LAocGJai0ki7VeTHjMmuOXSQ61MnpNWipUruRiLhl4Tp_ChJ0PqhZKsjdaGVDWHGw78k4LFqTi_rzR52tWmEn9-veXOVPQdyXJJ1QuAN5BS4lMqnab0lh-auXQ,Sticker | piriajr (Holo) | Cologne 2026,https://steamcommunity.com/market/listings/730/Sticker%20%7C%20piriajr%20%28Holo%29%20%7C%20Cologne%202026,ok
333,62.5,P2,SCORE/WAIT,MIBR (Holo),Team,Holo,Team,sticker,,MIBR,MIBR,1000,9.9,292.93,2.9,UUSkins,True,70.71,"UUSkins around $2.90, 71% below Steam",0,Fair,Very Cheap,High,1000.0,363.0,2809.0,124,321.31,64,6.25,0.7928,0.5189,0.4227,0.7026,31.959999999999987,350.48413793103447,0.5402,0.0,1.0,1.0,+350% expected | 0.54 demand | UUSkins 71% below Steam | 90% below high | 859% upside,"High crowding, lower highs, 2P new low, modest quality score","Scored, but edge is not strong enough yet.",2.9,2.9,2.9,3.69,0.0,-1.8287435456110173,19.30322508834906,70.70707070707071,0.0,0.743,14.0,True,3.7,2.9,https://cs2tokens.com/iem-cologne-2026/items/sticker-mibr-holo-cologne-2026,https://community.akamai.steamstatic.com/economy/image/i0CoZ81Ui0m-9KwlBY1L_18myuGuq1wfhWSaZgMttyVfPaERSR0Wqmu7LAocGJai0ki7VeTHjMmuOXSQ61MnpNWipVTuQw_Olpns8mwNuKP5aqc8ePLGD2LFluoltuc-HX7nxBhysmmAnN_6ICqUa1QjCpJ4W6dU5fBS-4xg,Sticker | MIBR (Holo) | Cologne 2026,https://steamcommunity.com/market/listings/730/Sticker%20%7C%20MIBR%20%28Holo%29%20%7C%20Cologne%202026,ok
334,62.4,P2,SCORE/WAIT,xfl0ud (Holo),Player,Holo,Autograph,sticker,xfl0ud,HEROIC,HEROIC,196,1.94,72.74,0.72,UUSkins,True,62.89,"UUSkins around $0.72, 63% below Steam",0,Fair,Very Cheap,High,196.0,58.0,1711.0,124,321.31,64,5.1,0.7852,0.4264,0.6225,0.617,83.37755102040818,394.1006235827665,0.7398,0.0,1.0,1.0,+394% expected | 0.74 demand | UUSkins 63% below Steam | 96% below high | 2252% upside,"High crowding, lower highs, 2P new low, modest quality score",2P is cheaper than current Steam but still above Steam's recorded low; wait for a stronger entry.,0.72,,0.72,0.72,,,-25.417703519374328,62.88659793814433,0.1,0.0454,1.0,True,2.28,0.72,https://cs2tokens.com/iem-cologne-2026/items/sticker-xfl0ud-holo-cologne-2026,https://community.akamai.steamstatic.com/economy/image/i0CoZ81Ui0m-9KwlBY1L_18myuGuq1wfhWSaZgMttyVfPaERSR0Wqmu7LAocGJai0ki7VeTHjMmuOXSQ61MnpNWipUruRiLpmJqw6CZk5_2iZ-o6eajLXzOUw7x05rIxF3iykUklsDnVmY2qeHmSPQMpDMB1FOEMsBG9jJS5YMXhB0q1,Sticker | xfl0ud (Holo) | Cologne 2026,https://steamcommunity.com/market/listings/730/Sticker%20%7C%20xfl0ud%20%28Holo%29%20%7C%20Cologne%202026,ok
335,62.4,P2,SCORE/WAIT,nota (Holo),Player,Holo,Autograph,sticker,nota,PARIVISION,PARIVISION,251,2.48,104.25,1.03,UUSkins,True,58.47,"UUSkins around $1.03, 58% below Steam",0,Fair,Cheap,Medium,251.0,45.0,762.0,124,321.31,66,5.7,0.7072,0.4653,0.6068,0.5872,33.928286852589665,222.46810814992463,0.8415,0.0,1.0,1.0,+222% expected | 0.84 demand | UUSkins 58% below Steam | 86% below high | 631% upside,"lower highs, modest quality score",2P is cheaper than current Steam but still above Steam's recorded low; wait for a stronger entry.,1.03,0.91,0.91,1.03,13.186813186813184,,-131.65770609318997,58.46774193548387,0.0,0.0736,2.0,False,1.75,1.03,https://cs2tokens.com/iem-cologne-2026/items/sticker-nota-holo-cologne-2026,https://community.akamai.steamstatic.com/economy/image/i0CoZ81Ui0m-9KwlBY1L_18myuGuq1wfhWSaZgMttyVfPaERSR0Wqmu7LAocGJai0ki7VeTHjMmuOXSQ61MnpNWipUruRiL_kYLhwipU4_3gbvE7dPXFWWSVxe8u5-c6TSrlxE10sWmHmdqgJXjEZ1QkXpYiQbJYsg74zINjsXbDQw,Sticker | nota (Holo) | Cologne 2026,https://steamcommunity.com/market/listings/730/Sticker%20%7C%20nota%20%28Holo%29%20%7C%20Cologne%202026,ok
336,62.3,P2,SCORE/WAIT,NEKiZ (Holo),Player,Holo,Autograph,sticker,NEKiZ,,,173,1.71,90.04,0.89,UUSkins,True,47.95,"UUSkins around $0.89, 48% below Steam",0,Fair,Very Cheap,High,173.0,73.0,3143.0,124,321.31,66,3.8,0.788,0.4276,0.6125,0.6181,62.95375722543355,213.09092680392288,0.6874,0.0,1.0,1.0,+213% expected | 0.69 demand | UUSkins 48% below Steam | 97% below high | 3391% upside,"High crowding, lower highs, 2P new low, modest quality score",2P is cheaper than current Steam but still above Steam's recorded low; wait for a stronger entry.,0.89,0.89,0.89,0.89,0.0,,-23.34374749659538,47.953216374269005,0.0,0.0848,2.0,True,10.47,0.89,https://cs2tokens.com/iem-cologne-2026/items/sticker-nekiz-holo-cologne-2026,https://community.akamai.steamstatic.com/economy/image/i0CoZ81Ui0m-9KwlBY1L_18myuGuq1wfhWSaZgMttyVfPaERSR0Wqmu7LAocGJai0ki7VeTHjMmuOXSQ61MnpNWipUruRiL_m53p5x1T4P6hJvc8d6SXXDLHwLwitOU5THzglE925W7UydqpeHyValN1DMdwE-IC5xmm0oqwrTo7TCM,Sticker | NEKiZ (Holo) | Cologne 2026,https://steamcommunity.com/market/listings/730/Sticker%20%7C%20NEKiZ%20%28Holo%29%20%7C%20Cologne%202026,ok
337,62.1,P2,SCORE/WAIT,beastik (Holo),Player,Holo,Autograph,sticker,beastik,,,570,5.64,120.27,1.19,UUSkins,True,78.9,"UUSkins around $1.19, 79% below Steam",0,Expensive,Cheap,Low,570.0,252.0,1002.0,124,321.31,64,4.5,0.7487,0.4604,0.4309,0.7306,14.845614035087728,444.3103051747015,0.6939,0.2038,1.0,1.0,+444% expected | 0.69 demand | UUSkins 79% below Steam | 88% below high | 733% upside,"lower highs, 2P still falling, 2P new low, modest quality score",2P market is still making lower lows; wait for stabilization before adding.,1.19,1.47,1.19,1.48,-19.047619047619047,-3.9864864864865033,52.27541371158393,78.90070921985814,0.68,0.864,5.0,True,11.64,1.19,https://cs2tokens.com/iem-cologne-2026/items/sticker-beastik-holo-cologne-2026,https://community.akamai.steamstatic.com/economy/image/i0CoZ81Ui0m-9KwlBY1L_18myuGuq1wfhWSaZgMttyVfPaERSR0Wqmu7LAocGJai0ki7VeTHjMmuOXSQ61MnpNWipUruRiLzm5fz6StQ0PqhZKsjdKSWXDTFxLl15uA8HnDnkRh0sTmBm9z_JSjBbwQiWJQiFOID4Ubrlsqnab1ejx5s_w,Sticker | beastik (Holo) | Cologne 2026,https://steamcommunity.com/market/listings/730/Sticker%20%7C%20beastik%20%28Holo%29%20%7C%20Cologne%202026,ok
338,61.7,P3,SCORE/WAIT,paiN Gaming (Holo),Team,Holo,Team,sticker,,paiN Gaming,paiN Gaming,1122,11.11,402.95,3.99,UUSkins,True,64.09,"UUSkins around $3.99, 64% below Steam",0,Expensive,Cheap,Low,1122.0,359.0,2619.0,124,321.31,64,6.8,0.71,0.5339,0.4164,0.6737,18.361853832442065,229.57398397955663,0.3656,0.0,1.0,1.0,+230% expected | 0.37 demand | UUSkins 64% below Steam | 85% below high | 550% upside,"lower highs, modest quality score","Scored, but edge is not strong enough yet.",3.99,3.99,3.7,4.59,0.0,-0.64234326824255,-12.24247772966714,64.08640864086408,0.0,0.4963,16.0,False,4.6,3.99,https://cs2tokens.com/iem-cologne-2026/items/sticker-pain-gaming-holo-cologne-2026,https://community.akamai.steamstatic.com/economy/image/i0CoZ81Ui0m-9KwlBY1L_18myuGuq1wfhWSaZgMttyVfPaERSR0Wqmu7LAocGJai0ki7VeTHjMmuOXSQ61MnpNWipUnmSBPOlpns8mwP6af2OPc1cKPCCjDEkbcg4LM8GSrkzE1-tWrcy9esJy2Qa1MhA5p4W6dU5YUkc1d6,Sticker | paiN Gaming (Holo) | Cologne 2026,https://steamcommunity.com/market/listings/730/Sticker%20%7C%20paiN%20Gaming%20%28Holo%29%20%7C%20Cologne%202026,ok
339,61.1,P3,SCORE/WAIT,maxxkor (Holo),Player,Holo,Autograph,sticker,maxxkor,Sharks Esports,Sharks Esports,201,1.99,98.98,0.98,UUSkins,True,50.75,"UUSkins around $0.98, 51% below Steam",0,Fair,Very Cheap,Medium,201.0,73.0,624.0,124,321.31,64,6.2,0.7119,0.477,0.4905,0.6135,70.6865671641791,246.59823332318004,0.5261,0.053,1.0,1.0,+247% expected | 0.53 demand | UUSkins 51% below Steam | 84% below high | 530% upside,"lower highs, modest quality score",2P is cheaper than current Steam but still above Steam's recorded low; wait for a stronger entry.,0.98,0.98,0.96,1.11,0.0,-0.601131541725602,-35.59578715495283,50.75376884422111,0.0,0.2106,14.0,False,1.63,0.98,https://cs2tokens.com/iem-cologne-2026/items/sticker-maxxkor-holo-cologne-2026,https://community.akamai.steamstatic.com/economy/image/i0CoZ81Ui0m-9KwlBY1L_18myuGuq1wfhWSaZgMttyVfPaERSR0Wqmu7LAocGJai0ki7VeTHjMmuOXSQ61MnpNWipUruRiL8n4749i1J0PqhZKsjd6GXD2GRw70gs7NqHn2xkBwi4WWBw46hcX2WO1UkXJNyFrMIshjqk8qnab3Yp_RzfA,Sticker | maxxkor (Holo) | Cologne 2026,https://steamcommunity.com/market/listings/730/Sticker%20%7C%20maxxkor%20%28Holo%29%20%7C%20Cologne%202026,ok
340,60.7,P3,SCORE/WAIT,NAF (Holo),Player,Holo,Autograph,sticker,NAF,Team Liquid,Team Liquid,706,6.99,162.61,1.61,UUSkins,True,76.97,"UUSkins around $1.61, 77% below Steam",0,Expensive,Fair,Medium,706.0,144.0,1152.0,124,321.31,64,5.65,0.766,0.4825,0.524,0.6758,8.943342776203966,372.9900409973079,0.8839,0.0,1.0,1.0,+373% expected | 0.88 demand | UUSkins 77% below Steam | 86% below high | 608% upside,"lower highs, 2P new low, modest quality score","Scored, but edge is not strong enough yet.",1.61,1.63,1.61,1.94,-1.2269938650306678,-1.3189935064935114,-12.925210618343682,76.96709585121602,0.0,0.55,14.0,True,2.21,1.61,https://cs2tokens.com/iem-cologne-2026/items/sticker-naf-holo-cologne-2026,https://community.akamai.steamstatic.com/economy/image/i0CoZ81Ui0m-9KwlBY1L_18myuGuq1wfhWSaZgMttyVfPaERSR0Wqmu7LAocGJai0ki7VeTHjMmuOXSQ61MnpNWipUruRiL_n5Df9S1X4LyobPI6daXEXGXDme0jsbY5GXvrwEtw6z7UyYn7IyqXOFJ1D5UiQrYJrFDmxfLa9wlE,Sticker | NAF (Holo) | Cologne 2026,https://steamcommunity.com/market/listings/730/Sticker%20%7C%20NAF%20%28Holo%29%20%7C%20Cologne%202026,ok
341,60.4,P3,SCORE/WAIT,FURIA (Holo),Team,Holo,Team,sticker,,FURIA,FURIA,2977,29.47,1326.37,13.13,UUSkins,True,55.45,"UUSkins around $13.13, 55% below Steam",0,Premium,Expensive,Low,2977.0,1392.0,7034.0,124,321.31,64,7.1,0.6865,0.5568,0.5168,0.6424,19.177023849512945,167.4902431717552,0.6214,0.0,1.0,1.0,+167% expected | 0.62 demand | UUSkins 55% below Steam | 81% below high | 430% upside,"lower highs, 2P new low, modest quality score","Scored, but edge is not strong enough yet.",13.13,13.13,13.13,14.64,0.0,-0.6376613834365472,4.715076504842236,55.44621649134712,0.0,0.5452,14.0,True,19.2,13.13,https://cs2tokens.com/iem-cologne-2026/items/sticker-furia-holo-cologne-2026,https://community.akamai.steamstatic.com/economy/image/i0CoZ81Ui0m-9KwlBY1L_18myuGuq1wfhWSaZgMttyVfPaERSR0Wqmu7LAocGJai0ki7VeTHjMmuOXSQ61MnpNWipV_yUxTOlpns8mxe7aH9baA4JKbLCj_Ale935-I9HHGwwUVytm7Rw9qheCiTO1RzD5clW6dU5W4hlzbO,Sticker | FURIA (Holo) | Cologne 2026,https://steamcommunity.com/market/listings/730/Sticker%20%7C%20FURIA%20%28Holo%29%20%7C%20Cologne%202026,ok
342,59.9,P3,SCORE/WAIT,westmelon (Holo),Player,Holo,Autograph,sticker,westmelon,Lynn Vision,Lynn Vision,403,3.99,144.43,1.43,UUSkins,True,64.16,"UUSkins around $1.43, 64% below Steam",0,Expensive,Cheap,Medium,403.0,114.0,1031.0,124,321.31,66,6.6,0.7182,0.4985,0.4986,0.6045,20.94789081885857,237.46998906800405,0.6553,0.0,1.0,1.0,+237% expected | 0.66 demand | UUSkins 64% below Steam | 86% below high | 614% upside,"lower highs, 2P new low, modest quality score",2P is cheaper than current Steam but still above Steam's recorded low; wait for a stronger entry.,1.43,1.44,1.43,1.44,-0.694444444444442,,-26.6961262806138,64.16040100250628,0.0,0.0952,2.0,True,1.52,1.43,https://cs2tokens.com/iem-cologne-2026/items/sticker-westmelon-holo-cologne-2026,https://community.akamai.steamstatic.com/economy/image/i0CoZ81Ui0m-9KwlBY1L_18myuGuq1wfhWSaZgMttyVfPaERSR0Wqmu7LAocGJai0ki7VeTHjMmuOXSQ61MnpNWipUruRiLmm4X08CdX4PyRYKthL77GXWbImbsgs-Q_TCjhk0sl42yGm9ihICnDbgAjX8B0QeBY4Ra6mtC0Kaq8sGY91JtQ,Sticker | westmelon (Holo) | Cologne 2026,https://steamcommunity.com/market/listings/730/Sticker%20%7C%20westmelon%20%28Holo%29%20%7C%20Cologne%202026,ok
343,59.5,P3,SCORE/WAIT,B8 (Holo),Team,Holo,Team,sticker,,B8,B8,1737,17.2,428.19,4.24,UUSkins,True,75.35,"UUSkins around $4.24, 75% below Steam",0,Expensive,Cheap,Medium,1737.0,218.0,4932.0,124,321.31,64,5.9,0.7264,0.499,0.4682,0.6175,1.317789291882554,311.0061263727311,0.7745,0.2094,1.0,1.0,+311% expected | 0.77 demand | UUSkins 75% below Steam | 91% below high | 1052% upside,"lower highs, 2P new low, modest quality score",2P is cheaper than current Steam but still above Steam's recorded low; wait for a stronger entry.,4.24,4.24,4.24,4.72,0.0,-0.5668934240362842,-96.41775122679756,75.34883720930232,0.0,0.2475,14.0,True,6.0,4.24,https://cs2tokens.com/iem-cologne-2026/items/sticker-b8-holo-cologne-2026,https://community.akamai.steamstatic.com/economy/image/i0CoZ81Ui0m-9KwlBY1L_18myuGuq1wfhWSaZgMttyVfPaERSR0Wqmu7LAocGJai0ki7VeTHjMmuOXSQ61MnpNWipVu_fhX-kpmurnEM6qf-afRrJKHHCDSWxbkntrAxHSy1w0h-5zvWyNatJXLDOFNzCowwG7DkX1LtYg,Sticker | B8 (Holo) | Cologne 2026,https://steamcommunity.com/market/listings/730/Sticker%20%7C%20B8%20%28Holo%29%20%7C%20Cologne%202026,ok
344,59.3,P3,SCORE/WAIT,Rainwaker (Holo),Player,Holo,Autograph,sticker,Rainwaker,Monte,Monte,318,3.15,197.87,1.96,CSFloat,True,37.78,"CSFloat around $1.96, 38% below Steam",0,Fair,Fair,Low,318.0,144.0,1147.0,124,321.31,66,5.38,0.6355,0.4251,0.5663,0.5512,12.18867924528302,80.30323450134773,0.6704,0.0308,1.0,1.0,+80% expected | 0.67 demand | CSFloat 38% below Steam | 83% below high | 480% upside,"lower highs, 2P new low, modest quality score",2P is cheaper than current Steam but still above Steam's recorded low; wait for a stronger entry.,1.96,1.96,1.96,1.96,0.0,,-37.40740740740741,37.77777777777778,0.0,0.0783,2.0,True,1.96,4.29,https://cs2tokens.com/iem-cologne-2026/items/sticker-rainwaker-holo-cologne-2026,https://community.akamai.steamstatic.com/economy/image/i0CoZ81Ui0m-9KwlBY1L_18myuGuq1wfhWSaZgMttyVfPaERSR0Wqmu7LAocGJai0ki7VeTHjMmuOXSQ61MnpNWipUruRiLjn5_u6iNQ6uCRYKthL77EWTPIxe1ytuQwTS3kx09z4jvSm9updHzFPwV0WJB4R7QLskXrxIHjKaq8sJgWjgmW,Sticker | Rainwaker (Holo) | Cologne 2026,https://steamcommunity.com/market/listings/730/Sticker%20%7C%20Rainwaker%20%28Holo%29%20%7C%20Cologne%202026,ok
345,59.2,P3,SCORE/WAIT,BetBoom (Holo),Team,Holo,Team,sticker,,BetBoom,BetBoom,2332,23.09,641.33,6.35,UUSkins,True,72.5,"UUSkins around $6.35, 72% below Steam",0,Expensive,Fair,Medium,2332.0,527.0,6519.0,124,321.31,64,6.55,0.7273,0.49,0.5043,0.6059,23.665523156089208,349.67510703529126,0.7547,0.0,1.0,1.0,+350% expected | 0.75 demand | UUSkins 72% below Steam | 90% below high | 916% upside,"lower highs, modest quality score",2P is cheaper than current Steam but still above Steam's recorded low; wait for a stronger entry.,6.35,6.35,6.28,7.69,0.0,-0.4212454212454265,-21.693595640522236,72.49891728020789,0.0,0.2453,16.0,False,10.34,6.35,https://cs2tokens.com/iem-cologne-2026/items/sticker-betboom-holo-cologne-2026,https://community.akamai.steamstatic.com/economy/image/i0CoZ81Ui0m-9KwlBY1L_18myuGuq1wfhWSaZgMttyVfPaERSR0Wqmu7LAocGJai0ki7VeTHjMmuOXSQ61MnpNWipVvlfhX-kpmu_nEMuKX9bPY9dKjDWDPBlLhw57Q5Hiy2kBwi4GrQyo7_eXyRZlVzCowwG7D_EYXNLw,Sticker | BetBoom (Holo) | Cologne 2026,https://steamcommunity.com/market/listings/730/Sticker%20%7C%20BetBoom%20%28Holo%29%20%7C%20Cologne%202026,ok
346,59.2,P3,SCORE/WAIT,siuhy (Holo),Player,Holo,Autograph,sticker,siuhy,Team Liquid,Team Liquid,353,3.49,109.24,1.08,UUSkins,True,69.05,"UUSkins around $1.08, 69% below Steam",0,Fair,Cheap,High,353.0,91.0,889.0,124,321.31,64,6.3,0.7363,0.4582,0.5713,0.5797,21.43909348441926,292.4281817227993,0.5807,0.0,1.0,1.0,+292% expected | 0.58 demand | UUSkins 69% below Steam | 88% below high | 714% upside,"High crowding, lower highs, 2P new low, modest quality score",2P is cheaper than current Steam but still above Steam's recorded low; wait for a stronger entry.,1.08,1.11,1.08,1.11,-2.7027027027027084,,-20.04156302150572,69.05444126074498,0.0,0.0984,2.0,True,2.02,1.08,https://cs2tokens.com/iem-cologne-2026/items/sticker-siuhy-holo-cologne-2026,https://community.akamai.steamstatic.com/economy/image/i0CoZ81Ui0m-9KwlBY1L_18myuGuq1wfhWSaZgMttyVfPaERSR0Wqmu7LAocGJai0ki7VeTHjMmuOXSQ61MnpNWipUruRiLil4Po5B1T4P6hJvE5cPTFVzWVmbkntOBsSnuywh8l623cwteoJHvFbw5zX5MjTOQNtBmm0oqwRQxrBfU,Sticker | siuhy (Holo) | Cologne 2026,https://steamcommunity.com/market/listings/730/Sticker%20%7C%20siuhy%20%28Holo%29%20%7C%20Cologne%202026,ok
347,59.0,P3,SCORE/WAIT,SunPayus (Holo),Player,Holo,Autograph,sticker,SunPayus,G2 Esports,G2 Esports,376,3.72,164.75,1.63,UUSkins,True,56.18,"UUSkins around $1.63, 56% below Steam",0,Fair,Fair,Low,376.0,93.0,942.0,124,321.31,66,4.5,0.6631,0.4339,0.4825,0.6009,13.452127659574463,158.92142018013317,0.69,0.0,1.0,1.0,+159% expected | 0.69 demand | UUSkins 56% below Steam | 83% below high | 472% upside,"lower highs, 2P new low, modest quality score",2P is cheaper than current Steam but still above Steam's recorded low; wait for a stronger entry.,1.63,1.63,1.63,1.63,0.0,,-77.1534281419817,56.182795698924735,0.0,0.0901,2.0,True,2.66,1.63,https://cs2tokens.com/iem-cologne-2026/items/sticker-sunpayus-holo-cologne-2026,https://community.akamai.steamstatic.com/economy/image/i0CoZ81Ui0m-9KwlBY1L_18myuGuq1wfhWSaZgMttyVfPaERSR0Wqmu7LAocGJai0ki7VeTHjMmuOXSQ61MnpNWipUruRiLii5jw_DtO_M2mZ6hibqKXWGTHk7wvtec_F3DgzEh3sTnRzY6oeS2UP1MkCsAhQ-ZY4BnrkNz5d7S1ql_HX2A,Sticker | SunPayus (Holo) | Cologne 2026,https://steamcommunity.com/market/listings/730/Sticker%20%7C%20SunPayus%20%28Holo%29%20%7C%20Cologne%202026,ok
348,59.0,P3,SCORE/WAIT,malbsMd (Holo),Player,Holo,Autograph,sticker,malbsMd,Team Liquid,Team Liquid,442,4.38,133.21,1.32,UUSkins,True,69.86,"UUSkins around $1.32, 70% below Steam",0,Expensive,Cheap,Medium,442.0,74.0,923.0,124,321.31,66,6.9,0.6892,0.5073,0.5171,0.572,-7.868778280542976,205.7081447963801,0.6597,0.0,1.0,1.0,+206% expected | 0.66 demand | UUSkins 70% below Steam | 86% below high | 593% upside,"lower highs, modest quality score",2P is cheaper than current Steam but still above Steam's recorded low; wait for a stronger entry.,1.32,1.3,0.89,1.32,1.538461538461533,-0.8542348237004769,-80.00740466493895,69.86301369863013,0.0,0.2023,14.0,False,1.43,1.32,https://cs2tokens.com/iem-cologne-2026/items/sticker-malbsmd-holo-cologne-2026,https://community.akamai.steamstatic.com/economy/image/i0CoZ81Ui0m-9KwlBY1L_18myuGuq1wfhWSaZgMttyVfPaERSR0Wqmu7LAocGJai0ki7VeTHjMmuOXSQ61MnpNWipUruRiL8n5ri7i9f0PqhZKsjcabKVzPHkrd3s-JsGyjgzR514TvdzoqpIHyXaAAiWZRyRuFbukbqxsqnab3ZEcq2hw,Sticker | malbsMd (Holo) | Cologne 2026,https://steamcommunity.com/market/listings/730/Sticker%20%7C%20malbsMd%20%28Holo%29%20%7C%20Cologne%202026,ok
349,58.9,P3,SCORE/WAIT,esenthial (Holo),Player,Holo,Autograph,sticker,esenthial,B8,B8,258,2.55,62.73,0.62,UUSkins,True,75.69,"UUSkins around $0.62, 76% below Steam",0,Fair,Very Cheap,Medium,258.0,38.0,1001.0,124,321.31,66,4.55,0.7497,0.4284,0.4858,0.6138,13.399224806201548,366.4000375093773,0.5923,0.1004,1.0,1.0,+366% expected | 0.59 demand | UUSkins 76% below Steam | 94% below high | 1496% upside,"lower highs, 2P new low, modest quality score",2P is cheaper than current Steam but still above Steam's recorded low; wait for a stronger entry.,0.62,0.62,0.62,0.68,0.0,-2.7941176470588225,-65.07739938080495,75.68627450980392,0.0,0.198,4.0,True,6.07,0.62,https://cs2tokens.com/iem-cologne-2026/items/sticker-esenthial-holo-cologne-2026,https://community.akamai.steamstatic.com/economy/image/i0CoZ81Ui0m-9KwlBY1L_18myuGuq1wfhWSaZgMttyVfPaERSR0Wqmu7LAocGJai0ki7VeTHjMmuOXSQ61MnpNWipUruRiL0jZPu6SpS7v6RYKthL77GDD_Bkep05OQ9SnjrzR9-tTnSztz6eXOePQIhDJUlE-UK4xLrm9ayKaq8sLYCJqZm,Sticker | esenthial (Holo) | Cologne 2026,https://steamcommunity.com/market/listings/730/Sticker%20%7C%20esenthial%20%28Holo%29%20%7C%20Cologne%202026,ok
350,58.6,P3,SCORE/WAIT,susp (Holo),Player,Holo,Autograph,sticker,susp,HEROIC,HEROIC,188,1.86,75.81,0.75,UUSkins,True,59.68,"UUSkins around $0.75, 60% below Steam",0,Fair,Very Cheap,Medium,188.0,37.0,543.0,124,321.31,66,4.3,0.7007,0.41,0.5037,0.5809,27.313829787234045,215.73829787234047,0.7132,0.0,1.0,1.0,+216% expected | 0.71 demand | UUSkins 60% below Steam | 86% below high | 616% upside,"lower highs, 2P new low, modest quality score",2P is cheaper than current Steam but still above Steam's recorded low; wait for a stronger entry.,0.75,0.77,0.75,0.77,-2.5974025974025983,,-104.8823016564952,59.67741935483871,0.0,0.0924,2.0,True,1.25,0.75,https://cs2tokens.com/iem-cologne-2026/items/sticker-susp-holo-cologne-2026,https://community.akamai.steamstatic.com/economy/image/i0CoZ81Ui0m-9KwlBY1L_18myuGuq1wfhWSaZgMttyVfPaERSR0Wqmu7LAocGJai0ki7VeTHjMmuOXSQ61MnpNWipUruRiLii4XwwipU4_3gPaA6IqGSX2ORx71047M9H3-3xB5_5ziBmNqqdn2WOFUlXMZyROQC4A74zIP53jN5iQ,Sticker | susp (Holo) | Cologne 2026,https://steamcommunity.com/market/listings/730/Sticker%20%7C%20susp%20%28Holo%29%20%7C%20Cologne%202026,ok
351,58.6,P3,SCORE/WAIT,yuurih (Holo),Player,Holo,Autograph,sticker,yuurih,FURIA,FURIA,299,2.96,133.34,1.32,2P,True,55.41,"2P around $1.32, 55% below Steam",0,Fair,Cheap,Medium,299.0,103.0,934.0,124,321.31,64,5.95,0.7028,0.4426,0.5249,0.5642,39.87625418060201,213.66190331407725,0.6146,0.0,1.0,1.0,+214% expected | 0.61 demand | 2P 55% below Steam | 86% below high | 600% upside,"lower highs, 2P new low, modest quality score",2P is cheaper than current Steam but still above Steam's recorded low; wait for a stronger entry.,1.32,,1.32,1.32,,,-29.454211493046454,55.4054054054054,0.1,0.043,1.0,True,1.34,1.36,https://cs2tokens.com/iem-cologne-2026/items/sticker-yuurih-holo-cologne-2026,https://community.akamai.steamstatic.com/economy/image/i0CoZ81Ui0m-9KwlBY1L_18myuGuq1wfhWSaZgMttyVfPaERSR0Wqmu7LAocGJai0ki7VeTHjMmuOXSQ61MnpNWipUruRiLoi4Py9Cpk5_2iZ-ppJabLDDfFw-0m5Lg7SXjikUojsjnVmdr_cC7EbAIiW5shRbFZ50XrjJS5YAhZ0x-5,Sticker | yuurih (Holo) | Cologne 2026,https://steamcommunity.com/market/listings/730/Sticker%20%7C%20yuurih%20%28Holo%29%20%7C%20Cologne%202026,ok
352,58.4,P3,SCORE/WAIT,insani (Holo),Player,Holo,Autograph,sticker,insani,MIBR,MIBR,506,5.01,242.4,2.4,UUSkins,True,52.1,"UUSkins around $2.40, 52% below Steam",0,Expensive,Fair,Low,506.0,165.0,923.0,124,321.31,66,5.55,0.6221,0.4447,0.5931,0.5703,-5.36363636363636,97.55340909090911,0.8063,0.0,1.0,1.0,+98% expected | 0.81 demand | UUSkins 52% below Steam | 74% below high | 281% upside,"lower highs, modest quality score",2P is cheaper than current Steam but still above Steam's recorded low; wait for a stronger entry.,2.4,2.15,2.15,2.4,11.627906976744184,1.9480519480519507,-46.9061876247505,52.09580838323353,0.0,0.1042,3.0,False,3.4,2.4,https://cs2tokens.com/iem-cologne-2026/items/sticker-insani-holo-cologne-2026,https://community.akamai.steamstatic.com/economy/image/i0CoZ81Ui0m-9KwlBY1L_18myuGuq1wfhWSaZgMttyVfPaERSR0Wqmu7LAocGJai0ki7VeTHjMmuOXSQ61MnpNWipUruRiL4kIXh8ytk5_2iZ-o-JqDLVmTGkLsgteU4Snzmlkl1tW3SzduhdH-RbwQgDMElEbYI5BS5jJS5YHs8oPEU,Sticker | insani (Holo) | Cologne 2026,https://steamcommunity.com/market/listings/730/Sticker%20%7C%20insani%20%28Holo%29%20%7C%20Cologne%202026,ok
353,57.7,P3,SCORE/WAIT,meyern (Holo),Player,Holo,Autograph,sticker,meyern,9z Team,9z Team,252,2.49,120.43,1.19,UUSkins,True,52.21,"UUSkins around $1.19, 52% below Steam",0,Fair,Cheap,Medium,252.0,91.0,685.0,124,321.31,64,4.95,0.6952,0.4056,0.5467,0.5818,36.0515873015873,184.67937174869957,0.547,0.0,1.0,1.0,+185% expected | 0.55 demand | UUSkins 52% below Steam | 82% below high | 469% upside,"lower highs, 2P new low, modest quality score",2P is cheaper than current Steam but still above Steam's recorded low; wait for a stronger entry.,1.19,1.19,1.19,1.19,0.0,,-32.34476367006485,52.20883534136546,0.0,0.0876,2.0,True,2.75,1.19,https://cs2tokens.com/iem-cologne-2026/items/sticker-meyern-holo-cologne-2026,https://community.akamai.steamstatic.com/economy/image/i0CoZ81Ui0m-9KwlBY1L_18myuGuq1wfhWSaZgMttyVfPaERSR0Wqmu7LAocGJai0ki7VeTHjMmuOXSQ61MnpNWipUruRiL8m4_l7yxk5_2iZ-o-dKjFCGWSwu116eVtSnHrkBsh4zjdm9aqJC_GbAB2D5FyTO8ItxS8jJS5YGeNyBdE,Sticker | meyern (Holo) | Cologne 2026,https://steamcommunity.com/market/listings/730/Sticker%20%7C%20meyern%20%28Holo%29%20%7C%20Cologne%202026,ok
354,57.4,P3,SCORE/WAIT,dgt (Holo),Player,Holo,Autograph,sticker,dgt,9z Team,9z Team,346,3.43,102.89,1.02,UUSkins,True,70.26,"UUSkins around $1.02, 70% below Steam",0,Fair,Cheap,Medium,346.0,67.0,570.0,124,321.31,64,5.86,0.6874,0.4435,0.4265,0.5927,0.820809248554899,239.0346820809248,0.61,0.0,1.0,1.0,+239% expected | 0.61 demand | UUSkins 70% below Steam | 82% below high | 454% upside,"lower highs, 2P new low, modest quality score",2P is cheaper than current Steam but still above Steam's recorded low; wait for a stronger entry.,1.02,1.02,1.02,1.02,0.0,8.735838623795275e-15,-53.57034071624387,70.26239067055393,0.0,0.198,4.0,True,1.84,1.02,https://cs2tokens.com/iem-cologne-2026/items/sticker-dgt-holo-cologne-2026,https://community.akamai.steamstatic.com/economy/image/i0CoZ81Ui0m-9KwlBY1L_18myuGuq1wfhWSaZgMttyVfPaERSR0Wqmu7LAocGJai0ki7VeTHjMmuOXSQ61MnpNWipUruRiL1mYLf9S1X4LyqO6E8dKmWW2aRx7gn4rM6Hnnkx0UisT7Tz92tdSmSZwN0C5cmQe8OrFDmxXCYKEwY,Sticker | dgt (Holo) | Cologne 2026,https://steamcommunity.com/market/listings/730/Sticker%20%7C%20dgt%20%28Holo%29%20%7C%20Cologne%202026,ok
355,57.3,P3,SCORE/WAIT,FUT (Holo),Team,Holo,Team,sticker,,,,2030,20.1,537.29,5.32,UUSkins,True,73.53,"UUSkins around $5.32, 74% below Steam",0,Expensive,Fair,Medium,2030.0,422.0,5116.0,124,321.31,64,7.1,0.7002,0.5063,0.4677,0.5757,-5.036945812807881,258.7889829252936,0.4984,0.0,1.0,1.0,+259% expected | 0.50 demand | UUSkins 74% below Steam | 89% below high | 852% upside,"lower highs, 2P new low, modest quality score",2P is cheaper than current Steam but still above Steam's recorded low; wait for a stronger entry.,5.32,5.32,5.32,5.62,0.0,-0.6669273548835633,-27.32074226026265,73.53233830845771,0.0,0.2475,16.0,True,6.0,5.32,https://cs2tokens.com/iem-cologne-2026/items/sticker-fut-holo-cologne-2026,https://community.akamai.steamstatic.com/economy/image/i0CoZ81Ui0m-9KwlBY1L_18myuGuq1wfhWSaZgMttyVfPaERSR0Wqmu7LAocGJai0ki7VeTHjMmuOXSQ61MnpNWipV_yVSL5kZrvsyZYtqqtOvE7IqmRCDfBl74j47k7SXDnwU9z5z7dzNb8c3zGPwMjXJVuBbld2OGCxuY,Sticker | FUT (Holo) | Cologne 2026,https://steamcommunity.com/market/listings/730/Sticker%20%7C%20FUT%20%28Holo%29%20%7C%20Cologne%202026,ok
356,56.9,P3,SCORE/WAIT,Wicadia (Holo),Player,Holo,Autograph,sticker,Wicadia,Aurora,Aurora,278,2.75,138.49,1.37,CSFloat,True,50.18,"CSFloat around $1.37, 50% below Steam",0,Fair,Cheap,Medium,278.0,73.0,1318.0,124,321.31,66,6.05,0.6615,0.4464,0.4893,0.5249,47.73741007194244,196.55319539988443,0.4168,0.0,1.0,1.0,+197% expected | 0.42 demand | CSFloat 50% below Steam | 89% below high | 852% upside,"lower highs, modest quality score",2P is cheaper than current Steam but still above Steam's recorded low; wait for a stronger entry.,1.37,1.15,1.15,1.37,19.13043478260872,,-89.71855541718558,50.18181818181818,0.0,0.0683,2.0,False,1.37,1.78,https://cs2tokens.com/iem-cologne-2026/items/sticker-wicadia-holo-cologne-2026,https://community.akamai.steamstatic.com/economy/image/i0CoZ81Ui0m-9KwlBY1L_18myuGuq1wfhWSaZgMttyVfPaERSR0Wqmu7LAocGJai0ki7VeTHjMmuOXSQ61MnpNWipUruRiLml5Xh-Sta0PqhZKsjdqfGWjXCkLZ3trNtSXGwlh5z4mzUntqvJHOQOlJxA5QkE-Je5xi-kcqnab0IYd4K7Q,Sticker | Wicadia (Holo) | Cologne 2026,https://steamcommunity.com/market/listings/730/Sticker%20%7C%20Wicadia%20%28Holo%29%20%7C%20Cologne%202026,ok
357,56.3,P3,SCORE/WAIT,HEROIC (Holo),Team,Holo,Team,sticker,,HEROIC,HEROIC,886,8.77,293.99,2.91,UUSkins,True,66.82,"UUSkins around $2.91, 67% below Steam",0,Fair,Very Cheap,Medium,886.0,178.0,3109.0,124,321.31,64,6.1,0.6999,0.4322,0.4342,0.5587,14.056433408577874,243.7370862519683,0.4723,0.0,1.0,1.0,+244% expected | 0.47 demand | UUSkins 67% below Steam | 91% below high | 958% upside,"lower highs, 2P new low, modest quality score",2P is cheaper than current Steam but still above Steam's recorded low; wait for a stronger entry.,2.91,2.96,2.91,4.35,-1.6891891891891886,-2.511737089201883,-65.16085224142569,66.81870011402509,0.0,0.2424,14.0,True,3.47,2.91,https://cs2tokens.com/iem-cologne-2026/items/sticker-heroic-holo-cologne-2026,https://community.akamai.steamstatic.com/economy/image/i0CoZ81Ui0m-9KwlBY1L_18myuGuq1wfhWSaZgMttyVfPaERSR0Wqmu7LAocGJai0ki7VeTHjMmuOXSQ61MnpNWipVHiUxLOlpns8mwD7fT2bqY8JafKXTCTlrZ357UxTSyyxk9wsWTUzYz6cyqfOA4lD8NyW6dU5QI_AUHN,Sticker | HEROIC (Holo) | Cologne 2026,https://steamcommunity.com/market/listings/730/Sticker%20%7C%20HEROIC%20%28Holo%29%20%7C%20Cologne%202026,ok
358,56.3,P3,SCORE/WAIT,snow (Holo),Player,Holo,Autograph,sticker,snow,paiN Gaming,paiN Gaming,298,2.95,138.39,1.37,CSFloat,True,53.56,"CSFloat around $1.37, 54% below Steam",0,Fair,Cheap,Medium,298.0,102.0,824.0,124,321.31,66,4.65,0.6765,0.3646,0.5131,0.5415,47.496644295302026,217.60226326360652,0.8243,0.0,1.0,1.0,+218% expected | 0.82 demand | CSFloat 54% below Steam | 83% below high | 495% upside,"lower highs, 2P still falling, modest quality score",2P is cheaper than current Steam but still above Steam's recorded low; wait for a stronger entry.,1.37,1.34,1.34,1.48,2.238805970149249,-3.7162162162162136,-35.67962778331671,53.559322033898304,0.58,0.0955,3.0,False,1.37,1.44,https://cs2tokens.com/iem-cologne-2026/items/sticker-snow-holo-cologne-2026,https://community.akamai.steamstatic.com/economy/image/i0CoZ81Ui0m-9KwlBY1L_18myuGuq1wfhWSaZgMttyVfPaERSR0Wqmu7LAocGJai0ki7VeTHjMmuOXSQ61MnpNWipUruRiLikJn3wipU4_3gPvQ5cvHLXDCRxb4n4-JrSSzllkgj4Dvcy92reX6XPQZ1CpEjRO5Z5g74zIPETff__w,Sticker | snow (Holo) | Cologne 2026,https://steamcommunity.com/market/listings/730/Sticker%20%7C%20snow%20%28Holo%29%20%7C%20Cologne%202026,ok
359,56.1,P3,SCORE/WAIT,hypex (Holo),Player,Holo,Autograph,sticker,hypex,GamerLegion,GamerLegion,1115,11.04,479.73,4.75,CSFloat,True,56.97,"CSFloat around $4.75, 57% below Steam",0,Premium,Expensive,Low,1115.0,568.0,4303.0,124,321.31,64,4.95,0.7108,0.4338,0.5619,0.6102,14.680717488789252,166.54213075289115,0.6751,0.0,1.0,1.0,+167% expected | 0.68 demand | CSFloat 57% below Steam | 89% below high | 797% upside,"lower highs, 2P new low, modest quality score","Scored, but edge is not strong enough yet.",4.75,4.75,4.75,4.75,0.0,,15.540001786078776,56.974637681159415,0.0,0.2636,2.0,True,4.75,98.48,https://cs2tokens.com/iem-cologne-2026/items/sticker-hypex-holo-cologne-2026,https://community.akamai.steamstatic.com/economy/image/i0CoZ81Ui0m-9KwlBY1L_18myuGuq1wfhWSaZgMttyVfPaERSR0Wqmu7LAocGJai0ki7VeTHjMmuOXSQ61MnpNWipUruRiL5h4bl5R1T4P6hJvA1IqfHXTPAmOpwtuI5HXHkzRgm5TjdwtauJ3vBagQiCZVzQuECuham0oqwXn0dgL4,Sticker | hypex (Holo) | Cologne 2026,https://steamcommunity.com/market/listings/730/Sticker%20%7C%20hypex%20%28Holo%29%20%7C%20Cologne%202026,ok
360,56.0,P3,SCORE/WAIT,NertZ (Holo),Player,Holo,Autograph,sticker,NertZ,G2 Esports,G2 Esports,213,2.11,103.98,1.03,UUSkins,True,51.18,"UUSkins around $1.03, 51% below Steam",0,Fair,Cheap,Medium,213.0,69.0,758.0,124,321.31,66,3.2,0.6813,0.3917,0.5046,0.5561,27.610328638497663,161.41533342449517,0.4052,0.0,1.0,1.0,+161% expected | 0.41 demand | UUSkins 51% below Steam | 86% below high | 629% upside,"lower highs, modest quality score",2P is cheaper than current Steam but still above Steam's recorded low; wait for a stronger entry.,1.03,0.99,0.99,1.03,4.040404040404044,,-50.69029466309502,51.18483412322274,0.0,0.0689,2.0,False,3.14,1.03,https://cs2tokens.com/iem-cologne-2026/items/sticker-nertz-holo-cologne-2026,https://community.akamai.steamstatic.com/economy/image/i0CoZ81Ui0m-9KwlBY1L_18myuGuq1wfhWSaZgMttyVfPaERSR0Wqmu7LAocGJai0ki7VeTHjMmuOXSQ61MnpNWipUruRiL_m4T05x1T4P6hJvQ0JvXCDT-Rk-x05eQ_TX2xlEtw5zvQw9v_cH-TZwApW5okFrYLuxCm0oqwgofm370,Sticker | NertZ (Holo) | Cologne 2026,https://steamcommunity.com/market/listings/730/Sticker%20%7C%20NertZ%20%28Holo%29%20%7C%20Cologne%202026,ok
361,56.0,P3,SCORE/WAIT,ultimate (Holo),Player,Holo,Autograph,sticker,ultimate,Team Liquid,Team Liquid,433,4.29,124.15,1.23,UUSkins,True,71.33,"UUSkins around $1.23, 71% below Steam",0,Expensive,Cheap,Medium,433.0,57.0,674.0,124,321.31,64,7.0,0.645,0.4937,0.3798,0.5554,-4.505773672055424,233.06522841209932,0.6101,0.0,1.0,1.0,+233% expected | 0.61 demand | UUSkins 71% below Steam | 82% below high | 443% upside,"lower highs, modest quality score",2P is cheaper than current Steam but still above Steam's recorded low; wait for a stronger entry.,1.23,1.21,1.16,1.25,1.6528925619834656,0.7594417077175695,-117.80149674886512,71.32867132867133,0.0,0.2125,16.0,False,2.4,1.23,https://cs2tokens.com/iem-cologne-2026/items/sticker-ultimate-holo-cologne-2026,https://community.akamai.steamstatic.com/economy/image/i0CoZ81Ui0m-9KwlBY1L_18myuGuq1wfhWSaZgMttyVfPaERSR0Wqmu7LAocGJai0ki7VeTHjMmuOXSQ61MnpNWipUruRiLkkoLp8CNP6s2mZ6hibqbCXmLJk7Yl4rUwGSviwktztmXSwoyuIH2QbFVzD8clFO4Ntxi-xIb5d7S1ifEMoHI,Sticker | ultimate (Holo) | Cologne 2026,https://steamcommunity.com/market/listings/730/Sticker%20%7C%20ultimate%20%28Holo%29%20%7C%20Cologne%202026,ok
362,55.9,P3,SCORE/WAIT,biguzera (Holo),Player,Holo,Autograph,sticker,biguzera,paiN Gaming,paiN Gaming,199,1.97,87.88,0.87,UUSkins,True,55.84,"UUSkins around $0.87, 56% below Steam",0,Fair,Very Cheap,Medium,199.0,41.0,478.0,124,321.31,66,4.65,0.6626,0.3922,0.5064,0.5538,14.467336683417088,159.19615317969152,0.5622,0.0,1.0,1.0,+159% expected | 0.56 demand | UUSkins 56% below Steam | 82% below high | 444% upside,"lower highs, modest quality score",2P is cheaper than current Steam but still above Steam's recorded low; wait for a stronger entry.,0.87,0.82,0.82,0.88,6.0975609756097615,0.6620209059233491,-114.3493871486938,55.83756345177665,0.0,0.1872,6.0,False,1.72,0.87,https://cs2tokens.com/iem-cologne-2026/items/sticker-biguzera-holo-cologne-2026,https://community.akamai.steamstatic.com/economy/image/i0CoZ81Ui0m-9KwlBY1L_18myuGuq1wfhWSaZgMttyVfPaERSR0Wqmu7LAocGJai0ki7VeTHjMmuOXSQ61MnpNWipUruRiLzl5H15ydJ7s2mZ6hibqnKWDSTlrp35uQ7HCyxwBt3tj7Tztyody6SZlJ0W5ByF-8K50brkdb5d7S1zdn8c-k,Sticker | biguzera (Holo) | Cologne 2026,https://steamcommunity.com/market/listings/730/Sticker%20%7C%20biguzera%20%28Holo%29%20%7C%20Cologne%202026,ok
363,55.9,P3,SCORE/WAIT,kyxsan (Holo),Player,Holo,Autograph,sticker,kyxsan,Falcons,Falcons,703,6.96,273.73,2.71,UUSkins,True,61.06,"UUSkins around $2.71, 61% below Steam",0,Expensive,Fair,Medium,703.0,192.0,1692.0,124,321.31,64,6.65,0.6607,0.4693,0.5284,0.5366,13.041251778093876,190.3199676662485,0.6087,0.0,1.0,1.0,+190% expected | 0.61 demand | UUSkins 61% below Steam | 84% below high | 518% upside,"lower highs, modest quality score",2P is cheaper than current Steam but still above Steam's recorded low; wait for a stronger entry.,2.71,2.71,1.82,3.41,0.0,-2.748108589230088,-42.56540349616857,61.06321839080459,0.0,0.2079,14.0,False,10.0,2.71,https://cs2tokens.com/iem-cologne-2026/items/sticker-kyxsan-holo-cologne-2026,https://community.akamai.steamstatic.com/economy/image/i0CoZ81Ui0m-9KwlBY1L_18myuGuq1wfhWSaZgMttyVfPaERSR0Wqmu7LAocGJai0ki7VeTHjMmuOXSQ61MnpNWipUruRiL6h47z_Cxk5_2iZ-prIfHAXmXGkOovtOU9GXG3xRh_sW7VyNz7cH-TagImCpQiFOFZsRPtjJS5YLMGrWXm,Sticker | kyxsan (Holo) | Cologne 2026,https://steamcommunity.com/market/listings/730/Sticker%20%7C%20kyxsan%20%28Holo%29%20%7C%20Cologne%202026,ok
364,55.8,P3,SCORE/WAIT,zweih (Holo),Player,Holo,Autograph,sticker,zweih,PARIVISION,PARIVISION,483,4.78,261.71,2.59,UUSkins,True,45.82,"UUSkins around $2.59, 46% below Steam",0,Expensive,Fair,Low,483.0,127.0,1047.0,124,321.31,64,6.55,0.5869,0.4689,0.4701,0.5192,20.724637681159415,122.80454367410894,0.6835,0.0,1.0,1.0,+123% expected | 0.68 demand | UUSkins 46% below Steam | 75% below high | 300% upside,"lower highs, 2P new low, modest quality score",2P is cheaper than current Steam but still above Steam's recorded low; wait for a stronger entry.,2.59,,2.59,2.59,,,-106.07024017395312,45.81589958158997,0.1,0.0399,1.0,True,2.83,2.59,https://cs2tokens.com/iem-cologne-2026/items/sticker-zweih-holo-cologne-2026,https://community.akamai.steamstatic.com/economy/image/i0CoZ81Ui0m-9KwlBY1L_18myuGuq1wfhWSaZgMttyVfPaERSR0Wqmu7LAocGJai0ki7VeTHjMmuOXSQ61MnpNWipUruRiLriZPp9R1T4P6hJvdvcafHWWHBlOwm5OVoHXjjwU12sDnQyIv9IyqUPQAkDJQkQLIL4Rim0oqw37ZKQQE,Sticker | zweih (Holo) | Cologne 2026,https://steamcommunity.com/market/listings/730/Sticker%20%7C%20zweih%20%28Holo%29%20%7C%20Cologne%202026,ok
365,55.5,P3,SCORE/WAIT,nilo (Holo),Player,Holo,Autograph,sticker,nilo,HEROIC,HEROIC,314,3.11,114.09,1.13,CSFloat,True,63.67,"CSFloat around $1.13, 64% below Steam",0,Fair,Cheap,Medium,314.0,56.0,1164.0,124,321.31,66,3.95,0.6924,0.4087,0.4521,0.5579,-0.3917197452229404,174.14314300208557,0.5326,0.0969,1.0,1.0,+174% expected | 0.53 demand | CSFloat 64% below Steam | 90% below high | 920% upside,"lower highs, 2P new low, modest quality score",2P is cheaper than current Steam but still above Steam's recorded low; wait for a stronger entry.,1.13,1.13,1.13,1.13,0.0,,-103.73220027560863,63.66559485530546,0.0,0.0949,2.0,True,1.13,1.41,https://cs2tokens.com/iem-cologne-2026/items/sticker-nilo-holo-cologne-2026,https://community.akamai.steamstatic.com/economy/image/i0CoZ81Ui0m-9KwlBY1L_18myuGuq1wfhWSaZgMttyVfPaERSR0Wqmu7LAocGJai0ki7VeTHjMmuOXSQ61MnpNWipUruRiL_l5rvwipU4_3gbPdrJfXFVj-Rkrgg47Y7Fi_lkEoitWmGz9apJC6SaAQnDsFxQu9ftw74zIMYqfkxKw,Sticker | nilo (Holo) | Cologne 2026,https://steamcommunity.com/market/listings/730/Sticker%20%7C%20nilo%20%28Holo%29%20%7C%20Cologne%202026,ok
366,55.5,P3,SCORE/WAIT,The Mongolz (Holo),Team,Holo,Team,sticker,,The MongolZ,The MongolZ,1578,15.62,1178.95,11.67,UUSkins,True,25.29,"UUSkins around $11.67, 25% below Steam",0,Expensive,Expensive,Low,1578.0,556.0,4022.0,124,321.31,64,9.0,0.5025,0.5372,0.5188,0.4019,27.53929024081114,70.70811598641559,0.7858,0.0,1.0,1.0,+71% expected | 0.79 demand | UUSkins 25% below Steam | 71% below high | 241% upside,lower highs,2P is cheaper than current Steam but still above Steam's recorded low; wait for a stronger entry.,11.67,10.0,10.0,11.83,16.700000000000003,0.8468928111785216,-112.0420692895108,25.28809218950064,0.0,0.1346,16.0,False,11.72,11.67,https://cs2tokens.com/iem-cologne-2026/items/sticker-the-mongolz-holo-cologne-2026,https://community.akamai.steamstatic.com/economy/image/i0CoZ81Ui0m-9KwlBY1L_18myuGuq1wfhWSaZgMttyVfPaERSR0Wqmu7LAocGJai0ki7VeTHjMmuOXSQ61MnpNWipVTpRgfOlpns8mwLuaL7OvE1IaKSXDTAxewh4bIxHijqwkQj4TvQno2qeH6QbwYhW5ElW6dU5SomOZ23,Sticker | The Mongolz (Holo) | Cologne 2026,https://steamcommunity.com/market/listings/730/Sticker%20%7C%20The%20Mongolz%20%28Holo%29%20%7C%20Cologne%202026,ok
367,55.4,P3,SCORE/WAIT,BIG (Holo),Team,Holo,Team,sticker,,BIG,BIG,1872,18.53,369.75,3.66,UUSkins,True,80.25,"UUSkins around $3.66, 80% below Steam",0,Expensive,Cheap,Medium,1872.0,520.0,4711.0,124,321.31,64,4.25,0.7645,0.4225,0.4317,0.6713,10.16987179487181,457.77260228387286,0.3107,0.0,1.0,1.0,+458% expected | 0.31 demand | UUSkins 80% below Steam | 92% below high | 1174% upside,"lower highs, 2P new low, modest quality score","Scored, but edge is not strong enough yet.",3.66,3.66,3.66,4.88,0.0,-0.5748209574067069,28.893685914732878,80.2482460874258,0.0,0.8389,14.0,True,6.0,3.66,https://cs2tokens.com/iem-cologne-2026/items/sticker-big-holo-cologne-2026,https://community.akamai.steamstatic.com/economy/image/i0CoZ81Ui0m-9KwlBY1L_18myuGuq1wfhWSaZgMttyVfPaERSR0Wqmu7LAocGJai0ki7VeTHjMmuOXSQ61MnpNWipVvuRiL5kZrvsyYNu6P_OfI-JaWSV2aTlLZwtLBvHnvklE0l62qEyoz4dHyQPwRxWJRuBbldNARaptc,Sticker | BIG (Holo) | Cologne 2026,https://steamcommunity.com/market/listings/730/Sticker%20%7C%20BIG%20%28Holo%29%20%7C%20Cologne%202026,ok
368,55.4,P3,SCORE/WAIT,venomzera (Holo),Player,Holo,Autograph,sticker,venomzera,MIBR,MIBR,340,3.37,82.73,0.82,UUSkins,True,75.67,"UUSkins around $0.82, 76% below Steam",0,Fair,Very Cheap,High,340.0,44.0,771.0,124,321.31,64,4.45,0.7042,0.3935,0.5634,0.5486,-3.135294117647069,298.0903156384505,0.5511,0.0,1.0,1.0,+298% expected | 0.55 demand | UUSkins 76% below Steam | 89% below high | 832% upside,"High crowding, lower highs, modest quality score",2P is cheaper than current Steam but still above Steam's recorded low; wait for a stronger entry.,0.82,0.74,0.74,0.82,10.81081081081081,,-88.0226598327488,75.66765578635015,0.0,0.081,2.0,False,0.97,0.82,https://cs2tokens.com/iem-cologne-2026/items/sticker-venomzera-holo-cologne-2026,https://community.akamai.steamstatic.com/economy/image/i0CoZ81Ui0m-9KwlBY1L_18myuGuq1wfhWSaZgMttyVfPaERSR0Wqmu7LAocGJai0ki7VeTHjMmuOXSQ61MnpNWipUruRiLnm5jv8Dhe_fORYKthL77DC2TGmLpzsuIxFi_nxxl35DnXmNutdHrBbgBxCMQmR-IJ5Ba8w4bkKaq8sIWs5CFE,Sticker | venomzera (Holo) | Cologne 2026,https://steamcommunity.com/market/listings/730/Sticker%20%7C%20venomzera%20%28Holo%29%20%7C%20Cologne%202026,ok
369,55.1,P3,SCORE/WAIT,luchov (Holo),Player,Holo,Autograph,sticker,luchov,9z Team,9z Team,324,3.21,224.07,2.22,UUSkins,True,30.84,"UUSkins around $2.22, 31% below Steam",0,Fair,Fair,Low,324.0,130.0,803.0,124,321.31,66,5.55,0.5687,0.4007,0.5054,0.496,27.663580246913572,84.59463630296963,0.7164,0.0302,1.0,1.0,+85% expected | 0.72 demand | UUSkins 31% below Steam | 72% below high | 258% upside,"lower highs, 2P new low, modest quality score",2P is cheaper than current Steam but still above Steam's recorded low; wait for a stronger entry.,2.22,2.21,2.21,2.22,0.452488687782826,,-72.3652048885694,30.84112149532709,0.0,0.0558,2.0,True,6.51,2.22,https://cs2tokens.com/iem-cologne-2026/items/sticker-luchov-holo-cologne-2026,https://community.akamai.steamstatic.com/economy/image/i0CoZ81Ui0m-9KwlBY1L_18myuGuq1wfhWSaZgMttyVfPaERSR0Wqmu7LAocGJai0ki7VeTHjMmuOXSQ61MnpNWipUruRiL9i5Xo8jRk5_2iZ-poIaPFCj-TmLYk6OA9S3m1xktz4m3Wztv6cCnEZgJyW5MjQuMKtRC8jJS5YEHjLhig,Sticker | luchov (Holo) | Cologne 2026,https://steamcommunity.com/market/listings/730/Sticker%20%7C%20luchov%20%28Holo%29%20%7C%20Cologne%202026,ok
370,55.0,P3,SCORE/WAIT,slaxz- (Holo),Player,Holo,Autograph,sticker,slaxz-,M80,M80,392,3.88,149.53,1.48,UUSkins,True,61.86,"UUSkins around $1.48, 62% below Steam",0,Fair,Cheap,Medium,392.0,50.0,780.0,124,321.31,66,7.3,0.6129,0.4714,0.4494,0.4795,-1.4311224489795935,158.41030060672918,0.6277,0.0,1.0,1.0,+158% expected | 0.63 demand | UUSkins 62% below Steam | 81% below high | 422% upside,lower highs,2P is cheaper than current Steam but still above Steam's recorded low; wait for a stronger entry.,1.48,1.16,1.16,1.48,27.586206896551737,,-199.05154639175257,61.855670103092784,0.0,0.0758,2.0,False,2.74,1.48,https://cs2tokens.com/iem-cologne-2026/items/sticker-slaxz-holo-cologne-2026,https://community.akamai.steamstatic.com/economy/image/i0CoZ81Ui0m-9KwlBY1L_18myuGuq1wfhWSaZgMttyVfPaERSR0Wqmu7LAocGJai0ki7VeTHjMmuOXSQ61MnpNWipUruRiLikpf45x1T4P6hJqZreKHGWWPBlb4usrhoFyvrk0V142qDm9-hdi6fOwMiD8FwFO4PshGm0oqwa_g0Fjc,Sticker | slaxz- (Holo) | Cologne 2026,https://steamcommunity.com/market/listings/730/Sticker%20%7C%20slaxz-%20%28Holo%29%20%7C%20Cologne%202026,ok
371,54.7,P3,SCORE/WAIT,maxxkor (Foil),Player,Foil,Autograph,sticker,maxxkor,Sharks Esports,Sharks Esports,34,0.34,34.0,0.34,Steam,False,0.0,Steam around $0.34,0,Very Cheap,Very Cheap,High,34.0,29.0,186.0,116,321.31,62,6.5,0.6326,0.3859,0.5534,0.4196,72.08823529411762,72.08823529411762,0.4325,0.0267,1.0,1.0,+72% expected | 0.43 demand | 82% below high | 447% upside | -68% vs launch,"High crowding, lower highs, 2P new low, modest quality score",2P is cheaper than current Steam but still above Steam's recorded low; wait for a stronger entry.,0.94,,0.94,0.94,,,-224.1379310344827,-176.47058823529406,0.1,0.0252,1.0,True,1.66,,https://cs2tokens.com/iem-cologne-2026/items/sticker-maxxkor-foil-cologne-2026,https://community.akamai.steamstatic.com/economy/image/i0CoZ81Ui0m-9KwlBY1L_18myuGuq1wfhWSaZgMttyVfPaERSR0Wqmu7LAocGJai0ki7VeTHjMmuOXSQ61MnpNWipUruRiL8n4749i1J0PShYagjdKLFX2GWlu136edsSXmxlk5wtjzcmNytJCnCOABxDcBxROVY5kawmsqnab0FfexyGA,Sticker | maxxkor (Foil) | Cologne 2026,https://steamcommunity.com/market/listings/730/Sticker%20%7C%20maxxkor%20%28Foil%29%20%7C%20Cologne%202026,ok
372,54.5,P3,SCORE/WAIT,mzinho (Holo),Player,Holo,Autograph,sticker,mzinho,The MongolZ,The MongolZ,952,9.42,389.09,3.85,UUSkins,True,59.13,"UUSkins around $3.85, 59% below Steam",0,Expensive,Fair,Low,952.0,257.0,1539.0,124,321.31,64,6.15,0.6144,0.4577,0.48,0.5385,-7.955882352941179,125.209243697479,0.7526,0.0,1.0,1.0,+125% expected | 0.75 demand | UUSkins 59% below Steam | 75% below high | 296% upside,"lower highs, 2P new low, modest quality score",2P is cheaper than current Steam but still above Steam's recorded low; wait for a stronger entry.,3.85,3.85,3.85,3.85,0.0,,-51.39573884524196,59.12951167728237,0.0,0.092,2.0,True,4.41,3.85,https://cs2tokens.com/iem-cologne-2026/items/sticker-mzinho-holo-cologne-2026,https://community.akamai.steamstatic.com/economy/image/i0CoZ81Ui0m-9KwlBY1L_18myuGuq1wfhWSaZgMttyVfPaERSR0Wqmu7LAocGJai0ki7VeTHjMmuOXSQ61MnpNWipUruRiL8hJ_u9S1k5_2iZ-poJKmSCGXIw74jteA4GXHhzEl_tm2HzY78c3zDZwZ2C5p2E-cKsEK7jJS5YKF8EPy2,Sticker | mzinho (Holo) | Cologne 2026,https://steamcommunity.com/market/listings/730/Sticker%20%7C%20mzinho%20%28Holo%29%20%7C%20Cologne%202026,ok
373,54.3,P3,SCORE/WAIT,story (Holo),Player,Holo,Autograph,sticker,story,Flyquest,Flyquest,515,5.1,142.38,1.41,UUSkins,True,72.35,"UUSkins around $1.41, 72% below Steam",0,Expensive,Cheap,Medium,515.0,67.0,1169.0,124,321.31,64,6.63,0.6657,0.4606,0.4416,0.5173,10.716504854368946,300.4639537285685,0.6015,0.0,1.0,1.0,+300% expected | 0.60 demand | UUSkins 72% below Steam | 88% below high | 721% upside,"lower highs, modest quality score",2P is cheaper than current Steam but still above Steam's recorded low; wait for a stronger entry.,1.41,1.34,1.34,1.41,5.223880597014907,,-112.51097453906937,72.35294117647058,0.0,0.081,2.0,False,2.56,1.41,https://cs2tokens.com/iem-cologne-2026/items/sticker-story-holo-cologne-2026,https://community.akamai.steamstatic.com/economy/image/i0CoZ81Ui0m-9KwlBY1L_18myuGuq1wfhWSaZgMttyVfPaERSR0Wqmu7LAocGJai0ki7VeTHjMmuOXSQ61MnpNWipUruRiLiipny5B1T4P6hJvxudqnHCj7ElLdz5OJtTX23wUR3t2nVzI6qcC3FbAVzXMclROID5BGm0oqw3lSzgNc,Sticker | story (Holo) | Cologne 2026,https://steamcommunity.com/market/listings/730/Sticker%20%7C%20story%20%28Holo%29%20%7C%20Cologne%202026,ok
374,54.2,P3,SCORE/WAIT,JOTA (Holo),Player,Holo,Autograph,sticker,JOTA,,,216,2.14,68.64,0.68,UUSkins,True,68.22,"UUSkins around $0.68, 68% below Steam",0,Fair,Very Cheap,Low,216.0,75.0,478.0,124,321.31,66,5.12,0.6832,0.3487,0.4665,0.5593,28.00462962962964,302.83809912854025,0.3323,0.0,1.0,1.0,+303% expected | 0.33 demand | UUSkins 68% below Steam | 86% below high | 596% upside,"lower highs, 2P still falling, 2P new low, modest quality score",2P market is still making lower lows; wait for stabilization before adding.,0.68,0.8,0.68,0.8,-15.000000000000002,-6.4102564102564,8.485981308411212,68.22429906542055,0.68,0.2955,3.0,True,2.0,0.68,https://cs2tokens.com/iem-cologne-2026/items/sticker-jota-holo-cologne-2026,https://community.akamai.steamstatic.com/economy/image/i0CoZ81Ui0m-9KwlBY1L_18myuGuq1wfhWSaZgMttyVfPaERSR0Wqmu7LAocGJai0ki7VeTHjMmuOXSQ61MnpNWipUruRiL7kYLhwipU4_3gbv08dqDDWjfBlLxy47NrTnyxwx5_6zjcnNivIi6WZlQmC5R0QO4Duw74zINEchIjBw,Sticker | JOTA (Holo) | Cologne 2026,https://steamcommunity.com/market/listings/730/Sticker%20%7C%20JOTA%20%28Holo%29%20%7C%20Cologne%202026,ok
375,54.1,P3,SCORE/WAIT,xertioN (Holo),Player,Holo,Autograph,sticker,xertioN,MOUZ,MOUZ,319,3.16,96.91,0.96,UUSkins,True,69.62,"UUSkins around $0.96, 70% below Steam",0,Fair,Very Cheap,Medium,319.0,81.0,1106.0,124,321.31,66,4.2,0.7026,0.3767,0.476,0.557,26.67084639498432,316.9582027168234,0.2752,0.0,1.0,1.0,+317% expected | 0.28 demand | UUSkins 70% below Steam | 91% below high | 1041% upside,"lower highs, 2P new low, modest quality score","Scored, but edge is not strong enough yet.",0.96,,0.96,0.96,,,-19.643694327238627,69.62025316455697,0.1,0.1057,1.0,True,2.1,0.96,https://cs2tokens.com/iem-cologne-2026/items/sticker-xertion-holo-cologne-2026,https://community.akamai.steamstatic.com/economy/image/i0CoZ81Ui0m-9KwlBY1L_18myuGuq1wfhWSaZgMttyVfPaERSR0Wqmu7LAocGJai0ki7VeTHjMmuOXSQ61MnpNWipUruRiLpm4T09C1V0PqhZKsjeaLLCmbBk-9w4OUwTXzmwUsismSByouqeH6Qa1ciW8QlQuAN5EG8kcqnab11zy5Low,Sticker | xertioN (Holo) | Cologne 2026,https://steamcommunity.com/market/listings/730/Sticker%20%7C%20xertioN%20%28Holo%29%20%7C%20Cologne%202026,ok
376,53.5,P3,SCORE/WAIT,ryu (Holo),Player,Holo,Autograph,sticker,ryu,Astralis,Astralis,618,6.12,171.67,1.7,CSFloat,True,72.22,"CSFloat around $1.70, 72% below Steam",0,Expensive,Fair,Medium,618.0,137.0,1112.0,124,321.31,64,6.78,0.6916,0.479,0.3436,0.5658,-2.763754045307454,250.0504854368932,0.551,0.0863,1.0,1.0,+250% expected | 0.55 demand | CSFloat 72% below Steam | 85% below high | 548% upside,"lower highs, 2P new low, modest quality score",2P is cheaper than current Steam but still above Steam's recorded low; wait for a stronger entry.,1.7,1.7,1.7,1.7,0.0,-6.825201612724566e-15,-25.304136253041364,72.22222222222221,0.0,0.2475,14.0,True,1.7,2.65,https://cs2tokens.com/iem-cologne-2026/items/sticker-ryu-holo-cologne-2026,https://community.akamai.steamstatic.com/economy/image/i0CoZ81Ui0m-9KwlBY1L_18myuGuq1wfhWSaZgMttyVfPaERSR0Wqmu7LAocGJai0ki7VeTHjMmuOXSQ61MnpNWipUruRiLjh4Pf9S1X4LysavFsIqHFC2WWlb51seU4HCzlx0914mTXzY6rcy3CPQIjCcNzQ-YCrFDmxVzJzBfL,Sticker | ryu (Holo) | Cologne 2026,https://steamcommunity.com/market/listings/730/Sticker%20%7C%20ryu%20%28Holo%29%20%7C%20Cologne%202026,ok
377,53.1,P3,SCORE/WAIT,kensizor (Holo),Player,Holo,Autograph,sticker,kensizor,B8,B8,255,2.52,63.75,0.63,UUSkins,True,75.0,"UUSkins around $0.63, 75% below Steam",0,Fair,Very Cheap,Medium,255.0,38.0,463.0,124,321.31,66,4.55,0.6766,0.3841,0.3516,0.5643,16.76862745098038,367.0745098039215,0.43,0.0,1.0,1.0,+367% expected | 0.43 demand | UUSkins 75% below Steam | 86% below high | 626% upside,"lower highs, modest quality score",2P is cheaper than current Steam but still above Steam's recorded low; wait for a stronger entry.,0.63,0.52,0.52,0.63,21.153846153846143,,-67.76315789473684,75.0,0.0,0.081,2.0,False,1.3,0.63,https://cs2tokens.com/iem-cologne-2026/items/sticker-kensizor-holo-cologne-2026,https://community.akamai.steamstatic.com/economy/image/i0CoZ81Ui0m-9KwlBY1L_18myuGuq1wfhWSaZgMttyVfPaERSR0Wqmu7LAocGJai0ki7VeTHjMmuOXSQ61MnpNWipUruRiL6m5jz9DhU_c2mZ6hibqjKDzLGme13tec8F37gwhkhsT7WmIqoeHqWbFcmCJohE7JcsRe7mtf5d7S1Ynt6j-U,Sticker | kensizor (Holo) | Cologne 2026,https://steamcommunity.com/market/listings/730/Sticker%20%7C%20kensizor%20%28Holo%29%20%7C%20Cologne%202026,ok
378,53.0,P3,SCORE/WAIT,bLitz (Holo),Player,Holo,Autograph,sticker,bLitz,The MongolZ,The MongolZ,350,3.47,89.77,0.89,UUSkins,True,74.35,"UUSkins around $0.89, 74% below Steam",0,Fair,Very Cheap,Medium,350.0,90.0,995.0,124,321.31,64,5.75,0.7228,0.3904,0.4041,0.5671,35.64285714285715,428.8547351524881,0.2439,0.0,1.0,1.0,+429% expected | 0.24 demand | UUSkins 74% below Steam | 91% below high | 1008% upside,"lower highs, modest quality score","Scored, but edge is not strong enough yet.",0.89,0.82,0.82,0.99,8.536585365853666,-3.6363636363636425,0.256163944924745,74.35158501440921,0.231,0.4652,5.0,False,2.39,0.89,https://cs2tokens.com/iem-cologne-2026/items/sticker-blitz-holo-cologne-2026,https://community.akamai.steamstatic.com/economy/image/i0CoZ81Ui0m-9KwlBY1L_18myuGuq1wfhWSaZgMttyVfPaERSR0Wqmu7LAocGJai0ki7VeTHjMmuOXSQ61MnpNWipUruRiLzkp_05x1T4P6hJvY8IfLCVjCUk7p3sbUwSX_ilkolsjmHyNescS6SP1ckDcd3E-dbsxam0oqwR_Izhrg,Sticker | bLitz (Holo) | Cologne 2026,https://steamcommunity.com/market/listings/730/Sticker%20%7C%20bLitz%20%28Holo%29%20%7C%20Cologne%202026,ok
379,52.9,P3,SCORE/WAIT,Snax (Holo),Player,Holo,Autograph,sticker,Snax,GamerLegion,GamerLegion,1678,16.61,448.54,4.44,UUSkins,True,73.27,"UUSkins around $4.44, 73% below Steam",0,Premium,Expensive,Medium,1678.0,838.0,3230.0,124,321.31,64,5.82,0.6927,0.4365,0.4914,0.5574,19.42669845053635,346.7742029872542,0.7131,0.0,1.0,1.0,+347% expected | 0.71 demand | UUSkins 73% below Steam | 86% below high | 620% upside,"lower highs, 2P new low, modest quality score","Scored, but edge is not strong enough yet.",4.44,,4.44,4.44,,,46.47443312034185,73.26911499096929,0.1,0.196,1.0,True,8.35,4.44,https://cs2tokens.com/iem-cologne-2026/items/sticker-snax-holo-cologne-2026,https://community.akamai.steamstatic.com/economy/image/i0CoZ81Ui0m-9KwlBY1L_18myuGuq1wfhWSaZgMttyVfPaERSR0Wqmu7LAocGJai0ki7VeTHjMmuOXSQ61MnpNWipUruRiLikJf4wipU4_3gPPBoJPTCX2PBlbwh4uc_H37llkUj5mrUm4v9eHvFPFAjCpV2E7Fbug74zIPMUWn6Rw,Sticker | Snax (Holo) | Cologne 2026,https://steamcommunity.com/market/listings/730/Sticker%20%7C%20Snax%20%28Holo%29%20%7C%20Cologne%202026,ok
380,52.8,P3,SCORE/WAIT,XANTARES (Holo),Player,Holo,Autograph,sticker,XANTARES,Aurora,Aurora,1291,12.78,321.23,3.18,2P,True,75.12,"2P around $3.18, 75% below Steam",0,Premium,Fair,Medium,1291.0,350.0,2506.0,124,321.31,64,6.35,0.6971,0.4647,0.3822,0.5729,4.200619674670802,318.7685281265072,0.614,0.1392,1.0,1.0,+319% expected | 0.61 demand | 2P 75% below Steam | 87% below high | 680% upside,"lower highs, 2P new low, modest quality score","Scored, but edge is not strong enough yet.",3.18,,3.18,3.18,,,8.218645204560685,75.11737089201877,0.1,0.1224,1.0,True,4.0,3.7,https://cs2tokens.com/iem-cologne-2026/items/sticker-xantares-holo-cologne-2026,https://community.akamai.steamstatic.com/economy/image/i0CoZ81Ui0m-9KwlBY1L_18myuGuq1wfhWSaZgMttyVfPaERSR0Wqmu7LAocGJai0ki7VeTHjMmuOXSQ61MnpNWipUruRiLpn5j0_DBe_M2mZ6hibvPAC2SUkLpz57Q8F3G1lh8lt23Vydz9dn6fblQmA5VyQ-ML5BSxk4D5d7S1oe2y3as,Sticker | XANTARES (Holo) | Cologne 2026,https://steamcommunity.com/market/listings/730/Sticker%20%7C%20XANTARES%20%28Holo%29%20%7C%20Cologne%202026,ok
381,52.8,P3,SCORE/WAIT,SHOCK (Holo),Player,Holo,Autograph,sticker,SHOCK,,,634,6.28,271.57,2.69,UUSkins,True,57.17,"UUSkins around $2.69, 57% below Steam",0,Expensive,Fair,Low,634.0,261.0,1973.0,124,321.31,64,4.5,0.6756,0.3963,0.46,0.5656,6.8343848580441735,149.41261595112172,0.3857,0.0,1.0,1.0,+149% expected | 0.39 demand | UUSkins 57% below Steam | 86% below high | 627% upside,"lower highs, modest quality score","Scored, but edge is not strong enough yet.",2.69,2.21,2.21,2.69,21.71945701357465,,-4.049832833052691,57.16560509554141,0.0,0.1617,2.0,False,6.14,2.69,https://cs2tokens.com/iem-cologne-2026/items/sticker-shock-holo-cologne-2026,https://community.akamai.steamstatic.com/economy/image/i0CoZ81Ui0m-9KwlBY1L_18myuGuq1wfhWSaZgMttyVfPaERSR0Wqmu7LAocGJai0ki7VeTHjMmuOXSQ61MnpNWipUruRiLilpnj9h1T4P6hJqY_cKXCXjHEw7515bM4G3i1xEt34GiAmIyodnuePAApDMN4RLVb50Gm0oqwaZiaYzY,Sticker | SHOCK (Holo) | Cologne 2026,https://steamcommunity.com/market/listings/730/Sticker%20%7C%20SHOCK%20%28Holo%29%20%7C%20Cologne%202026,ok
382,52.7,P3,SCORE/WAIT,SINNERS (Holo),Team,Holo,Team,sticker,,,,3275,32.42,1044.52,10.34,UUSkins,True,68.11,"UUSkins around $10.34, 68% below Steam",0,Premium,Expensive,Medium,3275.0,890.0,6236.0,124,321.31,64,6.55,0.6717,0.4687,0.397,0.5772,0.6167938931297634,215.4735452625984,0.6305,0.15,1.0,1.0,+215% expected | 0.63 demand | UUSkins 68% below Steam | 83% below high | 497% upside,"lower highs, modest quality score","Scored, but edge is not strong enough yet.",10.34,10.34,8.66,10.95,0.0,3.4642032332563475,-17.362357817687784,68.10610734114744,0.0,0.4699,24.0,False,,10.34,https://cs2tokens.com/iem-cologne-2026/items/sticker-sinners-holo-cologne-2026,https://community.akamai.steamstatic.com/economy/image/i0CoZ81Ui0m-9KwlBY1L_18myuGuq1wfhWSaZgMttyVfPaERSR0Wqmu7LAocGJai0ki7VeTHjMmuOXSQ61MnpNWipUruTxPOlpns8mwLt6f4PPRsJKDBC2TEwL4mtLA_Sy23lE1w4TnUmIqrdSqROwFzC8Z1W6dU5SsfnKbJ,Sticker | SINNERS (Holo) | Cologne 2026,https://steamcommunity.com/market/listings/730/Sticker%20%7C%20SINNERS%20%28Holo%29%20%7C%20Cologne%202026,ok
383,52.7,P3,SCORE/WAIT,Monte (Holo),Team,Holo,Team,sticker,,Monte,Monte,1303,12.9,447.46,4.43,UUSkins,True,65.66,"UUSkins around $4.43, 66% below Steam",0,Expensive,Cheap,High,1303.0,428.0,4495.0,124,321.31,64,5.7,0.7256,0.4018,0.4618,0.5749,33.8626247122026,289.8031283944501,0.3238,0.0,1.0,1.0,+290% expected | 0.32 demand | UUSkins 66% below Steam | 90% below high | 905% upside,"High crowding, lower highs, modest quality score","Scored, but edge is not strong enough yet.",4.43,4.55,4.15,5.56,-2.637362637362639,1.2238540275923375,-4.547743244222259,65.65891472868218,0.0,0.5146,14.0,False,9.0,4.43,https://cs2tokens.com/iem-cologne-2026/items/sticker-monte-holo-cologne-2026,https://community.akamai.steamstatic.com/economy/image/i0CoZ81Ui0m-9KwlBY1L_18myuGuq1wfhWSaZgMttyVfPaERSR0Wqmu7LAocGJai0ki7VeTHjMmuOXSQ61MnpNWipVToTwnOlpns8mwP7KGrbqc_c_bGDT_Aw7Z0tbQ6Hirlw0Qi4TiAmYn8JXqXZwRzA5N0W6dU5eFj74qs,Sticker | Monte (Holo) | Cologne 2026,https://steamcommunity.com/market/listings/730/Sticker%20%7C%20Monte%20%28Holo%29%20%7C%20Cologne%202026,ok
384,52.7,P3,SCORE/WAIT,Sonic (Holo),Player,Holo,Autograph,sticker,Sonic,NRG,NRG,385,3.81,149.55,1.48,UUSkins,True,61.15,"UUSkins around $1.48, 61% below Steam",0,Fair,Cheap,Low,385.0,105.0,717.0,124,321.31,66,6.35,0.6295,0.4307,0.3411,0.53,3.197402597402599,165.66358371358368,0.4209,0.0,1.0,1.0,+166% expected | 0.42 demand | UUSkins 61% below Steam | 79% below high | 379% upside,"lower highs, 2P new low, modest quality score",2P is cheaper than current Steam but still above Steam's recorded low; wait for a stronger entry.,1.48,1.48,1.48,1.48,0.0,,-42.43219597550306,61.15485564304463,0.0,0.0933,2.0,True,1.81,1.48,https://cs2tokens.com/iem-cologne-2026/items/sticker-sonic-holo-cologne-2026,https://community.akamai.steamstatic.com/economy/image/i0CoZ81Ui0m-9KwlBY1L_18myuGuq1wfhWSaZgMttyVfPaERSR0Wqmu7LAocGJai0ki7VeTHjMmuOXSQ61MnpNWipUruRiLikZjp_h1T4P6hJvJscvHLDDfElbsg5eU9Gy-1kEtwsjiEyY6rcH-RaVQgDJpwTOFc4Eam0oqwJS9yAps,Sticker | Sonic (Holo) | Cologne 2026,https://steamcommunity.com/market/listings/730/Sticker%20%7C%20Sonic%20%28Holo%29%20%7C%20Cologne%202026,ok
385,52.7,P3,SCORE/WAIT,Team Spirit (Holo),Team,Holo,Team,sticker,,Team Spirit,Team Spirit,4229,41.87,2579.62,25.54,UUSkins,True,39.0,"UUSkins around $25.54, 39% below Steam",0,Premium,Premium,Low,4229.0,1579.0,9569.0,124,321.31,64,9.1,0.5244,0.5514,0.4519,0.4299,18.368172144715068,94.05150225917068,0.6871,0.0582,1.0,1.0,+94% expected | 0.69 demand | UUSkins 39% below Steam | 73% below high | 271% upside,lower highs,2P is cheaper than current Steam but still above Steam's recorded low; wait for a stronger entry.,25.54,25.54,22.04,27.86,0.0,1.0866730854093911,-63.37044318091236,39.001671841413895,0.0,0.1706,14.0,False,34.56,25.54,https://cs2tokens.com/iem-cologne-2026/items/sticker-team-spirit-holo-cologne-2026,https://community.akamai.steamstatic.com/economy/image/i0CoZ81Ui0m-9KwlBY1L_18myuGuq1wfhWSaZgMttyVfPaERSR0Wqmu7LAocGJai0ki7VeTHjMmuOXSQ61MnpNWipUr3SA_Olpns8mwKvqD6avU0d6aRXzWUw-wktrFqGC_kzBx-tmyHmY6qeSqea1cnXJNxW6dU5Z7lc9Nd,Sticker | Team Spirit (Holo) | Cologne 2026,https://steamcommunity.com/market/listings/730/Sticker%20%7C%20Team%20Spirit%20%28Holo%29%20%7C%20Cologne%202026,ok
386,52.2,P3,SCORE/WAIT,MoDo (Holo),Player,Holo,Autograph,sticker,MoDo,,,608,6.02,283.8,2.81,UUSkins,True,53.32,"UUSkins around $2.81, 53% below Steam",0,Expensive,Fair,Low,608.0,188.0,994.0,124,321.31,66,5.45,0.5813,0.4151,0.3832,0.538,-3.120065789473692,107.55060638696384,0.6245,0.1048,1.0,1.0,+108% expected | 0.62 demand | UUSkins 53% below Steam | 71% below high | 250% upside,"lower highs, modest quality score",2P is cheaper than current Steam but still above Steam's recorded low; wait for a stronger entry.,2.81,2.23,2.23,2.81,26.00896860986548,,-50.95780024033364,53.32225913621262,0.0,0.0703,2.0,False,3.23,2.81,https://cs2tokens.com/iem-cologne-2026/items/sticker-modo-holo-cologne-2026,https://community.akamai.steamstatic.com/economy/image/i0CoZ81Ui0m-9KwlBY1L_18myuGuq1wfhWSaZgMttyVfPaERSR0Wqmu7LAocGJai0ki7VeTHjMmuOXSQ61MnpNWipUruRiL8kZLvwipU4_3gPqFpdKjFX2SRwr9y5OI8F37rxBhw62jTyt2pcnnBaw5xC8d5Ru4OtA74zIOAsRs_5g,Sticker | MoDo (Holo) | Cologne 2026,https://steamcommunity.com/market/listings/730/Sticker%20%7C%20MoDo%20%28Holo%29%20%7C%20Cologne%202026,ok
387,51.8,P4,SCORE/WAIT,Spinx (Holo),Player,Holo,Autograph,sticker,Spinx,MOUZ,MOUZ,317,3.14,118.12,1.17,UUSkins,True,62.74,"UUSkins around $1.17, 63% below Steam",0,Fair,Cheap,Medium,317.0,115.0,890.0,124,321.31,64,4.2,0.7036,0.3646,0.418,0.5543,54.99053627760253,315.9575076168136,0.2456,0.0,1.0,1.0,+316% expected | 0.25 demand | UUSkins 63% below Steam | 87% below high | 653% upside,"lower highs, modest quality score","Scored, but edge is not strong enough yet.",1.17,1.06,1.06,1.17,10.377358490566024,,-2.7111603433951608,62.73885350318472,0.0,0.1696,2.0,False,1.97,1.17,https://cs2tokens.com/iem-cologne-2026/items/sticker-spinx-holo-cologne-2026,https://community.akamai.steamstatic.com/economy/image/i0CoZ81Ui0m-9KwlBY1L_18myuGuq1wfhWSaZgMttyVfPaERSR0Wqmu7LAocGJai0ki7VeTHjMmuOXSQ61MnpNWipUruRiLijp_u5R1T4P6hJvFpdfHBX2aWkrYus7hrHn-wlkUi4G3Qy46qI3ieOgQjWMMhTLYO4ROm0oqwY0SI-BQ,Sticker | Spinx (Holo) | Cologne 2026,https://steamcommunity.com/market/listings/730/Sticker%20%7C%20Spinx%20%28Holo%29%20%7C%20Cologne%202026,ok
388,51.8,P4,SCORE/WAIT,Tauson (Holo),Player,Holo,Autograph,sticker,Tauson,GamerLegion,GamerLegion,278,2.75,164.78,1.63,UUSkins,True,40.73,"UUSkins around $1.63, 41% below Steam",0,Fair,Fair,High,278.0,92.0,1786.0,124,321.31,64,5.15,0.6651,0.3769,0.5319,0.4785,65.48920863309353,179.19958511718232,0.4314,0.0,1.0,1.0,+179% expected | 0.43 demand | UUSkins 41% below Steam | 91% below high | 984% upside,"High crowding, lower highs, modest quality score",2P is cheaper than current Steam but still above Steam's recorded low; wait for a stronger entry.,1.63,1.48,1.48,1.63,10.135135135135132,,-79.10671936758892,40.72727272727273,0.0,0.0622,2.0,False,3.57,1.63,https://cs2tokens.com/iem-cologne-2026/items/sticker-tauson-holo-cologne-2026,https://community.akamai.steamstatic.com/economy/image/i0CoZ81Ui0m-9KwlBY1L_18myuGuq1wfhWSaZgMttyVfPaERSR0Wqmu7LAocGJai0ki7VeTHjMmuOXSQ61MnpNWipUruRiLln4Pz8ixk5_2iZ-pvc_bCVzHIkrck5bU5TCjlkExxsWXRwo79I3jBZlMmXMF0R-QCthS9jJS5YEcMUgxH,Sticker | Tauson (Holo) | Cologne 2026,https://steamcommunity.com/market/listings/730/Sticker%20%7C%20Tauson%20%28Holo%29%20%7C%20Cologne%202026,ok
389,51.8,P4,SCORE/WAIT,NAF (Foil),Player,Foil,Autograph,sticker,NAF,Team Liquid,Team Liquid,43,0.43,43.0,0.43,Steam,False,0.0,Steam around $0.43,0,Very Cheap,Very Cheap,Low,43.0,32.0,126.0,116,321.31,60,5.65,0.5206,0.3256,0.4604,0.3932,56.46511627906976,56.46511627906976,0.5182,0.0,1.0,1.0,+56% expected | 0.52 demand | 66% below high | 193% upside | -66% vs launch,"lower highs, 2P new low, modest quality score",2P is cheaper than current Steam but still above Steam's recorded low; wait for a stronger entry.,0.94,,0.94,0.94,,,-193.74999999999997,-118.6046511627907,0.1,0.0252,1.0,True,,,https://cs2tokens.com/iem-cologne-2026/items/sticker-naf-foil-cologne-2026,https://community.akamai.steamstatic.com/economy/image/i0CoZ81Ui0m-9KwlBY1L_18myuGuq1wfhWSaZgMttyVfPaERSR0Wqmu7LAocGJai0ki7VeTHjMmuOXSQ61MnpNWipUruRiL_n5Df-y1S47z9P6I_cqKRWT7Gwu0ntLcxFnrrxEwi6z_RntagI3KfbVdzAsd1TLVbrFDmxXf3c_hd,Sticker | NAF (Foil) | Cologne 2026,https://steamcommunity.com/market/listings/730/Sticker%20%7C%20NAF%20%28Foil%29%20%7C%20Cologne%202026,ok
390,51.3,P4,SCORE/WAIT,Techno4K (Holo),Player,Holo,Autograph,sticker,Techno4K,The MongolZ,The MongolZ,552,5.46,195.12,1.93,UUSkins,True,64.65,"UUSkins around $1.93, 65% below Steam",0,Expensive,Fair,Medium,552.0,133.0,1309.0,124,321.31,64,6.2,0.6547,0.4192,0.4631,0.4953,20.434782608695645,240.711872043253,0.4905,0.0,1.0,1.0,+241% expected | 0.49 demand | UUSkins 65% below Steam | 85% below high | 571% upside,"lower highs, 2P new low, modest quality score",2P is cheaper than current Steam but still above Steam's recorded low; wait for a stronger entry.,1.93,1.93,1.93,1.93,0.0,,-46.70742791043544,64.65201465201466,0.0,0.0956,2.0,True,3.18,1.93,https://cs2tokens.com/iem-cologne-2026/items/sticker-techno4k-holo-cologne-2026,https://community.akamai.steamstatic.com/economy/image/i0CoZ81Ui0m-9KwlBY1L_18myuGuq1wfhWSaZgMttyVfPaERSR0Wqmu7LAocGJai0ki7VeTHjMmuOXSQ61MnpNWipUruRiLlm5Xo8y0P5M2mZ6hibqGQVmaTmLsh5rg4HXq2kUpx4mXWzI6seHzFZ1cmCZp5F-9YtES-k9f5d7S1sRU1g1I,Sticker | Techno4K (Holo) | Cologne 2026,https://steamcommunity.com/market/listings/730/Sticker%20%7C%20Techno4K%20%28Holo%29%20%7C%20Cologne%202026,ok
391,51.3,P4,SCORE/WAIT,Falcons (Holo),Team,Holo,Team,sticker,,Falcons,Falcons,5070,50.19,2140.53,21.19,UUSkins,True,57.78,"UUSkins around $21.19, 58% below Steam",0,Premium,Expensive,Medium,5070.0,1804.0,13262.0,124,321.31,64,9.55,0.6008,0.5674,0.398,0.4566,33.2353057199211,215.57715875803865,0.2696,0.0,1.0,1.0,+216% expected | 0.27 demand | UUSkins 58% below Steam | 84% below high | 520% upside,lower highs,"Scored, but edge is not strong enough yet.",21.19,21.26,20.93,23.22,-0.3292568203198454,-1.3955539149337608,-18.65476599122891,57.780434349472,0.0,0.495,16.0,False,26.99,21.19,https://cs2tokens.com/iem-cologne-2026/items/sticker-falcons-holo-cologne-2026,https://community.akamai.steamstatic.com/economy/image/i0CoZ81Ui0m-9KwlBY1L_18myuGuq1wfhWSaZgMttyVfPaERSR0Wqmu7LAocGJai0ki7VeTHjMmuOXSQ61MnpNWipV_mTSL5kZrvs3sP7varaaA9JafHCDbCk7sisedsSXrilk92sW6BmI2veXOfbQZyW5puBbldBOTUCQ4,Sticker | Falcons (Holo) | Cologne 2026,https://steamcommunity.com/market/listings/730/Sticker%20%7C%20Falcons%20%28Holo%29%20%7C%20Cologne%202026,ok
392,51.2,P4,SCORE/WAIT,huNter- (Holo),Player,Holo,Autograph,sticker,huNter-,G2 Esports,G2 Esports,427,4.23,177.66,1.76,UUSkins,True,58.39,"UUSkins around $1.76, 58% below Steam",0,Expensive,Fair,Medium,427.0,137.0,1298.0,124,321.31,64,5.35,0.6681,0.3874,0.5089,0.5141,25.786885245901647,202.31734351713865,0.3839,0.0,1.0,1.0,+202% expected | 0.38 demand | UUSkins 58% below Steam | 86% below high | 631% upside,"lower highs, 2P new low, modest quality score",2P is cheaper than current Steam but still above Steam's recorded low; wait for a stronger entry.,1.76,1.78,1.76,1.78,-1.1235955056179805,-0.5617977528090035,-29.681972701075036,58.39243498817967,0.0,0.1373,3.0,True,5.43,1.76,https://cs2tokens.com/iem-cologne-2026/items/sticker-hunter-holo-cologne-2026,https://community.akamai.steamstatic.com/economy/image/i0CoZ81Ui0m-9KwlBY1L_18myuGuq1wfhWSaZgMttyVfPaERSR0Wqmu7LAocGJai0ki7VeTHjMmuOXSQ61MnpNWipUruRiL5i5j0-DBk5_2iZ-o8IaHBXDOVlegjtbk7TXjrw00hsTjSz42qd3_EblRyA8R0EeFftELqjJS5YJlw3xvZ,Sticker | huNter- (Holo) | Cologne 2026,https://steamcommunity.com/market/listings/730/Sticker%20%7C%20huNter-%20%28Holo%29%20%7C%20Cologne%202026,ok
393,51.1,P4,SCORE/WAIT,xiELO (Holo),Player,Holo,Autograph,sticker,xiELO,PARIVISION,PARIVISION,583,5.77,106.09,1.05,UUSkins,True,81.8,"UUSkins around $1.05, 82% below Steam",0,Expensive,Cheap,High,583.0,70.0,867.0,124,321.31,64,5.35,0.7038,0.3963,0.4647,0.5426,-22.7409948542024,324.55662827738297,0.5435,0.0,1.0,1.0,+325% expected | 0.54 demand | UUSkins 82% below Steam | 88% below high | 717% upside,"High crowding, lower highs, 2P new low, modest quality score",2P is cheaper than current Steam but still above Steam's recorded low; wait for a stronger entry.,1.05,1.05,1.04,1.06,0.0,-0.1796945193171674,-51.55979202772967,81.80242634315424,0.0,0.225,14.0,True,1.95,1.05,https://cs2tokens.com/iem-cologne-2026/items/sticker-xielo-holo-cologne-2026,https://community.akamai.steamstatic.com/economy/image/i0CoZ81Ui0m-9KwlBY1L_18myuGuq1wfhWSaZgMttyVfPaERSR0Wqmu7LAocGJai0ki7VeTHjMmuOXSQ61MnpNWipUruRiLpl5Ps8h1T4P6hJvxuJqnKDzLEwLki4eI-Hn7mzEUm4GXXz9mqJ36QaAcpA5QjTbILtRCm0oqwmlQdr7Y,Sticker | xiELO (Holo) | Cologne 2026,https://steamcommunity.com/market/listings/730/Sticker%20%7C%20xiELO%20%28Holo%29%20%7C%20Cologne%202026,ok
394,51.0,P4,SCORE/WAIT,torzsi (Holo),Player,Holo,Autograph,sticker,torzsi,MOUZ,MOUZ,538,5.33,326.03,3.23,UUSkins,True,39.4,"UUSkins around $3.23, 39% below Steam",0,Expensive,Fair,Low,538.0,173.0,1133.0,124,321.31,64,6.1,0.5231,0.3971,0.5048,0.4389,8.88661710037173,79.67977372909641,0.6625,0.0,1.0,1.0,+80% expected | 0.66 demand | UUSkins 39% below Steam | 71% below high | 248% upside,"lower highs, modest quality score",2P is cheaper than current Steam but still above Steam's recorded low; wait for a stronger entry.,3.23,2.92,2.92,3.23,10.616438356164393,,-88.45665824377231,39.39962476547842,0.0,0.0613,2.0,False,5.82,3.23,https://cs2tokens.com/iem-cologne-2026/items/sticker-torzsi-holo-cologne-2026,https://community.akamai.steamstatic.com/economy/image/i0CoZ81Ui0m-9KwlBY1L_18myuGuq1wfhWSaZgMttyVfPaERSR0Wqmu7LAocGJai0ki7VeTHjMmuOXSQ61MnpNWipUruRiLlkYT67itk5_2iZ-o9JKTLXWbGkroltOU6SX_rw08hsWjQyon7dSnCZwUpDMAkE7Nbuxm5jJS5YI1Sx_SN,Sticker | torzsi (Holo) | Cologne 2026,https://steamcommunity.com/market/listings/730/Sticker%20%7C%20torzsi%20%28Holo%29%20%7C%20Cologne%202026,ok
395,50.9,P4,SCORE/WAIT,NRG (Holo),Team,Holo,Team,sticker,,NRG,NRG,1331,13.18,803.85,7.96,UUSkins,True,39.61,"UUSkins around $7.96, 40% below Steam",0,Expensive,Fair,Low,1331.0,426.0,4045.0,124,321.31,64,7.5,0.5555,0.4576,0.4144,0.4482,41.30052592036064,133.96242859677804,0.2619,0.0,1.0,1.0,+134% expected | 0.26 demand | UUSkins 40% below Steam | 80% below high | 403% upside,"lower highs, 2P new low",2P is cheaper than current Steam but still above Steam's recorded low; wait for a stronger entry.,7.96,7.98,7.96,9.73,-0.2506265664160456,-0.043208772870853,-88.69748587630995,39.60546282245827,0.0,0.1987,16.0,True,11.6,7.96,https://cs2tokens.com/iem-cologne-2026/items/sticker-nrg-holo-cologne-2026,https://community.akamai.steamstatic.com/economy/image/i0CoZ81Ui0m-9KwlBY1L_18myuGuq1wfhWSaZgMttyVfPaERSR0Wqmu7LAocGJai0ki7VeTHjMmuOXSQ61MnpNWipVf1RiL5kZrvsydf6av4MPQ6ePaRXmKVlr11s-A-SSjhkxkh5mWBn4ytd3qWPQN1WcZuBbldLjdNwYo,Sticker | NRG (Holo) | Cologne 2026,https://steamcommunity.com/market/listings/730/Sticker%20%7C%20NRG%20%28Holo%29%20%7C%20Cologne%202026,ok
396,50.8,P4,SCORE/WAIT,nitr0 (Holo),Player,Holo,Autograph,sticker,nitr0,NRG,NRG,428,4.24,103.97,1.03,UUSkins,True,75.71,"UUSkins around $1.03, 76% below Steam",0,Expensive,Cheap,Medium,428.0,71.0,1144.0,124,321.31,64,6.05,0.6863,0.4071,0.4201,0.5122,5.574766355140182,334.5990381998004,0.3082,0.0,1.0,1.0,+335% expected | 0.31 demand | UUSkins 76% below Steam | 91% below high | 1000% upside,"lower highs, modest quality score",2P is cheaper than current Steam but still above Steam's recorded low; wait for a stronger entry.,1.03,0.88,0.88,1.03,17.04545454545454,,-46.43901142705289,75.70754716981132,0.0,0.081,2.0,False,1.71,1.03,https://cs2tokens.com/iem-cologne-2026/items/sticker-nitr0-holo-cologne-2026,https://community.akamai.steamstatic.com/economy/image/i0CoZ81Ui0m-9KwlBY1L_18myuGuq1wfhWSaZgMttyVfPaERSR0Wqmu7LAocGJai0ki7VeTHjMmuOXSQ61MnpNWipUruRiL_l4Ly8h1T4P6hJvI6I6bEWzTIl7ogtbBtTXjqkxl25zzXn4yueXuWOwEiW8BzELMK4BCm0oqwiluZLao,Sticker | nitr0 (Holo) | Cologne 2026,https://steamcommunity.com/market/listings/730/Sticker%20%7C%20nitr0%20%28Holo%29%20%7C%20Cologne%202026,ok
397,50.8,P4,SCORE/WAIT,Mercury (Holo),Player,Holo,Autograph,sticker,Mercury,TYLOO,TYLOO,730,7.23,168.62,1.67,UUSkins,True,76.9,"UUSkins around $1.67, 77% below Steam",0,Expensive,Fair,Medium,730.0,90.0,1137.0,124,321.31,64,6.25,0.6513,0.4245,0.4777,0.5002,-10.534246575342465,287.3277827905833,0.5426,0.0,1.0,1.0,+287% expected | 0.54 demand | UUSkins 77% below Steam | 85% below high | 574% upside,"lower highs, 2P new low, modest quality score",2P is cheaper than current Steam but still above Steam's recorded low; wait for a stronger entry.,1.67,1.67,1.67,2.87,0.0,-2.9646324549237257,-87.35208237282926,76.9017980636238,0.0,0.2475,16.0,True,3.75,1.67,https://cs2tokens.com/iem-cologne-2026/items/sticker-mercury-holo-cologne-2026,https://community.akamai.steamstatic.com/economy/image/i0CoZ81Ui0m-9KwlBY1L_18myuGuq1wfhWSaZgMttyVfPaERSR0Wqmu7LAocGJai0ki7VeTHjMmuOXSQ61MnpNWipUruRiL8m4Tj6DBC0PqhZKsjd6iRXGKRlusus7g_TH-1xBtx42ndz4moeC-SOFQiC8d1QOUDs0XrxMqnab2363vFJw,Sticker | Mercury (Holo) | Cologne 2026,https://steamcommunity.com/market/listings/730/Sticker%20%7C%20Mercury%20%28Holo%29%20%7C%20Cologne%202026,ok
398,50.8,P4,SCORE/WAIT,Moseyuh (Holo),Player,Holo,Autograph,sticker,Moseyuh,TYLOO,TYLOO,693,6.86,248.51,2.46,UUSkins,True,64.14,"UUSkins around $2.46, 64% below Steam",0,Expensive,Fair,Low,693.0,102.0,1510.0,124,321.31,64,6.7,0.5895,0.4456,0.4452,0.4666,-4.268398268398277,166.95885686129586,0.3981,0.0,1.0,1.0,+167% expected | 0.40 demand | UUSkins 64% below Steam | 84% below high | 508% upside,"lower highs, modest quality score",2P is cheaper than current Steam but still above Steam's recorded low; wait for a stronger entry.,2.46,2.44,2.22,2.72,0.8196721311475308,-1.4224439775910414,-143.6374549819928,64.1399416909621,0.0,0.2165,16.0,False,3.95,2.46,https://cs2tokens.com/iem-cologne-2026/items/sticker-moseyuh-holo-cologne-2026,https://community.akamai.steamstatic.com/economy/image/i0CoZ81Ui0m-9KwlBY1L_18myuGuq1wfhWSaZgMttyVfPaERSR0Wqmu7LAocGJai0ki7VeTHjMmuOXSQ61MnpNWipUruRiL8kYXl5DdT0PqhZKsjIanLDGLIwrol6edvS3zqwRlw5DzQytegIH6TbwAhXpMhRuRfsEXrxsqnab2rskRPqA,Sticker | Moseyuh (Holo) | Cologne 2026,https://steamcommunity.com/market/listings/730/Sticker%20%7C%20Moseyuh%20%28Holo%29%20%7C%20Cologne%202026,ok
399,50.7,P4,SCORE/WAIT,asap (Holo),Player,Holo,Autograph,sticker,asap,,,1102,10.91,595.95,5.9,UUSkins,True,45.92,"UUSkins around $5.90, 46% below Steam",0,Premium,Expensive,Low,1102.0,286.0,2419.0,124,321.31,64,8.55,0.516,0.496,0.4635,0.4064,31.70689655172414,143.54614260666278,0.6343,0.0795,1.0,1.0,+144% expected | 0.63 demand | UUSkins 46% below Steam | 75% below high | 306% upside,"lower highs, 2P still falling",2P is cheaper than current Steam but still above Steam's recorded low; wait for a stronger entry.,5.9,5.9,5.0,11.83,0.0,-3.614864864864861,-108.37366116926152,45.9211732355637,0.58,0.1507,16.0,False,13.5,5.9,https://cs2tokens.com/iem-cologne-2026/items/sticker-asap-holo-cologne-2026,https://community.akamai.steamstatic.com/economy/image/i0CoZ81Ui0m-9KwlBY1L_18myuGuq1wfhWSaZgMttyVfPaERSR0Wqmu7LAocGJai0ki7VeTHjMmuOXSQ61MnpNWipUruRiLwjZfwwipU4_3gP6U_d_KSDWORlewltrQ4GXjqzBh-5Wvczdaud32faQAhDsB3R-YCsw74zIO7-DdFAQ,Sticker | asap (Holo) | Cologne 2026,https://steamcommunity.com/market/listings/730/Sticker%20%7C%20asap%20%28Holo%29%20%7C%20Cologne%202026,ok
400,50.6,P4,SCORE/WAIT,kl1m (Holo),Player,Holo,Autograph,sticker,kl1m,MIBR,MIBR,499,4.94,68.69,0.68,UUSkins,True,86.23,"UUSkins around $0.68, 86% below Steam",0,Expensive,Very Cheap,Low,499.0,36.0,965.0,124,321.31,66,4.72,0.6772,0.3801,0.397,0.5404,-23.134268537074146,458.40693151007895,0.3101,0.0,1.0,1.0,+458% expected | 0.31 demand | UUSkins 86% below Steam | 93% below high | 1305% upside,"lower highs, modest quality score",2P is cheaper than current Steam but still above Steam's recorded low; wait for a stronger entry.,0.68,0.67,0.67,0.68,1.49253731343284,,-90.80071974808816,86.23481781376519,0.0,0.081,2.0,False,1.39,0.68,https://cs2tokens.com/iem-cologne-2026/items/sticker-kl1m-holo-cologne-2026,https://community.akamai.steamstatic.com/economy/image/i0CoZ81Ui0m-9KwlBY1L_18myuGuq1wfhWSaZgMttyVfPaERSR0Wqmu7LAocGJai0ki7VeTHjMmuOXSQ61MnpNWipUruRiL6ksftwipU4_3gO6E-c6OVWjDDwOx35bJqHH3gxUV_5TmHyIyvdimfZw4kCMd3EeMD5w74zIM9Yq0VBw,Sticker | kl1m (Holo) | Cologne 2026,https://steamcommunity.com/market/listings/730/Sticker%20%7C%20kl1m%20%28Holo%29%20%7C%20Cologne%202026,ok
401,50.3,P4,SCORE/WAIT,s1n (Foil),Player,Foil,Autograph,sticker,s1n,M80,M80,31,0.31,31.0,0.31,Steam,False,0.0,Steam around $0.31,0,Very Cheap,Very Cheap,Low,31.0,22.0,117.0,116,321.31,62,5.25,0.5442,0.3016,0.3914,0.3973,53.32258064516129,53.32258064516129,0.4542,0.0,1.0,1.0,+53% expected | 0.45 demand | 74% below high | 277% upside | -73% vs launch,"lower highs, 2P new low, modest quality score",2P is cheaper than current Steam but still above Steam's recorded low; wait for a stronger entry.,3.23,,3.23,3.23,,,-1368.1818181818182,-941.9354838709678,0.1,0.0252,1.0,True,3.23,,https://cs2tokens.com/iem-cologne-2026/items/sticker-s1n-foil-cologne-2026,https://community.akamai.steamstatic.com/economy/image/i0CoZ81Ui0m-9KwlBY1L_18myuGuq1wfhWSaZgMttyVfPaERSR0Wqmu7LAocGJai0ki7VeTHjMmuOXSQ61MnpNWipUruRiLiz5jf-y1S47z5bPI6JaTAXDKWmLh34uJoSX2wwx8l5mzdmNyseHOROgYnCZVzR-VZrFDmxeLuQZKN,Sticker | s1n (Foil) | Cologne 2026,https://steamcommunity.com/market/listings/730/Sticker%20%7C%20s1n%20%28Foil%29%20%7C%20Cologne%202026,ok
402,50.2,P4,SCORE/WAIT,FlyQuest (Holo),Team,Holo,Team,sticker,,Flyquest,Flyquest,2610,25.84,806.03,7.98,UUSkins,True,69.12,"UUSkins around $7.98, 69% below Steam",0,Premium,Fair,High,2610.0,920.0,7016.0,124,321.31,64,8.9,0.657,0.5218,0.3874,0.4901,42.67164750957855,361.98438241196857,0.3024,0.0,1.0,1.0,+362% expected | 0.30 demand | UUSkins 69% below Steam | 89% below high | 770% upside,"High crowding, lower highs, falling demand, 2P new low","Scored, but edge is not strong enough yet.",7.98,7.98,7.98,11.1,0.0,-0.5543109885691312,12.388107416879777,69.11764705882352,0.0,0.6707,16.0,True,10.3,7.98,https://cs2tokens.com/iem-cologne-2026/items/sticker-flyquest-holo-cologne-2026,https://community.akamai.steamstatic.com/economy/image/i0CoZ81Ui0m-9KwlBY1L_18myuGuq1wfhWSaZgMttyVfPaERSR0Wqmu7LAocGJai0ki7VeTHjMmuOXSQ61MnpNWipV_2fhX-kpmu-SMLv_f5PaI7JqHGWzDBk-ol5OU4Gn3mwE4isTmHntv_c3iVaQ4lWIwwG7DkFEPQng,Sticker | FlyQuest (Holo) | Cologne 2026,https://steamcommunity.com/market/listings/730/Sticker%20%7C%20FlyQuest%20%28Holo%29%20%7C%20Cologne%202026,ok
403,50.1,P4,SCORE/WAIT,phzy (Holo),Player,Holo,Autograph,sticker,phzy,Astralis,Astralis,585,5.79,195.0,1.93,UUSkins,True,66.67,"UUSkins around $1.93, 67% below Steam",0,Expensive,Fair,High,585.0,136.0,1965.0,124,321.31,64,7.4,0.6536,0.4515,0.4142,0.4571,25.69743589743589,277.0923076923077,0.4122,0.0,1.0,1.0,+277% expected | 0.41 demand | UUSkins 67% below Steam | 90% below high | 908% upside,"High crowding, lower highs",2P is cheaper than current Steam but still above Steam's recorded low; wait for a stronger entry.,1.93,1.74,1.74,1.93,10.919540229885062,,-43.38235294117647,66.66666666666667,0.0,0.0789,2.0,False,2.0,1.93,https://cs2tokens.com/iem-cologne-2026/items/sticker-phzy-holo-cologne-2026,https://community.akamai.steamstatic.com/economy/image/i0CoZ81Ui0m-9KwlBY1L_18myuGuq1wfhWSaZgMttyVfPaERSR0Wqmu7LAocGJai0ki7VeTHjMmuOXSQ61MnpNWipUruRiLhloz5wipU4_3gbvRrJfKWXWLFw7citOJqS3_jwE534WnXzo6pcX3FPQQmW5t4F-MC4A74zIPvY7OByg,Sticker | phzy (Holo) | Cologne 2026,https://steamcommunity.com/market/listings/730/Sticker%20%7C%20phzy%20%28Holo%29%20%7C%20Cologne%202026,ok
404,49.9,P4,SCORE/WAIT,lauNX (Holo),Player,Holo,Autograph,sticker,lauNX,,,429,4.25,254.37,2.52,UUSkins,True,40.71,"UUSkins around $2.52, 41% below Steam",0,Expensive,Fair,Low,429.0,128.0,837.0,124,321.31,66,4.9,0.552,0.3635,0.5094,0.4845,27.43822843822845,114.92558367558368,0.5234,0.0,1.0,1.0,+115% expected | 0.52 demand | UUSkins 41% below Steam | 70% below high | 229% upside,"lower highs, 2P new low, modest quality score",2P is cheaper than current Steam but still above Steam's recorded low; wait for a stronger entry.,2.52,2.52,2.52,2.52,0.0,,-98.7279411764706,40.70588235294117,0.0,0.0802,2.0,True,8.16,2.52,https://cs2tokens.com/iem-cologne-2026/items/sticker-launx-holo-cologne-2026,https://community.akamai.steamstatic.com/economy/image/i0CoZ81Ui0m-9KwlBY1L_18myuGuq1wfhWSaZgMttyVfPaERSR0Wqmu7LAocGJai0ki7VeTHjMmuOXSQ61MnpNWipUruRiL9n4Pu5R1T4P6hJvE5c6jBCzbFwOgmtOc-S37hl0p-t2-Awo6vdSqRZwBzDZdzF7VfskKm0oqw1fSGto0,Sticker | lauNX (Holo) | Cologne 2026,https://steamcommunity.com/market/listings/730/Sticker%20%7C%20lauNX%20%28Holo%29%20%7C%20Cologne%202026,ok
405,49.9,P4,SCORE/WAIT,Natus Vincere (Holo),Team,Holo,Team,sticker,,Natus Vincere,Natus Vincere,4112,40.71,1611.06,15.95,UUSkins,True,60.82,"UUSkins around $15.95, 61% below Steam",0,Premium,Expensive,Low,4112.0,1072.0,8970.0,124,321.31,64,8.9,0.5721,0.5367,0.3667,0.4396,17.263618677042803,199.29792578949292,0.3463,0.0,1.0,1.0,+199% expected | 0.35 demand | UUSkins 61% below Steam | 82% below high | 457% upside,lower highs,2P is cheaper than current Steam but still above Steam's recorded low; wait for a stronger entry.,15.95,16.24,14.77,17.6,-1.7857142857142794,0.4929016036549735,-50.28578551604539,60.82043723900762,0.0,0.214,16.0,False,25.0,15.95,https://cs2tokens.com/iem-cologne-2026/items/sticker-natus-vincere-holo-cologne-2026,https://community.akamai.steamstatic.com/economy/image/i0CoZ81Ui0m-9KwlBY1L_18myuGuq1wfhWSaZgMttyVfPaERSR0Wqmu7LAocGJai0ki7VeTHjMmuOXSQ61MnpNWipVfmVxTOlpns8mxevqKrPKVrdPWXXzPHkb8v5ec6F3myxhl_4m3SntmqdS6TPwcnCMMiW6dU5aZkvRN0,Sticker | Natus Vincere (Holo) | Cologne 2026,https://steamcommunity.com/market/listings/730/Sticker%20%7C%20Natus%20Vincere%20%28Holo%29%20%7C%20Cologne%202026,ok
406,49.9,P4,SCORE/WAIT,S1ren (Holo),Player,Holo,Autograph,sticker,S1ren,BetBoom,BetBoom,375,3.71,375.0,3.71,Steam,False,0.0,Steam around $3.71,0,Fair,Fair,Low,375.0,175.0,891.0,124,321.31,66,7.55,0.3921,0.4022,0.5376,0.3132,16.799999999999994,16.799999999999994,0.782,0.0,1.0,1.0,+17% expected | 0.78 demand | 58% below high | 138% upside | -9% vs launch,"lower highs, 2P new low",2P is cheaper than current Steam but still above Steam's recorded low; wait for a stronger entry.,5.17,5.17,5.17,5.18,0.0,-0.0344732487589699,-198.61378513669612,-39.35309973045822,0.0,0.135,16.0,True,7.0,5.17,https://cs2tokens.com/iem-cologne-2026/items/sticker-s1ren-holo-cologne-2026,https://community.akamai.steamstatic.com/economy/image/i0CoZ81Ui0m-9KwlBY1L_18myuGuq1wfhWSaZgMttyVfPaERSR0Wqmu7LAocGJai0ki7VeTHjMmuOXSQ61MnpNWipUruRiLiz4Tl8x1T4P6hJqdseKLCDDPIkuxz6LFsF3G1xk9_4WyHnoz8J3yVPAEgD8chFLYCtUOm0oqwYhOe6X4,Sticker | S1ren (Holo) | Cologne 2026,https://steamcommunity.com/market/listings/730/Sticker%20%7C%20S1ren%20%28Holo%29%20%7C%20Cologne%202026,ok
407,49.8,P4,SCORE/WAIT,EmiliaQAQ (Holo),Player,Holo,Autograph,sticker,EmiliaQAQ,Lynn Vision,Lynn Vision,908,8.99,151.5,1.5,UUSkins,True,83.31,"UUSkins around $1.50, 83% below Steam",0,Expensive,Fair,High,908.0,54.0,1592.0,124,321.31,64,6.9,0.6531,0.4581,0.3633,0.4821,-3.0407488986784137,481.10911160058737,0.5611,0.0918,1.0,1.0,+481% expected | 0.56 demand | UUSkins 83% below Steam | 90% below high | 951% upside,"High crowding, lower highs, 2P new low, modest quality score",2P is cheaper than current Steam but still above Steam's recorded low; wait for a stronger entry.,1.5,1.53,1.5,2.12,-1.9607843137254943,-2.982522796352587,-180.55864540847855,83.31479421579533,0.0,0.2475,14.0,True,5.75,1.5,https://cs2tokens.com/iem-cologne-2026/items/sticker-emiliaqaq-holo-cologne-2026,https://community.akamai.steamstatic.com/economy/image/i0CoZ81Ui0m-9KwlBY1L_18myuGuq1wfhWSaZgMttyVfPaERSR0Wqmu7LAocGJai0ki7VeTHjMmuOXSQ61MnpNWipUruRiL0k5_s9CNK7uORYKthL77FVjXHmL0vsblvHCuxxBh2tj_Vzt38cC_GaVMmDpYjFuUD5xe9wNHvKaq8sC-QvIYV,Sticker | EmiliaQAQ (Holo) | Cologne 2026,https://steamcommunity.com/market/listings/730/Sticker%20%7C%20EmiliaQAQ%20%28Holo%29%20%7C%20Cologne%202026,ok
408,49.8,P4,SCORE/WAIT,C4LLM3SU3 (Holo),Player,Holo,Autograph,sticker,C4LLM3SU3,Lynn Vision,Lynn Vision,1314,13.01,537.32,5.32,UUSkins,True,59.11,"UUSkins around $5.32, 59% below Steam",0,Premium,Expensive,Medium,1314.0,187.0,4111.0,124,321.31,64,6.05,0.602,0.4176,0.5104,0.4579,12.294520547945195,174.61498352044492,0.7006,0.0,1.0,1.0,+175% expected | 0.70 demand | UUSkins 59% below Steam | 87% below high | 665% upside,"lower highs, modest quality score",2P is cheaper than current Steam but still above Steam's recorded low; wait for a stronger entry.,5.32,5.49,4.97,5.49,-3.0965391621129323,1.2311967040337253,-187.33471167797708,59.10837817063796,0.0,0.1997,13.0,False,,5.32,https://cs2tokens.com/iem-cologne-2026/items/sticker-c4llm3su3-holo-cologne-2026,https://community.akamai.steamstatic.com/economy/image/i0CoZ81Ui0m-9KwlBY1L_18myuGuq1wfhWSaZgMttyVfPaERSR0Wqmu7LAocGJai0ki7VeTHjMmuOXSQ61MnpNWipUruRiLyyprs8HFI-qGRYKthL76XDz-SwrYhsuM5Firglhgm4myDzYz9dX2WbwIlDJsiF-8O5BGwwdTuKaq8sMp95PYZ,Sticker | C4LLM3SU3 (Holo) | Cologne 2026,https://steamcommunity.com/market/listings/730/Sticker%20%7C%20C4LLM3SU3%20%28Holo%29%20%7C%20Cologne%202026,ok
409,49.7,P4,SCORE/WAIT,JDC (Holo),Player,Holo,Autograph,sticker,JDC,BIG,BIG,1066,10.55,283.93,2.81,UUSkins,True,73.36,"UUSkins around $2.81, 73% below Steam",0,Premium,Fair,Medium,1066.0,246.0,2025.0,124,321.31,64,5.5,0.6701,0.4095,0.4653,0.558,-10.331144465290809,236.6570910644776,0.3635,0.0,1.0,1.0,+237% expected | 0.36 demand | UUSkins 73% below Steam | 86% below high | 613% upside,"lower highs, 2P new low, modest quality score","Scored, but edge is not strong enough yet.",2.81,2.81,2.8,3.5,0.0,-0.205399061032867,-15.418641390205362,73.36492890995261,0.0,0.5486,14.0,True,5.0,2.81,https://cs2tokens.com/iem-cologne-2026/items/sticker-jdc-holo-cologne-2026,https://community.akamai.steamstatic.com/economy/image/i0CoZ81Ui0m-9KwlBY1L_18myuGuq1wfhWSaZgMttyVfPaERSR0Wqmu7LAocGJai0ki7VeTHjMmuOXSQ61MnpNWipUruRiL7mpXf9S1X4Lz5O_c0dqGWVjTFx-8gtrA_HSjrkEVx4jjRnI77JHufZ1V1W5cmRLIDrFDmxSWBQ28V,Sticker | JDC (Holo) | Cologne 2026,https://steamcommunity.com/market/listings/730/Sticker%20%7C%20JDC%20%28Holo%29%20%7C%20Cologne%202026,ok
410,49.6,P4,SCORE/WAIT,HUASOPEEK (Holo),Player,Holo,Autograph,sticker,HUASOPEEK,9z Team,9z Team,477,4.72,148.56,1.47,UUSkins,True,68.86,"UUSkins around $1.47, 69% below Steam",0,Expensive,Cheap,Low,477.0,108.0,1001.0,124,321.31,66,5.85,0.6436,0.3972,0.3686,0.5161,18.57232704402516,280.7220296923801,0.2414,0.0,1.0,1.0,+281% expected | 0.24 demand | UUSkins 69% below Steam | 85% below high | 574% upside,"lower highs, modest quality score",2P is cheaper than current Steam but still above Steam's recorded low; wait for a stronger entry.,1.47,1.45,1.45,1.47,1.379310344827589,0.3424657534246446,-37.5529661016949,68.85593220338984,0.0,0.1204,3.0,False,2.81,1.47,https://cs2tokens.com/iem-cologne-2026/items/sticker-huasopeek-holo-cologne-2026,https://community.akamai.steamstatic.com/economy/image/i0CoZ81Ui0m-9KwlBY1L_18myuGuq1wfhWSaZgMttyVfPaERSR0Wqmu7LAocGJai0ki7VeTHjMmuOXSQ61MnpNWipUruRiL5i5fz8jJe6vmRYKthL77BDDDEkOwutuQ-SS_kwUxz62vWy934cXyWbw4jDMR2F-IPu0awlYbvKaq8sDFlcxHq,Sticker | HUASOPEEK (Holo) | Cologne 2026,https://steamcommunity.com/market/listings/730/Sticker%20%7C%20HUASOPEEK%20%28Holo%29%20%7C%20Cologne%202026,ok
411,49.3,P4,SCORE/WAIT,npl (Holo),Player,Holo,Autograph,sticker,npl,B8,B8,400,3.96,149.49,1.48,UUSkins,True,62.63,"UUSkins around $1.48, 63% below Steam",0,Fair,Cheap,Low,400.0,81.0,742.0,124,321.31,66,6.3,0.5904,0.405,0.3668,0.4687,-9.677499999999997,141.67371621621626,0.2341,0.0,1.0,1.0,+142% expected | 0.23 demand | UUSkins 63% below Steam | 80% below high | 396% upside,"lower highs, modest quality score",2P is cheaper than current Steam but still above Steam's recorded low; wait for a stronger entry.,1.48,1.18,1.18,1.48,25.42372881355932,,-84.56166604314751,62.62626262626263,0.0,0.0763,2.0,False,1.65,1.48,https://cs2tokens.com/iem-cologne-2026/items/sticker-npl-holo-cologne-2026,https://community.akamai.steamstatic.com/economy/image/i0CoZ81Ui0m-9KwlBY1L_18myuGuq1wfhWSaZgMttyVfPaERSR0Wqmu7LAocGJai0ki7VeTHjMmuOXSQ61MnpNWipUruRiL_jprf9S1X4Lz2bfM7IqWSWGWSk78v6LI-Fy3jzUl2tWvRz97_c3mSP1dyCZojEeVfrFDmxY4nHVsK,Sticker | npl (Holo) | Cologne 2026,https://steamcommunity.com/market/listings/730/Sticker%20%7C%20npl%20%28Holo%29%20%7C%20Cologne%202026,ok
412,49.2,P4,SCORE/WAIT,koala (Holo),Player,Holo,Autograph,sticker,koala,Sharks Esports,Sharks Esports,489,4.84,147.51,1.46,UUSkins,True,69.83,"UUSkins around $1.46, 70% below Steam",0,Expensive,Cheap,Medium,489.0,83.0,740.0,124,321.31,64,5.9,0.6197,0.3962,0.4108,0.502,-19.6482617586912,166.3715158136538,0.3734,0.0,1.0,1.0,+166% expected | 0.37 demand | UUSkins 70% below Steam | 80% below high | 402% upside,"lower highs, modest quality score",2P is cheaper than current Steam but still above Steam's recorded low; wait for a stronger entry.,1.46,1.46,0.89,1.47,0.0,2.494331065759637,-77.72080055760232,69.83471074380165,0.0,0.203,16.0,False,3.32,1.46,https://cs2tokens.com/iem-cologne-2026/items/sticker-koala-holo-cologne-2026,https://community.akamai.steamstatic.com/economy/image/i0CoZ81Ui0m-9KwlBY1L_18myuGuq1wfhWSaZgMttyVfPaERSR0Wqmu7LAocGJai0ki7VeTHjMmuOXSQ61MnpNWipUruRiL6kZfs_B1T4P6hJvJudajACDTBl7Yj4-NvSXyxlxhz62TWwtr8J33BagF0X5omRuFYukSm0oqwBMJv7DU,Sticker | koala (Holo) | Cologne 2026,https://steamcommunity.com/market/listings/730/Sticker%20%7C%20koala%20%28Holo%29%20%7C%20Cologne%202026,ok
413,49.1,P4,SCORE/WAIT,max (Holo),Player,Holo,Autograph,sticker,max,9z Team,9z Team,405,4.01,146.45,1.45,UUSkins,True,63.84,"UUSkins around $1.45, 64% below Steam",0,Expensive,Cheap,Medium,405.0,100.0,1044.0,124,321.31,66,5.3,0.6429,0.3677,0.4047,0.5094,39.35061728395062,285.3765346956151,0.3045,0.0,1.0,1.0,+285% expected | 0.30 demand | UUSkins 64% below Steam | 86% below high | 613% upside,"lower highs, 2P new low, modest quality score",2P is cheaper than current Steam but still above Steam's recorded low; wait for a stronger entry.,1.45,1.45,1.45,1.45,0.0,,-46.44638403990026,63.84039900249376,0.0,0.095,2.0,True,2.2,1.45,https://cs2tokens.com/iem-cologne-2026/items/sticker-max-holo-cologne-2026,https://community.akamai.steamstatic.com/economy/image/i0CoZ81Ui0m-9KwlBY1L_18myuGuq1wfhWSaZgMttyVfPaERSR0Wqmu7LAocGJai0ki7VeTHjMmuOXSQ61MnpNWipUruRiL8n47f9S1X4Lz5Mfc9cqCXWzbExOsu5-drSirnwh5yt2XTzI6odC6VOwZ0DJBzR7IMrFDmxcBk9fK8,Sticker | max (Holo) | Cologne 2026,https://steamcommunity.com/market/listings/730/Sticker%20%7C%20max%20%28Holo%29%20%7C%20Cologne%202026,ok
414,48.8,P4,SCORE/WAIT,jabbi (Holo),Player,Holo,Autograph,sticker,jabbi,Astralis,Astralis,314,3.11,132.26,1.31,CSFloat,True,57.88,"CSFloat around $1.31, 58% below Steam",0,Fair,Cheap,Medium,314.0,81.0,1354.0,124,321.31,64,6.15,0.6323,0.3703,0.4147,0.4477,41.10509554140127,234.98995964409008,0.2768,0.0,1.0,1.0,+235% expected | 0.28 demand | CSFloat 58% below Steam | 90% below high | 924% upside,"lower highs, falling demand, modest quality score",2P is cheaper than current Steam but still above Steam's recorded low; wait for a stronger entry.,1.31,1.03,0.97,1.31,27.184466019417485,17.52577319587627,-63.28847604303126,57.87781350482315,0.0,0.1098,3.0,False,1.31,2.21,https://cs2tokens.com/iem-cologne-2026/items/sticker-jabbi-holo-cologne-2026,https://community.akamai.steamstatic.com/economy/image/i0CoZ81Ui0m-9KwlBY1L_18myuGuq1wfhWSaZgMttyVfPaERSR0Wqmu7LAocGJai0ki7VeTHjMmuOXSQ61MnpNWipUruRiL7n5Ti9B1T4P6hJvZvIqWXDWLGw78n4rg4Gii2kEly4W3VnIytcyiSbw9xDZJ5R-YNshOm0oqwIOHlNMk,Sticker | jabbi (Holo) | Cologne 2026,https://steamcommunity.com/market/listings/730/Sticker%20%7C%20jabbi%20%28Holo%29%20%7C%20Cologne%202026,ok
415,48.7,P4,SCORE/WAIT,gr1ks (Holo),Player,Holo,Autograph,sticker,gr1ks,BIG,BIG,492,4.87,154.57,1.53,UUSkins,True,68.58,"UUSkins around $1.53, 69% below Steam",0,Expensive,Fair,Low,492.0,78.0,672.0,124,321.31,66,4.85,0.6049,0.3632,0.3564,0.5175,-17.117886178861795,163.81431000584513,0.5679,0.0,1.0,1.0,+164% expected | 0.57 demand | UUSkins 69% below Steam | 77% below high | 335% upside,"lower highs, modest quality score",2P is cheaper than current Steam but still above Steam's recorded low; wait for a stronger entry.,1.53,1.54,1.48,1.54,-0.6493506493506551,1.6891891891891904,-98.16774601168852,68.58316221765914,0.0,0.1246,3.0,False,1.92,1.53,https://cs2tokens.com/iem-cologne-2026/items/sticker-gr1ks-holo-cologne-2026,https://community.akamai.steamstatic.com/economy/image/i0CoZ81Ui0m-9KwlBY1L_18myuGuq1wfhWSaZgMttyVfPaERSR0Wqmu7LAocGJai0ki7VeTHjMmuOXSQ61MnpNWipUruRiL2jMfr7h1T4P6hJqA5I6GRW2XAlL114bI-S37gxh92t2XdyY39di-QaQF0W5sjR-QC50Km0oqww0iIPoE,Sticker | gr1ks (Holo) | Cologne 2026,https://steamcommunity.com/market/listings/730/Sticker%20%7C%20gr1ks%20%28Holo%29%20%7C%20Cologne%202026,ok
416,48.7,P4,SCORE/WAIT,Heavygod (Holo),Player,Holo,Autograph,sticker,Heavygod,G2 Esports,G2 Esports,470,4.65,211.25,2.09,UUSkins,True,55.05,"UUSkins around $2.09, 55% below Steam",0,Expensive,Fair,Medium,470.0,162.0,1062.0,124,321.31,64,3.4,0.6343,0.3548,0.4532,0.5033,26.46382978723405,181.36689402422888,0.382,0.0,1.0,1.0,+181% expected | 0.38 demand | UUSkins 55% below Steam | 80% below high | 403% upside,"lower highs, 2P new low, modest quality score",2P is cheaper than current Steam but still above Steam's recorded low; wait for a stronger entry.,2.09,2.15,2.08,2.15,-2.7906976744186074,0.2403846153846079,-30.39957520244256,55.05376344086022,0.0,0.1302,3.0,True,3.49,2.09,https://cs2tokens.com/iem-cologne-2026/items/sticker-heavygod-holo-cologne-2026,https://community.akamai.steamstatic.com/economy/image/i0CoZ81Ui0m-9KwlBY1L_18myuGuq1wfhWSaZgMttyVfPaERSR0Wqmu7LAocGJai0ki7VeTHjMmuOXSQ61MnpNWipUruRiL5m5f25CVU682mZ6hibvKXWzfBxOgltuI9HnnnwE524G2Hwtf6c3yRZwEgApohFLRftEO8l9X5d7S1x61vUE8,Sticker | Heavygod (Holo) | Cologne 2026,https://steamcommunity.com/market/listings/730/Sticker%20%7C%20Heavygod%20%28Holo%29%20%7C%20Cologne%202026,ok
417,48.5,P4,SCORE/WAIT,doc (Holo),Player,Holo,Autograph,sticker,doc,Sharks Esports,Sharks Esports,317,3.14,261.47,2.59,UUSkins,True,17.52,"UUSkins around $2.59, 18% below Steam",0,Fair,Fair,Medium,317.0,129.0,1626.0,124,321.31,64,5.95,0.5555,0.3528,0.4854,0.3898,52.54258675078864,84.93580015346576,0.3927,0.0,1.0,1.0,+85% expected | 0.39 demand | UUSkins 18% below Steam | 84% below high | 522% upside,"lower highs, modest quality score",2P is cheaper than current Steam but still above Steam's recorded low; wait for a stronger entry.,2.59,2.59,2.18,2.8,0.0,-1.3392857142857153,-102.69342813410354,17.51592356687899,0.0,0.1334,14.0,False,3.0,2.59,https://cs2tokens.com/iem-cologne-2026/items/sticker-doc-holo-cologne-2026,https://community.akamai.steamstatic.com/economy/image/i0CoZ81Ui0m-9KwlBY1L_18myuGuq1wfhWSaZgMttyVfPaERSR0Wqmu7LAocGJai0ki7VeTHjMmuOXSQ61MnpNWipUruRiL1kZXf9S1X4Lz7bKE8cfXAXTHJlu0k6OVoFy3kwBwm6m-Bw4qoIi-UaQUoA8Z4F-YOrFDmxVaNwRLy,Sticker | doc (Holo) | Cologne 2026,https://steamcommunity.com/market/listings/730/Sticker%20%7C%20doc%20%28Holo%29%20%7C%20Cologne%202026,ok
418,48.3,P4,SCORE/WAIT,donk (Holo),Player,Holo,Autograph,sticker,donk,Team Spirit,Team Spirit,8183,81.01,3035.42,30.05,UUSkins,True,62.91,"UUSkins around $30.05, 63% below Steam",0,Premium,Premium,Medium,8183.0,3102.0,18511.0,124,321.31,64,8.65,0.6222,0.5214,0.4241,0.4491,14.938408896492716,209.85559083876456,0.2614,0.0,1.0,1.0,+210% expected | 0.26 demand | UUSkins 63% below Steam | 84% below high | 510% upside,lower highs,"Scored, but edge is not strong enough yet.",30.05,30.12,27.31,34.01,-0.2324037184594951,-0.520418209948903,2.146446407464895,62.90581409702506,0.0,0.5052,16.0,False,130.33,30.05,https://cs2tokens.com/iem-cologne-2026/items/sticker-donk-holo-cologne-2026,https://community.akamai.steamstatic.com/economy/image/i0CoZ81Ui0m-9KwlBY1L_18myuGuq1wfhWSaZgMttyVfPaERSR0Wqmu7LAocGJai0ki7VeTHjMmuOXSQ61MnpNWipUruRiL1kZjrwipU4_3gPfFuJKiXWGaUwLon5bZsHSywwBxxsm2GyN2sc3uQOg4oA5olR-BYtQ74zIPoQc4Ldg,Sticker | donk (Holo) | Cologne 2026,https://steamcommunity.com/market/listings/730/Sticker%20%7C%20donk%20%28Holo%29%20%7C%20Cologne%202026,ok
419,48.2,P4,SCORE/WAIT,koala (Foil),Player,Foil,Autograph,sticker,koala,Sharks Esports,Sharks Esports,51,0.5,51.0,0.5,Steam,False,0.0,Steam around $0.50,0,Very Cheap,Very Cheap,High,51.0,45.0,524.0,116,321.31,62,6.5,0.6042,0.3261,0.5247,0.3172,69.29411764705884,69.29411764705884,0.1803,0.0,1.0,1.0,+69% expected | 0.18 demand | 90% below high | 927% upside | -54% vs launch,"High crowding, lower highs, 2P new low, modest quality score",2P is cheaper than current Steam but still above Steam's recorded low; wait for a stronger entry.,2.91,,2.91,2.91,,,-559.6,-482.0,0.1,0.0252,1.0,True,2.91,,https://cs2tokens.com/iem-cologne-2026/items/sticker-koala-foil-cologne-2026,https://community.akamai.steamstatic.com/economy/image/i0CoZ81Ui0m-9KwlBY1L_18myuGuq1wfhWSaZgMttyVfPaERSR0Wqmu7LAocGJai0ki7VeTHjMmuOXSQ61MnpNWipUruRiL6kZfs_B1d4PuiJvJrIaHBWmaTkOoi5LY4GCjhlhl_5TzTzN-sJ3KQb1RxWZQmEOcIsxam0oqwaKJsRuM,Sticker | koala (Foil) | Cologne 2026,https://steamcommunity.com/market/listings/730/Sticker%20%7C%20koala%20%28Foil%29%20%7C%20Cologne%202026,ok
420,47.8,P4,SCORE/WAIT,YEKINDAR (Holo),Player,Holo,Autograph,sticker,YEKINDAR,FURIA,FURIA,673,6.66,269.81,2.67,UUSkins,True,59.91,"UUSkins around $2.67, 60% below Steam",0,Expensive,Fair,High,673.0,98.0,1498.0,124,321.31,64,5.75,0.5894,0.3716,0.5217,0.4167,7.274888558692427,167.58455348348002,0.6272,0.0,1.0,1.0,+168% expected | 0.63 demand | UUSkins 60% below Steam | 82% below high | 455% upside,"High crowding, lower highs, 2P new low, modest quality score",2P is cheaper than current Steam but still above Steam's recorded low; wait for a stronger entry.,2.67,,2.67,2.67,,,-175.31255745541458,59.90990990990991,0.1,0.0445,1.0,True,3.37,2.67,https://cs2tokens.com/iem-cologne-2026/items/sticker-yekindar-holo-cologne-2026,https://community.akamai.steamstatic.com/economy/image/i0CoZ81Ui0m-9KwlBY1L_18myuGuq1wfhWSaZgMttyVfPaERSR0Wqmu7LAocGJai0ki7VeTHjMmuOXSQ61MnpNWipUruRiLom53p8yZa_c2mZ6hibvKQDGTBw78m5-BvHCrrxUhw4WqEw42rcniWalckCZR4EbEIshCwldz5d7S1bjes5Gc,Sticker | YEKINDAR (Holo) | Cologne 2026,https://steamcommunity.com/market/listings/730/Sticker%20%7C%20YEKINDAR%20%28Holo%29%20%7C%20Cologne%202026,ok
421,47.6,P4,SCORE/WAIT,KSCERATO (Holo),Player,Holo,Autograph,sticker,KSCERATO,FURIA,FURIA,922,9.13,458.48,4.54,CSFloat,True,50.27,"CSFloat around $4.54, 50% below Steam",0,Expensive,Expensive,Low,922.0,246.0,1739.0,124,321.31,64,6.5,0.5179,0.4094,0.4549,0.4095,-3.4023861171366576,94.25907813888598,0.5442,0.0,1.0,1.0,+94% expected | 0.54 demand | CSFloat 50% below Steam | 74% below high | 279% upside,"lower highs, modest quality score",2P is cheaper than current Steam but still above Steam's recorded low; wait for a stronger entry.,4.54,3.12,3.12,4.54,45.5128205128205,,-86.37209592249265,50.2738225629792,0.0,0.0683,2.0,False,4.54,5.62,https://cs2tokens.com/iem-cologne-2026/items/sticker-kscerato-holo-cologne-2026,https://community.akamai.steamstatic.com/economy/image/i0CoZ81Ui0m-9KwlBY1L_18myuGuq1wfhWSaZgMttyVfPaERSR0Wqmu7LAocGJai0ki7VeTHjMmuOXSQ61MnpNWipUruRiL6jZXl7yNP4M2mZ6hibqPKC2GUlOxzsec5GSzglEsi6j7Vw9mgdn3GOwV0W8AjEOUNsEGxx4f5d7S1smZnBRE,Sticker | KSCERATO (Holo) | Cologne 2026,https://steamcommunity.com/market/listings/730/Sticker%20%7C%20KSCERATO%20%28Holo%29%20%7C%20Cologne%202026,ok
422,47.6,P4,SCORE/WAIT,Staehr (Holo),Player,Holo,Autograph,sticker,Staehr,Astralis,Astralis,517,5.12,241.33,2.39,CSFloat,True,53.32,"CSFloat around $2.39, 53% below Steam",0,Expensive,Fair,Medium,517.0,110.0,957.0,124,321.31,64,6.2,0.5385,0.3657,0.5573,0.386,-17.81431334622824,76.06306094866586,0.6468,0.0,1.0,1.0,+76% expected | 0.65 demand | CSFloat 53% below Steam | 75% below high | 297% upside,"lower highs, modest quality score",2P is cheaper than current Steam but still above Steam's recorded low; wait for a stronger entry.,2.39,1.69,1.69,2.39,41.42011834319528,,-119.39453125,53.3203125,0.0,0.0703,2.0,False,2.39,2.67,https://cs2tokens.com/iem-cologne-2026/items/sticker-staehr-holo-cologne-2026,https://community.akamai.steamstatic.com/economy/image/i0CoZ81Ui0m-9KwlBY1L_18myuGuq1wfhWSaZgMttyVfPaERSR0Wqmu7LAocGJai0ki7VeTHjMmuOXSQ61MnpNWipUruRiLiipfl9TBk5_2iZ-o8daKWDzTCmOh0trY9Tn61wEh25GTXzY6sdXiUZwV1D5IjELZftBjujJS5YJ6QbBYM,Sticker | Staehr (Holo) | Cologne 2026,https://steamcommunity.com/market/listings/730/Sticker%20%7C%20Staehr%20%28Holo%29%20%7C%20Cologne%202026,ok
423,47.1,P4,SCORE/WAIT,ropz (Holo),Player,Holo,Autograph,sticker,ropz,Vitality,Vitality,3487,34.52,2237.46,22.15,UUSkins,True,35.83,"UUSkins around $22.15, 36% below Steam",0,Premium,Premium,Low,3487.0,1842.0,6843.0,124,321.31,64,8.55,0.491,0.4852,0.3734,0.3889,12.2079151132779,74.87210969346967,0.4891,0.0004,1.0,1.0,+75% expected | 0.49 demand | UUSkins 36% below Steam | 67% below high | 206% upside,lower highs,2P is cheaper than current Steam but still above Steam's recorded low; wait for a stronger entry.,22.15,22.15,20.52,24.7,0.0,-1.0735818875353773,-21.46894654533146,35.834298957126315,0.0,0.175,14.0,False,130.33,22.15,https://cs2tokens.com/iem-cologne-2026/items/sticker-ropz-holo-cologne-2026,https://community.akamai.steamstatic.com/economy/image/i0CoZ81Ui0m-9KwlBY1L_18myuGuq1wfhWSaZgMttyVfPaERSR0Wqmu7LAocGJai0ki7VeTHjMmuOXSQ61MnpNWipUruRiLjkYb6wipU4_3gOPc4dKeVXGPDkuwms-BvTCq2kEkk6j_WnNqpcHPBbgFxX5ZzRe4KtA74zIPUFzOQ4w,Sticker | ropz (Holo) | Cologne 2026,https://steamcommunity.com/market/listings/730/Sticker%20%7C%20ropz%20%28Holo%29%20%7C%20Cologne%202026,ok
424,46.7,P4,SCORE/WAIT,IEM (Holo),Player,Holo,Event,sticker,,,,3343,33.1,1188.73,11.77,UUSkins,True,64.44,"UUSkins around $11.77, 64% below Steam",0,Premium,Premium,Low,3343.0,909.0,6706.0,124,321.31,64,8.15,0.5805,0.4804,0.387,0.4212,16.59138498354771,227.88231460963715,0.3605,0.0,1.0,1.0,+228% expected | 0.36 demand | UUSkins 64% below Steam | 82% below high | 464% upside,lower highs,2P is cheaper than current Steam but still above Steam's recorded low; wait for a stronger entry.,11.77,11.77,6.66,11.8,0.0,2.2338665195807983,-30.773865906228064,64.44108761329306,0.0,0.1938,16.0,False,24.25,11.77,https://cs2tokens.com/iem-cologne-2026/items/sticker-iem-holo-cologne-2026,https://community.akamai.steamstatic.com/economy/image/i0CoZ81Ui0m-9KwlBY1L_18myuGuq1wfhWSaZgMttyVfPaERSR0Wqmu7LAocGJai0ki7VeTHjMmuOXSQ61MnpNWipVDiTCL5kZrvs3QIvqOoOP1rc6LLVz_FwO0g4Lc7HC2wxRhzsj_QyNqhIH6eb1AhX8NuBbldjH_N18U,Sticker | IEM (Holo) | Cologne 2026,https://steamcommunity.com/market/listings/730/Sticker%20%7C%20IEM%20%28Holo%29%20%7C%20Cologne%202026,ok
425,46.1,P4,SCORE/WAIT,THUNDERdOWNUNDER (Holo),Team,Holo,Team,sticker,,,,7158,70.86,2303.17,22.8,UUSkins,True,67.82,"UUSkins around $22.80, 68% below Steam",0,Premium,Expensive,High,7158.0,1361.0,21354.0,124,321.31,64,9.65,0.567,0.5201,0.3988,0.3452,39.652835987706055,334.0263139512654,0.3292,0.0,1.0,1.0,+334% expected | 0.33 demand | UUSkins 68% below Steam | 89% below high | 827% upside,"High crowding, lower highs, 2P new low",2P is cheaper than current Steam but still above Steam's recorded low; wait for a stronger entry.,22.8,22.8,22.8,27.73,0.0,-0.3224524726450286,-69.22606963923648,67.82387806943268,0.0,0.244,23.0,True,,22.8,https://cs2tokens.com/iem-cologne-2026/items/sticker-thunderdownunder-holo-cologne-2026,https://community.akamai.steamstatic.com/economy/image/i0CoZ81Ui0m-9KwlBY1L_18myuGuq1wfhWSaZgMttyVfPaERSR0Wqmu7LAocGJai0ki7VeTHjMmuOXSQ61MnpNWipU3vVBPOlpns8mwO66f7bfM8IvPBCmPBkbYv5rg6SS3ql0l34WqDn96qeHnDOANzX8ckW6dU5QWzvqkh,Sticker | THUNDERdOWNUNDER (Holo) | Cologne 2026,https://steamcommunity.com/market/listings/730/Sticker%20%7C%20THUNDERdOWNUNDER%20%28Holo%29%20%7C%20Cologne%202026,ok
426,45.9,P4,SCORE/WAIT,tN1R (Holo),Player,Holo,Autograph,sticker,tN1R,Team Spirit,Team Spirit,1053,10.42,553.79,5.48,UUSkins,True,47.41,"UUSkins around $5.48, 47% below Steam",0,Premium,Expensive,Low,1053.0,364.0,2211.0,124,321.31,64,5.75,0.5534,0.3753,0.4592,0.4255,-3.807217473884139,82.90671421936626,0.7228,0.1054,1.0,1.0,+83% expected | 0.72 demand | UUSkins 47% below Steam | 75% below high | 299% upside,"lower highs, 2P new low, modest quality score",2P is cheaper than current Steam but still above Steam's recorded low; wait for a stronger entry.,5.48,5.7,5.48,5.7,-3.8596491228070176,,-52.13874417329314,47.4088291746641,0.0,0.0845,2.0,True,36.0,5.48,https://cs2tokens.com/iem-cologne-2026/items/sticker-tn1r-holo-cologne-2026,https://community.akamai.steamstatic.com/economy/image/i0CoZ81Ui0m-9KwlBY1L_18myuGuq1wfhWSaZgMttyVfPaERSR0Wqmu7LAocGJai0ki7VeTHjMmuOXSQ61MnpNWipUruRiLlkMfywipU4_3gbfVpd6aRCGXFmegj5uc_GCjrxE9xsG3dm9b4JXKXZgFyWZMiQeZZsQ74zINkzeE2CQ,Sticker | tN1R (Holo) | Cologne 2026,https://steamcommunity.com/market/listings/730/Sticker%20%7C%20tN1R%20%28Holo%29%20%7C%20Cologne%202026,ok
427,45.8,P4,SCORE/WAIT,gafolo (Foil),Player,Foil,Autograph,sticker,gafolo,Sharks Esports,Sharks Esports,35,0.35,35.0,0.35,Steam,False,0.0,Steam around $0.35,0,Very Cheap,Very Cheap,Medium,35.0,27.0,116.0,116,321.31,62,6.5,0.5143,0.3081,0.3987,0.3148,57.08571428571428,57.08571428571428,0.2297,0.0,1.0,1.0,+57% expected | 0.23 demand | 70% below high | 231% upside | -66% vs launch,"lower highs, 2P new low, modest quality score",2P is cheaper than current Steam but still above Steam's recorded low; wait for a stronger entry.,0.63,,0.63,0.63,,,-133.33333333333331,-80.00000000000001,0.1,0.0252,1.0,True,,,https://cs2tokens.com/iem-cologne-2026/items/sticker-gafolo-foil-cologne-2026,https://community.akamai.steamstatic.com/economy/image/i0CoZ81Ui0m-9KwlBY1L_18myuGuq1wfhWSaZgMttyVfPaERSR0Wqmu7LAocGJai0ki7VeTHjMmuOXSQ61MnpNWipUruRiL2n5Dv8S1k6f2nZOpudaeSXT7BkrcksrNsHyrlwkl_6m7Rnov6diqROAEhXMNzFrEPtBi9jJS5YPx5Fd-E,Sticker | gafolo (Foil) | Cologne 2026,https://steamcommunity.com/market/listings/730/Sticker%20%7C%20gafolo%20%28Foil%29%20%7C%20Cologne%202026,ok
428,45.6,P4,SCORE/WAIT,xiELO (Foil),Player,Foil,Autograph,sticker,xiELO,PARIVISION,PARIVISION,30,0.3,30.0,0.3,Steam,False,0.0,Steam around $0.30,0,Very Cheap,Very Cheap,Medium,30.0,18.0,161.0,116,321.31,62,5.4,0.5454,0.2759,0.3962,0.3348,67.36666666666666,67.36666666666666,0.1773,0.0,1.0,1.0,+67% expected | 0.18 demand | 81% below high | 437% upside | -81% vs launch,"lower highs, 2P new low, modest quality score",2P is cheaper than current Steam but still above Steam's recorded low; wait for a stronger entry.,0.52,,0.52,0.52,,,-188.8888888888889,-73.33333333333336,0.1,0.0252,1.0,True,,,https://cs2tokens.com/iem-cologne-2026/items/sticker-xielo-foil-cologne-2026,https://community.akamai.steamstatic.com/economy/image/i0CoZ81Ui0m-9KwlBY1L_18myuGuq1wfhWSaZgMttyVfPaERSR0Wqmu7LAocGJai0ki7VeTHjMmuOXSQ61MnpNWipUruRiLpl5Ps8h1d4PuiJv0_JvWQCjTJlbp04LltFy3hlEUjsmzSzYv6I36XalB1DJB2RucDuhCm0oqwoOas0n0,Sticker | xiELO (Foil) | Cologne 2026,https://steamcommunity.com/market/listings/730/Sticker%20%7C%20xiELO%20%28Foil%29%20%7C%20Cologne%202026,ok
429,45.4,P4,SCORE/WAIT,JamYoung (Holo),Player,Holo,Autograph,sticker,JamYoung,TYLOO,TYLOO,2138,21.17,625.14,6.19,UUSkins,True,70.76,"UUSkins around $6.19, 71% below Steam",0,Premium,Expensive,High,2138.0,456.0,5227.0,124,321.31,64,6.9,0.6268,0.4142,0.5258,0.4094,-8.40271281571563,213.2656816948789,0.4098,0.0,1.0,1.0,+213% expected | 0.41 demand | UUSkins 71% below Steam | 88% below high | 736% upside,"High crowding, lower highs, modest quality score",2P is cheaper than current Steam but still above Steam's recorded low; wait for a stronger entry.,6.19,6.18,4.43,6.65,0.1618122977346425,4.726969794689877,-37.0921694884353,70.76051015588097,0.0,0.2118,14.0,False,7.09,6.19,https://cs2tokens.com/iem-cologne-2026/items/sticker-jamyoung-holo-cologne-2026,https://community.akamai.steamstatic.com/economy/image/i0CoZ81Ui0m-9KwlBY1L_18myuGuq1wfhWSaZgMttyVfPaERSR0Wqmu7LAocGJai0ki7VeTHjMmuOXSQ61MnpNWipUruRiL7n5v58jdV6M2mZ6hibqmRCDaUx-0gsrNrHH7jxEhz5WnQyI6vI3iUOgVzDZUmEbJfsUS5ldb5d7S11I0N95E,Sticker | JamYoung (Holo) | Cologne 2026,https://steamcommunity.com/market/listings/730/Sticker%20%7C%20JamYoung%20%28Holo%29%20%7C%20Cologne%202026,ok
430,45.1,P4,SCORE/WAIT,Lake (Foil),Player,Foil,Autograph,sticker,Lake,M80,M80,36,0.36,36.0,0.36,Steam,False,0.0,Steam around $0.36,0,Very Cheap,Very Cheap,Medium,36.0,20.0,125.0,116,321.31,62,5.25,0.4909,0.2526,0.423,0.299,41.80555555555554,41.80555555555554,0.4988,0.0,1.0,1.0,+42% expected | 0.50 demand | 71% below high | 247% upside | -71% vs launch,"lower highs, 2P new low, modest quality score",2P is cheaper than current Steam but still above Steam's recorded low; wait for a stronger entry.,4.79,,4.79,4.79,,,-2295.0,-1230.5555555555554,0.1,0.0252,1.0,True,4.79,,https://cs2tokens.com/iem-cologne-2026/items/sticker-lake-foil-cologne-2026,https://raw.githubusercontent.com/ByMykel/counter-strike-image-tracker/main/static/panorama/images/econ/stickers/cologne2026/sig_lake_foil_png.png,Sticker | Lake (Foil) | Cologne 2026,https://steamcommunity.com/market/listings/730/Sticker%20%7C%20Lake%20%28Foil%29%20%7C%20Cologne%202026,ok
431,44.8,P4,SCORE/WAIT,ZywOo (Holo),Player,Holo,Autograph,sticker,ZywOo,Vitality,Vitality,5140,50.89,2206.9,21.85,UUSkins,True,57.06,"UUSkins around $21.85, 57% below Steam",0,Premium,Premium,Medium,5140.0,1362.0,11820.0,124,321.31,64,8.0,0.5518,0.4651,0.3973,0.3835,9.916731517509737,156.0028588982183,0.3489,0.0,1.0,1.0,+156% expected | 0.35 demand | UUSkins 57% below Steam | 81% below high | 436% upside,"lower highs, 2P new low",2P is cheaper than current Steam but still above Steam's recorded low; wait for a stronger entry.,21.85,21.85,21.85,24.4,0.0,-1.256893289860325,-62.03357043451815,57.06425623894674,0.0,0.2267,14.0,True,30.0,21.85,https://cs2tokens.com/iem-cologne-2026/items/sticker-zywoo-holo-cologne-2026,https://community.akamai.steamstatic.com/economy/image/i0CoZ81Ui0m-9KwlBY1L_18myuGuq1wfhWSaZgMttyVfPaERSR0Wqmu7LAocGJai0ki7VeTHjMmuOXSQ61MnpNWipUruRiLrh4Hv8h1T4P6hJvE1eKLEWmHAmLhz47M9Sy_qxUgj5T7cy4n4InqTO1InWZN2Q-9Z50Sm0oqw2BNfKHQ,Sticker | ZywOo (Holo) | Cologne 2026,https://steamcommunity.com/market/listings/730/Sticker%20%7C%20ZywOo%20%28Holo%29%20%7C%20Cologne%202026,ok
432,44.3,P4,SCORE/WAIT,iM (Holo),Player,Holo,Autograph,sticker,iM,Natus Vincere,Natus Vincere,930,9.21,532.15,5.27,UUSkins,True,42.78,"UUSkins around $5.27, 43% below Steam",0,Expensive,Expensive,Low,930.0,344.0,1689.0,124,321.31,64,7.35,0.489,0.407,0.37,0.3655,3.698924731182784,81.2271530880823,0.4828,0.0,1.0,1.0,+81% expected | 0.48 demand | UUSkins 43% below Steam | 68% below high | 217% upside,lower highs,2P is cheaper than current Steam but still above Steam's recorded low; wait for a stronger entry.,5.27,5.27,4.3,5.27,0.0,11.279069767441854,-54.694720096962335,42.77958740499458,0.0,0.0953,3.0,False,16.93,5.27,https://cs2tokens.com/iem-cologne-2026/items/sticker-im-holo-cologne-2026,https://community.akamai.steamstatic.com/economy/image/i0CoZ81Ui0m-9KwlBY1L_18myuGuq1wfhWSaZgMttyVfPaERSR0Wqmu7LAocGJai0ki7VeTHjMmuOXSQ61MnpNWipUruRiL4k6no8i5UoaX9PKU9dqaSDTHJw7km5bJoSnvjlx5y6zuHydypc3uTa1MmXpIiTO4U8k7viObgfFE,Sticker | iM (Holo) | Cologne 2026,https://steamcommunity.com/market/listings/730/Sticker%20%7C%20iM%20%28Holo%29%20%7C%20Cologne%202026,ok
433,43.9,P4,SCORE/WAIT,b1t (Holo),Player,Holo,Autograph,sticker,b1t,Natus Vincere,Natus Vincere,1061,10.5,671.97,6.65,UUSkins,True,36.67,"UUSkins around $6.65, 37% below Steam",0,Premium,Expensive,Low,1061.0,458.0,1992.0,124,321.31,64,7.55,0.4751,0.3926,0.4392,0.3454,14.556079170593785,80.87801974304281,0.6957,0.2431,1.0,1.0,+81% expected | 0.70 demand | UUSkins 37% below Steam | 66% below high | 196% upside,"lower highs, 2P still falling",2P is cheaper than current Steam but still above Steam's recorded low; wait for a stronger entry.,6.65,7.24,4.99,7.95,-8.149171270718226,5.23046092184368,-46.71761280931588,36.66666666666666,0.58,0.1165,5.0,False,7.69,6.65,https://cs2tokens.com/iem-cologne-2026/items/sticker-b1t-holo-cologne-2026,https://community.akamai.steamstatic.com/economy/image/i0CoZ81Ui0m-9KwlBY1L_18myuGuq1wfhWSaZgMttyVfPaERSR0Wqmu7LAocGJai0ki7VeTHjMmuOXSQ61MnpNWipUruRiLzz4Lf9S1X4LytP_M7eKaQWTKRmeog5rM8SirlkUtw5m2EmIuoJyrEblMpC5p1Te4JrFDmxWDSbx_4,Sticker | b1t (Holo) | Cologne 2026,https://steamcommunity.com/market/listings/730/Sticker%20%7C%20b1t%20%28Holo%29%20%7C%20Cologne%202026,ok
434,43.7,P4,SCORE/WAIT,Jame (Holo),Player,Holo,Autograph,sticker,Jame,PARIVISION,PARIVISION,1131,11.2,416.05,4.12,UUSkins,True,63.21,"UUSkins around $4.12, 63% below Steam",0,Premium,Expensive,Medium,1131.0,379.0,2292.0,124,321.31,64,6.45,0.6032,0.3851,0.3475,0.4643,3.5287356321839214,181.4373395826359,0.301,0.0,1.0,1.0,+181% expected | 0.30 demand | UUSkins 63% below Steam | 82% below high | 451% upside,"lower highs, modest quality score","Scored, but edge is not strong enough yet.",4.12,4.12,3.7,5.46,0.0,-1.034612490594436,-9.774783264229178,63.21428571428571,0.0,0.5019,14.0,False,5.82,4.12,https://cs2tokens.com/iem-cologne-2026/items/sticker-jame-holo-cologne-2026,https://community.akamai.steamstatic.com/economy/image/i0CoZ81Ui0m-9KwlBY1L_18myuGuq1wfhWSaZgMttyVfPaERSR0Wqmu7LAocGJai0ki7VeTHjMmuOXSQ61MnpNWipUruRiL7n5vlwipU4_3gPPY8I6XGVmPHxbcg4eJqTirkxklytTzQmdapI3vGaVcmX8FxQO9esg74zINvwc_qXw,Sticker | Jame (Holo) | Cologne 2026,https://steamcommunity.com/market/listings/730/Sticker%20%7C%20Jame%20%28Holo%29%20%7C%20Cologne%202026,ok
435,43.7,P4,SCORE/WAIT,zont1x (Holo),Player,Holo,Autograph,sticker,zont1x,Team Spirit,Team Spirit,1018,10.08,444.37,4.4,UUSkins,True,56.35,"UUSkins around $4.40, 56% below Steam",0,Premium,Expensive,Medium,1018.0,115.0,2271.0,124,321.31,64,5.6,0.556,0.3633,0.4583,0.3933,2.4400785854616918,134.68090730487586,0.7177,0.1393,1.0,1.0,+135% expected | 0.72 demand | UUSkins 56% below Steam | 80% below high | 411% upside,"lower highs, 2P new low, modest quality score",2P is cheaper than current Steam but still above Steam's recorded low; wait for a stronger entry.,4.4,,4.4,4.4,,,-286.4044168391995,56.34920634920635,0.1,0.0433,1.0,True,4.85,4.4,https://cs2tokens.com/iem-cologne-2026/items/sticker-zont1x-holo-cologne-2026,https://community.akamai.steamstatic.com/economy/image/i0CoZ81Ui0m-9KwlBY1L_18myuGuq1wfhWSaZgMttyVfPaERSR0Wqmu7LAocGJai0ki7VeTHjMmuOXSQ61MnpNWipUruRiLrkZj0rDpk5_2iZ-prdKDBXzWVkrpytbE8TnrhlkoitWSHyov7InqQalJxC8YmQ-4D4BLujJS5YA45KiaU,Sticker | zont1x (Holo) | Cologne 2026,https://steamcommunity.com/market/listings/730/Sticker%20%7C%20zont1x%20%28Holo%29%20%7C%20Cologne%202026,ok
436,43.3,P4,SCORE/WAIT,sh1ro (Holo),Player,Holo,Autograph,sticker,sh1ro,Team Spirit,Team Spirit,1002,9.92,517.16,5.12,UUSkins,True,48.39,"UUSkins around $5.12, 48% below Steam",0,Premium,Expensive,Medium,1002.0,298.0,2736.0,124,321.31,64,5.75,0.5663,0.3636,0.4312,0.4142,21.91516966067864,136.2106412175648,0.4095,0.0,1.0,1.0,+136% expected | 0.41 demand | UUSkins 48% below Steam | 81% below high | 429% upside,"lower highs, modest quality score",2P is cheaper than current Steam but still above Steam's recorded low; wait for a stronger entry.,5.12,3.49,3.49,5.12,46.70487106017192,,-73.54405715522844,48.38709677419354,0.0,0.0671,2.0,False,10.46,5.12,https://cs2tokens.com/iem-cologne-2026/items/sticker-sh1ro-holo-cologne-2026,https://community.akamai.steamstatic.com/economy/image/i0CoZ81Ui0m-9KwlBY1L_18myuGuq1wfhWSaZgMttyVfPaERSR0Wqmu7LAocGJai0ki7VeTHjMmuOXSQ61MnpNWipUruRiLilsfy8h1T4P6hJqc9c6aQWmWTmLhw5-RoGXHjxkt_4W7Rnor8c3vGblchXsd0RrEMskGm0oqwS4xNpM8,Sticker | sh1ro (Holo) | Cologne 2026,https://steamcommunity.com/market/listings/730/Sticker%20%7C%20sh1ro%20%28Holo%29%20%7C%20Cologne%202026,ok
437,43.3,P4,SCORE/WAIT,molodoy (Holo),Player,Holo,Autograph,sticker,molodoy,FURIA,FURIA,1781,17.63,745.53,7.38,UUSkins,True,58.14,"UUSkins around $7.38, 58% below Steam",0,Premium,Expensive,Medium,1781.0,537.0,4721.0,124,321.31,64,7.1,0.5799,0.4075,0.4359,0.3834,13.456485120718709,171.03493667727244,0.2832,0.0,1.0,1.0,+171% expected | 0.28 demand | UUSkins 58% below Steam | 84% below high | 533% upside,"lower highs, modest quality score",2P is cheaper than current Steam but still above Steam's recorded low; wait for a stronger entry.,7.38,6.72,6.72,7.38,9.82142857142858,,-38.83331167987529,58.13953488372093,0.0,0.0734,2.0,False,7.95,7.38,https://cs2tokens.com/iem-cologne-2026/items/sticker-molodoy-holo-cologne-2026,https://community.akamai.steamstatic.com/economy/image/i0CoZ81Ui0m-9KwlBY1L_18myuGuq1wfhWSaZgMttyVfPaERSR0Wqmu7LAocGJai0ki7VeTHjMmuOXSQ61MnpNWipUruRiL8kZrv-S1C0PqhZKsjcabAVmOSl-ty5bNvTi3ilEp36mrSzo2oJXKQPQUnW5pwQrNe5kW7msqnab2uTKpsiA,Sticker | molodoy (Holo) | Cologne 2026,https://steamcommunity.com/market/listings/730/Sticker%20%7C%20molodoy%20%28Holo%29%20%7C%20Cologne%202026,ok
438,43.0,P4,SCORE/WAIT,stressarN (Holo),Player,Holo,Autograph,sticker,stressarN,,,343,3.4,343.0,3.4,Steam,False,0.0,Steam around $3.40,0,Fair,Fair,Low,343.0,137.0,882.0,124,321.31,66,4.7,0.3788,0.2592,0.5151,0.286,13.98542274052479,13.98542274052479,0.6634,0.0708,1.0,1.0,+14% expected | 0.66 demand | 61% below high | 157% upside | -17% vs launch,"lower highs, 2P new low, modest quality score",2P is cheaper than current Steam but still above Steam's recorded low; wait for a stronger entry.,5.41,5.41,5.41,5.41,0.0,,-298.37483898668955,-59.11764705882354,0.0,0.054,2.0,True,5.41,11.1,https://cs2tokens.com/iem-cologne-2026/items/sticker-stressarn-holo-cologne-2026,https://community.akamai.steamstatic.com/economy/image/i0CoZ81Ui0m-9KwlBY1L_18myuGuq1wfhWSaZgMttyVfPaERSR0Wqmu7LAocGJai0ki7VeTHjMmuOXSQ61MnpNWipUruRiLiioTl7jFa_fyRYKthL76SDz-Tku905bNsTijmxkR26m-Dm4r4cX7Baw8kX5VxELMC5EG7ldHjKaq8sPK6XcG_,Sticker | stressarN (Holo) | Cologne 2026,https://steamcommunity.com/market/listings/730/Sticker%20%7C%20stressarN%20%28Holo%29%20%7C%20Cologne%202026,ok
439,42.5,P4,SCORE/WAIT,yxngstxr (Holo),Player,Holo,Autograph,sticker,yxngstxr,HEROIC,HEROIC,449,4.45,363.24,3.6,CSFloat,True,19.1,"CSFloat around $3.60, 19% below Steam",0,Expensive,Fair,Medium,449.0,128.0,2707.0,124,321.31,64,5.55,0.5013,0.2784,0.6706,0.2444,11.732739420935424,38.11408067310072,0.5959,0.0,1.0,1.0,+38% expected | 0.60 demand | CSFloat 19% below Steam | 87% below high | 645% upside,"lower highs, 2P new low, modest quality score",2P is cheaper than current Steam but still above Steam's recorded low; wait for a stronger entry.,3.6,,3.6,3.6,,,-183.77808988764045,19.10112359550562,0.1,0.0313,1.0,True,3.6,4.28,https://cs2tokens.com/iem-cologne-2026/items/sticker-yxngstxr-holo-cologne-2026,https://community.akamai.steamstatic.com/economy/image/i0CoZ81Ui0m-9KwlBY1L_18myuGuq1wfhWSaZgMttyVfPaERSR0Wqmu7LAocGJai0ki7VeTHjMmuOXSQ61MnpNWipUruRiLohpjn7jZD_c2mZ6hibqnKW2LBkOgu5bI6TXqyxksmtW3Wzomtc32TbA8iDMYhE-VcukPpx9f5d7S1DGCa5Co,Sticker | yxngstxr (Holo) | Cologne 2026,https://steamcommunity.com/market/listings/730/Sticker%20%7C%20yxngstxr%20%28Holo%29%20%7C%20Cologne%202026,ok
440,42.3,P4,SCORE/WAIT,woxic (Holo),Player,Holo,Autograph,sticker,woxic,Aurora,Aurora,538,5.33,267.49,2.65,UUSkins,True,50.28,"UUSkins around $2.65, 50% below Steam",0,Expensive,Fair,Medium,538.0,132.0,1525.0,124,321.31,64,4.55,0.5589,0.3063,0.4076,0.3931,5.908921933085498,113.01681279371536,0.2385,0.0,1.0,1.0,+113% expected | 0.24 demand | UUSkins 50% below Steam | 82% below high | 470% upside,"lower highs, modest quality score",2P is cheaper than current Steam but still above Steam's recorded low; wait for a stronger entry.,2.65,2.37,2.37,2.65,11.81434599156117,,-102.64085507987946,50.28142589118198,0.0,0.0683,2.0,False,4.95,2.65,https://cs2tokens.com/iem-cologne-2026/items/sticker-woxic-holo-cologne-2026,https://community.akamai.steamstatic.com/economy/image/i0CoZ81Ui0m-9KwlBY1L_18myuGuq1wfhWSaZgMttyVfPaERSR0Wqmu7LAocGJai0ki7VeTHjMmuOXSQ61MnpNWipUruRiLmkY7p_h1T4P6hJqI_JKbLXzDJlb4i5blrGyjqlEUm5Grdmd6reXiXPAQgDcRyEO4IsxSm0oqwW8E1Pzs,Sticker | woxic (Holo) | Cologne 2026,https://steamcommunity.com/market/listings/730/Sticker%20%7C%20woxic%20%28Holo%29%20%7C%20Cologne%202026,ok
441,41.3,P4,SCORE/WAIT,makazze (Holo),Player,Holo,Autograph,sticker,makazze,Natus Vincere,Natus Vincere,1153,11.41,670.98,6.64,UUSkins,True,41.81,"UUSkins around $6.64, 42% below Steam",0,Premium,Expensive,Low,1153.0,330.0,2260.0,124,321.31,64,7.33,0.4695,0.3894,0.393,0.3284,6.080659150043366,82.28619290692691,0.5019,0.0135,1.0,1.0,+82% expected | 0.50 demand | UUSkins 42% below Steam | 70% below high | 237% upside,lower highs,2P is cheaper than current Steam but still above Steam's recorded low; wait for a stronger entry.,6.64,5.91,5.91,6.64,12.351945854483915,,-103.3282872546676,41.80543382997371,0.0,0.0629,2.0,False,8.52,6.64,https://cs2tokens.com/iem-cologne-2026/items/sticker-makazze-holo-cologne-2026,https://community.akamai.steamstatic.com/economy/image/i0CoZ81Ui0m-9KwlBY1L_18myuGuq1wfhWSaZgMttyVfPaERSR0Wqmu7LAocGJai0ki7VeTHjMmuOXSQ61MnpNWipUruRiL8n53h5zhe0PqhZKsjcvaWWGWSwLwg5LI5F3nqwRl_tm7cmdipd33BPVUlDMF5TeYJuhWwm8qnab0yz9P06Q,Sticker | makazze (Holo) | Cologne 2026,https://steamcommunity.com/market/listings/730/Sticker%20%7C%20makazze%20%28Holo%29%20%7C%20Cologne%202026,ok
442,41.3,P4,SCORE/WAIT,rdnzao (Foil),Player,Foil,Autograph,sticker,rdnzao,Sharks Esports,Sharks Esports,37,0.37,37.0,0.37,Steam,False,0.0,Steam around $0.37,0,Very Cheap,Very Cheap,Medium,37.0,21.0,104.0,116,321.31,62,6.5,0.4359,0.2595,0.446,0.2227,44.2972972972973,44.2972972972973,0.2567,0.0,1.0,1.0,+44% expected | 0.26 demand | 64% below high | 181% upside | -63% vs launch,"lower highs, 2P new low, modest quality score","Scored, but edge is not strong enough yet.",,,,,,,,,0.1,0.0,,,,,https://cs2tokens.com/iem-cologne-2026/items/sticker-rdnzao-foil-cologne-2026,https://community.akamai.steamstatic.com/economy/image/i0CoZ81Ui0m-9KwlBY1L_18myuGuq1wfhWSaZgMttyVfPaERSR0Wqmu7LAocGJai0ki7VeTHjMmuOXSQ61MnpNWipUruRiLjmpj6_C1k6f2nZOppIvTBVzPDmLlytrIxHy_ilktxt2iAmdj6cimWZgFyW8F1ReMOsUG_jJS5YBLnlcg8,Sticker | rdnzao (Foil) | Cologne 2026,https://steamcommunity.com/market/listings/730/Sticker%20%7C%20rdnzao%20%28Foil%29%20%7C%20Cologne%202026,ok
443,40.8,P4,SCORE/WAIT,EliGE (Foil),Player,Foil,Autograph,sticker,EliGE,Team Liquid,Team Liquid,111,1.1,111.0,1.1,Steam,False,0.0,Steam around $1.10,0,Cheap,Cheap,Medium,111.0,77.0,271.0,116,321.31,60,5.55,0.4176,0.2275,0.5147,0.2198,27.66666666666669,27.66666666666669,0.468,0.0,1.0,1.0,+28% expected | 0.47 demand | 59% below high | 144% upside | -36% vs launch,"lower highs, 2P new low, modest quality score",2P is cheaper than current Steam but still above Steam's recorded low; wait for a stronger entry.,1.74,,1.74,1.74,,,-128.02833530106255,-58.181818181818166,0.1,0.0252,1.0,True,1.74,1.78,https://cs2tokens.com/iem-cologne-2026/items/sticker-elige-foil-cologne-2026,https://community.akamai.steamstatic.com/economy/image/i0CoZ81Ui0m-9KwlBY1L_18myuGuq1wfhWSaZgMttyVfPaERSR0Wqmu7LAocGJai0ki7VeTHjMmuOXSQ61MnpNWipUruRiL0kp_n-B1d4PuiJqY8danADzTBlLp04bNsTnGyzUkm4GTXzt2pci_Ga1AmX8R1QuYP4RSm0oqwHBr9Dmo,Sticker | EliGE (Foil) | Cologne 2026,https://steamcommunity.com/market/listings/730/Sticker%20%7C%20EliGE%20%28Foil%29%20%7C%20Cologne%202026,ok
444,40.7,P4,SCORE/WAIT,magixx (Holo),Player,Holo,Autograph,sticker,magixx,Team Spirit,Team Spirit,1049,10.39,679.48,6.73,CSFloat,True,35.23,"CSFloat around $6.73, 35% below Steam",0,Premium,Expensive,Medium,1049.0,342.0,2736.0,124,321.31,64,5.6,0.5094,0.3218,0.4522,0.3529,19.961868446139185,85.20116094433672,0.5734,0.0736,1.0,1.0,+85% expected | 0.57 demand | CSFloat 35% below Steam | 75% below high | 303% upside,"lower highs, modest quality score",2P is cheaper than current Steam but still above Steam's recorded low; wait for a stronger entry.,6.73,5.7,5.7,6.73,18.070175438596504,,-98.67759710472846,35.226179018286814,0.0,0.0586,2.0,False,6.73,7.1,https://cs2tokens.com/iem-cologne-2026/items/sticker-magixx-holo-cologne-2026,https://community.akamai.steamstatic.com/economy/image/i0CoZ81Ui0m-9KwlBY1L_18myuGuq1wfhWSaZgMttyVfPaERSR0Wqmu7LAocGJai0ki7VeTHjMmuOXSQ61MnpNWipUruRiL8n5Hp5Tpk5_2iZ-ppIfOWXDXGwux0seVsSyvnzUgj4znXn9ipcC7FOwEpDsQlRude50G5jJS5YE_q4zdJ,Sticker | magixx (Holo) | Cologne 2026,https://steamcommunity.com/market/listings/730/Sticker%20%7C%20magixx%20%28Holo%29%20%7C%20Cologne%202026,ok
445,40.3,P4,SCORE/WAIT,soulfly (Holo),Player,Holo,Autograph,sticker,soulfly,Aurora,Aurora,281,2.78,232.48,2.3,CSFloat,True,17.27,"CSFloat around $2.30, 17% below Steam",0,Fair,Fair,Medium,281.0,50.0,718.0,124,321.31,66,5.7,0.4082,0.2482,0.5801,0.2165,5.099644128113878,27.033482902676774,0.6489,0.0,1.0,1.0,+27% expected | 0.65 demand | CSFloat 17% below Steam | 68% below high | 209% upside,"lower highs, modest quality score",2P is cheaper than current Steam but still above Steam's recorded low; wait for a stronger entry.,2.3,1.48,1.48,2.3,55.4054054054054,,-364.9640287769784,17.26618705035971,0.0,0.0471,2.0,False,2.3,3.66,https://cs2tokens.com/iem-cologne-2026/items/sticker-soulfly-holo-cologne-2026,https://community.akamai.steamstatic.com/economy/image/i0CoZ81Ui0m-9KwlBY1L_18myuGuq1wfhWSaZgMttyVfPaERSR0Wqmu7LAocGJai0ki7VeTHjMmuOXSQ61MnpNWipUruRiLikYPs-y5C0PqhZKsjdKbCXTTEk74h6eVvGyvhzE9x42zcyY6oeHmROFImD8R5F7INtRbuxMqnab23RavMkA,Sticker | soulfly (Holo) | Cologne 2026,https://steamcommunity.com/market/listings/730/Sticker%20%7C%20soulfly%20%28Holo%29%20%7C%20Cologne%202026,ok
446,40.2,P4,SCORE/WAIT,Krabeni (Holo),Player,Holo,Autograph,sticker,Krabeni,,,293,2.9,293.0,2.9,Steam,False,0.0,Steam around $2.90,0,Fair,Fair,Low,293.0,115.0,865.0,124,321.31,66,4.38,0.3884,0.242,0.451,0.2596,16.26621160409558,16.26621160409558,0.5068,0.0428,1.0,1.0,+16% expected | 0.51 demand | 66% below high | 195% upside | -40% vs launch,"lower highs, 2P new low, modest quality score",2P is cheaper than current Steam but still above Steam's recorded low; wait for a stronger entry.,3.26,3.26,3.26,3.26,0.0,,-186.41079460269864,-12.413793103448272,0.0,0.054,2.0,True,6.98,3.26,https://cs2tokens.com/iem-cologne-2026/items/sticker-krabeni-holo-cologne-2026,https://community.akamai.steamstatic.com/economy/image/i0CoZ81Ui0m-9KwlBY1L_18myuGuq1wfhWSaZgMttyVfPaERSR0Wqmu7LAocGJai0ki7VeTHjMmuOXSQ61MnpNWipUruRiL6jJfi-CxS0PqhZKsjIafEWzPHl-tw5LVoTHC1wRx0sj-HyY6vdX7EagQiWZR3QbQJtBPumsqnab25UrqvbQ,Sticker | Krabeni (Holo) | Cologne 2026,https://steamcommunity.com/market/listings/730/Sticker%20%7C%20Krabeni%20%28Holo%29%20%7C%20Cologne%202026,ok
447,39.8,P4,SCORE/WAIT,mezii (Holo),Player,Holo,Autograph,sticker,mezii,Vitality,Vitality,1086,10.75,411.16,4.07,UUSkins,True,62.14,"UUSkins around $4.07, 62% below Steam",0,Premium,Expensive,Low,1086.0,247.0,1493.0,124,321.31,64,6.58,0.5151,0.3718,0.2836,0.394,-12.386740331491708,131.41094384188304,0.2652,0.0,1.0,1.0,+131% expected | 0.27 demand | UUSkins 62% below Steam | 72% below high | 263% upside,"lower highs, 2P new low, modest quality score",2P is cheaper than current Steam but still above Steam's recorded low; wait for a stronger entry.,4.07,4.07,4.07,4.07,0.0,,-66.46342152339705,62.13953488372093,0.0,0.0939,2.0,True,5.83,4.07,https://cs2tokens.com/iem-cologne-2026/items/sticker-mezii-holo-cologne-2026,https://community.akamai.steamstatic.com/economy/image/i0CoZ81Ui0m-9KwlBY1L_18myuGuq1wfhWSaZgMttyVfPaERSR0Wqmu7LAocGJai0ki7VeTHjMmuOXSQ61MnpNWipUruRiL8m4zp9B1T4P6hJqI4I_TLD2bHwOgl4-RsTS_qkEhw5G7Xztv_cC-eb1BxDZRxQrQKsxmm0oqwgz6LBnc,Sticker | mezii (Holo) | Cologne 2026,https://steamcommunity.com/market/listings/730/Sticker%20%7C%20mezii%20%28Holo%29%20%7C%20Cologne%202026,ok
448,39.5,P4,SCORE/WAIT,latto (Holo),Player,Holo,Autograph,sticker,latto,Legacy,Legacy,670,6.63,350.66,3.47,UUSkins,True,47.66,"UUSkins around $3.47, 48% below Steam",0,Expensive,Fair,High,670.0,109.0,2110.0,124,321.31,64,5.85,0.521,0.2991,0.4576,0.2953,-0.1835820895522366,90.71551894705148,0.3839,0.0,1.0,1.0,+91% expected | 0.38 demand | UUSkins 48% below Steam | 83% below high | 502% upside,"High crowding, lower highs, 2P new low, modest quality score",2P is cheaper than current Steam but still above Steam's recorded low; wait for a stronger entry.,3.47,3.47,3.47,3.54,0.0,-0.3531073446327651,-221.70977071138972,47.66214177978883,0.0,0.2116,10.0,True,,3.47,https://cs2tokens.com/iem-cologne-2026/items/sticker-latto-holo-cologne-2026,https://community.akamai.steamstatic.com/economy/image/i0CoZ81Ui0m-9KwlBY1L_18myuGuq1wfhWSaZgMttyVfPaERSR0Wqmu7LAocGJai0ki7VeTHjMmuOXSQ61MnpNWipUruRiL9n4L08h1T4P6hJvZvdqDDWmHAkLknsrM4TSznkUsh42mBm4qseCjEbQEiW5skRLMJtEKm0oqw5ZCQHnU,Sticker | latto (Holo) | Cologne 2026,https://steamcommunity.com/market/listings/730/Sticker%20%7C%20latto%20%28Holo%29%20%7C%20Cologne%202026,ok
449,38.5,P4,SCORE/WAIT,arT (Holo),Player,Holo,Autograph,sticker,arT,Legacy,Legacy,443,4.39,367.32,3.64,UUSkins,True,17.08,"UUSkins around $3.64, 17% below Steam",0,Expensive,Fair,Medium,443.0,83.0,1010.0,124,321.31,64,5.75,0.378,0.2596,0.4847,0.2359,13.345372460496607,36.69950140153298,0.646,0.0,1.0,1.0,+37% expected | 0.65 demand | UUSkins 17% below Steam | 64% below high | 175% upside,"lower highs, modest quality score",2P is cheaper than current Steam but still above Steam's recorded low; wait for a stronger entry.,3.64,2.46,2.46,3.66,47.96747967479676,3.0169491525423635,-342.5501550621622,17.084282460136667,0.0,0.1182,5.0,False,4.64,3.64,https://cs2tokens.com/iem-cologne-2026/items/sticker-art-holo-cologne-2026,https://community.akamai.steamstatic.com/economy/image/i0CoZ81Ui0m-9KwlBY1L_18myuGuq1wfhWSaZgMttyVfPaERSR0Wqmu7LAocGJai0ki7VeTHjMmuOXSQ61MnpNWipUruRiLwjILf9S1X4LyoP6I9d6jAXzPHwO1157c6TH3jxUpztmvTy42tICqfP1MoApEiTe9crFDmxQ4VcdsP,Sticker | arT (Holo) | Cologne 2026,https://steamcommunity.com/market/listings/730/Sticker%20%7C%20arT%20%28Holo%29%20%7C%20Cologne%202026,ok
450,36.8,P4,SCORE/WAIT,slaxz- (Foil),Player,Foil,Autograph,sticker,slaxz-,M80,M80,48,0.48,48.0,0.48,Steam,False,0.0,Steam around $0.48,0,Very Cheap,Very Cheap,Medium,48.0,18.0,113.0,116,321.31,62,5.25,0.3386,0.1696,0.5129,0.1401,1.812499999999995,1.812499999999995,0.4669,0.0,1.0,1.0,+2% expected | 0.47 demand | 58% below high | 135% upside | -58% vs launch,"lower highs, 2P new low, modest quality score",2P is cheaper than current Steam but still above Steam's recorded low; wait for a stronger entry.,146.0,,146.0,146.0,,,-81011.11111111111,-30316.666666666668,0.1,0.0252,1.0,True,146.0,,https://cs2tokens.com/iem-cologne-2026/items/sticker-slaxz-foil-cologne-2026,https://community.akamai.steamstatic.com/economy/image/i0CoZ81Ui0m-9KwlBY1L_18myuGuq1wfhWSaZgMttyVfPaERSR0Wqmu7LAocGJai0ki7VeTHjMmuOXSQ61MnpNWipUruRiLikpf45x1d4PuiJvU4IqiWWTLJl7YksrgxF3rgxEgi4T-EnNj7dyiTbQZyXsd3Ee8JtBGm0oqwlr5pYBI,Sticker | slaxz- (Foil) | Cologne 2026,https://steamcommunity.com/market/listings/730/Sticker%20%7C%20slaxz-%20%28Foil%29%20%7C%20Cologne%202026,ok
451,35.8,P4,SCORE/WAIT,dem0n (Holo),Player,Holo,Autograph,sticker,dem0n,,,558,5.52,428.61,4.24,UUSkins,True,23.19,"UUSkins around $4.24, 23% below Steam",0,Expensive,Expensive,Low,558.0,195.0,1078.0,124,321.31,64,7.1,0.3501,0.3034,0.3777,0.2162,13.797491039426536,48.151450598498656,0.238,0.0,1.0,1.0,+48% expected | 0.24 demand | UUSkins 23% below Steam | 60% below high | 152% upside,"lower highs, modest quality score",2P is cheaper than current Steam but still above Steam's recorded low; wait for a stronger entry.,4.24,4.25,2.65,4.25,-0.2352941176470557,24.03773584905661,-119.79933110367897,23.18840579710144,0.0,0.102,4.0,False,4.95,4.24,https://cs2tokens.com/iem-cologne-2026/items/sticker-dem0n-holo-cologne-2026,https://community.akamai.steamstatic.com/economy/image/i0CoZ81Ui0m-9KwlBY1L_18myuGuq1wfhWSaZgMttyVfPaERSR0Wqmu7LAocGJai0ki7VeTHjMmuOXSQ61MnpNWipUruRiL1m5uw8x1T4P6hJqU8cKLLVjPJkeh1s7FtFi2xkRxzsGTWz9egdnmXZlQpD8QiQOVZ4xWm0oqwoDZ-vxw,Sticker | dem0n (Holo) | Cologne 2026,https://steamcommunity.com/market/listings/730/Sticker%20%7C%20dem0n%20%28Holo%29%20%7C%20Cologne%202026,ok
452,35.7,P4,SCORE/WAIT,siuhy (Foil),Player,Foil,Autograph,sticker,siuhy,Team Liquid,Team Liquid,51,0.5,51.0,0.5,Steam,False,0.0,Steam around $0.50,0,Very Cheap,Very Cheap,High,51.0,22.0,102.0,116,321.31,62,5.45,0.3279,0.1674,0.4771,0.1459,17.05882352941177,17.05882352941177,0.4698,0.0,1.0,1.0,+17% expected | 0.47 demand | 50% below high | 100% upside | -47% vs launch,"High crowding, lower highs, 2P new low, modest quality score",2P is cheaper than current Steam but still above Steam's recorded low; wait for a stronger entry.,0.94,,0.94,0.94,,,-335.8181818181818,-87.99999999999999,0.1,0.0252,1.0,True,,,https://cs2tokens.com/iem-cologne-2026/items/sticker-siuhy-foil-cologne-2026,https://community.akamai.steamstatic.com/economy/image/i0CoZ81Ui0m-9KwlBY1L_18myuGuq1wfhWSaZgMttyVfPaERSR0Wqmu7LAocGJai0ki7VeTHjMmuOXSQ61MnpNWipUruRiLil4Po5B1d4PuiJvc1cKKVC2bIxL8mtuUwH3rrxh53sWTWmNz7JHvDbwNyX5VzEeQMsBem0oqw47uluvA,Sticker | siuhy (Foil) | Cologne 2026,https://steamcommunity.com/market/listings/730/Sticker%20%7C%20siuhy%20%28Foil%29%20%7C%20Cologne%202026,ok
453,35.4,P4,SCORE/WAIT,blameF (Holo),Player,Holo,Autograph,sticker,blameF,BIG,BIG,620,6.14,403.91,4.0,CSFloat,True,34.85,"CSFloat around $4.00, 35% below Steam",0,Expensive,Expensive,Low,620.0,220.0,1128.0,124,321.31,64,5.15,0.3957,0.2347,0.3912,0.2716,-5.269354838709672,45.411540322580656,0.3108,0.0,1.0,1.0,+45% expected | 0.31 demand | CSFloat 35% below Steam | 64% below high | 179% upside,"lower highs, 2P new low, modest quality score",2P is cheaper than current Steam but still above Steam's recorded low; wait for a stronger entry.,4.0,4.0,4.0,4.0,0.0,-1.0507920739455761e-14,-83.59490672194255,34.85342019543974,0.0,0.191,5.0,True,4.0,4.42,https://cs2tokens.com/iem-cologne-2026/items/sticker-blamef-holo-cologne-2026,https://community.akamai.steamstatic.com/economy/image/i0CoZ81Ui0m-9KwlBY1L_18myuGuq1wfhWSaZgMttyVfPaERSR0Wqmu7LAocGJai0ki7VeTHjMmuOXSQ61MnpNWipUruRiLzkpft-CRk5_2iZ-poIaHDVzWSwrwvteMxGnzjxk9-4GiEzd6tcS7DPAcgDsElF7Zb50bujJS5YKsMkLLc,Sticker | blameF (Holo) | Cologne 2026,https://steamcommunity.com/market/listings/730/Sticker%20%7C%20blameF%20%28Holo%29%20%7C%20Cologne%202026,ok
454,35.3,P4,SCORE/WAIT,Sharks Esports (Foil),Team,Foil,Team,sticker,,Sharks Esports,Sharks Esports,231,2.29,231.0,2.29,Steam,False,0.0,Steam around $2.29,0,Cheap,Cheap,Medium,231.0,152.0,412.0,116,321.31,60,7.0,0.3443,0.237,0.2653,0.1746,22.32467532467533,22.32467532467533,0.1979,0.0,1.0,1.0,+22% expected | 0.20 demand | 44% below high | 78% upside | -26% vs launch,"lower highs, 2P new low, modest quality score",2P is cheaper than current Steam but still above Steam's recorded low; wait for a stronger entry.,2.78,,2.78,2.78,,,-84.4920707883245,-21.397379912663745,0.1,0.0252,1.0,True,9.6,2.78,https://cs2tokens.com/iem-cologne-2026/items/sticker-sharks-esports-foil-cologne-2026,https://community.akamai.steamstatic.com/economy/image/i0CoZ81Ui0m-9KwlBY1L_18myuGuq1wfhWSaZgMttyVfPaERSR0Wqmu7LAocGJai0ki7VeTHjMmuOXSQ61MnpNWipUrvUxbOmJnp8WwIu_SoP6A0d6eWWj_BlOxz4-M6TS_jlEtz4GXRz4uoInjDb1d2XsYmW6dU5UlLpDfp,Sticker | Sharks Esports (Foil) | Cologne 2026,https://steamcommunity.com/market/listings/730/Sticker%20%7C%20Sharks%20Esports%20%28Foil%29%20%7C%20Cologne%202026,ok
455,35.3,P4,SCORE/WAIT,ultimate (Foil),Player,Foil,Autograph,sticker,ultimate,Team Liquid,Team Liquid,50,0.5,50.0,0.5,Steam,False,0.0,Steam around $0.50,0,Very Cheap,Very Cheap,High,50.0,23.0,96.0,116,321.31,60,5.45,0.3236,0.1654,0.4477,0.1526,21.319999999999983,21.319999999999983,0.4392,0.0,1.0,1.0,+21% expected | 0.44 demand | 48% below high | 92% upside | -48% vs launch,"High crowding, lower highs, 2P new low, modest quality score","Scored, but edge is not strong enough yet.",,,,,,,,,0.1,0.0,,,,,https://cs2tokens.com/iem-cologne-2026/items/sticker-ultimate-foil-cologne-2026,https://community.akamai.steamstatic.com/economy/image/i0CoZ81Ui0m-9KwlBY1L_18myuGuq1wfhWSaZgMttyVfPaERSR0Wqmu7LAocGJai0ki7VeTHjMmuOXSQ61MnpNWipUruRiLkkoLp8CNP6s2oZ61hbqbFXTeSxeogsbFoFyixwU1w5GTXz4z9eH6XbQUiCJF2QLEIshe8k4X5d7S13spqgcY,Sticker | ultimate (Foil) | Cologne 2026,https://steamcommunity.com/market/listings/730/Sticker%20%7C%20ultimate%20%28Foil%29%20%7C%20Cologne%202026,ok
456,34.0,P4,SCORE/WAIT,vexite (Foil),Player,Foil,Autograph,sticker,vexite,Flyquest,Flyquest,49,0.49,46.0,0.46,2P,True,6.12,"2P around $0.46, 6% below Steam",0,Very Cheap,Very Cheap,Medium,49.0,24.0,95.0,116,321.31,62,5.9,0.319,0.1719,0.337,0.1426,6.714285714285717,13.673913043478269,0.2684,0.0,1.0,1.0,+14% expected | 0.27 demand | 2P 6% below Steam | 52% below high | 107% upside,"lower highs, 2P new low, modest quality score",2P is cheaper than current Steam but still above Steam's recorded low; wait for a stronger entry.,0.46,,0.46,0.46,,,-91.66666666666669,6.122448979591831,0.1,0.0272,1.0,True,,,https://cs2tokens.com/iem-cologne-2026/items/sticker-vexite-foil-cologne-2026,https://community.akamai.steamstatic.com/economy/image/i0CoZ81Ui0m-9KwlBY1L_18myuGuq1wfhWSaZgMttyVfPaERSR0Wqmu7LAocGJai0ki7VeTHjMmuOXSQ61MnpNWipUruRiLnm47p6Sdk6f2nZOo6cqDKXmWRkux16eM-HXi2xk0k42rcnNf9IH3DZgUnX8ciQ-UMuxnrjJS5YGgJ1JAZ,Sticker | vexite (Foil) | Cologne 2026,https://steamcommunity.com/market/listings/730/Sticker%20%7C%20vexite%20%28Foil%29%20%7C%20Cologne%202026,ok
457,33.9,P4,SCORE/WAIT,FalleN (Holo),Player,Holo,Autograph,sticker,FalleN,FURIA,FURIA,3176,31.44,2020.36,20.0,CSFloat,True,36.39,"CSFloat around $20.00, 36% below Steam",0,Premium,Premium,Low,3176.0,1086.0,6531.0,124,321.31,64,6.55,0.4231,0.3042,0.3977,0.2487,12.261335012594454,76.4748186397985,0.2778,0.0,1.0,1.0,+76% expected | 0.28 demand | CSFloat 36% below Steam | 69% below high | 223% upside,"lower highs, 2P new low, modest quality score",2P is cheaper than current Steam but still above Steam's recorded low; wait for a stronger entry.,20.0,20.0,20.0,20.0,0.0,-6.129118252234435e-15,-86.03648564426263,36.38676844783716,0.0,0.1548,4.0,True,20.0,23.62,https://cs2tokens.com/iem-cologne-2026/items/sticker-fallen-holo-cologne-2026,https://community.akamai.steamstatic.com/economy/image/i0CoZ81Ui0m-9KwlBY1L_18myuGuq1wfhWSaZgMttyVfPaERSR0Wqmu7LAocGJai0ki7VeTHjMmuOXSQ61MnpNWipUruRiL3n5rs-Cxk5_2iZ-pudvXACGXFwrlzsbg8GnDil0t_5G3cmY6scS7GZw4hDsB0TeYMu0TpjJS5YDS-PNyp,Sticker | FalleN (Holo) | Cologne 2026,https://steamcommunity.com/market/listings/730/Sticker%20%7C%20FalleN%20%28Holo%29%20%7C%20Cologne%202026,ok
458,32.5,P4,SCORE/WAIT,Aleksib (Holo),Player,Holo,Autograph,sticker,Aleksib,Natus Vincere,Natus Vincere,1047,10.37,936.95,9.28,CSFloat,True,10.51,"CSFloat around $9.28, 11% below Steam",0,Premium,Expensive,Medium,1047.0,409.0,2773.0,124,321.31,64,7.45,0.3633,0.297,0.4359,0.1616,21.183381088825204,35.41720494516352,0.38,0.0,1.0,1.0,+35% expected | 0.38 demand | CSFloat 11% below Steam | 66% below high | 196% upside,lower highs,2P is cheaper than current Steam but still above Steam's recorded low; wait for a stronger entry.,9.28,6.0,6.0,9.28,54.66666666666666,10.933333333333325,-129.08285844298842,10.511089681774347,0.0,0.1069,5.0,False,9.28,12.55,https://cs2tokens.com/iem-cologne-2026/items/sticker-aleksib-holo-cologne-2026,https://community.akamai.steamstatic.com/economy/image/i0CoZ81Ui0m-9KwlBY1L_18myuGuq1wfhWSaZgMttyVfPaERSR0Wqmu7LAocGJai0ki7VeTHjMmuOXSQ61MnpNWipUruRiLwkpPr7itZ0PqhZKsjdfbHDzDFx7wjtrAxSnHqxk8j4D7TmNyrdS-RaAUkCcFwEeYI4UaxxMqnab2EtVnx9Q,Sticker | Aleksib (Holo) | Cologne 2026,https://steamcommunity.com/market/listings/730/Sticker%20%7C%20Aleksib%20%28Holo%29%20%7C%20Cologne%202026,ok
459,30.6,P4,SCORE/WAIT,kyousuke (Holo),Player,Holo,Autograph,sticker,kyousuke,Falcons,Falcons,2399,23.75,1759.6,17.42,UUSkins,True,26.65,"UUSkins around $17.42, 27% below Steam",0,Premium,Premium,Low,2399.0,778.0,4662.0,124,321.31,64,7.45,0.3141,0.284,0.3382,0.1669,6.765318882867866,45.56121259862866,0.2487,0.0,1.0,1.0,+46% expected | 0.25 demand | UUSkins 27% below Steam | 62% below high | 165% upside,lower highs,2P is cheaper than current Steam but still above Steam's recorded low; wait for a stronger entry.,17.42,15.51,15.24,17.45,12.314635718891044,1.237692736392345,-126.17009876877286,26.65263157894736,0.0,0.1334,16.0,False,44.73,17.42,https://cs2tokens.com/iem-cologne-2026/items/sticker-kyousuke-holo-cologne-2026,https://community.akamai.steamstatic.com/economy/image/i0CoZ81Ui0m-9KwlBY1L_18myuGuq1wfhWSaZgMttyVfPaERSR0Wqmu7LAocGJai0ki7VeTHjMmuOXSQ61MnpNWipUruRiL6h5n17jdQ6s2mZ6hibqnCDWbJwO0u5uU_SyrrxB91sDvVw9-ocHLCbgB2CMd0R-APsUS-l4f5d7S1oNVZ5IA,Sticker | kyousuke (Holo) | Cologne 2026,https://steamcommunity.com/market/listings/730/Sticker%20%7C%20kyousuke%20%28Holo%29%20%7C%20Cologne%202026,ok
460,23.4,P4,SCORE/WAIT,dziugss (Holo),Player,Holo,Autograph,sticker,dziugss,,,436,4.32,415.81,4.12,UUSkins,True,4.63,"UUSkins around $4.12, 5% below Steam",0,Expensive,Expensive,Low,436.0,97.0,853.0,124,321.31,64,4.75,0.2035,0.1042,0.3315,0.0812,6.082568807339439,11.23220806983165,0.2346,0.0,1.0,1.0,+11% expected | 0.23 demand | UUSkins 5% below Steam | 51% below high | 105% upside,"lower highs, modest quality score",2P is cheaper than current Steam but still above Steam's recorded low; wait for a stronger entry.,4.12,3.68,3.68,4.15,11.956521739130444,-0.2168674698795228,-328.6750668193967,4.629629629629633,0.0,0.0803,4.0,False,5.09,4.12,https://cs2tokens.com/iem-cologne-2026/items/sticker-dziugss-holo-cologne-2026,https://community.akamai.steamstatic.com/economy/image/i0CoZ81Ui0m-9KwlBY1L_18myuGuq1wfhWSaZgMttyVfPaERSR0Wqmu7LAocGJai0ki7VeTHjMmuOXSQ61MnpNWipUruRiL1hJ_1-jFI0PqhZKsjdqWWCGPDwuty5LlqS3iwwU115WWDy4r7dSjDbA9yWcd2EeJf4RO8kMqnab0LzF1vGQ,Sticker | dziugss (Holo) | Cologne 2026,https://steamcommunity.com/market/listings/730/Sticker%20%7C%20dziugss%20%28Holo%29%20%7C%20Cologne%202026,ok
461,23.6,P4,IGNORE,nota,Player,Paper,Autograph,sticker,nota,PARIVISION,PARIVISION,3,0.03,3.0,0.03,Steam,False,0.0,Steam around $0.03,0,Very Cheap,Very Cheap,Medium,3.0,3.0,27.0,116,321.31,63,6.0,0.6568,0.288,0.3345,0.4802,143.66666666666666,143.66666666666666,0.1446,0.0,0.65,0.0,+144% expected | 0.14 demand | 89% below high | 800% upside | -89% vs launch,"lower highs, falling demand, 2P new low, unscored",No clear edge.,,,,,,,,,0.1,0.0,,,,,https://cs2tokens.com/iem-cologne-2026/items/sticker-nota-cologne-2026,https://community.akamai.steamstatic.com/economy/image/i0CoZ81Ui0m-9KwlBY1L_18myuGuq1wfhWSaZgMttyVfPaERSR0Wqmu7LAocGJai0ki7VeTHjMmuOXSQ61MnpNWipUruRiL_kYLhs3Bfu_CoPqE4eKnCCmKSl7oi57A7HXC1lh936mXcmdatd3vGZwAiAsBuBbldpFR6mow,Sticker | nota | Cologne 2026,https://steamcommunity.com/market/listings/730/Sticker%20%7C%20nota%20%7C%20Cologne%202026,ok
462,23.2,P4,IGNORE,Krabeni,Player,Paper,Autograph,sticker,Krabeni,,,3,0.03,3.0,0.03,Steam,False,0.0,Steam around $0.03,0,Very Cheap,Very Cheap,High,3.0,3.0,26.0,116,321.31,61,6.0,0.6628,0.2802,0.4575,0.4533,141.0,141.0,0.1451,0.0,0.65,0.0,+141% expected | 0.15 demand | 88% below high | 767% upside | -88% vs launch,"High crowding, lower highs, falling demand, 2P new low, unscored",No clear edge.,,,,,,,,,0.1,0.0,,,,,https://cs2tokens.com/iem-cologne-2026/items/sticker-krabeni-cologne-2026,https://community.akamai.steamstatic.com/economy/image/i0CoZ81Ui0m-9KwlBY1L_18myuGuq1wfhWSaZgMttyVfPaERSR0Wqmu7LAocGJai0ki7VeTHjMmuOXSQ61MnpNWipUruRiL6jJfi-CxSofP-a6FpJfLBCj6Tl-sh6LdrHSzrzUgk5jmAw46oJXiRbQFxXMZ4QLIU8k7vDIyeXjs,Sticker | Krabeni | Cologne 2026,https://steamcommunity.com/market/listings/730/Sticker%20%7C%20Krabeni%20%7C%20Cologne%202026,ok
463,23.0,P4,IGNORE,C4LLM3SU3,Player,Paper,Autograph,sticker,C4LLM3SU3,Lynn Vision,Lynn Vision,10,0.1,10.0,0.1,Steam,False,0.0,Steam around $0.10,0,Very Cheap,Very Cheap,Low,10.0,9.0,26.0,116,321.31,61,6.0,0.4793,0.2718,0.4296,0.3356,33.20000000000001,33.20000000000001,0.5776,0.0,0.65,0.0,+33% expected | 0.58 demand | 62% below high | 160% upside | -58% vs launch,"lower highs, 2P new low, unscored",2P is cheaper than current Steam but still above Steam's recorded low; wait for a stronger entry.,0.11,,0.11,0.11,,,-22.22222222222221,-9.999999999999996,0.1,0.0252,1.0,True,,,https://cs2tokens.com/iem-cologne-2026/items/sticker-c4llm3su3-cologne-2026,https://community.akamai.steamstatic.com/economy/image/i0CoZ81Ui0m-9KwlBY1L_18myuGuq1wfhWSaZgMttyVfPaERSR0Wqmu7LAocGJai0ki7VeTHjMmuOXSQ61MnpNWipUruRiLyyprs8HFI-qHgPfU8efLGVmXJw7lz5rk-S33lxRh0t2SAn42hdniUbA4mAsYmQO8I4A74zINPNLKP5Q,Sticker | C4LLM3SU3 | Cologne 2026,https://steamcommunity.com/market/listings/730/Sticker%20%7C%20C4LLM3SU3%20%7C%20Cologne%202026,ok
464,22.9,P4,IGNORE,Jee,Player,Paper,Autograph,sticker,Jee,TYLOO,TYLOO,9,0.09,9.0,0.09,Steam,False,0.0,Steam around $0.09,0,Very Cheap,Very Cheap,Low,9.0,9.0,26.0,116,321.31,61,6.0,0.5042,0.273,0.4301,0.3408,36.22222222222222,36.22222222222222,0.4662,0.0,0.65,0.0,+36% expected | 0.47 demand | 65% below high | 189% upside | -65% vs launch,"lower highs, 2P new low, unscored",No clear edge.,,,,,,,,,0.1,0.0,,,,,https://cs2tokens.com/iem-cologne-2026/items/sticker-jee-cologne-2026,https://community.akamai.steamstatic.com/economy/image/i0CoZ81Ui0m-9KwlBY1L_18myuGuq1wfhWSaZgMttyVfPaERSR0Wqmu7LAocGJai0ki7VeTHjMmuOXSQ61MnpNWipUruRiL7m5Ou_3AOv_b_P6Y5cqOWXD7Gwut357A7GXjhx0VxtWiHwoyvJCnDOlUhAowwG7CTk8a94w,Sticker | Jee | Cologne 2026,https://steamcommunity.com/market/listings/730/Sticker%20%7C%20Jee%20%7C%20Cologne%202026,ok
465,22.7,P4,IGNORE,maxxkor,Player,Paper,Autograph,sticker,maxxkor,Sharks Esports,Sharks Esports,3,0.03,3.0,0.03,Steam,False,0.0,Steam around $0.03,0,Very Cheap,Very Cheap,Low,3.0,3.0,17.0,116,321.31,65,6.0,0.5859,0.2809,0.3417,0.4368,98.0,98.0,0.1261,0.0,0.65,0.0,+98% expected | 0.13 demand | 82% below high | 467% upside | -82% vs launch,"lower highs, falling demand, 2P new low, unscored",No clear edge.,,,,,,,,,0.1,0.0,,,,,https://cs2tokens.com/iem-cologne-2026/items/sticker-maxxkor-cologne-2026,https://community.akamai.steamstatic.com/economy/image/i0CoZ81Ui0m-9KwlBY1L_18myuGuq1wfhWSaZgMttyVfPaERSR0Wqmu7LAocGJai0ki7VeTHjMmuOXSQ61MnpNWipUruRiL8n4749i1Joav9bvA4JaWSCD7JxLki47RvGHy1x0l2t26GmYyqeCiTO1AlX8ZwR-MU8k7vm8Gt1lc,Sticker | maxxkor | Cologne 2026,https://steamcommunity.com/market/listings/730/Sticker%20%7C%20maxxkor%20%7C%20Cologne%202026,ok
466,22.5,P4,IGNORE,Sonic (Foil),Player,Foil,Autograph,sticker,Sonic,NRG,NRG,28,0.28,28.0,0.28,Steam,False,0.0,Steam around $0.28,0,Very Cheap,Very Cheap,High,28.0,28.0,182.0,116,321.31,62,6.0,0.6377,0.2679,0.5046,0.3926,84.17857142857143,84.17857142857143,0.1922,0.0,0.65,0.0,+84% expected | 0.19 demand | 85% below high | 550% upside | -74% vs launch,"High crowding, lower highs, 2P new low, unscored",2P is cheaper than current Steam but still above Steam's recorded low; wait for a stronger entry.,1.16,,1.16,1.16,,,-314.2857142857142,-314.2857142857142,0.1,0.0252,1.0,True,,,https://cs2tokens.com/iem-cologne-2026/items/sticker-sonic-foil-cologne-2026,https://community.akamai.steamstatic.com/economy/image/i0CoZ81Ui0m-9KwlBY1L_18myuGuq1wfhWSaZgMttyVfPaERSR0Wqmu7LAocGJai0ki7VeTHjMmuOXSQ61MnpNWipUruRiLikZjp_h1d4PuiJvxuefLACjLBkboi6bM-GnG1xx8mt22EnNn7dy-SO1QpC5AkRLMPsEam0oqwFPeu_dA,Sticker | Sonic (Foil) | Cologne 2026,https://steamcommunity.com/market/listings/730/Sticker%20%7C%20Sonic%20%28Foil%29%20%7C%20Cologne%202026,ok
467,22.3,P4,IGNORE,The Mongolz,Team,Paper,Team,sticker,,The MongolZ,The MongolZ,18,0.18,18.0,0.18,Steam,False,0.0,Steam around $0.18,0,Very Cheap,Very Cheap,Low,18.0,16.0,43.0,116,321.31,61,6.0,0.5284,0.2696,0.4178,0.3734,52.33333333333334,52.33333333333334,0.3684,0.0,0.65,0.0,+52% expected | 0.37 demand | 58% below high | 139% upside | -53% vs launch,"lower highs, 2P new low, unscored",2P is cheaper than current Steam but still above Steam's recorded low; wait for a stronger entry.,0.28,,0.28,0.28,,,-75.00000000000004,-55.55555555555558,0.1,0.0252,1.0,True,,,https://cs2tokens.com/iem-cologne-2026/items/sticker-the-mongolz-cologne-2026,https://community.akamai.steamstatic.com/economy/image/i0CoZ81Ui0m-9KwlBY1L_18myuGuq1wfhWSaZgMttyVfPaERSR0Wqmu7LAocGJai0ki7VeTHjMmuOXSQ61MnpNWipVTpRge_nJS2pXAJuKv3bPw4IqeQCmPDw-tz57c8Hiq3wht2tzjVyditcHqRPRhgVMXjghP7kg,Sticker | The Mongolz | Cologne 2026,https://steamcommunity.com/market/listings/730/Sticker%20%7C%20The%20Mongolz%20%7C%20Cologne%202026,ok
468,22.2,P4,IGNORE,Aurora,Team,Paper,Team,sticker,,Aurora,Aurora,19,0.19,19.0,0.19,Steam,False,0.0,Steam around $0.19,0,Very Cheap,Very Cheap,Low,19.0,17.0,42.0,116,321.31,61,6.0,0.5019,0.2714,0.3813,0.3757,46.84210526315788,46.84210526315788,0.3406,0.0,0.65,0.0,+47% expected | 0.34 demand | 55% below high | 121% upside | -50% vs launch,"lower highs, 2P new low, unscored",2P is cheaper than current Steam but still above Steam's recorded low; wait for a stronger entry.,0.3,,0.3,0.3,,,-76.4705882352941,-57.89473684210525,0.1,0.0252,1.0,True,,,https://cs2tokens.com/iem-cologne-2026/items/sticker-aurora-cologne-2026,https://community.akamai.steamstatic.com/economy/image/i0CoZ81Ui0m-9KwlBY1L_18myuGuq1wfhWSaZgMttyVfPaERSR0Wqmu7LAocGJai0ki7VeTHjMmuOXSQ61MnpNWipVjyUxy_mM_irnJdt6b_MfI5c6mSDDTGmbwh4OQxTirmkE0j4GSBmYmgeCqXZxhgVMUxzE-_zA,Sticker | Aurora | Cologne 2026,https://steamcommunity.com/market/listings/730/Sticker%20%7C%20Aurora%20%7C%20Cologne%202026,ok
469,22.1,P4,IGNORE,zorte (Foil),Player,Foil,Autograph,sticker,zorte,BetBoom,BetBoom,38,0.38,38.0,0.38,Steam,False,0.0,Steam around $0.38,0,Very Cheap,Very Cheap,Medium,38.0,27.0,118.0,116,321.31,60,6.0,0.5252,0.2655,0.4026,0.3473,51.21052631578949,51.21052631578949,0.5977,0.0,0.65,0.0,+51% expected | 0.60 demand | 68% below high | 211% upside | -68% vs launch,"lower highs, 2P new low, unscored",2P is cheaper than current Steam but still above Steam's recorded low; wait for a stronger entry.,0.64,,0.64,0.64,,,-137.037037037037,-68.42105263157895,0.1,0.0252,1.0,True,,,https://cs2tokens.com/iem-cologne-2026/items/sticker-zorte-foil-cologne-2026,https://community.akamai.steamstatic.com/economy/image/i0CoZ81Ui0m-9KwlBY1L_18myuGuq1wfhWSaZgMttyVfPaERSR0Wqmu7LAocGJai0ki7VeTHjMmuOXSQ61MnpNWipUruRiLrkYT0-B1d4PuiJvQ7eaKXVzOVlrZytLlsSXy3wkkk4jncz9mudX_FO1MnDcYlReVftkGm0oqwGQqkJGw,Sticker | zorte (Foil) | Cologne 2026,https://steamcommunity.com/market/listings/730/Sticker%20%7C%20zorte%20%28Foil%29%20%7C%20Cologne%202026,ok
470,22.0,P4,IGNORE,NRG,Team,Paper,Team,sticker,,NRG,NRG,12,0.12,12.0,0.12,Steam,False,0.0,Steam around $0.12,0,Very Cheap,Very Cheap,Low,12.0,9.0,25.0,116,321.31,61,6.0,0.4923,0.2531,0.4202,0.3692,39.16666666666666,39.16666666666666,0.5201,0.0,0.65,0.0,+39% expected | 0.52 demand | 52% below high | 108% upside | -48% vs launch,"lower highs, 2P new low, unscored",No clear edge.,,,,,,,,,0.1,0.0,,,,,https://cs2tokens.com/iem-cologne-2026/items/sticker-nrg-cologne-2026,https://community.akamai.steamstatic.com/economy/image/i0CoZ81Ui0m-9KwlBY1L_18myuGuq1wfhWSaZgMttyVfPaERSR0Wqmu7LAocGJai0ki7VeTHjMmuOXSQ61MnpNWipVf1RlOhz8e0qScPuferavVsePXKVj_Iwr4h6LU4Fn7lxE1_t2iHztv9J3uTcEZ-XRTt_MCV,Sticker | NRG | Cologne 2026,https://steamcommunity.com/market/listings/730/Sticker%20%7C%20NRG%20%7C%20Cologne%202026,ok
471,21.9,P4,IGNORE,C4LLM3SU3 (Foil),Player,Foil,Autograph,sticker,C4LLM3SU3,Lynn Vision,Lynn Vision,85,0.84,85.0,0.84,Steam,False,0.0,Steam around $0.84,0,Cheap,Cheap,Low,85.0,71.0,204.0,116,321.31,60,6.0,0.4824,0.2726,0.4026,0.341,30.45882352941176,30.45882352941176,0.6321,0.0574,0.65,0.0,+30% expected | 0.63 demand | 58% below high | 140% upside | -58% vs launch,"lower highs, 2P new low, unscored",2P is cheaper than current Steam but still above Steam's recorded low; wait for a stronger entry.,1.16,1.16,1.16,1.16,0.0,-8.054268596756441e-15,-65.32528504359489,-38.095238095238095,0.0,0.135,7.0,True,,1.16,https://cs2tokens.com/iem-cologne-2026/items/sticker-c4llm3su3-foil-cologne-2026,https://community.akamai.steamstatic.com/economy/image/i0CoZ81Ui0m-9KwlBY1L_18myuGuq1wfhWSaZgMttyVfPaERSR0Wqmu7LAocGJai0ki7VeTHjMmuOXSQ61MnpNWipUruRiLyyprs8HFI-qGRbqtkLL7LXj6UkLsk4rg6Fn2wwUl_4GrTyd_6dH_COwUlCZZxR-YO5hDrxNPgKaq8sPDIVzk5,Sticker | C4LLM3SU3 (Foil) | Cologne 2026,https://steamcommunity.com/market/listings/730/Sticker%20%7C%20C4LLM3SU3%20%28Foil%29%20%7C%20Cologne%202026,ok
472,21.7,P4,IGNORE,dem0n,Player,Paper,Autograph,sticker,dem0n,,,3,0.03,3.0,0.03,Steam,False,0.0,Steam around $0.03,0,Very Cheap,Very Cheap,Medium,3.0,3.0,26.0,116,321.31,61,6.0,0.6563,0.2686,0.3745,0.4467,145.66666666666666,145.66666666666666,0.1418,0.0,0.65,0.0,+146% expected | 0.14 demand | 88% below high | 767% upside | -88% vs launch,"lower highs, falling demand, 2P new low, unscored",No clear edge.,,,,,,,,,0.1,0.0,,,,,https://cs2tokens.com/iem-cologne-2026/items/sticker-dem0n-cologne-2026,https://community.akamai.steamstatic.com/economy/image/i0CoZ81Ui0m-9KwlBY1L_18myuGuq1wfhWSaZgMttyVfPaERSR0Wqmu7LAocGJai0ki7VeTHjMmuOXSQ61MnpNWipUruRiL1m5uw82xfv_T6PPBoI6nHV2PFwL9y4rUwH3rlwh90smvTmIyqcymQOgRzX5YmW6dU5WtsEl8y,Sticker | dem0n | Cologne 2026,https://steamcommunity.com/market/listings/730/Sticker%20%7C%20dem0n%20%7C%20Cologne%202026,ok
473,21.6,P4,IGNORE,Swisher,Player,Paper,Autograph,sticker,Swisher,M80,M80,5,0.05,5.0,0.05,Steam,False,0.0,Steam around $0.05,0,Very Cheap,Very Cheap,Medium,5.0,4.0,19.0,116,321.31,63,6.0,0.5426,0.2746,0.5312,0.3287,56.60000000000001,56.60000000000001,0.4123,0.0,0.65,0.0,+57% expected | 0.41 demand | 74% below high | 280% upside | -74% vs launch,"lower highs, 2P new low, unscored",No clear edge.,,,,,,,,,0.1,0.0,,,,,https://cs2tokens.com/iem-cologne-2026/items/sticker-swisher-cologne-2026,https://community.akamai.steamstatic.com/economy/image/i0CoZ81Ui0m-9KwlBY1L_18myuGuq1wfhWSaZgMttyVfPaERSR0Wqmu7LAocGJai0ki7VeTHjMmuOXSQ61MnpNWipUruRiLiiZ_z9SdJoaWoMPQ_dvKXXT_DmOgh5rI7Gn_gwEtxsjnUytatIC6VZwInCJFwQrUU8k7viUd2kM4,Sticker | Swisher | Cologne 2026,https://steamcommunity.com/market/listings/730/Sticker%20%7C%20Swisher%20%7C%20Cologne%202026,ok
474,21.6,P4,IGNORE,ryu (Foil),Player,Foil,Autograph,sticker,ryu,Astralis,Astralis,42,0.42,42.0,0.42,Steam,False,0.0,Steam around $0.42,0,Very Cheap,Very Cheap,Medium,42.0,24.0,154.0,116,321.31,60,6.0,0.5087,0.2628,0.4204,0.3196,42.71428571428571,42.71428571428571,0.5897,0.0,0.65,0.0,+43% expected | 0.59 demand | 73% below high | 267% upside | -73% vs launch,"lower highs, 2P new low, unscored",2P is cheaper than current Steam but still above Steam's recorded low; wait for a stronger entry.,0.58,,0.58,0.58,,,-141.66666666666666,-38.095238095238095,0.1,0.0252,1.0,True,,,https://cs2tokens.com/iem-cologne-2026/items/sticker-ryu-foil-cologne-2026,https://raw.githubusercontent.com/ByMykel/counter-strike-image-tracker/main/static/panorama/images/econ/stickers/cologne2026/sig_ryu_foil_png.png,Sticker | ryu (Foil) | Cologne 2026,https://steamcommunity.com/market/listings/730/Sticker%20%7C%20ryu%20%28Foil%29%20%7C%20Cologne%202026,ok
475,21.6,P4,IGNORE,gafolo,Player,Paper,Autograph,sticker,gafolo,Sharks Esports,Sharks Esports,4,0.04,4.0,0.04,Steam,False,0.0,Steam around $0.04,0,Very Cheap,Very Cheap,High,4.0,3.0,17.0,116,321.31,65,6.0,0.5505,0.2578,0.5439,0.3147,54.75000000000001,54.75000000000001,0.4915,0.0,0.65,0.0,+55% expected | 0.49 demand | 76% below high | 325% upside | -76% vs launch,"High crowding, lower highs, 2P new low, unscored",No clear edge.,,,,,,,,,0.1,0.0,,,,,https://cs2tokens.com/iem-cologne-2026/items/sticker-gafolo-cologne-2026,https://community.akamai.steamstatic.com/economy/image/i0CoZ81Ui0m-9KwlBY1L_18myuGuq1wfhWSaZgMttyVfPaERSR0Wqmu7LAocGJai0ki7VeTHjMmuOXSQ61MnpNWipUruRiL2n5Dv8S0VuaKoOqFrdfLACzDCkrwksrQ9Gn_lwkR_5WrSntyseXyXalcnDJpzE_lK7EedCc65vQ,Sticker | gafolo | Cologne 2026,https://steamcommunity.com/market/listings/730/Sticker%20%7C%20gafolo%20%7C%20Cologne%202026,ok
476,21.4,P4,IGNORE,G2 esports,Team,Paper,Team,sticker,,G2 Esports,G2 Esports,14,0.14,14.0,0.14,Steam,False,0.0,Steam around $0.14,0,Very Cheap,Very Cheap,Medium,14.0,11.0,39.0,116,321.31,61,6.0,0.5471,0.2508,0.4275,0.3557,47.57142857142858,47.57142857142858,0.4639,0.0,0.65,0.0,+48% expected | 0.46 demand | 64% below high | 179% upside | -56% vs launch,"lower highs, 2P new low, unscored",No clear edge.,,,,,,,,,0.1,0.0,,,,,https://cs2tokens.com/iem-cologne-2026/items/sticker-g2-esports-cologne-2026,https://community.akamai.steamstatic.com/economy/image/i0CoZ81Ui0m-9KwlBY1L_18myuGuq1wfhWSaZgMttyVfPaERSR0Wqmu7LAocGJai0ki7VeTHjMmuOXSQ61MnpNWipV61DxnwnZCxpXcCuKqoP6U4c6HLWTDBkrkj4eNqG3u1wk5y4T-GmNv_dH2JLlh3LZ1Bsm8,Sticker | G2 esports | Cologne 2026,https://steamcommunity.com/market/listings/730/Sticker%20%7C%20G2%20esports%20%7C%20Cologne%202026,ok
477,21.3,P4,IGNORE,Starry (Foil),Player,Foil,Autograph,sticker,Starry,Lynn Vision,Lynn Vision,35,0.35,35.0,0.35,Steam,False,0.0,Steam around $0.35,0,Very Cheap,Very Cheap,Low,35.0,31.0,117.0,116,321.31,60,6.0,0.5321,0.2757,0.3301,0.3815,68.85714285714286,68.85714285714286,0.1312,0.0,0.65,0.0,+69% expected | 0.13 demand | 70% below high | 234% upside | -70% vs launch,"lower highs, 2P new low, unscored",2P is cheaper than current Steam but still above Steam's recorded low; wait for a stronger entry.,1.48,,1.48,1.48,,,-377.41935483870975,-322.8571428571429,0.1,0.0252,1.0,True,4.76,1.48,https://cs2tokens.com/iem-cologne-2026/items/sticker-starry-foil-cologne-2026,https://community.akamai.steamstatic.com/economy/image/i0CoZ81Ui0m-9KwlBY1L_18myuGuq1wfhWSaZgMttyVfPaERSR0Wqmu7LAocGJai0ki7VeTHjMmuOXSQ61MnpNWipUruRiLiipfy7ztk6f2nZOo5dKnGX2bFl7whtLc_SX-yxhhw5Gjcz9eqcXjFblNzC5d4QLMP4RGwjJS5YBSvLvZM,Sticker | Starry (Foil) | Cologne 2026,https://steamcommunity.com/market/listings/730/Sticker%20%7C%20Starry%20%28Foil%29%20%7C%20Cologne%202026,ok
478,21.1,P4,IGNORE,paiN Gaming,Team,Paper,Team,sticker,,paiN Gaming,paiN Gaming,9,0.09,9.0,0.09,Steam,False,0.0,Steam around $0.09,0,Very Cheap,Very Cheap,Medium,9.0,7.0,26.0,116,321.31,61,6.0,0.5522,0.2454,0.4156,0.3593,42.888888888888886,42.888888888888886,0.4275,0.0,0.65,0.0,+43% expected | 0.43 demand | 65% below high | 189% upside | -65% vs launch,"lower highs, 2P new low, unscored",No clear edge.,,,,,,,,,0.1,0.0,,,,,https://cs2tokens.com/iem-cologne-2026/items/sticker-pain-gaming-cologne-2026,https://community.akamai.steamstatic.com/economy/image/i0CoZ81Ui0m-9KwlBY1L_18myuGuq1wfhWSaZgMttyVfPaERSR0Wqmu7LAocGJai0ki7VeTHjMmuOXSQ61MnpNWipUnmSBO_nZC5rXAL6av8PPw9I_bGWjPFkrkitrI8HH7nxE5_sm2Ay938IHrCPxhgVMV-DT0uLg,Sticker | paiN Gaming | Cologne 2026,https://steamcommunity.com/market/listings/730/Sticker%20%7C%20paiN%20Gaming%20%7C%20Cologne%202026,ok
479,21.1,P4,IGNORE,9z Team (Foil),Team,Foil,Team,sticker,,9z Team,9z Team,143,1.42,143.0,1.42,Steam,False,0.0,Steam around $1.42,0,Cheap,Cheap,Low,143.0,101.0,328.0,116,321.31,60,6.0,0.5077,0.2492,0.3731,0.3584,35.13986013986015,35.13986013986015,0.5374,0.0,0.65,0.0,+35% expected | 0.54 demand | 56% below high | 129% upside | -51% vs launch,"lower highs, 2P new low, unscored",2P is cheaper than current Steam but still above Steam's recorded low; wait for a stronger entry.,2.0,,2.0,2.0,,,-99.4143076279459,-40.845070422535215,0.1,0.0252,1.0,True,2.0,443.61,https://cs2tokens.com/iem-cologne-2026/items/sticker-9z-team-foil-cologne-2026,https://community.akamai.steamstatic.com/economy/image/i0CoZ81Ui0m-9KwlBY1L_18myuGuq1wfhWSaZgMttyVfPaERSR0Wqmu7LAocGJai0ki7VeTHjMmuOXSQ61MnpNWipVfuTxjOmJnp8WwLuqb6MPJveKTGXTHDlrYk5rA_GHnkxR9y4G-HnN-pd3-eOwQgDpskW6dU5RCBn9uN,Sticker | 9z Team (Foil) | Cologne 2026,https://steamcommunity.com/market/listings/730/Sticker%20%7C%209z%20Team%20%28Foil%29%20%7C%20Cologne%202026,ok
480,21.0,P4,IGNORE,kl1m,Player,Paper,Autograph,sticker,kl1m,MIBR,MIBR,4,0.04,4.0,0.04,Steam,False,0.0,Steam around $0.04,0,Very Cheap,Very Cheap,Low,4.0,3.0,19.0,116,321.31,65,6.0,0.5289,0.258,0.4926,0.3159,50.24999999999999,50.24999999999999,0.283,0.0,0.65,0.0,+50% expected | 0.28 demand | 79% below high | 375% upside | -79% vs launch,"lower highs, 2P new low, unscored",No clear edge.,,,,,,,,,0.1,0.0,,,,,https://cs2tokens.com/iem-cologne-2026/items/sticker-kl1m-cologne-2026,https://community.akamai.steamstatic.com/economy/image/i0CoZ81Ui0m-9KwlBY1L_18myuGuq1wfhWSaZgMttyVfPaERSR0Wqmu7LAocGJai0ki7VeTHjMmuOXSQ61MnpNWipUruRiL6ksfts3cL6quvMfE1eaSRWj6VwLoutuBrHX3lkEV-t2TWw9mhJCqVP1AoWJpuBbldVEnW5hs,Sticker | kl1m | Cologne 2026,https://steamcommunity.com/market/listings/730/Sticker%20%7C%20kl1m%20%7C%20Cologne%202026,ok
481,20.9,P4,IGNORE,JBa,Player,Paper,Autograph,sticker,JBa,M80,M80,4,0.04,4.0,0.04,Steam,False,0.0,Steam around $0.04,0,Very Cheap,Very Cheap,Medium,4.0,4.0,21.0,116,321.31,63,6.0,0.6003,0.2624,0.427,0.3629,77.25,77.25,0.2204,0.0,0.65,0.0,+77% expected | 0.22 demand | 81% below high | 425% upside | -81% vs launch,"lower highs, 2P new low, unscored",No clear edge.,,,,,,,,,0.1,0.0,,,,,https://cs2tokens.com/iem-cologne-2026/items/sticker-jba-cologne-2026,https://community.akamai.steamstatic.com/economy/image/i0CoZ81Ui0m-9KwlBY1L_18myuGuq1wfhWSaZgMttyVfPaERSR0Wqmu7LAocGJai0ki7VeTHjMmuOXSQ61MnpNWipUruRiL7nJeu_HID66f8OvQ6JqPCD2KTxb9w4bI6Gi2xwB90tzzSwo2seC3FOAZ2WYwwG7Cu2YKjww,Sticker | JBa | Cologne 2026,https://steamcommunity.com/market/listings/730/Sticker%20%7C%20JBa%20%7C%20Cologne%202026,ok
482,20.9,P4,IGNORE,woxic (Foil),Player,Foil,Autograph,sticker,woxic,Aurora,Aurora,42,0.42,42.0,0.42,Steam,False,0.0,Steam around $0.42,0,Very Cheap,Very Cheap,Low,42.0,34.0,162.0,116,321.31,60,6.0,0.5334,0.2627,0.3986,0.3427,59.19047619047619,59.19047619047619,0.269,0.0,0.65,0.0,+59% expected | 0.27 demand | 74% below high | 286% upside | -74% vs launch,"lower highs, 2P new low, unscored",2P is cheaper than current Steam but still above Steam's recorded low; wait for a stronger entry.,0.75,,0.75,0.75,,,-120.58823529411768,-78.57142857142858,0.1,0.0252,1.0,True,,,https://cs2tokens.com/iem-cologne-2026/items/sticker-woxic-foil-cologne-2026,https://community.akamai.steamstatic.com/economy/image/i0CoZ81Ui0m-9KwlBY1L_18myuGuq1wfhWSaZgMttyVfPaERSR0Wqmu7LAocGJai0ki7VeTHjMmuOXSQ61MnpNWipUruRiLmkY7p_h1d4PuiJvBvIaeRV2bEmegh6bMwFi-yw0l0423WyN2vcijGPw4hDpMmRe4I5ham0oqwVXrSfmM,Sticker | woxic (Foil) | Cologne 2026,https://steamcommunity.com/market/listings/730/Sticker%20%7C%20woxic%20%28Foil%29%20%7C%20Cologne%202026,ok
483,20.8,P4,IGNORE,faveN,Player,Paper,Autograph,sticker,faveN,BIG,BIG,4,0.04,4.0,0.04,Steam,False,0.0,Steam around $0.04,0,Very Cheap,Very Cheap,High,4.0,2.0,20.0,116,321.31,65,6.0,0.5287,0.2512,0.5383,0.286,51.24999999999999,51.24999999999999,0.5259,0.0,0.65,0.0,+51% expected | 0.53 demand | 80% below high | 400% upside | -80% vs launch,"High crowding, lower highs, 2P new low, unscored",No clear edge.,,,,,,,,,0.1,0.0,,,,,https://cs2tokens.com/iem-cologne-2026/items/sticker-faven-cologne-2026,https://community.akamai.steamstatic.com/economy/image/i0CoZ81Ui0m-9KwlBY1L_18myuGuq1wfhWSaZgMttyVfPaERSR0Wqmu7LAocGJai0ki7VeTHjMmuOXSQ61MnpNWipUruRiL3n4Dl82xet6Wtavc_I6fBXGHGkugnsbdqTnjrwRxx5Tzcw4yhdH3GbAV0XsZ3W6dU5adRXNWG,Sticker | faveN | Cologne 2026,https://steamcommunity.com/market/listings/730/Sticker%20%7C%20faveN%20%7C%20Cologne%202026,ok
484,20.7,P4,IGNORE,MoDo (Foil),Player,Foil,Autograph,sticker,MoDo,,,30,0.3,30.0,0.3,Steam,False,0.0,Steam around $0.30,0,Very Cheap,Very Cheap,Low,30.0,25.0,120.0,116,321.31,60,6.0,0.5443,0.2646,0.3581,0.3685,64.26666666666667,64.26666666666667,0.1144,0.0,0.65,0.0,+64% expected | 0.11 demand | 75% below high | 300% upside | -75% vs launch,"lower highs, 2P new low, unscored",2P is cheaper than current Steam but still above Steam's recorded low; wait for a stronger entry.,0.57,,0.57,0.57,,,-128.0,-89.99999999999999,0.1,0.0252,1.0,True,,,https://cs2tokens.com/iem-cologne-2026/items/sticker-modo-foil-cologne-2026,https://community.akamai.steamstatic.com/economy/image/i0CoZ81Ui0m-9KwlBY1L_18myuGuq1wfhWSaZgMttyVfPaERSR0Wqmu7LAocGJai0ki7VeTHjMmuOXSQ61MnpNWipUruRiL8kZLvwiRU5v7gPaBoI6WVXTHHwu8h5rY4HHHrzUUjtjjWzoyvcniTaw4kWJR2RbMJ5g74zIOZEHckNQ,Sticker | MoDo (Foil) | Cologne 2026,https://steamcommunity.com/market/listings/730/Sticker%20%7C%20MoDo%20%28Foil%29%20%7C%20Cologne%202026,ok
485,20.7,P4,IGNORE,westmelon (Foil),Player,Foil,Autograph,sticker,westmelon,Lynn Vision,Lynn Vision,33,0.33,33.0,0.33,Steam,False,0.0,Steam around $0.33,0,Very Cheap,Very Cheap,Low,33.0,26.0,100.0,116,321.31,62,6.0,0.4982,0.2653,0.3419,0.3582,50.87878787878788,50.87878787878788,0.2288,0.0,0.65,0.0,+51% expected | 0.23 demand | 67% below high | 203% upside | -67% vs launch,"lower highs, 2P new low, unscored",No clear edge.,,,,,,,,,0.1,0.0,,,,,https://cs2tokens.com/iem-cologne-2026/items/sticker-westmelon-foil-cologne-2026,https://community.akamai.steamstatic.com/economy/image/i0CoZ81Ui0m-9KwlBY1L_18myuGuq1wfhWSaZgMttyVfPaERSR0Wqmu7LAocGJai0ki7VeTHjMmuOXSQ61MnpNWipUruRiLmm4X08CdX4PyRbqtkLL6QVmXCme1ws7A5HX-2lkgjt2jTmdb_dC2ROg8hDcF2QrFYthe7moayKaq8sMd2NtUV,Sticker | westmelon (Foil) | Cologne 2026,https://steamcommunity.com/market/listings/730/Sticker%20%7C%20westmelon%20%28Foil%29%20%7C%20Cologne%202026,ok
486,20.7,P4,IGNORE,tabseN (Foil),Player,Foil,Autograph,sticker,tabseN,BIG,BIG,45,0.45,45.0,0.45,Steam,False,0.0,Steam around $0.45,0,Very Cheap,Very Cheap,Medium,45.0,24.0,142.0,116,321.31,60,6.0,0.4837,0.2493,0.5201,0.2891,45.28888888888889,45.28888888888889,0.5589,0.0,0.65,0.0,+45% expected | 0.56 demand | 68% below high | 216% upside | -67% vs launch,"lower highs, 2P new low, unscored",No clear edge.,,,,,,,,,0.1,0.0,,,,,https://cs2tokens.com/iem-cologne-2026/items/sticker-tabsen-foil-cologne-2026,https://community.akamai.steamstatic.com/economy/image/i0CoZ81Ui0m-9KwlBY1L_18myuGuq1wfhWSaZgMttyVfPaERSR0Wqmu7LAocGJai0ki7VeTHjMmuOXSQ61MnpNWipUruRiLln5Tz-Cxk6f2nZOo7daCVDDGWxOtz4rVvGC-wlE5y627dmNyvcX_DZ1UmDZV0Tede4UW5jJS5YLMciT0a,Sticker | tabseN (Foil) | Cologne 2026,https://steamcommunity.com/market/listings/730/Sticker%20%7C%20tabseN%20%28Foil%29%20%7C%20Cologne%202026,ok
487,20.4,P4,IGNORE,Liazz (Gold),Player,Gold,Autograph,sticker,Liazz,,,1054,10.43,677.07,6.7,2P,True,35.76,"2P around $6.70, 36% below Steam",0,Premium,Expensive,Medium,1054.0,643.0,2598.0,116,321.31,57,6.0,0.6738,0.3326,0.4651,0.5126,18.924098671726757,85.13109688747913,0.4954,0.0,0.65,0.0,+85% expected | 0.50 demand | 2P 36% below Steam | 74% below high | 284% upside,"lower highs, 2P new low, unscored",No clear edge.,6.7,,6.7,6.7,,,-5.298002382766541,35.762224352828376,0.1,0.0815,1.0,True,,,https://cs2tokens.com/iem-cologne-2026/items/sticker-liazz-gold-cologne-2026,https://community.akamai.steamstatic.com/economy/image/i0CoZ81Ui0m-9KwlBY1L_18myuGuq1wfhWSaZgMttyVfPaERSR0Wqmu7LAocGJai0ki7VeTHjMmuOXSQ61MnpNWipUruRiL9l5f65x1c4P6qJqVvePSSXGXFkuom6Oc6Hyrhlxlw5myAzN2geXLEbAF1XMQjTOBbsEam0oqw2kqVUvU,Sticker | Liazz (Gold) | Cologne 2026,https://steamcommunity.com/market/listings/730/Sticker%20%7C%20Liazz%20%28Gold%29%20%7C%20Cologne%202026,ok
488,20.4,P4,IGNORE,Monte,Team,Paper,Team,sticker,,Monte,Monte,16,0.16,16.0,0.16,Steam,False,0.0,Steam around $0.16,0,Very Cheap,Very Cheap,Medium,16.0,12.0,40.0,116,321.31,61,6.0,0.5135,0.2467,0.3967,0.3434,49.68749999999999,49.68749999999999,0.4533,0.0,0.65,0.0,+50% expected | 0.45 demand | 60% below high | 150% upside | -47% vs launch,"lower highs, 2P new low, unscored",2P is cheaper than current Steam but still above Steam's recorded low; wait for a stronger entry.,0.28,,0.28,0.28,,,-133.33333333333337,-75.00000000000001,0.1,0.0252,1.0,True,,,https://cs2tokens.com/iem-cologne-2026/items/sticker-monte-cologne-2026,https://community.akamai.steamstatic.com/economy/image/i0CoZ81Ui0m-9KwlBY1L_18myuGuq1wfhWSaZgMttyVfPaERSR0Wqmu7LAocGJai0ki7VeTHjMmuOXSQ61MnpNWipVToTwm_z5C2-CYK7qH6O6I0IqfBDTaUwrwj4bA8GXrklx5ztj_Ty9-gdS6WaBhgVMUmQLoW1g,Sticker | Monte | Cologne 2026,https://steamcommunity.com/market/listings/730/Sticker%20%7C%20Monte%20%7C%20Cologne%202026,ok
489,20.4,P4,IGNORE,latto,Player,Paper,Autograph,sticker,latto,Legacy,Legacy,5,0.05,5.0,0.05,Steam,False,0.0,Steam around $0.05,0,Very Cheap,Very Cheap,High,5.0,4.0,23.0,116,321.31,61,6.0,0.5619,0.256,0.5419,0.3123,71.8,71.8,0.3284,0.0,0.65,0.0,+72% expected | 0.33 demand | 78% below high | 360% upside | -78% vs launch,"High crowding, lower highs, 2P new low, unscored",No clear edge.,,,,,,,,,0.1,0.0,,,,,https://cs2tokens.com/iem-cologne-2026/items/sticker-latto-cologne-2026,https://community.akamai.steamstatic.com/economy/image/i0CoZ81Ui0m-9KwlBY1L_18myuGuq1wfhWSaZgMttyVfPaERSR0Wqmu7LAocGJai0ki7VeTHjMmuOXSQ61MnpNWipUruRiL9n4L08mxe7fCoPfRud_HKDDPFlu0u6blvGnu1wU9z52jSz9msdXzDO1N1WJV1W6dU5UEhmJEf,Sticker | latto | Cologne 2026,https://steamcommunity.com/market/listings/730/Sticker%20%7C%20latto%20%7C%20Cologne%202026,ok
490,20.2,P4,IGNORE,FalleN (Gold),Player,Gold,Autograph,sticker,FalleN,FURIA,FURIA,9227,91.35,5393.78,53.4,2P,True,41.54,"2P around $53.40, 42% below Steam",0,Premium,Premium,Medium,9227.0,9227.0,39891.0,116,321.31,57,6.0,0.6848,0.3372,0.5177,0.464,76.75235721252844,202.3656897259265,0.4586,0.0,0.65,0.0,+202% expected | 0.46 demand | 2P 42% below Steam | 86% below high | 640% upside,"lower highs, 2P new low, unscored",No clear edge.,53.4,,53.4,53.4,,,41.54351395730706,41.54351395730706,0.1,0.1688,1.0,True,,,https://cs2tokens.com/iem-cologne-2026/items/sticker-fallen-gold-cologne-2026,https://community.akamai.steamstatic.com/economy/image/i0CoZ81Ui0m-9KwlBY1L_18myuGuq1wfhWSaZgMttyVfPaERSR0Wqmu7LAocGJai0ki7VeTHjMmuOXSQ61MnpNWipUruRiL3n5rs-Cxk6P2ibOpvc6OSXGTBkOgu6bA-HCrrlkt26mqBmI78dn-UPAZ0DcR1Q-IOsBfujJS5YGgrD_S6,Sticker | FalleN (Gold) | Cologne 2026,https://steamcommunity.com/market/listings/730/Sticker%20%7C%20FalleN%20%28Gold%29%20%7C%20Cologne%202026,ok
491,20.1,P4,IGNORE,Jimpphat (Gold),Player,Gold,Autograph,sticker,Jimpphat,MOUZ,MOUZ,1517,15.02,969.59,9.6,2P,True,36.09,"2P around $9.60, 36% below Steam",0,Premium,Expensive,Low,1517.0,991.0,5095.0,116,321.31,57,6.0,0.6877,0.3142,0.4681,0.4974,22.421226104152936,91.5382100087893,0.433,0.0308,0.65,0.0,+92% expected | 0.43 demand | 2P 36% below Steam | 81% below high | 425% upside,"lower highs, 2P new low, unscored",No clear edge.,9.6,,9.6,9.6,,,2.160724818976652,36.085219707057256,0.1,0.0861,1.0,True,,,https://cs2tokens.com/iem-cologne-2026/items/sticker-jimpphat-gold-cologne-2026,https://community.akamai.steamstatic.com/economy/image/i0CoZ81Ui0m-9KwlBY1L_18myuGuq1wfhWSaZgMttyVfPaERSR0Wqmu7LAocGJai0ki7VeTHjMmuOXSQ61MnpNWipUruRiL7l5vw7Spa-82pZ6hpbqKXWjOWwuwktLk6Tijqx08j6jmHmdiodH6QZwQmApZ4QOYLs0Huwdf5d7S190aqUhY,Sticker | Jimpphat (Gold) | Cologne 2026,https://steamcommunity.com/market/listings/730/Sticker%20%7C%20Jimpphat%20%28Gold%29%20%7C%20Cologne%202026,ok
492,19.9,P4,IGNORE,dgt (Foil),Player,Foil,Autograph,sticker,dgt,9z Team,9z Team,37,0.37,37.0,0.37,Steam,False,0.0,Steam around $0.37,0,Very Cheap,Very Cheap,High,37.0,13.0,145.0,116,321.31,60,6.0,0.4912,0.2301,0.539,0.2458,22.972972972972983,22.972972972972983,0.7982,0.0,0.65,0.0,+23% expected | 0.80 demand | 74% below high | 292% upside | -74% vs launch,"High crowding, lower highs, 2P new low, unscored",2P is cheaper than current Steam but still above Steam's recorded low; wait for a stronger entry.,0.96,,0.96,0.96,,,-638.4615384615385,-159.45945945945945,0.1,0.0252,1.0,True,0.96,,https://cs2tokens.com/iem-cologne-2026/items/sticker-dgt-foil-cologne-2026,https://community.akamai.steamstatic.com/economy/image/i0CoZ81Ui0m-9KwlBY1L_18myuGuq1wfhWSaZgMttyVfPaERSR0Wqmu7LAocGJai0ki7VeTHjMmuOXSQ61MnpNWipUruRiL1mYLf-y1S47ytP6I7cKPEW2KSmOogsuBvHyjjwksi6zzXm4qsI3jFPVchWcYiQ-8PrFDmxQI142i_,Sticker | dgt (Foil) | Cologne 2026,https://steamcommunity.com/market/listings/730/Sticker%20%7C%20dgt%20%28Foil%29%20%7C%20Cologne%202026,ok
493,19.8,P4,IGNORE,br0 (Foil),Player,Foil,Autograph,sticker,br0,NRG,NRG,47,0.47,47.0,0.47,Steam,False,0.0,Steam around $0.47,0,Very Cheap,Very Cheap,Low,47.0,45.0,128.0,116,321.31,60,6.0,0.4962,0.2594,0.3479,0.3444,53.36170212765956,53.36170212765956,0.1577,0.0,0.65,0.0,+53% expected | 0.16 demand | 63% below high | 172% upside | -62% vs launch,"lower highs, 2P new low, unscored",2P is cheaper than current Steam but still above Steam's recorded low; wait for a stronger entry.,23.32,,23.32,23.32,,,-5082.222222222223,-4861.702127659575,0.1,0.0252,1.0,True,23.32,,https://cs2tokens.com/iem-cologne-2026/items/sticker-br0-foil-cologne-2026,https://community.akamai.steamstatic.com/economy/image/i0CoZ81Ui0m-9KwlBY1L_18myuGuq1wfhWSaZgMttyVfPaERSR0Wqmu7LAocGJai0ki7VeTHjMmuOXSQ61MnpNWipUruRiLzjMbf-y1S47yqMfw-IaaSXWbIl-t1tbJtTnC2lE50tW7UmI2sc3mXOw4hCsckTeNYrFDmxcUpw1pz,Sticker | br0 (Foil) | Cologne 2026,https://steamcommunity.com/market/listings/730/Sticker%20%7C%20br0%20%28Foil%29%20%7C%20Cologne%202026,ok
494,19.8,P4,IGNORE,iM (Foil),Player,Foil,Autograph,sticker,iM,Natus Vincere,Natus Vincere,83,0.82,83.0,0.82,Steam,False,0.0,Steam around $0.82,0,Cheap,Cheap,Low,83.0,69.0,239.0,116,321.31,60,6.0,0.4756,0.2594,0.3652,0.3231,51.45783132530119,51.45783132530119,0.2917,0.0,0.65,0.0,+51% expected | 0.29 demand | 65% below high | 188% upside | -64% vs launch,"lower highs, 2P new low, unscored",2P is cheaper than current Steam but still above Steam's recorded low; wait for a stronger entry.,1.55,,1.55,1.55,,,-127.3771650759986,-89.02439024390245,0.1,0.0252,1.0,True,,,https://cs2tokens.com/iem-cologne-2026/items/sticker-im-foil-cologne-2026,https://community.akamai.steamstatic.com/economy/image/i0CoZ81Ui0m-9KwlBY1L_18myuGuq1wfhWSaZgMttyVfPaERSR0Wqmu7LAocGJai0ki7VeTHjMmuOXSQ61MnpNWipUruRiL4k6nm8itXoff-bPU4c6bGXGHJk7114-RtS3nlzUUh52rSzIn4cyrEPVcpC8F5ReYU8k7vLnipgJk,Sticker | iM (Foil) | Cologne 2026,https://steamcommunity.com/market/listings/730/Sticker%20%7C%20iM%20%28Foil%29%20%7C%20Cologne%202026,ok
495,19.7,P4,IGNORE,arT (Foil),Player,Foil,Autograph,sticker,arT,Legacy,Legacy,44,0.44,44.0,0.44,Steam,False,0.0,Steam around $0.44,0,Very Cheap,Very Cheap,Medium,44.0,40.0,168.0,116,321.31,60,6.0,0.5623,0.2573,0.4766,0.3349,75.02272727272728,75.02272727272728,0.145,0.0,0.65,0.0,+75% expected | 0.14 demand | 74% below high | 282% upside | -70% vs launch,"lower highs, 2P new low, unscored",2P is cheaper than current Steam but still above Steam's recorded low; wait for a stronger entry.,1.1,,1.1,1.1,,,-175.00000000000006,-150.00000000000003,0.1,0.0252,1.0,True,,,https://cs2tokens.com/iem-cologne-2026/items/sticker-art-foil-cologne-2026,https://community.akamai.steamstatic.com/economy/image/i0CoZ81Ui0m-9KwlBY1L_18myuGuq1wfhWSaZgMttyVfPaERSR0Wqmu7LAocGJai0ki7VeTHjMmuOXSQ61MnpNWipUruRiLwjILf-y1S47z7Pqc5dvHADWORmbcvsrRvGCq3lE0msTmDno6reH2WOgUnDZF0F7QMrFDmxVR7smZU,Sticker | arT (Foil) | Cologne 2026,https://steamcommunity.com/market/listings/730/Sticker%20%7C%20arT%20%28Foil%29%20%7C%20Cologne%202026,ok
496,19.5,P4,IGNORE,PARIVISION,Team,Paper,Team,sticker,,PARIVISION,PARIVISION,30,0.3,30.0,0.3,Steam,False,0.0,Steam around $0.30,0,Very Cheap,Very Cheap,High,30.0,29.0,247.0,116,321.31,61,6.0,0.6017,0.2415,0.554,0.282,41.96666666666668,41.96666666666668,0.2797,0.0,0.65,0.0,+42% expected | 0.28 demand | 88% below high | 723% upside | -29% vs launch,"High crowding, lower highs, 2P new low, unscored",No clear edge.,,,,,,,,,0.1,0.0,,,,,https://cs2tokens.com/iem-cologne-2026/items/sticker-parivision-cologne-2026,https://community.akamai.steamstatic.com/economy/image/i0CoZ81Ui0m-9KwlBY1L_18myuGuq1wfhWSaZgMttyVfPaERSR0Wqmu7LAocGJai0ki7VeTHjMmuOXSQ61MnpNWipUnmUxS_zMK5_HcMvqT-bPZoeaGVCzTGk7ghs7lsGy-wwRwmtWvWw4yrdn3GbBhgVMVqGMe0yQ,Sticker | PARIVISION | Cologne 2026,https://steamcommunity.com/market/listings/730/Sticker%20%7C%20PARIVISION%20%7C%20Cologne%202026,ok
497,19.5,P4,IGNORE,jabbi,Player,Paper,Autograph,sticker,jabbi,Astralis,Astralis,5,0.05,5.0,0.05,Steam,False,0.0,Steam around $0.05,0,Very Cheap,Very Cheap,Medium,5.0,3.0,24.0,116,321.31,63,6.0,0.5164,0.2399,0.546,0.2641,44.99999999999999,44.99999999999999,0.4657,0.0,0.65,0.0,+45% expected | 0.47 demand | 79% below high | 380% upside | -79% vs launch,"lower highs, 2P new low, unscored",No clear edge.,,,,,,,,,0.1,0.0,,,,,https://cs2tokens.com/iem-cologne-2026/items/sticker-jabbi-cologne-2026,https://community.akamai.steamstatic.com/economy/image/i0CoZ81Ui0m-9KwlBY1L_18myuGuq1wfhWSaZgMttyVfPaERSR0Wqmu7LAocGJai0ki7VeTHjMmuOXSQ61MnpNWipUruRiL7n5Ti9GxY7PH_P_JuI6PKXmTAkux147k9Tirjl0wi5G3XzYz8JC3BbgF2X5p1W6dU5ZgscP-M,Sticker | jabbi | Cologne 2026,https://steamcommunity.com/market/listings/730/Sticker%20%7C%20jabbi%20%7C%20Cologne%202026,ok
498,19.4,P4,IGNORE,JamYoung (Gold),Player,Gold,Autograph,sticker,JamYoung,TYLOO,TYLOO,11327,112.14,3472.64,34.38,2P,True,69.34,"2P around $34.38, 69% below Steam",0,Premium,Premium,Medium,11327.0,4865.0,26423.0,116,321.31,57,6.0,0.6954,0.3344,0.4626,0.4779,-1.2759777522733384,222.0160516247838,0.5152,0.0842,0.65,0.0,+222% expected | 0.52 demand | 2P 69% below Steam | 87% below high | 661% upside,"lower highs, 2P new low, unscored",No clear edge.,34.38,,34.38,34.38,,,28.619863109741512,69.34189406099517,0.1,0.1628,1.0,True,,,https://cs2tokens.com/iem-cologne-2026/items/sticker-jamyoung-gold-cologne-2026,https://community.akamai.steamstatic.com/economy/image/i0CoZ81Ui0m-9KwlBY1L_18myuGuq1wfhWSaZgMttyVfPaERSR0Wqmu7LAocGJai0ki7VeTHjMmuOXSQ61MnpNWipUruRiL7n5v58jdV6M2pZ6hpbqLLXzKSwu0h5LhvSnvlxBsh4mzcyIr9cH7FbQRxCJpyTOYKsBbtm4H5d7S1sqKJ2qE,Sticker | JamYoung (Gold) | Cologne 2026,https://steamcommunity.com/market/listings/730/Sticker%20%7C%20JamYoung%20%28Gold%29%20%7C%20Cologne%202026,ok
499,19.3,P4,IGNORE,zweih,Player,Paper,Autograph,sticker,zweih,PARIVISION,PARIVISION,6,0.06,6.0,0.06,Steam,False,0.0,Steam around $0.06,0,Very Cheap,Very Cheap,Medium,6.0,5.0,28.0,116,321.31,61,6.0,0.5341,0.2458,0.3945,0.3054,57.16666666666666,57.16666666666666,0.3447,0.0,0.65,0.0,+57% expected | 0.34 demand | 79% below high | 367% upside | -79% vs launch,"lower highs, 2P new low, unscored",No clear edge.,,,,,,,,,0.1,0.0,,,,,https://cs2tokens.com/iem-cologne-2026/items/sticker-zweih-cologne-2026,https://community.akamai.steamstatic.com/economy/image/i0CoZ81Ui0m-9KwlBY1L_18myuGuq1wfhWSaZgMttyVfPaERSR0Wqmu7LAocGJai0ki7VeTHjMmuOXSQ61MnpNWipUruRiLriZPp9WxZuqf8Mfw_I6fHDDDHlu935bZsGHjilhslsjnXyt_7cC_FP1MnA5EjW6dU5eIUiLfs,Sticker | zweih | Cologne 2026,https://steamcommunity.com/market/listings/730/Sticker%20%7C%20zweih%20%7C%20Cologne%202026,ok
500,19.2,P4,IGNORE,phzy,Player,Paper,Autograph,sticker,phzy,Astralis,Astralis,6,0.06,6.0,0.06,Steam,False,0.0,Steam around $0.06,0,Very Cheap,Very Cheap,High,6.0,4.0,31.0,116,321.31,63,6.0,0.5399,0.2517,0.5272,0.2756,54.49999999999999,54.49999999999999,0.4474,0.0,0.65,0.0,+54% expected | 0.45 demand | 81% below high | 417% upside | -75% vs launch,"High crowding, lower highs, 2P new low, unscored",No clear edge.,,,,,,,,,0.1,0.0,,,,,https://cs2tokens.com/iem-cologne-2026/items/sticker-phzy-cologne-2026,https://community.akamai.steamstatic.com/economy/image/i0CoZ81Ui0m-9KwlBY1L_18myuGuq1wfhWSaZgMttyVfPaERSR0Wqmu7LAocGJai0ki7VeTHjMmuOXSQ61MnpNWipUruRiLhloz5s3EOvKb2a_VrdfXLXGXExLgj5eJsHHzrwhl-5z_Rydb_IH6ebwNxCZJuBbldtcZFGzE,Sticker | phzy | Cologne 2026,https://steamcommunity.com/market/listings/730/Sticker%20%7C%20phzy%20%7C%20Cologne%202026,ok
501,19.1,P4,IGNORE,Vitality (Gold),Team,Gold,Team,sticker,,Vitality,Vitality,24315,240.72,4326.24,42.83,2P,True,82.21,"2P around $42.83, 82% below Steam",0,Premium,Premium,Low,24315.0,11377.0,31705.0,116,321.31,57,6.0,0.6996,0.3407,0.2156,0.5516,-15.837096442525189,373.0257796954316,0.5081,0.0246,0.65,0.0,+373% expected | 0.51 demand | 2P 82% below Steam | 86% below high | 633% upside,"lower highs, 2P new low, unscored",No clear edge.,42.83,,42.83,42.83,,,61.97384488005615,82.20754403456297,0.1,0.196,1.0,True,,,https://cs2tokens.com/iem-cologne-2026/items/sticker-vitality-gold-cologne-2026,https://community.akamai.steamstatic.com/economy/image/i0CoZ81Ui0m-9KwlBY1L_18myuGuq1wfhWSaZgMttyVfPaERSR0Wqmu7LAocGJai0ki7VeTHjMmuOXSQ61MnpNWipU_uVRzOmZns-WxauaSqa6c5dPWVVmKVmL4k5rVvTXrjkBh_4DzQzd-vIH-SOFd2WMN1W6dU5T8DJOLj,Sticker | Vitality (Gold) | Cologne 2026,https://steamcommunity.com/market/listings/730/Sticker%20%7C%20Vitality%20%28Gold%29%20%7C%20Cologne%202026,ok
502,19.1,P4,IGNORE,MIBR (Gold),Team,Gold,Team,sticker,,MIBR,MIBR,45631,451.75,2266.65,22.44,2P,True,95.03,"2P around $22.44, 95% below Steam",0,Premium,Premium,Medium,45631.0,1418.0,93804.0,116,321.31,57,6.0,0.7331,0.3286,0.3902,0.4919,-47.57962788455217,955.2987122617448,0.6423,0.0889,0.65,0.0,+955% expected | 0.64 demand | 2P 95% below Steam | 98% below high | 4038% upside,"lower highs, 2P new low, unscored",2P is cheaper than current Steam but still above Steam's recorded low; wait for a stronger entry.,22.44,,22.44,22.44,,,-59.84845644153008,95.03265080243496,0.1,0.0477,1.0,True,,,https://cs2tokens.com/iem-cologne-2026/items/sticker-mibr-gold-cologne-2026,https://community.akamai.steamstatic.com/economy/image/i0CoZ81Ui0m-9KwlBY1L_18myuGuq1wfhWSaZgMttyVfPaERSR0Wqmu7LAocGJai0ki7VeTHjMmuOXSQ61MnpNWipVTuQw_OmZns-WwNuaKvMPBvI6DEWz_DxL5zsec4GH3klk8m627cntupJS-WPVUoDZcjW6dU5fc0n42h,Sticker | MIBR (Gold) | Cologne 2026,https://steamcommunity.com/market/listings/730/Sticker%20%7C%20MIBR%20%28Gold%29%20%7C%20Cologne%202026,ok
503,19.1,P4,IGNORE,magixx (Gold),Player,Gold,Autograph,sticker,magixx,Team Spirit,Team Spirit,6997,69.27,1924.25,19.05,2P,True,72.5,"2P around $19.05, 72% below Steam",0,Premium,Premium,Medium,6997.0,2238.0,14510.0,116,321.31,57,6.0,0.7024,0.3218,0.5521,0.473,-23.797341717879096,177.08966609986953,0.4269,0.0,0.65,0.0,+177% expected | 0.43 demand | 2P 72% below Steam | 87% below high | 654% upside,"lower highs, 2P new low, unscored",No clear edge.,19.05,,19.05,19.05,,,14.019179718326429,72.49891728020789,0.1,0.134,1.0,True,,,https://cs2tokens.com/iem-cologne-2026/items/sticker-magixx-gold-cologne-2026,https://community.akamai.steamstatic.com/economy/image/i0CoZ81Ui0m-9KwlBY1L_18myuGuq1wfhWSaZgMttyVfPaERSR0Wqmu7LAocGJai0ki7VeTHjMmuOXSQ61MnpNWipUruRiL8n5Hp5Tpk6P2ibOo0IanFXjSTxex157JsTii1zB8i52mHzdqsJHmeOgMmD5YkE-ZYtha6jJS5YNY0_JAX,Sticker | magixx (Gold) | Cologne 2026,https://steamcommunity.com/market/listings/730/Sticker%20%7C%20magixx%20%28Gold%29%20%7C%20Cologne%202026,ok
504,19.1,P4,IGNORE,m0NESY (Gold),Player,Gold,Autograph,sticker,m0NESY,Falcons,Falcons,20772,205.64,6698.07,66.31,2P,True,67.75,"2P around $66.31, 68% below Steam",0,Premium,Premium,Low,20772.0,14406.0,44726.0,116,321.31,57,6.0,0.6438,0.333,0.4092,0.4705,3.601867899094935,221.28921904343056,0.2995,0.0,0.65,0.0,+221% expected | 0.30 demand | 2P 68% below Steam | 85% below high | 568% upside,"lower highs, 2P new low, unscored",No clear edge.,66.31,,66.31,66.31,,,53.50499099083479,67.75432795176035,0.1,0.1944,1.0,True,,,https://cs2tokens.com/iem-cologne-2026/items/sticker-m0nesy-gold-cologne-2026,https://community.akamai.steamstatic.com/economy/image/i0CoZ81Ui0m-9KwlBY1L_18myuGuq1wfhWSaZgMttyVfPaERSR0Wqmu7LAocGJai0ki7VeTHjMmuOXSQ61MnpNWipUruRiL8zpjl7jtk6P2ibOo5cfHKV2XBkO0i5eIwHCiwxEQk5WSAyoyoJHmfbg4mCcN2F-VZukTtjJS5YBltmHKb,Sticker | m0NESY (Gold) | Cologne 2026,https://steamcommunity.com/market/listings/730/Sticker%20%7C%20m0NESY%20%28Gold%29%20%7C%20Cologne%202026,ok
505,19.1,P4,IGNORE,z4KR,Player,Paper,Autograph,sticker,z4KR,Lynn Vision,Lynn Vision,5,0.05,5.0,0.05,Steam,False,0.0,Steam around $0.05,0,Very Cheap,Very Cheap,Medium,5.0,4.0,20.0,116,321.31,61,6.0,0.5344,0.2576,0.3711,0.328,73.6,73.6,0.3345,0.0,0.65,0.0,+74% expected | 0.33 demand | 75% below high | 300% upside | -74% vs launch,"lower highs, 2P new low, unscored",No clear edge.,,,,,,,,,0.1,0.0,,,,,https://cs2tokens.com/iem-cologne-2026/items/sticker-z4kr-cologne-2026,https://community.akamai.steamstatic.com/economy/image/i0CoZ81Ui0m-9KwlBY1L_18myuGuq1wfhWSaZgMttyVfPaERSR0Wqmu7LAocGJai0ki7VeTHjMmuOXSQ61MnpNWipUruRiLryp3ysyMPtvP-O_c1cPHEWmTHlL0i5LJqFn3lxk1w62SBydahdHvGZ1AnDpRuBbldUh3zFNw,Sticker | z4KR | Cologne 2026,https://steamcommunity.com/market/listings/730/Sticker%20%7C%20z4KR%20%7C%20Cologne%202026,ok
506,18.9,P4,IGNORE,Natus Vincere (Gold),Team,Gold,Team,sticker,,Natus Vincere,Natus Vincere,13435,133.01,6470.54,64.06,2P,True,51.84,"2P around $64.06, 52% below Steam",0,Premium,Premium,Low,13435.0,9078.0,19770.0,116,321.31,57,6.0,0.6369,0.3411,0.2817,0.5253,5.821734276144386,119.72133743474812,0.5619,0.1542,0.65,0.0,+120% expected | 0.56 demand | 2P 52% below Steam | 67% below high | 206% upside,"lower highs, 2P new low, unscored",No clear edge.,64.06,,64.06,64.06,,,28.72288167278883,51.83820765355988,0.1,0.1505,1.0,True,,,https://cs2tokens.com/iem-cologne-2026/items/sticker-natus-vincere-gold-cologne-2026,https://community.akamai.steamstatic.com/economy/image/i0CoZ81Ui0m-9KwlBY1L_18myuGuq1wfhWSaZgMttyVfPaERSR0Wqmu7LAocGJai0ki7VeTHjMmuOXSQ61MnpNWipVfmVxTOmZns-Wxdvaf-baU7IqHGDWXBxb4n5LJrG3_jk0t36m_SzY6gcinDZgEnCZR4W6dU5dXbj-69,Sticker | Natus Vincere (Gold) | Cologne 2026,https://steamcommunity.com/market/listings/730/Sticker%20%7C%20Natus%20Vincere%20%28Gold%29%20%7C%20Cologne%202026,ok
507,18.9,P4,IGNORE,donk (Gold),Player,Gold,Autograph,sticker,donk,Team Spirit,Team Spirit,31843,315.25,14394.75,142.51,2P,True,54.79,"2P around $142.51, 55% below Steam",0,Premium,Premium,Low,31843.0,20415.0,91918.0,116,321.31,57,6.0,0.6348,0.3301,0.4589,0.4555,57.80934585309174,249.0940725576253,0.243,0.0,0.65,0.0,+249% expected | 0.24 demand | 2P 55% below Steam | 84% below high | 539% upside,"lower highs, 2P new low, unscored",No clear edge.,142.51,,142.51,142.51,,,29.489330647587547,54.79460745440127,0.1,0.1541,1.0,True,,,https://cs2tokens.com/iem-cologne-2026/items/sticker-donk-gold-cologne-2026,https://community.akamai.steamstatic.com/economy/image/i0CoZ81Ui0m-9KwlBY1L_18myuGuq1wfhWSaZgMttyVfPaERSR0Wqmu7LAocGJai0ki7VeTHjMmuOXSQ61MnpNWipUruRiL1kZjrwiVU4_bgav1pd_bFXD_ExepytLU-HS-wzEpx4G3dmN36c36faQMiDZUmQuZY4Q74zINjuLBbRQ,Sticker | donk (Gold) | Cologne 2026,https://steamcommunity.com/market/listings/730/Sticker%20%7C%20donk%20%28Gold%29%20%7C%20Cologne%202026,ok
508,18.8,P4,IGNORE,kl1m (Gold),Player,Gold,Autograph,sticker,kl1m,MIBR,MIBR,1898,18.79,833.34,8.25,2P,True,56.09,"2P around $8.25, 56% below Steam",0,Premium,Expensive,Low,1898.0,922.0,2281.0,116,321.31,57,6.0,0.6596,0.3345,0.2227,0.5663,-8.479978925184406,108.44378133282244,0.5385,0.1163,0.65,0.0,+108% expected | 0.54 demand | 2P 56% below Steam | 63% below high | 174% upside,"lower highs, 2P new low, unscored",No clear edge.,8.25,,8.25,8.25,,,9.61581309114669,56.09366684406599,0.1,0.1153,1.0,True,,,https://cs2tokens.com/iem-cologne-2026/items/sticker-kl1m-gold-cologne-2026,https://community.akamai.steamstatic.com/economy/image/i0CoZ81Ui0m-9KwlBY1L_18myuGuq1wfhWSaZgMttyVfPaERSR0Wqmu7LAocGJai0ki7VeTHjMmuOXSQ61MnpNWipUruRiL6ksftwiVU4_bgPvZpI_SQDDaRlrwktrkxG33mx08ksW_XnIutdXPCaA51DsEiEbZe5A74zINynhjMSg,Sticker | kl1m (Gold) | Cologne 2026,https://steamcommunity.com/market/listings/730/Sticker%20%7C%20kl1m%20%28Gold%29%20%7C%20Cologne%202026,ok
509,18.7,P4,IGNORE,Jame (Gold),Player,Gold,Autograph,sticker,Jame,PARIVISION,PARIVISION,6433,63.69,2804.91,27.77,2P,True,56.4,"2P around $27.77, 56% below Steam",0,Premium,Premium,Low,6433.0,3264.0,10497.0,116,321.31,57,6.0,0.6305,0.3188,0.3544,0.4707,-15.817348049121716,93.07141169432616,0.7017,0.0328,0.65,0.0,+93% expected | 0.70 demand | 2P 56% below Steam | 73% below high | 274% upside,"lower highs, 2P new low, unscored",No clear edge.,27.77,,27.77,27.77,,,14.065405464273937,56.39817867797143,0.1,0.1244,1.0,True,,,https://cs2tokens.com/iem-cologne-2026/items/sticker-jame-gold-cologne-2026,https://community.akamai.steamstatic.com/economy/image/i0CoZ81Ui0m-9KwlBY1L_18myuGuq1wfhWSaZgMttyVfPaERSR0Wqmu7LAocGJai0ki7VeTHjMmuOXSQ61MnpNWipUruRiL7n5vlwiVU4_bgOvRrcqKQVmPAxLou5-U5TSjrwkohsGzXzd38dS2SOwIjCcYhRLMLtQ74zIPL8dqrnw,Sticker | Jame (Gold) | Cologne 2026,https://steamcommunity.com/market/listings/730/Sticker%20%7C%20Jame%20%28Gold%29%20%7C%20Cologne%202026,ok
510,18.7,P4,IGNORE,oSee,Player,Paper,Autograph,sticker,oSee,NRG,NRG,4,0.04,4.0,0.04,Steam,False,0.0,Steam around $0.04,0,Very Cheap,Very Cheap,Low,4.0,3.0,18.0,116,321.31,63,6.0,0.5119,0.2519,0.3375,0.3232,67.0,67.0,0.1218,0.0,0.65,0.0,+67% expected | 0.12 demand | 78% below high | 350% upside | -78% vs launch,"lower highs, 2P new low, unscored",No clear edge.,,,,,,,,,0.1,0.0,,,,,https://cs2tokens.com/iem-cologne-2026/items/sticker-osee-cologne-2026,https://community.akamai.steamstatic.com/economy/image/i0CoZ81Ui0m-9KwlBY1L_18myuGuq1wfhWSaZgMttyVfPaERSR0Wqmu7LAocGJai0ki7VeTHjMmuOXSQ61MnpNWipUruRiL-jZPlsydYuPSvP6U0I6WVDzbAlO9z5eM8F3HgzEok5WiGz4yrciifbFQiXJFuBbld9w_NRgM,Sticker | oSee | Cologne 2026,https://steamcommunity.com/market/listings/730/Sticker%20%7C%20oSee%20%7C%20Cologne%202026,ok
511,18.6,P4,IGNORE,nilo (Gold),Player,Gold,Autograph,sticker,nilo,HEROIC,HEROIC,2626,26.0,1038.28,10.28,2P,True,60.46,"2P around $10.28, 60% below Steam",0,Premium,Premium,Medium,2626.0,717.0,5655.0,116,321.31,57,6.0,0.6822,0.3281,0.4618,0.4931,-11.690022848438684,123.35208228994108,0.4993,0.0,0.65,0.0,+123% expected | 0.50 demand | 2P 60% below Steam | 82% below high | 445% upside,"lower highs, 2P new low, unscored",2P is cheaper than current Steam but still above Steam's recorded low; wait for a stronger entry.,10.28,,10.28,10.28,,,-44.8089260808926,60.46153846153847,0.1,0.0446,1.0,True,,,https://cs2tokens.com/iem-cologne-2026/items/sticker-nilo-gold-cologne-2026,https://raw.githubusercontent.com/ByMykel/counter-strike-image-tracker/main/static/panorama/images/econ/stickers/cologne2026/sig_nilo_gold_png.png,Sticker | nilo (Gold) | Cologne 2026,https://steamcommunity.com/market/listings/730/Sticker%20%7C%20nilo%20%28Gold%29%20%7C%20Cologne%202026,ok
512,18.6,P4,IGNORE,beastik (Gold),Player,Gold,Autograph,sticker,beastik,,,1445,14.31,1445.0,14.31,Steam,False,0.0,Steam around $14.31,0,Premium,Premium,Low,1445.0,1410.0,5177.0,116,321.31,57,6.0,0.6103,0.2881,0.4766,0.426,59.9667820069204,59.9667820069204,0.661,0.0474,0.65,0.0,+60% expected | 0.66 demand | 72% below high | 258% upside | -49% vs launch,"lower highs, 2P new low, unscored",No clear edge.,,,,,,,,,0.1,0.0,,,,,https://cs2tokens.com/iem-cologne-2026/items/sticker-beastik-gold-cologne-2026,https://community.akamai.steamstatic.com/economy/image/i0CoZ81Ui0m-9KwlBY1L_18myuGuq1wfhWSaZgMttyVfPaERSR0Wqmu7LAocGJai0ki7VeTHjMmuOXSQ61MnpNWipUruRiLzm5fz6StQ0PWhZKAjIvPDXzbBlLwituNrTnuyx0hw5D-DzY2hIHzEb1AjCZEhFLEIuxC_l8qnab0sebkvdQ,Sticker | beastik (Gold) | Cologne 2026,https://steamcommunity.com/market/listings/730/Sticker%20%7C%20beastik%20%28Gold%29%20%7C%20Cologne%202026,ok
513,18.5,P4,IGNORE,arT (Gold),Player,Gold,Autograph,sticker,arT,Legacy,Legacy,1402,13.88,920.19,9.11,2P,True,34.37,"2P around $9.11, 34% below Steam",0,Premium,Expensive,Medium,1402.0,943.0,4094.0,116,321.31,57,6.0,0.6913,0.2954,0.54,0.4703,28.0756062767475,95.1360499584254,0.4441,0.0,0.65,0.0,+95% expected | 0.44 demand | 2P 34% below Steam | 78% below high | 345% upside,"lower highs, 2P new low, unscored",No clear edge.,9.11,,9.11,9.11,,,2.419007337548639,34.365994236311245,0.1,0.0854,1.0,True,,,https://cs2tokens.com/iem-cologne-2026/items/sticker-art-gold-cologne-2026,https://community.akamai.steamstatic.com/economy/image/i0CoZ81Ui0m-9KwlBY1L_18myuGuq1wfhWSaZgMttyVfPaERSR0Wqmu7LAocGJai0ki7VeTHjMmuOXSQ61MnpNWipUruRiLwjILf-i1X67yoMPNvI6KRXzfDx7Zw5bY_Gn63zER-sWqGy4mvciiQPQNyCZtxReAMrFDmxWuvFetR,Sticker | arT (Gold) | Cologne 2026,https://steamcommunity.com/market/listings/730/Sticker%20%7C%20arT%20%28Gold%29%20%7C%20Cologne%202026,ok
514,18.4,P4,IGNORE,BIG,Team,Paper,Team,sticker,,BIG,BIG,14,0.14,14.0,0.14,Steam,False,0.0,Steam around $0.14,0,Very Cheap,Very Cheap,Low,14.0,10.0,32.0,116,321.31,61,6.0,0.472,0.2396,0.335,0.3346,37.42857142857141,37.42857142857141,0.3362,0.0,0.65,0.0,+37% expected | 0.34 demand | 56% below high | 129% upside | -46% vs launch,"lower highs, 2P new low, unscored",2P is cheaper than current Steam but still above Steam's recorded low; wait for a stronger entry.,0.21,,0.21,0.21,,,-110.0,-49.99999999999998,0.1,0.0252,1.0,True,,,https://cs2tokens.com/iem-cologne-2026/items/sticker-big-cologne-2026,https://community.akamai.steamstatic.com/economy/image/i0CoZ81Ui0m-9KwlBY1L_18myuGuq1wfhWSaZgMttyVfPaERSR0Wqmu7LAocGJai0ki7VeTHjMmuOXSQ61MnpNWipVvuRlOjnZewricCtqD5PqBvcKDHCDKUkrwj5bQ-Snmywksk4TzVyN2oc3-UcEZ-Xa6MemyA,Sticker | BIG | Cologne 2026,https://steamcommunity.com/market/listings/730/Sticker%20%7C%20BIG%20%7C%20Cologne%202026,ok
515,18.4,P4,IGNORE,Legacy (Foil),Team,Foil,Team,sticker,,Legacy,Legacy,153,1.51,153.0,1.51,Steam,False,0.0,Steam around $1.51,0,Cheap,Cheap,Low,153.0,113.0,282.0,116,321.31,60,6.0,0.4524,0.2231,0.3539,0.3263,29.69934640522876,29.69934640522876,0.5435,0.0,0.65,0.0,+30% expected | 0.54 demand | 46% below high | 84% upside | -27% vs launch,"lower highs, 2P new low, unscored",2P is cheaper than current Steam but still above Steam's recorded low; wait for a stronger entry.,9.37,,9.37,9.37,,,-740.1863681650353,-520.5298013245033,0.1,0.0252,1.0,True,9.37,,https://cs2tokens.com/iem-cologne-2026/items/sticker-legacy-foil-cologne-2026,https://community.akamai.steamstatic.com/economy/image/i0CoZ81Ui0m-9KwlBY1L_18myuGuq1wfhWSaZgMttyVfPaERSR0Wqmu7LAocGJai0ki7VeTHjMmuOXSQ61MnpNWipVXgQgTOmJnp8Wxd7Pf-OaFsdfLFDTfBw-0lseAxF3zglx8lsTvVztj6cHzCPVMpDsN5W6dU5Qu2ZvlA,Sticker | Legacy (Foil) | Cologne 2026,https://steamcommunity.com/market/listings/730/Sticker%20%7C%20Legacy%20%28Foil%29%20%7C%20Cologne%202026,ok
516,18.4,P4,IGNORE,kisserek (Foil),Player,Foil,Autograph,sticker,kisserek,,,33,0.33,33.0,0.33,Steam,False,0.0,Steam around $0.33,0,Very Cheap,Very Cheap,Low,33.0,25.0,117.0,116,321.31,60,6.0,0.4976,0.2427,0.3458,0.3229,51.54545454545454,51.54545454545454,0.1265,0.0,0.65,0.0,+52% expected | 0.13 demand | 72% below high | 255% upside | -71% vs launch,"lower highs, 2P new low, unscored",2P is cheaper than current Steam but still above Steam's recorded low; wait for a stronger entry.,1.16,,1.16,1.16,,,-364.0,-251.51515151515147,0.1,0.0252,1.0,True,1.16,,https://cs2tokens.com/iem-cologne-2026/items/sticker-kisserek-foil-cologne-2026,https://community.akamai.steamstatic.com/economy/image/i0CoZ81Ui0m-9KwlBY1L_18myuGuq1wfhWSaZgMttyVfPaERSR0Wqmu7LAocGJai0ki7VeTHjMmuOXSQ61MnpNWipUruRiL6l4Xz-DBe5M2oZ61hbvOWW2OUx-wk6LA9Hn_kxUwk4T-Az9mhcH6fbVQkDZAhEOVes0HsxNz5d7S1FL-vcPM,Sticker | kisserek (Foil) | Cologne 2026,https://steamcommunity.com/market/listings/730/Sticker%20%7C%20kisserek%20%28Foil%29%20%7C%20Cologne%202026,ok
517,18.4,P4,IGNORE,TeSeS,Player,Paper,Autograph,sticker,TeSeS,Falcons,Falcons,8,0.08,8.0,0.08,Steam,False,0.0,Steam around $0.08,0,Very Cheap,Very Cheap,Medium,8.0,5.0,32.0,116,321.31,61,6.0,0.4909,0.2394,0.4409,0.2687,55.375,55.375,0.4275,0.0,0.65,0.0,+55% expected | 0.43 demand | 75% below high | 300% upside | -75% vs launch,"lower highs, 2P new low, unscored",2P is cheaper than current Steam but still above Steam's recorded low; wait for a stronger entry.,0.1,,0.1,0.1,,,-100.0,-25.000000000000007,0.1,0.0252,1.0,True,,,https://cs2tokens.com/iem-cologne-2026/items/sticker-teses-cologne-2026,https://community.akamai.steamstatic.com/economy/image/i0CoZ81Ui0m-9KwlBY1L_18myuGuq1wfhWSaZgMttyVfPaERSR0Wqmu7LAocGJai0ki7VeTHjMmuOXSQ61MnpNWipUruRiLlm4Xl7mxfvKb-bPw4cfbHDWPHkrcn5LFtHyjqwksh5mjTntigdi_FaQ4iW5t3W6dU5Y6GUBF2,Sticker | TeSeS | Cologne 2026,https://steamcommunity.com/market/listings/730/Sticker%20%7C%20TeSeS%20%7C%20Cologne%202026,ok
518,18.4,P4,IGNORE,luken,Player,Paper,Autograph,sticker,luken,,,4,0.04,4.0,0.04,Steam,False,0.0,Steam around $0.04,0,Very Cheap,Very Cheap,High,4.0,2.0,18.0,116,321.31,65,6.0,0.5138,0.2387,0.5041,0.2664,61.74999999999999,61.74999999999999,0.4388,0.0,0.65,0.0,+62% expected | 0.44 demand | 78% below high | 350% upside | -78% vs launch,"High crowding, lower highs, 2P new low, unscored",No clear edge.,,,,,,,,,0.1,0.0,,,,,https://cs2tokens.com/iem-cologne-2026/items/sticker-luken-cologne-2026,https://community.akamai.steamstatic.com/economy/image/i0CoZ81Ui0m-9KwlBY1L_18myuGuq1wfhWSaZgMttyVfPaERSR0Wqmu7LAocGJai0ki7VeTHjMmuOXSQ61MnpNWipUruRiL9i53l82wLvav6OfI-IaXEWjGWlbwu6bg5TSi1wE0mt2-Ey46pd3yUPQ52XsF4W6dU5bEVN4IG,Sticker | luken | Cologne 2026,https://steamcommunity.com/market/listings/730/Sticker%20%7C%20luken%20%7C%20Cologne%202026,ok
519,18.3,P4,IGNORE,huNter- (Gold),Player,Gold,Autograph,sticker,huNter-,G2 Esports,G2 Esports,2255,22.32,1119.42,11.08,2P,True,50.36,"2P around $11.08, 50% below Steam",0,Premium,Premium,Low,2255.0,1123.0,3564.0,116,321.31,57,6.0,0.67,0.3288,0.3038,0.5352,2.151662971175172,105.77844020908208,0.5487,0.133,0.65,0.0,+106% expected | 0.55 demand | 2P 50% below Steam | 69% below high | 218% upside,"lower highs, 2P new low, unscored",No clear edge.,11.08,,11.08,11.08,,,0.3190059907378189,50.358422939068106,0.1,0.0926,1.0,True,,,https://cs2tokens.com/iem-cologne-2026/items/sticker-hunter-gold-cologne-2026,https://community.akamai.steamstatic.com/economy/image/i0CoZ81Ui0m-9KwlBY1L_18myuGuq1wfhWSaZgMttyVfPaERSR0Wqmu7LAocGJai0ki7VeTHjMmuOXSQ61MnpNWipUruRiL5i5j0-DBk6P2ibOo8I6PHCDTHlrcu4rIwGSiwx0Uh5z_XyYuscynEOg4hC8ZxFLEO4RTrjJS5YKV3XdIU,Sticker | huNter- (Gold) | Cologne 2026,https://steamcommunity.com/market/listings/730/Sticker%20%7C%20huNter-%20%28Gold%29%20%7C%20Cologne%202026,ok
520,18.3,P4,IGNORE,Staehr (Foil),Player,Foil,Autograph,sticker,Staehr,Astralis,Astralis,34,0.34,34.0,0.34,Steam,False,0.0,Steam around $0.34,0,Very Cheap,Very Cheap,Medium,34.0,21.0,147.0,116,321.31,60,6.0,0.5167,0.2373,0.4173,0.2963,56.58823529411765,56.58823529411765,0.2488,0.0,0.65,0.0,+57% expected | 0.25 demand | 77% below high | 332% upside | -77% vs launch,"lower highs, 2P new low, unscored",2P is cheaper than current Steam but still above Steam's recorded low; wait for a stronger entry.,0.55,,0.55,0.55,,,-161.9047619047619,-61.76470588235294,0.1,0.0252,1.0,True,,,https://cs2tokens.com/iem-cologne-2026/items/sticker-staehr-foil-cologne-2026,https://community.akamai.steamstatic.com/economy/image/i0CoZ81Ui0m-9KwlBY1L_18myuGuq1wfhWSaZgMttyVfPaERSR0Wqmu7LAocGJai0ki7VeTHjMmuOXSQ61MnpNWipUruRiLiipfl9TBk6f2nZOpsIvTKW2OUkb93trQ8H3y3xUQh4zvdn4ypJy7DOAYhCZFyRe5ct0a8jJS5YA6n8rsb,Sticker | Staehr (Foil) | Cologne 2026,https://steamcommunity.com/market/listings/730/Sticker%20%7C%20Staehr%20%28Foil%29%20%7C%20Cologne%202026,ok
521,18.2,P4,IGNORE,story (Foil),Player,Foil,Autograph,sticker,story,Flyquest,Flyquest,48,0.48,48.0,0.48,Steam,False,0.0,Steam around $0.48,0,Very Cheap,Very Cheap,Medium,48.0,46.0,144.0,116,321.31,60,6.0,0.5096,0.238,0.4347,0.3014,45.875,45.875,0.2089,0.0,0.65,0.0,+46% expected | 0.21 demand | 67% below high | 200% upside | -56% vs launch,"lower highs, 2P new low, unscored",2P is cheaper than current Steam but still above Steam's recorded low; wait for a stronger entry.,11.66,,11.66,11.66,,,-2434.782608695652,-2329.166666666667,0.1,0.0252,1.0,True,11.66,,https://cs2tokens.com/iem-cologne-2026/items/sticker-story-foil-cologne-2026,https://community.akamai.steamstatic.com/economy/image/i0CoZ81Ui0m-9KwlBY1L_18myuGuq1wfhWSaZgMttyVfPaERSR0Wqmu7LAocGJai0ki7VeTHjMmuOXSQ61MnpNWipUruRiLiipny5B1d4PuiJqBscqfCWzPImO115-I7S3mykE8i4W3Tytmgd3rBZ1B1CZFxEOINtham0oqwPmQTDbs,Sticker | story (Foil) | Cologne 2026,https://steamcommunity.com/market/listings/730/Sticker%20%7C%20story%20%28Foil%29%20%7C%20Cologne%202026,ok
522,18.1,P4,IGNORE,FlameZ (Gold),Player,Gold,Autograph,sticker,FlameZ,Vitality,Vitality,4214,41.72,2449.41,24.25,2P,True,41.87,"2P around $24.25, 42% below Steam",0,Premium,Premium,Low,4214.0,3116.0,8788.0,116,321.31,57,6.0,0.6382,0.3196,0.4154,0.468,20.43545325106786,107.19864369627015,0.4964,0.0272,0.65,0.0,+107% expected | 0.50 demand | 2P 42% below Steam | 72% below high | 259% upside,"lower highs, 2P new low, unscored",No clear edge.,24.25,,24.25,24.25,,,21.39240206425377,41.874400767018216,0.1,0.1287,1.0,True,,,https://cs2tokens.com/iem-cologne-2026/items/sticker-flamez-gold-cologne-2026,https://community.akamai.steamstatic.com/economy/image/i0CoZ81Ui0m-9KwlBY1L_18myuGuq1wfhWSaZgMttyVfPaERSR0Wqmu7LAocGJai0ki7VeTHjMmuOXSQ61MnpNWipUruRiL3kpft-Dhk6P2ibOo1cvXBDGWRw-wj6bJvSS-3x08ktmiBzYysdy2Tb1QlAsMiROFfthixjJS5YBbDn51V,Sticker | FlameZ (Gold) | Cologne 2026,https://steamcommunity.com/market/listings/730/Sticker%20%7C%20FlameZ%20%28Gold%29%20%7C%20Cologne%202026,ok
523,18.1,P4,IGNORE,TjP (Foil),Player,Foil,Autograph,sticker,TjP,,,84,0.83,84.0,0.83,Steam,False,0.0,Steam around $0.83,0,Cheap,Cheap,Low,84.0,82.0,138.0,116,321.31,60,6.0,0.4108,0.2347,0.3938,0.2938,25.3452380952381,25.3452380952381,0.4679,0.0,0.65,0.0,+25% expected | 0.47 demand | 39% below high | 64% upside | -38% vs launch,"lower highs, 2P new low, unscored",2P is cheaper than current Steam but still above Steam's recorded low; wait for a stronger entry.,1.1,,1.1,1.1,,,-35.762562444901576,-32.530120481927725,0.1,0.0252,1.0,True,,,https://cs2tokens.com/iem-cologne-2026/items/sticker-tjp-foil-cologne-2026,https://community.akamai.steamstatic.com/economy/image/i0CoZ81Ui0m-9KwlBY1L_18myuGuq1wfhWSaZgMttyVfPaERSR0Wqmu7LAocGJai0ki7VeTHjMmuOXSQ61MnpNWipUruRiLllIbf-y1S47z4O_RodKOWVjfHku1y5rg8HS2xxEkit2qHy9yqdniSOwcpDsEkQ-YKrFDmxTwlibBy,Sticker | TjP (Foil) | Cologne 2026,https://steamcommunity.com/market/listings/730/Sticker%20%7C%20TjP%20%28Foil%29%20%7C%20Cologne%202026,ok
524,18.1,P4,IGNORE,NQZ,Player,Paper,Autograph,sticker,NQZ,paiN Gaming,paiN Gaming,4,0.04,4.0,0.04,Steam,False,0.0,Steam around $0.04,0,Very Cheap,Very Cheap,High,4.0,2.0,22.0,116,321.31,65,6.0,0.5372,0.234,0.4132,0.2826,63.99999999999999,63.99999999999999,0.4394,0.0,0.65,0.0,+64% expected | 0.44 demand | 82% below high | 450% upside | -82% vs launch,"High crowding, lower highs, 2P new low, unscored",No clear edge.,,,,,,,,,0.1,0.0,,,,,https://cs2tokens.com/iem-cologne-2026/items/sticker-nqz-cologne-2026,https://community.akamai.steamstatic.com/economy/image/i0CoZ81Ui0m-9KwlBY1L_18myuGuq1wfhWSaZgMttyVfPaERSR0Wqmu7LAocGJai0ki7VeTHjMmuOXSQ61MnpNWipUruRiL_j4yuqHNYuff2PPc-IabGVzXJkr0n4rc8F3zhl0Ui5ziHntr4dy2eagJ1AowwG7AkTRq7hg,Sticker | NQZ | Cologne 2026,https://steamcommunity.com/market/listings/730/Sticker%20%7C%20NQZ%20%7C%20Cologne%202026,ok
525,18.1,P4,IGNORE,Team Liquid,Team,Paper,Team,sticker,,Team Liquid,Team Liquid,44,0.44,44.0,0.44,Steam,False,0.0,Steam around $0.44,0,Very Cheap,Very Cheap,High,44.0,33.0,115.0,116,321.31,61,6.0,0.4885,0.2295,0.5303,0.253,42.27272727272728,42.27272727272728,0.5257,0.0,0.65,0.0,+42% expected | 0.53 demand | 62% below high | 161% upside | +13% vs launch,"High crowding, lower highs, 2P new low, unscored",2P is cheaper than current Steam but still above Steam's recorded low; wait for a stronger entry.,0.49,,0.49,0.49,,,-48.48484848484848,-11.36363636363636,0.1,0.0252,1.0,True,,,https://cs2tokens.com/iem-cologne-2026/items/sticker-team-liquid-cologne-2026,https://community.akamai.steamstatic.com/economy/image/i0CoZ81Ui0m-9KwlBY1L_18myuGuq1wfhWSaZgMttyVfPaERSR0Wqmu7LAocGJai0ki7VeTHjMmuOXSQ61MnpNWipVXuUFOixpS2qyBevauvbac7IvORXGPCmegvsblrSX21zR5-62mEzI79IHLGcEZ-XfzqmZk4,Sticker | Team Liquid | Cologne 2026,https://steamcommunity.com/market/listings/730/Sticker%20%7C%20Team%20Liquid%20%7C%20Cologne%202026,ok
526,18.0,P4,IGNORE,LNZ (Foil),Player,Foil,Autograph,sticker,LNZ,MIBR,MIBR,25,0.25,25.0,0.25,Steam,False,0.0,Steam around $0.25,0,Very Cheap,Very Cheap,Medium,25.0,11.0,107.0,116,321.31,62,6.0,0.5038,0.2205,0.5412,0.2558,32.879999999999995,32.879999999999995,0.4197,0.0,0.65,0.0,+33% expected | 0.42 demand | 77% below high | 328% upside | -77% vs launch,"lower highs, 2P new low, unscored",2P is cheaper than current Steam but still above Steam's recorded low; wait for a stronger entry.,0.27,,0.27,0.27,,,-145.45454545454547,-8.000000000000007,0.1,0.0252,1.0,True,0.58,,https://cs2tokens.com/iem-cologne-2026/items/sticker-lnz-foil-cologne-2026,https://raw.githubusercontent.com/ByMykel/counter-strike-image-tracker/main/static/panorama/images/econ/stickers/cologne2026/sig_lnz_foil_png.png,Sticker | LNZ (Foil) | Cologne 2026,https://steamcommunity.com/market/listings/730/Sticker%20%7C%20LNZ%20%28Foil%29%20%7C%20Cologne%202026,ok
527,17.9,P4,IGNORE,EliGE (Gold),Player,Gold,Autograph,sticker,EliGE,Team Liquid,Team Liquid,8653,85.66,2238.51,22.16,2P,True,74.13,"2P around $22.16, 74% below Steam",0,Premium,Premium,Medium,8653.0,1889.0,16377.0,116,321.31,57,6.0,0.6828,0.3254,0.3956,0.4723,-34.03339882121807,154.99544480931675,0.5524,0.0661,0.65,0.0,+155% expected | 0.55 demand | 2P 74% below Steam | 86% below high | 632% upside,"lower highs, 2P new low, unscored",No clear edge.,22.16,,22.16,22.16,,,-18.50220509340053,74.13028251225776,0.1,0.106,1.0,True,,,https://cs2tokens.com/iem-cologne-2026/items/sticker-elige-gold-cologne-2026,https://community.akamai.steamstatic.com/economy/image/i0CoZ81Ui0m-9KwlBY1L_18myuGuq1wfhWSaZgMttyVfPaERSR0Wqmu7LAocGJai0ki7VeTHjMmuOXSQ61MnpNWipUruRiL0kp_n-B1c4P6qJvVrJfPCV2bGl7ohsrJvTH3jwh9x4DnRzdahIimXa1UiCpIiR-YCsBim0oqwMUBf--M,Sticker | EliGE (Gold) | Cologne 2026,https://steamcommunity.com/market/listings/730/Sticker%20%7C%20EliGE%20%28Gold%29%20%7C%20Cologne%202026,ok
528,17.9,P4,IGNORE,sh1ro (Foil),Player,Foil,Autograph,sticker,sh1ro,Team Spirit,Team Spirit,109,1.08,109.0,1.08,Steam,False,0.0,Steam around $1.08,0,Cheap,Cheap,Medium,109.0,74.0,264.0,116,321.31,60,6.0,0.4502,0.2395,0.4336,0.2836,37.71559633027523,37.71559633027523,0.6167,0.0,0.65,0.0,+38% expected | 0.62 demand | 59% below high | 142% upside | -57% vs launch,"lower highs, 2P new low, unscored",2P is cheaper than current Steam but still above Steam's recorded low; wait for a stronger entry.,2.96,2.96,2.96,2.96,0.0,1.5757216213689618e-15,-303.7037037037037,-174.07407407407405,0.0,0.135,7.0,True,,2.96,https://cs2tokens.com/iem-cologne-2026/items/sticker-sh1ro-foil-cologne-2026,https://community.akamai.steamstatic.com/economy/image/i0CoZ81Ui0m-9KwlBY1L_18myuGuq1wfhWSaZgMttyVfPaERSR0Wqmu7LAocGJai0ki7VeTHjMmuOXSQ61MnpNWipUruRiLilsfy8h1d4PuiJqdpdfTBXWHDxO91tLk9GHvilk93tmmAnNusICiSaAIhDJYlELFZtEWm0oqwLJCe4G8,Sticker | sh1ro (Foil) | Cologne 2026,https://steamcommunity.com/market/listings/730/Sticker%20%7C%20sh1ro%20%28Foil%29%20%7C%20Cologne%202026,ok
529,17.7,P4,IGNORE,paiN Gaming (Foil),Team,Foil,Team,sticker,,paiN Gaming,paiN Gaming,72,0.71,72.0,0.71,Steam,False,0.0,Steam around $0.71,0,Very Cheap,Very Cheap,Low,72.0,45.0,154.0,116,321.31,60,6.0,0.4545,0.2138,0.3924,0.3078,23.33333333333334,23.33333333333334,0.3827,0.0,0.65,0.0,+23% expected | 0.38 demand | 53% below high | 114% upside | -53% vs launch,"lower highs, 2P new low, unscored",2P is cheaper than current Steam but still above Steam's recorded low; wait for a stronger entry.,1.06,,1.06,1.06,,,-138.87323943661974,-49.29577464788734,0.1,0.0252,1.0,True,,,https://cs2tokens.com/iem-cologne-2026/items/sticker-pain-gaming-foil-cologne-2026,https://community.akamai.steamstatic.com/economy/image/i0CoZ81Ui0m-9KwlBY1L_18myuGuq1wfhWSaZgMttyVfPaERSR0Wqmu7LAocGJai0ki7VeTHjMmuOXSQ61MnpNWipUnmSBPOmJnp8WwL6_OsbKFoePXLCjCVkbp36OQ5GiqyzUl25DjQn9uqcCmQPwEjWJRxW6dU5WnhT07f,Sticker | paiN Gaming (Foil) | Cologne 2026,https://steamcommunity.com/market/listings/730/Sticker%20%7C%20paiN%20Gaming%20%28Foil%29%20%7C%20Cologne%202026,ok
530,17.7,P4,IGNORE,zont1x,Player,Paper,Autograph,sticker,zont1x,Team Spirit,Team Spirit,11,0.11,11.0,0.11,Steam,False,0.0,Steam around $0.11,0,Very Cheap,Very Cheap,Low,11.0,8.0,36.0,116,321.31,61,6.0,0.4654,0.2455,0.3199,0.2978,69.09090909090911,69.09090909090911,0.2216,0.0,0.65,0.0,+69% expected | 0.22 demand | 69% below high | 227% upside | -68% vs launch,"lower highs, 2P new low, unscored",2P is cheaper than current Steam but still above Steam's recorded low; wait for a stronger entry.,0.19,,0.19,0.19,,,-137.5,-72.72727272727273,0.1,0.0252,1.0,True,,,https://cs2tokens.com/iem-cologne-2026/items/sticker-zont1x-cologne-2026,https://community.akamai.steamstatic.com/economy/image/i0CoZ81Ui0m-9KwlBY1L_18myuGuq1wfhWSaZgMttyVfPaERSR0Wqmu7LAocGJai0ki7VeTHjMmuOXSQ61MnpNWipUruRiLrkZj0rDoVvff3OvU7cfXCW2KTlLh1tOVqTHCxw0V_52qEwo6vJHOUZgRzDsAjQPlK7EdGlVa0xg,Sticker | zont1x | Cologne 2026,https://steamcommunity.com/market/listings/730/Sticker%20%7C%20zont1x%20%7C%20Cologne%202026,ok
531,17.7,P4,IGNORE,s1n,Player,Paper,Autograph,sticker,s1n,M80,M80,4,0.04,4.0,0.04,Steam,False,0.0,Steam around $0.04,0,Very Cheap,Very Cheap,Medium,4.0,3.0,19.0,116,321.31,65,6.0,0.534,0.2336,0.4528,0.2899,62.000000000000014,62.000000000000014,0.2152,0.0,0.65,0.0,+62% expected | 0.22 demand | 79% below high | 375% upside | -79% vs launch,"lower highs, 2P new low, unscored",No clear edge.,,,,,,,,,0.1,0.0,,,,,https://cs2tokens.com/iem-cologne-2026/items/sticker-s1n-cologne-2026,https://community.akamai.steamstatic.com/economy/image/i0CoZ81Ui0m-9KwlBY1L_18myuGuq1wfhWSaZgMttyVfPaERSR0Wqmu7LAocGJai0ki7VeTHjMmuOXSQ61MnpNWipUruRiLiz5iu_nJev6v-Oqc0JPKXVjHAxb4h6bkxTSvjxUkm4m_Wy42qcyrDbAMjWIwwG7DDhrHFGA,Sticker | s1n | Cologne 2026,https://steamcommunity.com/market/listings/730/Sticker%20%7C%20s1n%20%7C%20Cologne%202026,ok
532,17.6,P4,IGNORE,REZ (Gold),Player,Gold,Autograph,sticker,REZ,GamerLegion,GamerLegion,2124,21.03,1343.28,13.3,2P,True,36.76,"2P around $13.30, 37% below Steam",0,Premium,Premium,Low,2124.0,1328.0,4528.0,116,321.31,57,6.0,0.6201,0.2998,0.5051,0.4419,4.525894538606412,65.27665880803706,0.5462,0.111,0.65,0.0,+65% expected | 0.55 demand | 2P 37% below Steam | 70% below high | 237% upside,"lower highs, 2P new low, unscored",No clear edge.,13.3,,13.3,13.3,,,-1.1506797518175498,36.75701378982407,0.1,0.0823,1.0,True,,,https://cs2tokens.com/iem-cologne-2026/items/sticker-rez-gold-cologne-2026,https://community.akamai.steamstatic.com/economy/image/i0CoZ81Ui0m-9KwlBY1L_18myuGuq1wfhWSaZgMttyVfPaERSR0Wqmu7LAocGJai0ki7VeTHjMmuOXSQ61MnpNWipUruRiLjm4zf-i1X67yqO6U9eKHCC2OVl70vs7I4SXjkkBghtW_Uyoz_c3KeZlAkXpMlFOQIrFDmxazGk_On,Sticker | REZ (Gold) | Cologne 2026,https://steamcommunity.com/market/listings/730/Sticker%20%7C%20REZ%20%28Gold%29%20%7C%20Cologne%202026,ok
533,17.5,P4,IGNORE,story,Player,Paper,Autograph,sticker,story,Flyquest,Flyquest,4,0.04,4.0,0.04,Steam,False,0.0,Steam around $0.04,0,Very Cheap,Very Cheap,Low,4.0,3.0,17.0,116,321.31,65,6.0,0.5029,0.2435,0.3001,0.3118,68.0,68.0,0.1359,0.0,0.65,0.0,+68% expected | 0.14 demand | 76% below high | 325% upside | -75% vs launch,"lower highs, 2P new low, unscored",No clear edge.,,,,,,,,,0.1,0.0,,,,,https://cs2tokens.com/iem-cologne-2026/items/sticker-story-cologne-2026,https://community.akamai.steamstatic.com/economy/image/i0CoZ81Ui0m-9KwlBY1L_18myuGuq1wfhWSaZgMttyVfPaERSR0Wqmu7LAocGJai0ki7VeTHjMmuOXSQ61MnpNWipUruRiLiipny5GwIuaKoOPBodqOSXTDGwLgu6eI5Tn3lwR8h5D-DyY38cXKRPwAjCJQjW6dU5ZddPK-7,Sticker | story | Cologne 2026,https://steamcommunity.com/market/listings/730/Sticker%20%7C%20story%20%7C%20Cologne%202026,ok
534,17.5,P4,IGNORE,aliStair,Player,Paper,Autograph,sticker,aliStair,,,6,0.06,6.0,0.06,Steam,False,0.0,Steam around $0.06,0,Very Cheap,Very Cheap,Low,6.0,5.0,17.0,116,321.31,61,6.0,0.4465,0.2366,0.3361,0.2933,46.66666666666668,46.66666666666668,0.1983,0.0,0.65,0.0,+47% expected | 0.20 demand | 65% below high | 183% upside | -62% vs launch,"lower highs, 2P new low, unscored",No clear edge.,,,,,,,,,0.1,0.0,,,,,https://cs2tokens.com/iem-cologne-2026/items/sticker-alistair-cologne-2026,https://community.akamai.steamstatic.com/economy/image/i0CoZ81Ui0m-9KwlBY1L_18myuGuq1wfhWSaZgMttyVfPaERSR0Wqmu7LAocGJai0ki7VeTHjMmuOXSQ61MnpNWipUruRiLwkp_z6SNS_bz3bPA0dKGXWjXIw7904uVqSnGwzR5z526Gw47_eC_FO1VzWcR1TOdcrFDmxcXmBg43,Sticker | aliStair | Cologne 2026,https://steamcommunity.com/market/listings/730/Sticker%20%7C%20aliStair%20%7C%20Cologne%202026,ok
535,17.4,P4,IGNORE,Falcons (Foil),Team,Foil,Team,sticker,,Falcons,Falcons,551,5.45,298.25,2.95,UUSkins,True,45.87,"UUSkins around $2.95, 46% below Steam",0,Fair,Fair,Medium,551.0,383.0,1118.0,116,321.31,60,6.0,0.6405,0.2833,0.2819,0.4162,34.58076225045372,148.63225568304165,0.2501,0.0,0.65,0.0,+149% expected | 0.25 demand | UUSkins 46% below Steam | 73% below high | 275% upside,"lower highs, 2P new low, unscored",No clear edge.,2.95,,2.95,2.95,,,22.128536182240637,45.87155963302752,0.1,0.133,1.0,True,3.99,2.95,https://cs2tokens.com/iem-cologne-2026/items/sticker-falcons-foil-cologne-2026,https://community.akamai.steamstatic.com/economy/image/i0CoZ81Ui0m-9KwlBY1L_18myuGuq1wfhWSaZgMttyVfPaERSR0Wqmu7LAocGJai0ki7VeTHjMmuOXSQ61MnpNWipV_mTSL3kZ_ssyBa6fT2MKBod6nFDzWSlb8l5uQ4TCzqk0lzsDvRztiqeHrBaVR0CJJuBbldHCKwKv8,Sticker | Falcons (Foil) | Cologne 2026,https://steamcommunity.com/market/listings/730/Sticker%20%7C%20Falcons%20%28Foil%29%20%7C%20Cologne%202026,ok
536,17.4,P4,IGNORE,M80,Team,Paper,Team,sticker,,M80,M80,16,0.16,16.0,0.16,Steam,False,0.0,Steam around $0.16,0,Very Cheap,Very Cheap,Low,16.0,12.0,29.0,116,321.31,61,6.0,0.4176,0.2126,0.3956,0.2946,22.062500000000007,22.062500000000007,0.487,0.0,0.65,0.0,+22% expected | 0.49 demand | 45% below high | 81% upside | -33% vs launch,"lower highs, 2P new low, unscored",2P is cheaper than current Steam but still above Steam's recorded low; wait for a stronger entry.,0.21,,0.21,0.21,,,-75.0,-31.249999999999996,0.1,0.0252,1.0,True,,,https://cs2tokens.com/iem-cologne-2026/items/sticker-m80-cologne-2026,https://community.akamai.steamstatic.com/economy/image/i0CoZ81Ui0m-9KwlBY1L_18myuGuq1wfhWSaZgMttyVfPaERSR0Wqmu7LAocGJai0ki7VeTHjMmuOXSQ61MnpNWipVS_EVOmmpThqHteuausbPA1cvXEXTSSlugl4rA_GHHilkxw5WTUyN78dy_DcEZ-XQoqK6Oe,Sticker | M80 | Cologne 2026,https://steamcommunity.com/market/listings/730/Sticker%20%7C%20M80%20%7C%20Cologne%202026,ok
537,17.4,P4,IGNORE,b1t (Foil),Player,Foil,Autograph,sticker,b1t,Natus Vincere,Natus Vincere,116,1.15,116.0,1.15,Steam,False,0.0,Steam around $1.15,0,Cheap,Cheap,Low,116.0,88.0,281.0,116,321.31,60,6.0,0.4444,0.2373,0.4185,0.2852,48.53448275862069,48.53448275862069,0.4429,0.0,0.65,0.0,+49% expected | 0.44 demand | 59% below high | 142% upside | -54% vs launch,"lower highs, 2P new low, unscored",2P is cheaper than current Steam but still above Steam's recorded low; wait for a stronger entry.,2.22,,2.22,2.22,,,-154.4664031620554,-93.0434782608696,0.1,0.0252,1.0,True,,,https://cs2tokens.com/iem-cologne-2026/items/sticker-b1t-foil-cologne-2026,https://community.akamai.steamstatic.com/economy/image/i0CoZ81Ui0m-9KwlBY1L_18myuGuq1wfhWSaZgMttyVfPaERSR0Wqmu7LAocGJai0ki7VeTHjMmuOXSQ61MnpNWipUruRiLzz4Lf-y1S47z4bvw5I6nFWmXIkL8k5uNvGy_jwRwi6mmDwtz9dnvEOgYlWMNzRrIJrFDmxSxUBtN3,Sticker | b1t (Foil) | Cologne 2026,https://steamcommunity.com/market/listings/730/Sticker%20%7C%20b1t%20%28Foil%29%20%7C%20Cologne%202026,ok
538,17.4,P4,IGNORE,asap,Player,Paper,Autograph,sticker,asap,,,11,0.11,11.0,0.11,Steam,False,0.0,Steam around $0.11,0,Very Cheap,Very Cheap,Low,11.0,10.0,23.0,116,321.31,61,6.0,0.4086,0.2277,0.3919,0.2707,28.000000000000004,28.000000000000004,0.3503,0.0,0.65,0.0,+28% expected | 0.35 demand | 52% below high | 109% upside | -50% vs launch,"lower highs, 2P new low, unscored",2P is cheaper than current Steam but still above Steam's recorded low; wait for a stronger entry.,0.13,,0.13,0.13,,,-30.00000000000001,-18.181818181818183,0.1,0.0252,1.0,True,,,https://cs2tokens.com/iem-cologne-2026/items/sticker-asap-cologne-2026,https://community.akamai.steamstatic.com/economy/image/i0CoZ81Ui0m-9KwlBY1L_18myuGuq1wfhWSaZgMttyVfPaERSR0Wqmu7LAocGJai0ki7VeTHjMmuOXSQ61MnpNWipUruRiLwjZfws3dZ7fGqbqA4JaKQVjTClrYutrlrSSu3zRgj5TvWydqqdyiUP1dyC5RuBbldsS_UZ9s,Sticker | asap | Cologne 2026,https://steamcommunity.com/market/listings/730/Sticker%20%7C%20asap%20%7C%20Cologne%202026,ok
539,17.2,P4,IGNORE,kensizor (Gold),Player,Gold,Autograph,sticker,kensizor,B8,B8,4962,49.12,540.45,5.35,2P,True,89.11,"2P around $5.35, 89% below Steam",0,Premium,Expensive,High,4962.0,183.0,13389.0,116,321.31,57,6.0,0.7054,0.3166,0.4486,0.4374,-35.55663039097139,491.6744514384085,0.5219,0.0,0.65,0.0,+492% expected | 0.52 demand | 2P 89% below Steam | 96% below high | 2377% upside,"High crowding, lower highs, 2P new low, unscored",2P is cheaper than current Steam but still above Steam's recorded low; wait for a stronger entry.,5.35,,5.35,5.35,,,-195.32559940193303,89.10830618892508,0.1,0.0477,1.0,True,,,https://cs2tokens.com/iem-cologne-2026/items/sticker-kensizor-gold-cologne-2026,https://community.akamai.steamstatic.com/economy/image/i0CoZ81Ui0m-9KwlBY1L_18myuGuq1wfhWSaZgMttyVfPaERSR0Wqmu7LAocGJai0ki7VeTHjMmuOXSQ61MnpNWipUruRiL6m5jz9DhU_c2pZ6hpbqjDCjDFx7xy57A9HXnilkgj62mHn9uuIymVZlV2D5YkQOQJ4EXrkd35d7S1YZEf7To,Sticker | kensizor (Gold) | Cologne 2026,https://steamcommunity.com/market/listings/730/Sticker%20%7C%20kensizor%20%28Gold%29%20%7C%20Cologne%202026,ok
540,17.2,P4,IGNORE,nilo,Player,Paper,Autograph,sticker,nilo,HEROIC,HEROIC,4,0.04,4.0,0.04,Steam,False,0.0,Steam around $0.04,0,Very Cheap,Very Cheap,High,4.0,2.0,20.0,116,321.31,65,6.0,0.5191,0.2258,0.4096,0.2677,58.25,58.25,0.4344,0.0,0.65,0.0,+58% expected | 0.43 demand | 80% below high | 400% upside | -80% vs launch,"High crowding, lower highs, 2P new low, unscored",No clear edge.,,,,,,,,,0.1,0.0,,,,,https://cs2tokens.com/iem-cologne-2026/items/sticker-nilo-cologne-2026,https://community.akamai.steamstatic.com/economy/image/i0CoZ81Ui0m-9KwlBY1L_18myuGuq1wfhWSaZgMttyVfPaERSR0Wqmu7LAocGJai0ki7VeTHjMmuOXSQ61MnpNWipUruRiL_l5rvsyFd6qCvOvA5IqCSV2bJk-p1tOU_TCvkxE0l4DjWyNyuJS6RP1B1XJZuBbldP5sZQq0,Sticker | nilo | Cologne 2026,https://steamcommunity.com/market/listings/730/Sticker%20%7C%20nilo%20%7C%20Cologne%202026,ok
541,17.2,P4,IGNORE,TeSeS (Foil),Player,Foil,Autograph,sticker,TeSeS,Falcons,Falcons,66,0.65,66.0,0.65,Steam,False,0.0,Steam around $0.65,0,Very Cheap,Very Cheap,Medium,66.0,42.0,204.0,116,321.31,60,6.0,0.4556,0.2215,0.4281,0.2491,34.303030303030305,34.303030303030305,0.4649,0.0,0.65,0.0,+34% expected | 0.46 demand | 68% below high | 209% upside | -67% vs launch,"lower highs, 2P new low, unscored",No clear edge.,,,,,,,,,0.1,0.0,,,,,https://cs2tokens.com/iem-cologne-2026/items/sticker-teses-foil-cologne-2026,https://community.akamai.steamstatic.com/economy/image/i0CoZ81Ui0m-9KwlBY1L_18myuGuq1wfhWSaZgMttyVfPaERSR0Wqmu7LAocGJai0ki7VeTHjMmuOXSQ61MnpNWipUruRiLlm4Xl7h1d4PuiJvM6dKPCWGSWwL5zteI-S3_mxU13tz_Tw9iheCqTZ1BzAsN1TedcthCm0oqwm6mMTMQ,Sticker | TeSeS (Foil) | Cologne 2026,https://steamcommunity.com/market/listings/730/Sticker%20%7C%20TeSeS%20%28Foil%29%20%7C%20Cologne%202026,ok
542,17.1,P4,IGNORE,PARIVISION (Gold),Team,Gold,Team,sticker,,PARIVISION,PARIVISION,5921,58.62,1341.37,13.28,2P,True,77.35,"2P around $13.28, 77% below Steam",0,Premium,Premium,Low,5921.0,814.0,7685.0,116,321.31,57,6.0,0.6628,0.3284,0.2752,0.5137,-19.861678770477965,253.74310169236315,0.5167,0.0047,0.65,0.0,+254% expected | 0.52 demand | 2P 77% below Steam | 83% below high | 473% upside,"lower highs, 2P new low, unscored",2P is cheaper than current Steam but still above Steam's recorded low; wait for a stronger entry.,13.28,,13.28,13.28,,,-64.78698853315026,77.34561583077448,0.1,0.0477,1.0,True,,,https://cs2tokens.com/iem-cologne-2026/items/sticker-parivision-gold-cologne-2026,https://community.akamai.steamstatic.com/economy/image/i0CoZ81Ui0m-9KwlBY1L_18myuGuq1wfhWSaZgMttyVfPaERSR0Wqmu7LAocGJai0ki7VeTHjMmuOXSQ61MnpNWipUnmUxTOmZns-WwNt6P4P_Q8IajDXTTGl78l47ZvTnqwkR9w4zzRyoqrICjCbVUhApRxW6dU5UT1MFme,Sticker | PARIVISION (Gold) | Cologne 2026,https://steamcommunity.com/market/listings/730/Sticker%20%7C%20PARIVISION%20%28Gold%29%20%7C%20Cologne%202026,ok
543,17.1,P4,IGNORE,GamerLegion (Gold),Team,Gold,Team,sticker,,GamerLegion,GamerLegion,66884,662.15,4040.41,40.0,2P,True,93.96,"2P around $40.00, 94% below Steam",0,Premium,Premium,High,66884.0,3710.0,91747.0,116,321.31,57,6.0,0.74,0.3161,0.3349,0.4982,-48.67528855929669,749.6164420115422,0.6102,0.1416,0.65,0.0,+750% expected | 0.61 demand | 2P 94% below Steam | 96% below high | 2171% upside,"High crowding, lower highs, 2P new low, unscored",No clear edge.,40.0,,40.0,40.0,,,-8.90603243986093,93.95907271766217,0.1,0.106,1.0,True,,,https://cs2tokens.com/iem-cologne-2026/items/sticker-gamerlegion-gold-cologne-2026,https://community.akamai.steamstatic.com/economy/image/i0CoZ81Ui0m-9KwlBY1L_18myuGuq1wfhWSaZgMttyVfPaERSR0Wqmu7LAocGJai0ki7VeTHjMmuOXSQ61MnpNWipV7rfhr-kpKur3oJ6aX8OKE8cPKRCGTCkLgmsrY4H3m3zR935GnRn92tInrEPFAjCYwwG7ALTOlaWw,Sticker | GamerLegion (Gold) | Cologne 2026,https://steamcommunity.com/market/listings/730/Sticker%20%7C%20GamerLegion%20%28Gold%29%20%7C%20Cologne%202026,ok
544,17.1,P4,IGNORE,BIG (Foil),Team,Foil,Team,sticker,,BIG,BIG,170,1.68,150.77,1.49,2P,True,11.31,"2P around $1.49, 11% below Steam",0,Cheap,Cheap,Low,170.0,137.0,310.0,116,321.31,60,6.0,0.4971,0.2307,0.2922,0.3444,25.82352941176471,41.86814054480854,0.2346,0.0,0.65,0.0,+42% expected | 0.23 demand | 2P 11% below Steam | 51% below high | 106% upside,"lower highs, 2P new low, unscored",No clear edge.,1.49,,1.49,1.49,,,-10.053875564824464,11.309523809523808,0.1,0.0641,1.0,True,,,https://cs2tokens.com/iem-cologne-2026/items/sticker-big-foil-cologne-2026,https://community.akamai.steamstatic.com/economy/image/i0CoZ81Ui0m-9KwlBY1L_18myuGuq1wfhWSaZgMttyVfPaERSR0Wqmu7LAocGJai0ki7VeTHjMmuOXSQ61MnpNWipVvuRiL3kZ_ss3AI66v9OPVuI6XHXDbCkO1w47VtHH_lkRx05zjRzdaucniSaFchDpduBbldDSAium8,Sticker | BIG (Foil) | Cologne 2026,https://steamcommunity.com/market/listings/730/Sticker%20%7C%20BIG%20%28Foil%29%20%7C%20Cologne%202026,ok
545,17.1,P4,IGNORE,HooXi (Foil),Player,Foil,Autograph,sticker,HooXi,Astralis,Astralis,48,0.48,48.0,0.48,Steam,False,0.0,Steam around $0.48,0,Very Cheap,Very Cheap,Low,48.0,35.0,163.0,116,321.31,60,6.0,0.48,0.2351,0.3625,0.2913,56.43750000000001,56.43750000000001,0.1544,0.0,0.65,0.0,+56% expected | 0.15 demand | 71% below high | 240% upside | -69% vs launch,"lower highs, 2P new low, unscored",2P is cheaper than current Steam but still above Steam's recorded low; wait for a stronger entry.,5.58,,5.58,5.58,,,-1494.2857142857144,-1062.5,0.1,0.0252,1.0,True,5.58,,https://cs2tokens.com/iem-cologne-2026/items/sticker-hooxi-foil-cologne-2026,https://community.akamai.steamstatic.com/economy/image/i0CoZ81Ui0m-9KwlBY1L_18myuGuq1wfhWSaZgMttyVfPaERSR0Wqmu7LAocGJai0ki7VeTHjMmuOXSQ61MnpNWipUruRiL5kZn49B1d4PuiJvc9I6jFXTLIw75ytOIwF3nmkEom52XSyYqrJ3uSawcoWZYlEOMC5xam0oqwhLXO6jM,Sticker | HooXi (Foil) | Cologne 2026,https://steamcommunity.com/market/listings/730/Sticker%20%7C%20HooXi%20%28Foil%29%20%7C%20Cologne%202026,ok
546,17.0,P4,IGNORE,npl (Gold),Player,Gold,Autograph,sticker,npl,B8,B8,1697,16.8,999.01,9.89,2P,True,41.13,"2P around $9.89, 41% below Steam",0,Premium,Expensive,Medium,1697.0,875.0,4141.0,116,321.31,57,6.0,0.6302,0.2884,0.4809,0.4356,-4.414849734826165,62.36911268502734,0.5225,0.0898,0.65,0.0,+62% expected | 0.52 demand | 2P 41% below Steam | 76% below high | 315% upside,"lower highs, 2P new low, unscored",No clear edge.,9.89,,9.89,9.89,,,-14.172312925170075,41.13095238095238,0.1,0.0854,1.0,True,,,https://cs2tokens.com/iem-cologne-2026/items/sticker-npl-gold-cologne-2026,https://community.akamai.steamstatic.com/economy/image/i0CoZ81Ui0m-9KwlBY1L_18myuGuq1wfhWSaZgMttyVfPaERSR0Wqmu7LAocGJai0ki7VeTHjMmuOXSQ61MnpNWipUruRiL_jprf-i1X67z_af07eaLLXGGRk7p0tLQ4S3ngkUt0sm-Eyd2ucHiWZlB1C5FxReUDrFDmxcEN8a6n,Sticker | npl (Gold) | Cologne 2026,https://steamcommunity.com/market/listings/730/Sticker%20%7C%20npl%20%28Gold%29%20%7C%20Cologne%202026,ok
547,17.0,P4,IGNORE,HEROIC (Foil),Team,Foil,Team,sticker,,HEROIC,HEROIC,65,0.64,65.0,0.64,Steam,False,0.0,Steam around $0.64,0,Very Cheap,Very Cheap,Low,65.0,42.0,145.0,116,321.31,60,6.0,0.4688,0.2139,0.3503,0.3172,36.00000000000001,36.00000000000001,0.2704,0.0,0.65,0.0,+36% expected | 0.27 demand | 55% below high | 123% upside | -55% vs launch,"lower highs, 2P new low, unscored",2P is cheaper than current Steam but still above Steam's recorded low; wait for a stronger entry.,1.07,,1.07,1.07,,,-158.74255952380952,-67.18750000000001,0.1,0.0252,1.0,True,1.37,,https://cs2tokens.com/iem-cologne-2026/items/sticker-heroic-foil-cologne-2026,https://community.akamai.steamstatic.com/economy/image/i0CoZ81Ui0m-9KwlBY1L_18myuGuq1wfhWSaZgMttyVfPaERSR0Wqmu7LAocGJai0ki7VeTHjMmuOXSQ61MnpNWipVHiUxLOmJnp8WwD6qP_OqVrI_PKD2aRleoktrQ-TX7llkpx5TzSz9f9IC3EaQFzDpRwW6dU5Wq5Oyze,Sticker | HEROIC (Foil) | Cologne 2026,https://steamcommunity.com/market/listings/730/Sticker%20%7C%20HEROIC%20%28Foil%29%20%7C%20Cologne%202026,ok
548,17.0,P4,IGNORE,Jame,Player,Paper,Autograph,sticker,Jame,PARIVISION,PARIVISION,11,0.11,11.0,0.11,Steam,False,0.0,Steam around $0.11,0,Very Cheap,Very Cheap,Low,11.0,9.0,35.0,116,321.31,61,6.0,0.4537,0.2363,0.3336,0.2829,52.18181818181817,52.18181818181817,0.1691,0.0,0.65,0.0,+52% expected | 0.17 demand | 69% below high | 218% upside | -68% vs launch,"lower highs, 2P new low, unscored",2P is cheaper than current Steam but still above Steam's recorded low; wait for a stronger entry.,0.15,,0.15,0.15,,,-66.66666666666664,-36.36363636363636,0.1,0.0252,1.0,True,,,https://cs2tokens.com/iem-cologne-2026/items/sticker-jame-cologne-2026,https://community.akamai.steamstatic.com/economy/image/i0CoZ81Ui0m-9KwlBY1L_18myuGuq1wfhWSaZgMttyVfPaERSR0Wqmu7LAocGJai0ki7VeTHjMmuOXSQ61MnpNWipUruRiL7n5vls3sLvqGtOaY5IvWVWWKSlbwk4eA8Hnjkw0t2tTiDn9n4I36XaQ9xWJpuBbldxguuqB4,Sticker | Jame | Cologne 2026,https://steamcommunity.com/market/listings/730/Sticker%20%7C%20Jame%20%7C%20Cologne%202026,ok
549,16.8,P4,IGNORE,hypex (Foil),Player,Foil,Autograph,sticker,hypex,GamerLegion,GamerLegion,108,1.07,108.0,1.07,Steam,False,0.0,Steam around $1.07,0,Cheap,Cheap,Low,108.0,90.0,251.0,116,321.31,60,6.0,0.4354,0.2318,0.3784,0.282,39.78703703703703,39.78703703703703,0.3787,0.0,0.65,0.0,+40% expected | 0.38 demand | 57% below high | 132% upside | -44% vs launch,"lower highs, 2P new low, unscored",2P is cheaper than current Steam but still above Steam's recorded low; wait for a stronger entry.,1.88,,1.88,1.88,,,-110.84112149532707,-75.70093457943923,0.1,0.0252,1.0,True,,,https://cs2tokens.com/iem-cologne-2026/items/sticker-hypex-foil-cologne-2026,https://community.akamai.steamstatic.com/economy/image/i0CoZ81Ui0m-9KwlBY1L_18myuGuq1wfhWSaZgMttyVfPaERSR0Wqmu7LAocGJai0ki7VeTHjMmuOXSQ61MnpNWipUruRiL5h4bl5R1d4PuiJv05c6OSWjGUkL0hseQ-GSqwwBx_tjnSzI36I3mSbFMnX5IhRLYKuxam0oqwyMD-xnk,Sticker | hypex (Foil) | Cologne 2026,https://steamcommunity.com/market/listings/730/Sticker%20%7C%20hypex%20%28Foil%29%20%7C%20Cologne%202026,ok
550,16.7,P4,IGNORE,asap (Foil),Player,Foil,Autograph,sticker,asap,,,155,1.53,155.0,1.53,Steam,False,0.0,Steam around $1.53,0,Fair,Fair,Low,155.0,153.0,261.0,116,321.31,60,6.0,0.4217,0.2334,0.4757,0.2835,18.09032258064516,18.09032258064516,0.6619,0.0,0.65,0.0,+18% expected | 0.66 demand | 41% below high | 68% upside | -31% vs launch,"lower highs, 2P new low, unscored",No clear edge.,1.81,,1.81,1.81,,,-19.84706736725192,-18.300653594771244,0.1,0.056,1.0,True,2.0,5.92,https://cs2tokens.com/iem-cologne-2026/items/sticker-asap-foil-cologne-2026,https://community.akamai.steamstatic.com/economy/image/i0CoZ81Ui0m-9KwlBY1L_18myuGuq1wfhWSaZgMttyVfPaERSR0Wqmu7LAocGJai0ki7VeTHjMmuOXSQ61MnpNWipUruRiLwjZfwwiRU5v7gOKU1JKnAWj7Glr8i5rU8GXmyzEx_5zzXzN-vcn3EPwZ0A8ciFO9bug74zINvw3ajAg,Sticker | asap (Foil) | Cologne 2026,https://steamcommunity.com/market/listings/730/Sticker%20%7C%20asap%20%28Foil%29%20%7C%20Cologne%202026,ok
551,16.6,P4,IGNORE,zont1x (Gold),Player,Gold,Autograph,sticker,zont1x,Team Spirit,Team Spirit,4676,46.29,2163.75,21.42,2P,True,53.73,"2P around $21.42, 54% below Steam",0,Premium,Premium,Medium,4676.0,2213.0,6323.0,116,321.31,57,6.0,0.6108,0.292,0.4182,0.4358,-18.114627887082975,76.959564664189,0.7786,0.0,0.65,0.0,+77% expected | 0.78 demand | 2P 54% below Steam | 66% below high | 192% upside,"lower highs, 2P new low, unscored",No clear edge.,21.42,,21.42,21.42,,,2.225551658306126,53.72650680492546,0.1,0.0988,1.0,True,,,https://cs2tokens.com/iem-cologne-2026/items/sticker-zont1x-gold-cologne-2026,https://community.akamai.steamstatic.com/economy/image/i0CoZ81Ui0m-9KwlBY1L_18myuGuq1wfhWSaZgMttyVfPaERSR0Wqmu7LAocGJai0ki7VeTHjMmuOXSQ61MnpNWipUruRiLrkZj0rDpk6P2ibOo6cfPLCjSWl7sk5bFsGnrkw0x36ziEyIyrcC6WPA5zApJzEeANs0LujJS5YNErXgEg,Sticker | zont1x (Gold) | Cologne 2026,https://steamcommunity.com/market/listings/730/Sticker%20%7C%20zont1x%20%28Gold%29%20%7C%20Cologne%202026,ok
552,16.5,P4,IGNORE,Lynn Vision,Team,Paper,Team,sticker,,Lynn Vision,Lynn Vision,27,0.27,27.0,0.27,Steam,False,0.0,Steam around $0.27,0,Very Cheap,Very Cheap,Low,27.0,20.0,48.0,116,321.31,61,6.0,0.3949,0.2053,0.3711,0.2641,18.333333333333336,18.333333333333336,0.6049,0.0,0.65,0.0,+18% expected | 0.60 demand | 44% below high | 78% upside | -23% vs launch,"lower highs, 2P new low, unscored",2P is cheaper than current Steam but still above Steam's recorded low; wait for a stronger entry.,0.28,,0.28,0.28,,,-40.00000000000001,-3.703703703703707,0.1,0.0252,1.0,True,,,https://cs2tokens.com/iem-cologne-2026/items/sticker-lynn-vision-cologne-2026,https://community.akamai.steamstatic.com/economy/image/i0CoZ81Ui0m-9KwlBY1L_18myuGuq1wfhWSaZgMttyVfPaERSR0Wqmu7LAocGJai0ki7VeTHjMmuOXSQ61MnpNWipVX-TxO_mMe0pHVe66qoPaA_dvaWCjDJlr4isuJoSirixUp042nRn9muJXrEPBhgVMXnhNyFKA,Sticker | Lynn Vision | Cologne 2026,https://steamcommunity.com/market/listings/730/Sticker%20%7C%20Lynn%20Vision%20%7C%20Cologne%202026,ok
553,16.4,P4,IGNORE,Monte (Foil),Team,Foil,Team,sticker,,Monte,Monte,163,1.61,163.0,1.61,Steam,False,0.0,Steam around $1.61,0,Cheap,Cheap,Low,163.0,110.0,322.0,116,321.31,60,6.0,0.4461,0.2062,0.368,0.2886,28.62576687116565,28.62576687116565,0.5306,0.0,0.65,0.0,+29% expected | 0.53 demand | 49% below high | 98% upside | -35% vs launch,"lower highs, 2P new low, unscored",2P is cheaper than current Steam but still above Steam's recorded low; wait for a stronger entry.,5.3,,5.3,5.3,,,-387.8035008469791,-229.1925465838509,0.1,0.0252,1.0,True,5.3,,https://cs2tokens.com/iem-cologne-2026/items/sticker-monte-foil-cologne-2026,https://community.akamai.steamstatic.com/economy/image/i0CoZ81Ui0m-9KwlBY1L_18myuGuq1wfhWSaZgMttyVfPaERSR0Wqmu7LAocGJai0ki7VeTHjMmuOXSQ61MnpNWipVToTwnOmJnp8WwKuKT8MKE8c6mVWGGSmegvs-A6TizmxEsk5m2GmI2odXqfaQdxDZJ4W6dU5SIhck0Q,Sticker | Monte (Foil) | Cologne 2026,https://steamcommunity.com/market/listings/730/Sticker%20%7C%20Monte%20%28Foil%29%20%7C%20Cologne%202026,ok
554,16.3,P4,IGNORE,IEM,Player,Paper,Event,sticker,,,,78,0.77,69.9,0.69,2P,True,10.39,"2P around $0.69, 10% below Steam",0,Fair,Fair,Medium,78.0,63.0,194.0,116,321.31,61,6.0,0.4902,0.2503,0.504,0.3021,43.55128205128205,60.19490895577852,0.4522,0.0,0.65,0.0,+60% expected | 0.45 demand | 2P 10% below Steam | 64% below high | 178% upside,"lower highs, 2P new low, unscored",No clear edge.,0.69,,0.69,0.69,,,-10.946196660482368,10.389610389610398,0.1,0.0634,1.0,True,,,https://cs2tokens.com/iem-cologne-2026/items/sticker-iem-cologne-2026,https://community.akamai.steamstatic.com/economy/image/i0CoZ81Ui0m-9KwlBY1L_18myuGuq1wfhWSaZgMttyVfPaERSR0Wqmu7LAocGJai0ki7VeTHjMmuOXSQ61MnpNWipVDiTFOmyZW5qyYPuaP_avBsJqDDWmPFxO8g6eQ4HHvgwh8jsW7SzNn4JCjFcEZ-XUOREBaf,Sticker | IEM | Cologne 2026,https://steamcommunity.com/market/listings/730/Sticker%20%7C%20IEM%20%7C%20Cologne%202026,ok
555,16.1,P4,IGNORE,xfl0ud (Gold),Player,Gold,Autograph,sticker,xfl0ud,HEROIC,HEROIC,2460,24.35,930.46,9.21,2P,True,62.18,"2P around $9.21, 62% below Steam",0,Premium,Expensive,Medium,2460.0,343.0,5572.0,116,321.31,57,6.0,0.6375,0.3123,0.3915,0.4434,-19.126422764227648,113.8188496950116,0.4978,0.0,0.65,0.0,+114% expected | 0.50 demand | 2P 62% below Steam | 83% below high | 499% upside,"lower highs, 2P new low, unscored",2P is cheaper than current Steam but still above Steam's recorded low; wait for a stronger entry.,9.21,,9.21,9.21,,,-171.2699277422908,62.176591375770016,0.1,0.0452,1.0,True,,,https://cs2tokens.com/iem-cologne-2026/items/sticker-xfl0ud-gold-cologne-2026,https://community.akamai.steamstatic.com/economy/image/i0CoZ81Ui0m-9KwlBY1L_18myuGuq1wfhWSaZgMttyVfPaERSR0Wqmu7LAocGJai0ki7VeTHjMmuOXSQ61MnpNWipUruRiLpmJqw6CZk6P2ibOo8daHFXjLCmbwh5rVsF3GwxB9z42rdytmqdinCZgZ0CZd0RLQMtBi_jJS5YPgf6i3a,Sticker | xfl0ud (Gold) | Cologne 2026,https://steamcommunity.com/market/listings/730/Sticker%20%7C%20xfl0ud%20%28Gold%29%20%7C%20Cologne%202026,ok
556,15.7,P4,IGNORE,BIG (Gold),Team,Gold,Team,sticker,,BIG,BIG,60956,603.46,3908.11,38.69,2P,True,93.59,"2P around $38.69, 94% below Steam",0,Premium,Premium,High,60956.0,3640.0,102039.0,116,321.31,57,6.0,0.7427,0.3001,0.3428,0.4764,-45.32871251394448,752.7251265529869,0.5713,0.0628,0.65,0.0,+753% expected | 0.57 demand | 2P 94% below Steam | 96% below high | 2511% upside,"High crowding, lower highs, 2P new low, unscored",No clear edge.,38.69,,38.69,38.69,,,-7.365640192836681,93.58863884930236,0.1,0.106,1.0,True,,,https://cs2tokens.com/iem-cologne-2026/items/sticker-big-gold-cologne-2026,https://community.akamai.steamstatic.com/economy/image/i0CoZ81Ui0m-9KwlBY1L_18myuGuq1wfhWSaZgMttyVfPaERSR0Wqmu7LAocGJai0ki7VeTHjMmuOXSQ61MnpNWipVvuRiL2kZrksycOtvP6OfY8IfbKXjXJlOp1s7A7SX7qzRl3sTvdyIz6JX2XagcmX8FuBbldj8MPj7U,Sticker | BIG (Gold) | Cologne 2026,https://steamcommunity.com/market/listings/730/Sticker%20%7C%20BIG%20%28Gold%29%20%7C%20Cologne%202026,ok
557,15.7,P4,IGNORE,B8,Team,Paper,Team,sticker,,B8,B8,14,0.14,12.0,0.12,2P,True,14.29,"2P around $0.12, 14% below Steam",0,Very Cheap,Very Cheap,Medium,14.0,8.0,25.0,116,321.31,61,6.0,0.4471,0.1958,0.3655,0.2821,3.4285714285714253,20.66666666666668,0.5381,0.0,0.65,0.0,+21% expected | 0.54 demand | 2P 14% below Steam | 52% below high | 108% upside,"lower highs, 2P new low, unscored",2P is cheaper than current Steam but still above Steam's recorded low; wait for a stronger entry.,0.12,,0.12,0.12,,,-49.99999999999999,14.285714285714295,0.1,0.0298,1.0,True,,,https://cs2tokens.com/iem-cologne-2026/items/sticker-b8-cologne-2026,https://community.akamai.steamstatic.com/economy/image/i0CoZ81Ui0m-9KwlBY1L_18myuGuq1wfhWSaZgMttyVfPaERSR0Wqmu7LAocGJai0ki7VeTHjMmuOXSQ61MnpNWipVu_D0vwmpWwqntfvKL2MPU7I6LDXzPDw7d357JvH3rnxRx_tz6DntaudHyJLlh3GlgROew,Sticker | B8 | Cologne 2026,https://steamcommunity.com/market/listings/730/Sticker%20%7C%20B8%20%7C%20Cologne%202026,ok
558,15.6,P4,IGNORE,TYLOO (Foil),Team,Foil,Team,sticker,,TYLOO,TYLOO,366,3.62,299.27,2.96,UUSkins,True,18.23,"UUSkins around $2.96, 18% below Steam",0,Fair,Fair,High,366.0,300.0,835.0,116,321.31,60,6.0,0.5775,0.2434,0.4137,0.3235,37.20765027322403,67.80124796928075,0.381,0.0,0.65,0.0,+68% expected | 0.38 demand | UUSkins 18% below Steam | 64% below high | 179% upside,"High crowding, lower highs, unscored",No clear edge.,2.96,1.63,1.63,2.96,81.5950920245399,,0.2430939226519336,18.232044198895032,0.0,0.107,2.0,False,4.29,2.96,https://cs2tokens.com/iem-cologne-2026/items/sticker-tyloo-foil-cologne-2026,https://community.akamai.steamstatic.com/economy/image/i0CoZ81Ui0m-9KwlBY1L_18myuGuq1wfhWSaZgMttyVfPaERSR0Wqmu7LAocGJai0ki7VeTHjMmuOXSQ61MnpNWipU3-TSL3kZ_ss3YP66Sraac7caaQWDGUlet0sbU6GyziwU514D-Azt-uI32VOAZzWcFuBbldUoHH_Wc,Sticker | TYLOO (Foil) | Cologne 2026,https://steamcommunity.com/market/listings/730/Sticker%20%7C%20TYLOO%20%28Foil%29%20%7C%20Cologne%202026,ok
559,15.2,P4,IGNORE,sh1ro (Gold),Player,Gold,Autograph,sticker,sh1ro,Team Spirit,Team Spirit,4123,40.82,1558.5,15.43,2P,True,62.2,"2P around $15.43, 62% below Steam",0,Premium,Premium,Low,4123.0,2842.0,7677.0,116,321.31,57,6.0,0.6488,0.2953,0.3059,0.4703,8.194033470773721,186.22685977167745,0.2275,0.0,0.65,0.0,+186% expected | 0.23 demand | 2P 62% below Steam | 80% below high | 393% upside,"lower highs, 2P new low, unscored",No clear edge.,15.43,,15.43,15.43,,,45.16192680589781,62.19990200881921,0.1,0.1904,1.0,True,,,https://cs2tokens.com/iem-cologne-2026/items/sticker-sh1ro-gold-cologne-2026,https://community.akamai.steamstatic.com/economy/image/i0CoZ81Ui0m-9KwlBY1L_18myuGuq1wfhWSaZgMttyVfPaERSR0Wqmu7LAocGJai0ki7VeTHjMmuOXSQ61MnpNWipUruRiLilsfy8h1c4P6qJv1sJKPDWTXJwO8i5udrGiqwk0wktm6Hm9ardXjFOA8gC8FwRrZYs0Wm0oqw37RnnEk,Sticker | sh1ro (Gold) | Cologne 2026,https://steamcommunity.com/market/listings/730/Sticker%20%7C%20sh1ro%20%28Gold%29%20%7C%20Cologne%202026,ok
560,15.2,P4,IGNORE,tabseN,Player,Paper,Autograph,sticker,tabseN,BIG,BIG,5,0.05,5.0,0.05,Steam,False,0.0,Steam around $0.05,0,Very Cheap,Very Cheap,Medium,5.0,3.0,21.0,116,321.31,61,6.0,0.4821,0.2151,0.366,0.2479,51.6,51.6,0.368,0.0,0.65,0.0,+52% expected | 0.37 demand | 76% below high | 320% upside | -76% vs launch,"lower highs, 2P new low, unscored",No clear edge.,,,,,,,,,0.1,0.0,,,,,https://cs2tokens.com/iem-cologne-2026/items/sticker-tabsen-cologne-2026,https://community.akamai.steamstatic.com/economy/image/i0CoZ81Ui0m-9KwlBY1L_18myuGuq1wfhWSaZgMttyVfPaERSR0Wqmu7LAocGJai0ki7VeTHjMmuOXSQ61MnpNWipUruRiLln5Tz-CwV7vT5OqE5JKLKCjDEwL1y5rM-Fyvjxx5wsTmEy9utdCmWP1N2XJokRflK7EcGsJuJxg,Sticker | tabseN | Cologne 2026,https://steamcommunity.com/market/listings/730/Sticker%20%7C%20tabseN%20%7C%20Cologne%202026,ok
561,15.2,P4,IGNORE,SunPayus,Player,Paper,Autograph,sticker,SunPayus,G2 Esports,G2 Esports,5,0.05,5.0,0.05,Steam,False,0.0,Steam around $0.05,0,Very Cheap,Very Cheap,High,5.0,2.0,24.0,116,321.31,63,6.0,0.483,0.21,0.4076,0.2202,52.8,52.8,0.4629,0.0,0.65,0.0,+53% expected | 0.46 demand | 79% below high | 380% upside | -79% vs launch,"High crowding, lower highs, 2P new low, unscored",No clear edge.,,,,,,,,,0.1,0.0,,,,,https://cs2tokens.com/iem-cologne-2026/items/sticker-sunpayus-cologne-2026,https://community.akamai.steamstatic.com/economy/image/i0CoZ81Ui0m-9KwlBY1L_18myuGuq1wfhWSaZgMttyVfPaERSR0Wqmu7LAocGJai0ki7VeTHjMmuOXSQ61MnpNWipUruRiLii5jw_DtO_LyrMPc7JfLDXmTAkrZ35OJsFi_qzBl16j7dzI6gdH-Tbgd1DpZ5E-9crFDmxYeOq7dl,Sticker | SunPayus | Cologne 2026,https://steamcommunity.com/market/listings/730/Sticker%20%7C%20SunPayus%20%7C%20Cologne%202026,ok
562,15.1,P4,IGNORE,westmelon (Gold),Player,Gold,Autograph,sticker,westmelon,Lynn Vision,Lynn Vision,3652,36.15,1243.6,12.31,2P,True,65.95,"2P around $12.31, 66% below Steam",0,Premium,Premium,Medium,3652.0,775.0,4757.0,116,321.31,57,6.0,0.6327,0.2857,0.3887,0.4415,-26.819550930996705,114.90440567379925,0.7124,0.0,0.65,0.0,+115% expected | 0.71 demand | 2P 66% below Steam | 74% below high | 283% upside,"lower highs, 2P new low, unscored",2P is cheaper than current Steam but still above Steam's recorded low; wait for a stronger entry.,12.31,,12.31,12.31,,,-60.46444474189089,65.94744121715075,0.1,0.0464,1.0,True,,,https://cs2tokens.com/iem-cologne-2026/items/sticker-westmelon-gold-cologne-2026,https://community.akamai.steamstatic.com/economy/image/i0CoZ81Ui0m-9KwlBY1L_18myuGuq1wfhWSaZgMttyVfPaERSR0Wqmu7LAocGJai0ki7VeTHjMmuOXSQ61MnpNWipUruRiLmm4X08CdX4PyRb6thJL7FCGWUkL53sbY4SX7qxxxwtmmBztr9I3mUOFVyAptyFLMJ4Ri-koDnKaq8sKi-p19v,Sticker | westmelon (Gold) | Cologne 2026,https://steamcommunity.com/market/listings/730/Sticker%20%7C%20westmelon%20%28Gold%29%20%7C%20Cologne%202026,ok
563,15.1,P4,IGNORE,donk (Foil),Player,Foil,Autograph,sticker,donk,Team Spirit,Team Spirit,994,9.84,523.26,5.18,UUSkins,True,47.36,"UUSkins around $5.18, 47% below Steam",0,Premium,Expensive,Medium,994.0,732.0,2010.0,116,321.31,60,6.0,0.624,0.2978,0.3358,0.4277,18.96177062374245,125.98143299954168,0.5662,0.112,0.65,0.0,+126% expected | 0.57 demand | UUSkins 47% below Steam | 74% below high | 284% upside,"lower highs, 2P new low, unscored",No clear edge.,5.18,,5.18,5.18,,,28.515815895863884,47.357723577235774,0.1,0.1469,1.0,True,6.05,5.18,https://cs2tokens.com/iem-cologne-2026/items/sticker-donk-foil-cologne-2026,https://community.akamai.steamstatic.com/economy/image/i0CoZ81Ui0m-9KwlBY1L_18myuGuq1wfhWSaZgMttyVfPaERSR0Wqmu7LAocGJai0ki7VeTHjMmuOXSQ61MnpNWipUruRiL1kZjrwiRU5v7gPfA1I_SQXjfEmLtz5bY9HSzlzBhz5z7czIr8cnuXO1B2DZBxReEJ4w74zIMRKhC66A,Sticker | donk (Foil) | Cologne 2026,https://steamcommunity.com/market/listings/730/Sticker%20%7C%20donk%20%28Foil%29%20%7C%20Cologne%202026,ok
564,15.1,P4,IGNORE,dumau (Gold),Player,Gold,Autograph,sticker,dumau,Legacy,Legacy,2340,23.17,1404.81,13.91,2P,True,39.97,"2P around $13.91, 40% below Steam",0,Premium,Premium,Medium,2340.0,1306.0,4319.0,116,321.31,57,6.0,0.6043,0.2655,0.4913,0.3982,0.0944444444444414,66.7281292435498,0.6967,0.0,0.65,0.0,+67% expected | 0.70 demand | 2P 40% below Steam | 67% below high | 207% upside,"lower highs, 2P new low, unscored",No clear edge.,13.91,,13.91,13.91,,,-7.565692289694445,39.96547259387139,0.1,0.0845,1.0,True,,,https://cs2tokens.com/iem-cologne-2026/items/sticker-dumau-gold-cologne-2026,https://community.akamai.steamstatic.com/economy/image/i0CoZ81Ui0m-9KwlBY1L_18myuGuq1wfhWSaZgMttyVfPaERSR0Wqmu7LAocGJai0ki7VeTHjMmuOXSQ61MnpNWipUruRiL1i5vh6B1c4P6qJqc_cPPGW2bAl7sg5rk9Tiq2wU10sGjSmdarI3uTOwAlCpojFrJcsUam0oqw-7Zg3ec,Sticker | dumau (Gold) | Cologne 2026,https://steamcommunity.com/market/listings/730/Sticker%20%7C%20dumau%20%28Gold%29%20%7C%20Cologne%202026,ok
565,15.1,P4,IGNORE,ropz,Player,Paper,Autograph,sticker,ropz,Vitality,Vitality,57,0.56,39.7,0.39,2P,True,30.36,"2P around $0.39, 30% below Steam",0,Fair,Cheap,Low,57.0,41.0,114.0,116,321.31,61,6.0,0.5051,0.2538,0.3294,0.3283,21.964912280701743,75.12910481331534,0.236,0.0,0.65,0.0,+75% expected | 0.24 demand | 2P 30% below Steam | 65% below high | 187% upside,"lower highs, 2P new low, unscored",No clear edge.,0.39,,0.39,0.39,,,3.179442508710803,30.35714285714286,0.1,0.084,1.0,True,,,https://cs2tokens.com/iem-cologne-2026/items/sticker-ropz-cologne-2026,https://community.akamai.steamstatic.com/economy/image/i0CoZ81Ui0m-9KwlBY1L_18myuGuq1wfhWSaZgMttyVfPaERSR0Wqmu7LAocGJai0ki7VeTHjMmuOXSQ61MnpNWipUruRiLjkYb6s3MDu_Ora_A4I6DGDzLGmb0gtLFoTnvmlBsmsm3Wzdb8IymWOgQoDptuBbldiLYBOOc,Sticker | ropz | Cologne 2026,https://steamcommunity.com/market/listings/730/Sticker%20%7C%20ropz%20%7C%20Cologne%202026,ok
566,15.1,P4,IGNORE,soulfly (Foil),Player,Foil,Autograph,sticker,soulfly,Aurora,Aurora,53,0.52,53.0,0.52,Steam,False,0.0,Steam around $0.52,0,Very Cheap,Very Cheap,Medium,53.0,17.0,156.0,116,321.31,62,6.0,0.4028,0.1979,0.5752,0.1748,8.830188679245277,8.830188679245277,0.5697,0.0,0.65,0.0,+9% expected | 0.57 demand | 66% below high | 194% upside | -66% vs launch,"lower highs, 2P new low, unscored",2P is cheaper than current Steam but still above Steam's recorded low; wait for a stronger entry.,1.04,1.04,1.04,1.04,0.0,-6.48718185380069e-15,-523.5294117647059,-100.0,0.0,0.135,7.0,True,,1.04,https://cs2tokens.com/iem-cologne-2026/items/sticker-soulfly-foil-cologne-2026,https://community.akamai.steamstatic.com/economy/image/i0CoZ81Ui0m-9KwlBY1L_18myuGuq1wfhWSaZgMttyVfPaERSR0Wqmu7LAocGJai0ki7VeTHjMmuOXSQ61MnpNWipUruRiLikYPs-y5C0PShYagjcqGSXj_AwLsm4Lg_G3jqlB4h6mWGy96qdS2SZgJyX5smQuQJ4BG8k8qnab1bRa7koA,Sticker | soulfly (Foil) | Cologne 2026,https://steamcommunity.com/market/listings/730/Sticker%20%7C%20soulfly%20%28Foil%29%20%7C%20Cologne%202026,ok
567,15.0,P4,IGNORE,hypex (Gold),Player,Gold,Autograph,sticker,hypex,GamerLegion,GamerLegion,3716,36.79,2238.29,22.16,2P,True,39.77,"2P around $22.16, 40% below Steam",0,Premium,Premium,Medium,3716.0,3200.0,12315.0,116,321.31,57,6.0,0.6506,0.2789,0.473,0.4174,31.440796555435945,118.21782063513032,0.2839,0.0,0.65,0.0,+118% expected | 0.28 demand | 2P 40% below Steam | 82% below high | 450% upside,"lower highs, 2P new low, unscored",No clear edge.,22.16,,22.16,22.16,,,30.053547159554228,39.766240826311495,0.1,0.1445,1.0,True,,,https://cs2tokens.com/iem-cologne-2026/items/sticker-hypex-gold-cologne-2026,https://community.akamai.steamstatic.com/economy/image/i0CoZ81Ui0m-9KwlBY1L_18myuGuq1wfhWSaZgMttyVfPaERSR0Wqmu7LAocGJai0ki7VeTHjMmuOXSQ61MnpNWipUruRiL5h4bl5R1c4P6qJqI-dqfLWDCRkbd04bE6Fn3hzUwltW7Uz96uICjDZw4oCMQjQe9fuham0oqwz5hcssQ,Sticker | hypex (Gold) | Cologne 2026,https://steamcommunity.com/market/listings/730/Sticker%20%7C%20hypex%20%28Gold%29%20%7C%20Cologne%202026,ok
568,14.8,P4,IGNORE,Swisher (Foil),Player,Foil,Autograph,sticker,Swisher,M80,M80,44,0.44,44.0,0.44,Steam,False,0.0,Steam around $0.44,0,Very Cheap,Very Cheap,Low,44.0,29.0,119.0,116,321.31,60,6.0,0.4266,0.2033,0.3555,0.2452,31.13636363636365,31.13636363636365,0.305,0.0,0.65,0.0,+31% expected | 0.30 demand | 63% below high | 170% upside | -63% vs launch,"lower highs, 2P new low, unscored",No clear edge.,,,,,,,,,0.1,0.0,,,,,https://cs2tokens.com/iem-cologne-2026/items/sticker-swisher-foil-cologne-2026,https://community.akamai.steamstatic.com/economy/image/i0CoZ81Ui0m-9KwlBY1L_18myuGuq1wfhWSaZgMttyVfPaERSR0Wqmu7LAocGJai0ki7VeTHjMmuOXSQ61MnpNWipUruRiLiiZ_z9SdJ0PShYagjc_HCDzfBmO0i5LVrHHnqxUp_4TiDyIyueHPDbg4gDZR4F7Jetka7kMqnab3Hc2JaGw,Sticker | Swisher (Foil) | Cologne 2026,https://steamcommunity.com/market/listings/730/Sticker%20%7C%20Swisher%20%28Foil%29%20%7C%20Cologne%202026,ok
569,14.7,P4,IGNORE,PARIVISION (Foil),Team,Foil,Team,sticker,,PARIVISION,PARIVISION,235,2.33,235.0,2.33,Steam,False,0.0,Steam around $2.33,0,Cheap,Cheap,Medium,235.0,154.0,440.0,116,321.31,60,6.0,0.4189,0.1926,0.3832,0.2529,21.021276595744663,21.021276595744663,0.6817,0.0,0.65,0.0,+21% expected | 0.68 demand | 47% below high | 87% upside | -37% vs launch,"lower highs, 2P new low, unscored",2P is cheaper than current Steam but still above Steam's recorded low; wait for a stronger entry.,2.64,,2.64,2.64,,,-72.90006131207849,-13.30472103004292,0.1,0.0252,1.0,True,5.0,2.64,https://cs2tokens.com/iem-cologne-2026/items/sticker-parivision-foil-cologne-2026,https://community.akamai.steamstatic.com/economy/image/i0CoZ81Ui0m-9KwlBY1L_18myuGuq1wfhWSaZgMttyVfPaERSR0Wqmu7LAocGJai0ki7VeTHjMmuOXSQ61MnpNWipUnmUxTOmJnp8WwKu6P-P_drePHCDT_Fmb1zsrM9S3_gxU904z_Vy4v7eXjFawF0D5oiW6dU5SWazNyG,Sticker | PARIVISION (Foil) | Cologne 2026,https://steamcommunity.com/market/listings/730/Sticker%20%7C%20PARIVISION%20%28Foil%29%20%7C%20Cologne%202026,ok
570,14.7,P4,IGNORE,Legacy,Team,Paper,Team,sticker,,Legacy,Legacy,20,0.2,20.0,0.2,Steam,False,0.0,Steam around $0.20,0,Very Cheap,Very Cheap,Medium,20.0,13.0,36.0,116,321.31,61,6.0,0.3929,0.1835,0.4701,0.2287,19.100000000000005,19.100000000000005,0.5901,0.0,0.65,0.0,+19% expected | 0.59 demand | 44% below high | 80% upside | -33% vs launch,"lower highs, 2P new low, unscored",No clear edge.,,,,,,,,,0.1,0.0,,,,,https://cs2tokens.com/iem-cologne-2026/items/sticker-legacy-cologne-2026,https://community.akamai.steamstatic.com/economy/image/i0CoZ81Ui0m-9KwlBY1L_18myuGuq1wfhWSaZgMttyVfPaERSR0Wqmu7LAocGJai0ki7VeTHjMmuOXSQ61MnpNWipVXgQgS_zZW4rXADtqGraqI5I_GXW2LAw70k6ONoSy3lx0t_62iBzNj4eSqTbxhgVMVfQ59e-w,Sticker | Legacy | Cologne 2026,https://steamcommunity.com/market/listings/730/Sticker%20%7C%20Legacy%20%7C%20Cologne%202026,ok
571,14.6,P4,IGNORE,FUT (Gold),Team,Gold,Team,sticker,,,,6822,67.54,2685.77,26.59,2P,True,60.63,"2P around $26.59, 61% below Steam",0,Premium,Premium,Low,6822.0,1184.0,8722.0,116,321.31,57,6.0,0.5398,0.2724,0.365,0.4038,-30.17971269422456,77.34720589063832,0.799,0.0,0.65,0.0,+77% expected | 0.80 demand | 2P 61% below Steam | 69% below high | 225% upside,"lower highs, 2P new low, unscored",2P is cheaper than current Steam but still above Steam's recorded low; wait for a stronger entry.,26.59,,26.59,26.59,,,-126.83877522028985,60.63073734083506,0.1,0.0447,1.0,True,,,https://cs2tokens.com/iem-cologne-2026/items/sticker-fut-gold-cologne-2026,https://community.akamai.steamstatic.com/economy/image/i0CoZ81Ui0m-9KwlBY1L_18myuGuq1wfhWSaZgMttyVfPaERSR0Wqmu7LAocGJai0ki7VeTHjMmuOXSQ61MnpNWipV_yVSL2kZrksyMN7KP3PvY5dfLGX2SRk-11s7E8TXzrxUUisTvcmdf8dX-UbQcpDpVuBbld-dllhww,Sticker | FUT (Gold) | Cologne 2026,https://steamcommunity.com/market/listings/730/Sticker%20%7C%20FUT%20%28Gold%29%20%7C%20Cologne%202026,ok
572,14.5,P4,IGNORE,GamerLegion (Foil),Team,Foil,Team,sticker,,GamerLegion,GamerLegion,514,5.09,388.78,3.85,UUSkins,True,24.36,"UUSkins around $3.85, 24% below Steam",0,Fair,Fair,Medium,514.0,373.0,864.0,116,321.31,60,6.0,0.5217,0.249,0.3018,0.34,17.618677042801558,55.50105614230125,0.4263,0.0,0.65,0.0,+56% expected | 0.43 demand | UUSkins 24% below Steam | 55% below high | 122% upside,"lower highs, 2P new low, unscored",No clear edge.,3.85,3.85,3.85,3.85,0.0,4.7706804045201694e-15,-4.231079180646499,24.3614931237721,0.0,0.387,7.0,True,,3.85,https://cs2tokens.com/iem-cologne-2026/items/sticker-gamerlegion-foil-cologne-2026,https://community.akamai.steamstatic.com/economy/image/i0CoZ81Ui0m-9KwlBY1L_18myuGuq1wfhWSaZgMttyVfPaERSR0Wqmu7LAocGJai0ki7VeTHjMmuOXSQ61MnpNWipV7rfhv-l5qu_HMI6qb8bPE0cvLGXmTDwuwl4ONqGSyyzRhz6jvQm439cC-UaVcpCowwG7DiikbqjQ,Sticker | GamerLegion (Foil) | Cologne 2026,https://steamcommunity.com/market/listings/730/Sticker%20%7C%20GamerLegion%20%28Foil%29%20%7C%20Cologne%202026,ok
573,14.4,P4,IGNORE,Lynn Vision (Foil),Team,Foil,Team,sticker,,Lynn Vision,Lynn Vision,295,2.92,163.66,1.62,UUSkins,True,44.52,"UUSkins around $1.62, 45% below Steam",0,Fair,Cheap,Medium,295.0,178.0,440.0,116,321.31,60,6.0,0.595,0.2461,0.1923,0.3944,10.505084745762703,99.18200460347354,0.1758,0.0,0.65,0.0,+99% expected | 0.18 demand | UUSkins 45% below Steam | 63% below high | 169% upside,"lower highs, 2P new low, unscored",No clear edge.,1.62,,1.62,1.62,,,8.053717100200092,44.52054794520547,0.1,0.1039,1.0,True,5.0,1.62,https://cs2tokens.com/iem-cologne-2026/items/sticker-lynn-vision-foil-cologne-2026,https://community.akamai.steamstatic.com/economy/image/i0CoZ81Ui0m-9KwlBY1L_18myuGuq1wfhWSaZgMttyVfPaERSR0Wqmu7LAocGJai0ki7VeTHjMmuOXSQ61MnpNWipVX-TxPOmJnp8WwMuKP7MKJoeaHDCGKUkbt357drTn3nzEx2tT_dzI2oIC3COA4hCZYjW6dU5RwETaDc,Sticker | Lynn Vision (Foil) | Cologne 2026,https://steamcommunity.com/market/listings/730/Sticker%20%7C%20Lynn%20Vision%20%28Foil%29%20%7C%20Cologne%202026,ok
574,14.2,P4,IGNORE,EmiliaQAQ (Foil),Player,Foil,Autograph,sticker,EmiliaQAQ,Lynn Vision,Lynn Vision,49,0.49,49.0,0.49,Steam,False,0.0,Steam around $0.49,0,Very Cheap,Very Cheap,Low,49.0,39.0,119.0,116,321.31,60,6.0,0.4156,0.2025,0.3346,0.2496,32.3673469387755,32.3673469387755,0.1665,0.0,0.65,0.0,+32% expected | 0.17 demand | 59% below high | 143% upside | -59% vs launch,"lower highs, 2P new low, unscored",2P is cheaper than current Steam but still above Steam's recorded low; wait for a stronger entry.,0.79,,0.79,0.79,,,-102.56410256410258,-61.22448979591838,0.1,0.0252,1.0,True,1.45,0.89,https://cs2tokens.com/iem-cologne-2026/items/sticker-emiliaqaq-foil-cologne-2026,https://community.akamai.steamstatic.com/economy/image/i0CoZ81Ui0m-9KwlBY1L_18myuGuq1wfhWSaZgMttyVfPaERSR0Wqmu7LAocGJai0ki7VeTHjMmuOXSQ61MnpNWipUruRiL0k5_s9CNK7uORbqtkLL7DV2XClLYk5OM4GXHkxUtz4WWDyY74InyUOlAkDpdyFrYI5Bjqx4W1Kaq8sBbxSxeA,Sticker | EmiliaQAQ (Foil) | Cologne 2026,https://steamcommunity.com/market/listings/730/Sticker%20%7C%20EmiliaQAQ%20%28Foil%29%20%7C%20Cologne%202026,ok
575,14.2,P4,IGNORE,INS,Player,Paper,Autograph,sticker,INS,Flyquest,Flyquest,7,0.07,7.0,0.07,Steam,False,0.0,Steam around $0.07,0,Very Cheap,Very Cheap,Medium,7.0,3.0,16.0,116,321.31,61,6.0,0.3655,0.194,0.392,0.2067,31.714285714285715,31.714285714285715,0.6157,0.0,0.65,0.0,+32% expected | 0.62 demand | 56% below high | 129% upside | -56% vs launch,"lower highs, 2P new low, unscored",No clear edge.,,,,,,,,,0.1,0.0,,,,,https://cs2tokens.com/iem-cologne-2026/items/sticker-ins-cologne-2026,https://community.akamai.steamstatic.com/economy/image/i0CoZ81Ui0m-9KwlBY1L_18myuGuq1wfhWSaZgMttyVfPaERSR0Wqmu7LAocGJai0ki7VeTHjMmuOXSQ61MnpNWipUruRiL4kIWuqyMK6vetOPQ9I_HFDDbFkr0l5bkwHS-wxkxz4jiBy4v4dijDbg4kA4wwG7Bvf3HwyQ,Sticker | INS | Cologne 2026,https://steamcommunity.com/market/listings/730/Sticker%20%7C%20INS%20%7C%20Cologne%202026,ok
576,14.2,P4,IGNORE,YEKINDAR (Foil),Player,Foil,Autograph,sticker,YEKINDAR,FURIA,FURIA,64,0.63,64.0,0.63,Steam,False,0.0,Steam around $0.63,0,Very Cheap,Very Cheap,Low,64.0,34.0,174.0,116,321.31,60,6.0,0.3984,0.1958,0.4464,0.2022,26.34375,26.34375,0.3677,0.0,0.65,0.0,+26% expected | 0.37 demand | 63% below high | 172% upside | -63% vs launch,"lower highs, 2P new low, unscored",2P is cheaper than current Steam but still above Steam's recorded low; wait for a stronger entry.,0.84,,0.84,0.84,,,-150.9803921568627,-33.33333333333333,0.1,0.0252,1.0,True,,,https://cs2tokens.com/iem-cologne-2026/items/sticker-yekindar-foil-cologne-2026,https://community.akamai.steamstatic.com/economy/image/i0CoZ81Ui0m-9KwlBY1L_18myuGuq1wfhWSaZgMttyVfPaERSR0Wqmu7LAocGJai0ki7VeTHjMmuOXSQ61MnpNWipUruRiLom53p8yZa_c2oZ61hbqDCWWPDxO0m6ONvFy3mkER3tWWGzdaseX7GOlcnApEkQ-Ff40Psl935d7S12KYa_dw,Sticker | YEKINDAR (Foil) | Cologne 2026,https://steamcommunity.com/market/listings/730/Sticker%20%7C%20YEKINDAR%20%28Foil%29%20%7C%20Cologne%202026,ok
577,14.1,P4,IGNORE,MOUZ (Gold),Team,Gold,Team,sticker,,MOUZ,MOUZ,8011,79.31,4592.87,45.47,2P,True,42.67,"2P around $45.47, 43% below Steam",0,Premium,Premium,Low,8011.0,1693.0,22656.0,116,321.31,57,6.0,0.538,0.2639,0.4873,0.3247,-5.31069779053801,65.15963400555161,0.7355,0.0354,0.65,0.0,+65% expected | 0.74 demand | 2P 43% below Steam | 80% below high | 393% upside,"lower highs, 2P new low, unscored",2P is cheaper than current Steam but still above Steam's recorded low; wait for a stronger entry.,45.47,,45.47,45.47,,,-171.2856226060224,42.668011600050434,0.1,0.0389,1.0,True,,,https://cs2tokens.com/iem-cologne-2026/items/sticker-mouz-gold-cologne-2026,https://community.akamai.steamstatic.com/economy/image/i0CoZ81Ui0m-9KwlBY1L_18myuGuq1wfhWSaZgMttyVfPaERSR0Wqmu7LAocGJai0ki7VeTHjMmuOXSQ61MnpNWipVToVAfOmZns-WwNuPD-PP09JanCWjCVxLYjtrkwSX7lwBt3sTuHnompcnySPAJzWZUjW6dU5QvFMuIt,Sticker | MOUZ (Gold) | Cologne 2026,https://steamcommunity.com/market/listings/730/Sticker%20%7C%20MOUZ%20%28Gold%29%20%7C%20Cologne%202026,ok
578,14.0,P4,IGNORE,FL4MUS (Foil),Player,Foil,Autograph,sticker,FL4MUS,BetBoom,BetBoom,57,0.56,57.0,0.56,Steam,False,0.0,Steam around $0.56,0,Very Cheap,Very Cheap,Low,57.0,38.0,129.0,116,321.31,60,6.0,0.3869,0.2083,0.3206,0.2507,29.649122807017548,29.649122807017548,0.2188,0.0,0.65,0.0,+30% expected | 0.22 demand | 56% below high | 126% upside | -56% vs launch,"lower highs, 2P new low, unscored",2P is cheaper than current Steam but still above Steam's recorded low; wait for a stronger entry.,4.44,4.44,4.44,4.44,0.0,-5.2767560164746225e-15,-1089.2857142857144,-692.8571428571429,0.0,0.135,7.0,True,,4.44,https://cs2tokens.com/iem-cologne-2026/items/sticker-fl4mus-foil-cologne-2026,https://community.akamai.steamstatic.com/economy/image/i0CoZ81Ui0m-9KwlBY1L_18myuGuq1wfhWSaZgMttyVfPaERSR0Wqmu7LAocGJai0ki7VeTHjMmuOXSQ61MnpNWipUruRiL3ksLt6DFk6f2nZOo8I_TLVjSUlexw6bYxGyjmlB5z6jjdn9qgIy7EZwAkDpIhEbRYsBW8jJS5YKcvQM-L,Sticker | FL4MUS (Foil) | Cologne 2026,https://steamcommunity.com/market/listings/730/Sticker%20%7C%20FL4MUS%20%28Foil%29%20%7C%20Cologne%202026,ok
579,14.0,P4,IGNORE,Gaimin Gladiators (Foil),Team,Foil,Team,sticker,,,,103,1.02,103.0,1.02,Steam,False,0.0,Steam around $1.02,0,Very Cheap,Very Cheap,Medium,103.0,50.0,242.0,116,321.31,60,6.0,0.4556,0.1872,0.4459,0.2465,25.165048543689306,25.165048543689306,0.3543,0.0,0.65,0.0,+25% expected | 0.35 demand | 57% below high | 135% upside | -31% vs launch,"lower highs, 2P new low, unscored",2P is cheaper than current Steam but still above Steam's recorded low; wait for a stronger entry.,2.2,2.21,2.2,2.21,-0.4524886877827927,-0.0377073906485745,-344.3137254901961,-115.68627450980394,0.0,0.135,8.0,True,,2.2,https://cs2tokens.com/iem-cologne-2026/items/sticker-gaimin-gladiators-foil-cologne-2026,https://community.akamai.steamstatic.com/economy/image/i0CoZ81Ui0m-9KwlBY1L_18myuGuq1wfhWSaZgMttyVfPaERSR0Wqmu7LAocGJai0ki7VeTHjMmuOXSQ61MnpNWipV7mSBDOmJnp8WwOu_D5PvA4c6WVCjXAkuhw4uU9GXi2xkwh4mXdw9j8Jy-WaQd1XsF4W6dU5T28eoDk,Sticker | Gaimin Gladiators (Foil) | Cologne 2026,https://steamcommunity.com/market/listings/730/Sticker%20%7C%20Gaimin%20Gladiators%20%28Foil%29%20%7C%20Cologne%202026,ok
580,13.9,P4,IGNORE,FUT,Team,Paper,Team,sticker,,,,16,0.16,16.0,0.16,Steam,False,0.0,Steam around $0.16,0,Very Cheap,Very Cheap,Medium,16.0,10.0,34.0,116,321.31,61,6.0,0.432,0.1812,0.4182,0.2409,27.187500000000007,27.187500000000007,0.4374,0.0,0.65,0.0,+27% expected | 0.44 demand | 53% below high | 112% upside | -50% vs launch,"lower highs, 2P new low, unscored",2P is cheaper than current Steam but still above Steam's recorded low; wait for a stronger entry.,0.2,,0.2,0.2,,,-100.0,-25.000000000000007,0.1,0.0252,1.0,True,,,https://cs2tokens.com/iem-cologne-2026/items/sticker-fut-cologne-2026,https://community.akamai.steamstatic.com/economy/image/i0CoZ81Ui0m-9KwlBY1L_18myuGuq1wfhWSaZgMttyVfPaERSR0Wqmu7LAocGJai0ki7VeTHjMmuOXSQ61MnpNWipV_yVVOnxpDjpHcJtqD3OaY7JqaSXzaWkLwu5uRtSX3mkEtztjzdnt_9cH-fcEZ-XcunQ5j6,Sticker | FUT | Cologne 2026,https://steamcommunity.com/market/listings/730/Sticker%20%7C%20FUT%20%7C%20Cologne%202026,ok
581,13.9,P4,IGNORE,FURIA,Team,Paper,Team,sticker,,FURIA,FURIA,33,0.33,33.0,0.33,Steam,False,0.0,Steam around $0.33,0,Very Cheap,Very Cheap,Medium,33.0,29.0,77.0,116,321.31,61,6.0,0.4543,0.1962,0.3928,0.2338,37.151515151515135,37.151515151515135,0.2368,0.0,0.65,0.0,+37% expected | 0.24 demand | 57% below high | 133% upside | -30% vs launch,"lower highs, 2P new low, unscored",No clear edge.,,,,,,,,,0.1,0.0,,,,,https://cs2tokens.com/iem-cologne-2026/items/sticker-furia-cologne-2026,https://community.akamai.steamstatic.com/economy/image/i0CoZ81Ui0m-9KwlBY1L_18myuGuq1wfhWSaZgMttyVfPaERSR0Wqmu7LAocGJai0ki7VeTHjMmuOXSQ61MnpNWipV_yUxS_ypLmpCYOvKX4OPM4I6aVXWaWkLYltLU4Syuwxh52sDyDnIyqdn-XbhhgVMVAAZFeaw,Sticker | FURIA | Cologne 2026,https://steamcommunity.com/market/listings/730/Sticker%20%7C%20FURIA%20%7C%20Cologne%202026,ok
582,13.8,P4,IGNORE,Aleksib (Foil),Player,Foil,Autograph,sticker,Aleksib,Natus Vincere,Natus Vincere,134,1.33,134.0,1.33,Steam,False,0.0,Steam around $1.33,0,Fair,Fair,Low,134.0,108.0,344.0,116,321.31,60,6.0,0.4544,0.2201,0.4104,0.2666,54.21641791044776,54.21641791044776,0.3779,0.0,0.65,0.0,+54% expected | 0.38 demand | 61% below high | 157% upside | -55% vs launch,"lower highs, 2P new low, unscored",2P is cheaper than current Steam but still above Steam's recorded low; wait for a stronger entry.,2.51,,2.51,2.51,,,-134.15483152325257,-88.72180451127817,0.1,0.0252,1.0,True,,,https://cs2tokens.com/iem-cologne-2026/items/sticker-aleksib-foil-cologne-2026,https://community.akamai.steamstatic.com/economy/image/i0CoZ81Ui0m-9KwlBY1L_18myuGuq1wfhWSaZgMttyVfPaERSR0Wqmu7LAocGJai0ki7VeTHjMmuOXSQ61MnpNWipUruRiLwkpPr7itZ0PShYagjdqTBW2SUmex15bk4Ti-3kBxw4WuByt6rIi-SOlJzApUiRLZZ4BDqkcqnab3kAnBvAw,Sticker | Aleksib (Foil) | Cologne 2026,https://steamcommunity.com/market/listings/730/Sticker%20%7C%20Aleksib%20%28Foil%29%20%7C%20Cologne%202026,ok
583,13.7,P4,IGNORE,MoDo (Gold),Player,Gold,Autograph,sticker,MoDo,,,1256,12.43,1256.0,12.43,Steam,False,0.0,Steam around $12.43,0,Premium,Premium,High,1256.0,898.0,6046.0,116,321.31,57,6.0,0.6245,0.265,0.5883,0.3618,78.97054140127389,78.97054140127389,0.4983,0.0,0.65,0.0,+79% expected | 0.50 demand | 79% below high | 381% upside | -49% vs launch,"High crowding, lower highs, 2P new low, unscored",No clear edge.,,,,,,,,,0.1,0.0,,,,,https://cs2tokens.com/iem-cologne-2026/items/sticker-modo-gold-cologne-2026,https://community.akamai.steamstatic.com/economy/image/i0CoZ81Ui0m-9KwlBY1L_18myuGuq1wfhWSaZgMttyVfPaERSR0Wqmu7LAocGJai0ki7VeTHjMmuOXSQ61MnpNWipUruRiL8kZLvwiVU4_bgPvE6JanGX2KTwrgm5OBoFn3nx0ol4TuBy9j_In2WPAZ1WMBwROUItA74zIPF1iWJnQ,Sticker | MoDo (Gold) | Cologne 2026,https://steamcommunity.com/market/listings/730/Sticker%20%7C%20MoDo%20%28Gold%29%20%7C%20Cologne%202026,ok
584,13.6,P4,IGNORE,siuhy (Gold),Player,Gold,Autograph,sticker,siuhy,Team Liquid,Team Liquid,4356,43.12,1438.53,14.24,2P,True,66.98,"2P around $14.24, 67% below Steam",0,Premium,Premium,High,4356.0,678.0,11307.0,116,321.31,57,6.0,0.649,0.2853,0.4515,0.3861,-26.08195592286502,123.83048178413344,0.5318,0.0,0.65,0.0,+124% expected | 0.53 demand | 2P 67% below Steam | 87% below high | 686% upside,"High crowding, lower highs, 2P new low, unscored",2P is cheaper than current Steam but still above Steam's recorded low; wait for a stronger entry.,14.24,,14.24,14.24,,,-112.1726566732888,66.97588126159553,0.1,0.0467,1.0,True,,,https://cs2tokens.com/iem-cologne-2026/items/sticker-siuhy-gold-cologne-2026,https://community.akamai.steamstatic.com/economy/image/i0CoZ81Ui0m-9KwlBY1L_18myuGuq1wfhWSaZgMttyVfPaERSR0Wqmu7LAocGJai0ki7VeTHjMmuOXSQ61MnpNWipUruRiLil4Po5B1c4P6qJqVuI_THDGXJk7skteUxTnHrw05-tWzcwtaocCqRaQMpW5B0QOMK4xSm0oqweAC_dZk,Sticker | siuhy (Gold) | Cologne 2026,https://steamcommunity.com/market/listings/730/Sticker%20%7C%20siuhy%20%28Gold%29%20%7C%20Cologne%202026,ok
585,13.6,P4,IGNORE,Starry (Gold),Player,Gold,Autograph,sticker,Starry,Lynn Vision,Lynn Vision,1674,16.57,1343.65,13.3,2P,True,19.73,"2P around $13.30, 20% below Steam",0,Premium,Premium,Medium,1674.0,1184.0,4576.0,116,321.31,57,6.0,0.5976,0.2649,0.5257,0.3777,34.79330943847074,67.93422085680147,0.4947,0.0,0.65,0.0,+68% expected | 0.49 demand | 2P 20% below Steam | 71% below high | 241% upside,"lower highs, 2P new low, unscored",No clear edge.,13.3,,13.3,13.3,,,-13.483542383663078,19.73445986722993,0.1,0.0701,1.0,True,,,https://cs2tokens.com/iem-cologne-2026/items/sticker-starry-gold-cologne-2026,https://community.akamai.steamstatic.com/economy/image/i0CoZ81Ui0m-9KwlBY1L_18myuGuq1wfhWSaZgMttyVfPaERSR0Wqmu7LAocGJai0ki7VeTHjMmuOXSQ61MnpNWipUruRiLiipfy7ztk6P2ibOo5JqHFWGSUlbYltrNtHnzrxRh14GyHy9r8cn_DOwUiWMAhEOIMsxDqjJS5YI3LSKjl,Sticker | Starry (Gold) | Cologne 2026,https://steamcommunity.com/market/listings/730/Sticker%20%7C%20Starry%20%28Gold%29%20%7C%20Cologne%202026,ok
586,13.6,P4,IGNORE,n1ssim (Foil),Player,Foil,Autograph,sticker,n1ssim,Legacy,Legacy,34,0.34,34.0,0.34,Steam,False,0.0,Steam around $0.34,0,Very Cheap,Very Cheap,Medium,34.0,20.0,133.0,116,321.31,62,6.0,0.47,0.1967,0.3577,0.2373,45.91176470588234,45.91176470588234,0.1381,0.0,0.65,0.0,+46% expected | 0.14 demand | 74% below high | 291% upside | -74% vs launch,"lower highs, 2P new low, unscored",2P is cheaper than current Steam but still above Steam's recorded low; wait for a stronger entry.,0.51,,0.51,0.51,,,-154.99999999999997,-49.99999999999999,0.1,0.0252,1.0,True,,,https://cs2tokens.com/iem-cologne-2026/items/sticker-n1ssim-foil-cologne-2026,https://community.akamai.steamstatic.com/economy/image/i0CoZ81Ui0m-9KwlBY1L_18myuGuq1wfhWSaZgMttyVfPaERSR0Wqmu7LAocGJai0ki7VeTHjMmuOXSQ61MnpNWipUruRiL_z4Xz9C9k6f2nZOo-eaLFWDPGwr4gtONtTnq3wk50sW7XmNuodHLBaFQpApVwELVZ4BTtjJS5YL1FKwev,Sticker | n1ssim (Foil) | Cologne 2026,https://steamcommunity.com/market/listings/730/Sticker%20%7C%20n1ssim%20%28Foil%29%20%7C%20Cologne%202026,ok
587,13.6,P4,IGNORE,dexter,Player,Paper,Autograph,sticker,dexter,,,19,0.19,19.0,0.19,Steam,False,0.0,Steam around $0.19,0,Very Cheap,Very Cheap,Low,19.0,18.0,40.0,116,321.31,61,6.0,0.4033,0.2018,0.3489,0.2336,39.78947368421053,39.78947368421053,0.174,0.0,0.65,0.0,+40% expected | 0.17 demand | 52% below high | 111% upside | -37% vs launch,"lower highs, 2P new low, unscored",No clear edge.,,,,,,,,,0.1,0.0,,,,,https://cs2tokens.com/iem-cologne-2026/items/sticker-dexter-cologne-2026,https://community.akamai.steamstatic.com/economy/image/i0CoZ81Ui0m-9KwlBY1L_18myuGuq1wfhWSaZgMttyVfPaERSR0Wqmu7LAocGJai0ki7VeTHjMmuOXSQ61MnpNWipUruRiL1m470-DAVvvP8bPFuI6LGXjbElrd36eI_Tnnikx53sWzSy43_c3uWa1VyWZN4E_lK7EeK71ALYw,Sticker | dexter | Cologne 2026,https://steamcommunity.com/market/listings/730/Sticker%20%7C%20dexter%20%7C%20Cologne%202026,ok
588,13.5,P4,IGNORE,oSee (Foil),Player,Foil,Autograph,sticker,oSee,NRG,NRG,37,0.37,37.0,0.37,Steam,False,0.0,Steam around $0.37,0,Very Cheap,Very Cheap,Low,37.0,22.0,111.0,116,321.31,62,6.0,0.4297,0.1929,0.3762,0.2268,37.16216216216217,37.16216216216217,0.2012,0.0,0.65,0.0,+37% expected | 0.20 demand | 67% below high | 200% upside | -66% vs launch,"lower highs, 2P new low, unscored",No clear edge.,,,,,,,,,0.1,0.0,,,,,https://cs2tokens.com/iem-cologne-2026/items/sticker-osee-foil-cologne-2026,https://community.akamai.steamstatic.com/economy/image/i0CoZ81Ui0m-9KwlBY1L_18myuGuq1wfhWSaZgMttyVfPaERSR0Wqmu7LAocGJai0ki7VeTHjMmuOXSQ61MnpNWipUruRiL-jZPlwiRU5v7gOKJod6jGDDbGxLYnsbU9TSjqkE9wtT7TmYqhJX_EPQUnWZR5QOIMtg74zIPunwIqqw,Sticker | oSee (Foil) | Cologne 2026,https://steamcommunity.com/market/listings/730/Sticker%20%7C%20oSee%20%28Foil%29%20%7C%20Cologne%202026,ok
589,13.3,P4,IGNORE,luchov (Gold),Player,Gold,Autograph,sticker,luchov,9z Team,9z Team,1130,11.19,1130.0,11.19,Steam,False,0.0,Steam around $11.19,0,Premium,Premium,High,1130.0,1102.0,7893.0,116,321.31,57,6.0,0.6651,0.2475,0.4313,0.386,65.99203539823009,65.99203539823009,0.5068,0.0427,0.65,0.0,+66% expected | 0.51 demand | 86% below high | 598% upside | -86% vs launch,"High crowding, lower highs, 2P new low, unscored",No clear edge.,,,,,,,,,0.1,0.0,,,,,https://cs2tokens.com/iem-cologne-2026/items/sticker-luchov-gold-cologne-2026,https://community.akamai.steamstatic.com/economy/image/i0CoZ81Ui0m-9KwlBY1L_18myuGuq1wfhWSaZgMttyVfPaERSR0Wqmu7LAocGJai0ki7VeTHjMmuOXSQ61MnpNWipUruRiL9i5Xo8jRk6P2ibOo4dKTDWDPClOx35rhrTXrmlxh-4TzSn9epci2SbFRzWZFxTOALthK9jJS5YF7HzkdP,Sticker | luchov (Gold) | Cologne 2026,https://steamcommunity.com/market/listings/730/Sticker%20%7C%20luchov%20%28Gold%29%20%7C%20Cologne%202026,ok
590,13.3,P4,IGNORE,v$m (Gold),Player,Gold,Autograph,sticker,v$m,paiN Gaming,paiN Gaming,957,9.47,957.0,9.47,Steam,False,0.0,Steam around $9.47,0,Expensive,Expensive,Low,957.0,945.0,1885.0,116,321.31,57,6.0,0.5049,0.2293,0.4107,0.3556,23.16509926854755,23.16509926854755,0.4861,0.0277,0.65,0.0,+23% expected | 0.49 demand | 49% below high | 97% upside | -49% vs launch,"lower highs, 2P new low, unscored",No clear edge.,,,,,,,,,0.1,0.0,,,,,https://cs2tokens.com/iem-cologne-2026/items/sticker-v-m-gold-cologne-2026,https://community.akamai.steamstatic.com/economy/image/i0CoZ81Ui0m-9KwlBY1L_18myuGuq1wfhWSaZgMttyVfPaERSR0Wqmu7LAocGJai0ki7VeTHjMmuOXSQ61MnpNWipUruRiLnjZvf-i1X67z7PvU1IafKVzOTw-p057YwF33hxR5y52TVw938IyrFa1NzWMd4ROAOrFDmxZTDtxp5,Sticker | v$m (Gold) | Cologne 2026,https://steamcommunity.com/market/listings/730/Sticker%20%7C%20v%24m%20%28Gold%29%20%7C%20Cologne%202026,ok
591,13.3,P4,IGNORE,Boombl4,Player,Paper,Autograph,sticker,Boombl4,BetBoom,BetBoom,14,0.14,14.0,0.14,Steam,False,0.0,Steam around $0.14,0,Very Cheap,Very Cheap,Low,14.0,12.0,38.0,116,321.31,61,6.0,0.4083,0.1893,0.4699,0.1908,19.285714285714285,19.285714285714285,0.178,0.0,0.65,0.0,+19% expected | 0.18 demand | 63% below high | 171% upside | -42% vs launch,"lower highs, 2P new low, unscored",No clear edge.,,,,,,,,,0.1,0.0,,,,,https://cs2tokens.com/iem-cologne-2026/items/sticker-boombl4-cologne-2026,https://community.akamai.steamstatic.com/economy/image/i0CoZ81Ui0m-9KwlBY1L_18myuGuq1wfhWSaZgMttyVfPaERSR0Wqmu7LAocGJai0ki7VeTHjMmuOXSQ61MnpNWipUruRiLzkZnt_y4PofD7MP04JaPAWGOWlbgm5OU8S3zhlEQh6jjTnN6hJS7BOwcjDMNxE7IU8k7vdHW3ivk,Sticker | Boombl4 | Cologne 2026,https://steamcommunity.com/market/listings/730/Sticker%20%7C%20Boombl4%20%7C%20Cologne%202026,ok
592,13.2,P4,IGNORE,Liazz (Foil),Player,Foil,Autograph,sticker,Liazz,,,79,0.78,79.0,0.78,Steam,False,0.0,Steam around $0.78,0,Cheap,Cheap,Low,79.0,60.0,135.0,116,321.31,60,6.0,0.3386,0.1912,0.3215,0.239,27.0379746835443,27.0379746835443,0.3579,0.0,0.65,0.0,+27% expected | 0.36 demand | 41% below high | 71% upside | -34% vs launch,"lower highs, 2P new low, unscored",2P is cheaper than current Steam but still above Steam's recorded low; wait for a stronger entry.,4.64,,4.64,4.64,,,-683.247863247863,-494.8717948717948,0.1,0.0252,1.0,True,5.2,,https://cs2tokens.com/iem-cologne-2026/items/sticker-liazz-foil-cologne-2026,https://community.akamai.steamstatic.com/economy/image/i0CoZ81Ui0m-9KwlBY1L_18myuGuq1wfhWSaZgMttyVfPaERSR0Wqmu7LAocGJai0ki7VeTHjMmuOXSQ61MnpNWipUruRiL9l5f65x1d4PuiJv1uIqGWDTPEkrsg4rA4GH3gxEh24GuEzdygeSnFawd2WcZ2QrEOthWm0oqwtg3yPLo,Sticker | Liazz (Foil) | Cologne 2026,https://steamcommunity.com/market/listings/730/Sticker%20%7C%20Liazz%20%28Foil%29%20%7C%20Cologne%202026,ok
593,13.1,P4,IGNORE,magixx,Player,Paper,Autograph,sticker,magixx,Team Spirit,Team Spirit,16,0.16,16.0,0.16,Steam,False,0.0,Steam around $0.16,0,Very Cheap,Very Cheap,Low,16.0,12.0,40.0,116,321.31,61,6.0,0.3887,0.1994,0.3323,0.2227,42.81250000000001,42.81250000000001,0.1561,0.0,0.65,0.0,+43% expected | 0.16 demand | 60% below high | 150% upside | -57% vs launch,"lower highs, 2P new low, unscored",No clear edge.,,,,,,,,,0.1,0.0,,,,,https://cs2tokens.com/iem-cologne-2026/items/sticker-magixx-cologne-2026,https://community.akamai.steamstatic.com/economy/image/i0CoZ81Ui0m-9KwlBY1L_18myuGuq1wfhWSaZgMttyVfPaERSR0Wqmu7LAocGJai0ki7VeTHjMmuOXSQ61MnpNWipUruRiL8n5Hp5ToV6fGtbfw0IqiRXjKWkrcksbhrG33ll0gkt2vVzI6tdnyfPAEkDpAjEflK7Ede0F9cww,Sticker | magixx | Cologne 2026,https://steamcommunity.com/market/listings/730/Sticker%20%7C%20magixx%20%7C%20Cologne%202026,ok
594,13.1,P4,IGNORE,mezii (Foil),Player,Foil,Autograph,sticker,mezii,Vitality,Vitality,98,0.97,98.0,0.97,Steam,False,0.0,Steam around $0.97,0,Cheap,Cheap,Low,98.0,60.0,250.0,116,321.31,60,6.0,0.3965,0.1928,0.3961,0.2074,31.387755102040813,31.387755102040813,0.3768,0.0,0.65,0.0,+31% expected | 0.38 demand | 61% below high | 155% upside | -60% vs launch,"lower highs, 2P new low, unscored",2P is cheaper than current Steam but still above Steam's recorded low; wait for a stronger entry.,1.57,,1.57,1.57,,,-164.36426116838487,-61.8556701030928,0.1,0.0252,1.0,True,,,https://cs2tokens.com/iem-cologne-2026/items/sticker-mezii-foil-cologne-2026,https://community.akamai.steamstatic.com/economy/image/i0CoZ81Ui0m-9KwlBY1L_18myuGuq1wfhWSaZgMttyVfPaERSR0Wqmu7LAocGJai0ki7VeTHjMmuOXSQ61MnpNWipUruRiL8m4zp9B1d4PuiJvFsdfSXDGXCkbly47RtS3vkwhh_tWncydeveHPFbgAjD5dwE-MKtBKm0oqw-ZBh7qE,Sticker | mezii (Foil) | Cologne 2026,https://steamcommunity.com/market/listings/730/Sticker%20%7C%20mezii%20%28Foil%29%20%7C%20Cologne%202026,ok
595,13.1,P4,IGNORE,felps,Player,Paper,Autograph,sticker,felps,,,5,0.05,5.0,0.05,Steam,False,0.0,Steam around $0.05,0,Very Cheap,Very Cheap,Medium,5.0,2.0,16.0,116,321.31,65,6.0,0.4043,0.1799,0.5077,0.162,21.4,21.4,0.4784,0.0,0.65,0.0,+21% expected | 0.48 demand | 69% below high | 220% upside | -69% vs launch,"lower highs, 2P new low, unscored",No clear edge.,,,,,,,,,0.1,0.0,,,,,https://cs2tokens.com/iem-cologne-2026/items/sticker-felps-cologne-2026,https://community.akamai.steamstatic.com/economy/image/i0CoZ81Ui0m-9KwlBY1L_18myuGuq1wfhWSaZgMttyVfPaERSR0Wqmu7LAocGJai0ki7VeTHjMmuOXSQ61MnpNWipUruRiL3m5rw7mwM7PD4MPQ9IqCVXT-Sx7gm4bA8HC-wkUVwtmuAnNahJ3_DPVIlCZR1W6dU5Y2B54TT,Sticker | felps | Cologne 2026,https://steamcommunity.com/market/listings/730/Sticker%20%7C%20felps%20%7C%20Cologne%202026,ok
596,13.0,P4,IGNORE,Astralis (Foil),Team,Foil,Team,sticker,,Astralis,Astralis,289,2.86,238.48,2.36,UUSkins,True,17.48,"UUSkins around $2.36, 17% below Steam",0,Fair,Cheap,Medium,289.0,203.0,496.0,116,321.31,60,6.0,0.4797,0.2099,0.3185,0.2878,21.14186851211073,46.80751862060877,0.4214,0.0,0.65,0.0,+47% expected | 0.42 demand | UUSkins 17% below Steam | 52% below high | 108% upside,"lower highs, 2P new low, unscored",No clear edge.,2.36,,2.36,2.36,,,-17.475627820455408,17.482517482517483,0.1,0.0685,1.0,True,4.74,2.36,https://cs2tokens.com/iem-cologne-2026/items/sticker-astralis-foil-cologne-2026,https://community.akamai.steamstatic.com/economy/image/i0CoZ81Ui0m-9KwlBY1L_18myuGuq1wfhWSaZgMttyVfPaERSR0Wqmu7LAocGJai0ki7VeTHjMmuOXSQ61MnpNWipVj0VQ_OmJnp8Wxfv6H-Pv01JfKVXz_Gk-oh4LE-TXHmwk1yt2vWzY78IH2XaAQjD5BxW6dU5e1aA992,Sticker | Astralis (Foil) | Cologne 2026,https://steamcommunity.com/market/listings/730/Sticker%20%7C%20Astralis%20%28Foil%29%20%7C%20Cologne%202026,ok
597,12.8,P4,IGNORE,NRG (Gold),Team,Gold,Team,sticker,,NRG,NRG,44862,444.13,1157.59,11.46,2P,True,97.42,"2P around $11.46, 97% below Steam",0,Premium,Premium,Medium,44862.0,1003.0,72206.0,116,321.31,57,6.0,0.7102,0.2622,0.3482,0.4518,-48.73859836832955,1886.6253321704885,0.3171,0.0,0.65,0.0,+1887% expected | 0.32 demand | 2P 97% below Steam | 98% below high | 6138% upside,"lower highs, 2P new low, unscored",No clear edge.,11.46,,11.46,11.46,,,-15.412329197982364,97.41967441965193,0.1,0.106,1.0,True,,,https://cs2tokens.com/iem-cologne-2026/items/sticker-nrg-gold-cologne-2026,https://community.akamai.steamstatic.com/economy/image/i0CoZ81Ui0m-9KwlBY1L_18myuGuq1wfhWSaZgMttyVfPaERSR0Wqmu7LAocGJai0ki7VeTHjMmuOXSQ61MnpNWipVf1RiL2kZrksycOv6aqaqZpc6HBC2HAw75y5ec-FiqxxkQhsT-DzNr8ci2UPw5zCptuBbld9JKcoSc,Sticker | NRG (Gold) | Cologne 2026,https://steamcommunity.com/market/listings/730/Sticker%20%7C%20NRG%20%28Gold%29%20%7C%20Cologne%202026,ok
598,12.8,P4,IGNORE,IEM (Foil),Player,Foil,Event,sticker,,,,598,5.92,305.06,3.02,2P,True,48.99,"2P around $3.02, 49% below Steam",0,Expensive,Expensive,Medium,598.0,447.0,1045.0,116,321.31,60,6.0,0.5771,0.2715,0.2858,0.391,24.988294314381253,145.01016633812483,0.2814,0.0,0.65,0.0,+145% expected | 0.28 demand | 2P 49% below Steam | 71% below high | 243% upside,"lower highs, 2P new low, unscored",No clear edge.,3.02,,3.02,3.02,,,31.75373359937117,48.98648648648648,0.1,0.1545,1.0,True,12.0,4.12,https://cs2tokens.com/iem-cologne-2026/items/sticker-iem-foil-cologne-2026,https://community.akamai.steamstatic.com/economy/image/i0CoZ81Ui0m-9KwlBY1L_18myuGuq1wfhWSaZgMttyVfPaERSR0Wqmu7LAocGJai0ki7VeTHjMmuOXSQ61MnpNWipVDiTCL3kZ_ss3AOt6v4aaY4c_LBW2KWlO1ysrY4TSjhlkhxt2_VydihdyifbFdxDJZuBbld-oxVOT0,Sticker | IEM (Foil) | Cologne 2026,https://steamcommunity.com/market/listings/730/Sticker%20%7C%20IEM%20%28Foil%29%20%7C%20Cologne%202026,ok
599,12.7,P4,IGNORE,JBa (Foil),Player,Foil,Autograph,sticker,JBa,M80,M80,67,0.66,67.0,0.66,Steam,False,0.0,Steam around $0.66,0,Very Cheap,Very Cheap,Medium,67.0,34.0,136.0,116,321.31,62,6.0,0.3464,0.1745,0.3536,0.1906,-0.3134328358208815,-0.3134328358208815,0.6782,0.0,0.65,0.0,-0% expected | 0.68 demand | 51% below high | 103% upside | -51% vs launch,"lower highs, 2P new low, unscored",2P is cheaper than current Steam but still above Steam's recorded low; wait for a stronger entry.,1.19,1.19,1.19,1.19,0.0,4.865781874272921e-15,-255.30303030303023,-80.30303030303028,0.0,0.135,7.0,True,,1.19,https://cs2tokens.com/iem-cologne-2026/items/sticker-jba-foil-cologne-2026,https://community.akamai.steamstatic.com/economy/image/i0CoZ81Ui0m-9KwlBY1L_18myuGuq1wfhWSaZgMttyVfPaERSR0Wqmu7LAocGJai0ki7VeTHjMmuOXSQ61MnpNWipUruRiL7nJff-y1S47z7OPBseanHCjOUme0jtuVoSXjlx00ksGuBz4ugI3rBPVV2AsZ2ELZfrFDmxfHbKWRz,Sticker | JBa (Foil) | Cologne 2026,https://steamcommunity.com/market/listings/730/Sticker%20%7C%20JBa%20%28Foil%29%20%7C%20Cologne%202026,ok
600,12.7,P4,IGNORE,Wicadia (Foil),Player,Foil,Autograph,sticker,Wicadia,Aurora,Aurora,47,0.47,47.0,0.47,Steam,False,0.0,Steam around $0.47,0,Very Cheap,Very Cheap,High,47.0,19.0,157.0,116,321.31,60,6.0,0.4229,0.1782,0.5258,0.1624,25.76595744680852,25.76595744680852,0.3847,0.0,0.65,0.0,+26% expected | 0.38 demand | 70% below high | 234% upside | -70% vs launch,"High crowding, lower highs, 2P new low, unscored",2P is cheaper than current Steam but still above Steam's recorded low; wait for a stronger entry.,0.7,,0.7,0.7,,,-268.42105263157896,-48.93617021276596,0.1,0.0252,1.0,True,,,https://cs2tokens.com/iem-cologne-2026/items/sticker-wicadia-foil-cologne-2026,https://community.akamai.steamstatic.com/economy/image/i0CoZ81Ui0m-9KwlBY1L_18myuGuq1wfhWSaZgMttyVfPaERSR0Wqmu7LAocGJai0ki7VeTHjMmuOXSQ61MnpNWipUruRiLml5Xh-Sta0PShYagjd_aSXWGRlOh14uc7TCvjxBx25W2DmNatJ3PDbw9yWJV3TLEIshOxx8qnab0EZT00wg,Sticker | Wicadia (Foil) | Cologne 2026,https://steamcommunity.com/market/listings/730/Sticker%20%7C%20Wicadia%20%28Foil%29%20%7C%20Cologne%202026,ok
601,12.5,P4,IGNORE,nettik,Player,Paper,Autograph,sticker,nettik,Flyquest,Flyquest,5,0.05,5.0,0.05,Steam,False,0.0,Steam around $0.05,0,Very Cheap,Very Cheap,Medium,5.0,3.0,16.0,116,321.31,65,6.0,0.4209,0.1805,0.3617,0.1932,27.800000000000004,27.800000000000004,0.3735,0.0,0.65,0.0,+28% expected | 0.37 demand | 69% below high | 220% upside | -69% vs launch,"lower highs, 2P new low, unscored",No clear edge.,,,,,,,,,0.1,0.0,,,,,https://cs2tokens.com/iem-cologne-2026/items/sticker-nettik-cologne-2026,https://community.akamai.steamstatic.com/economy/image/i0CoZ81Ui0m-9KwlBY1L_18myuGuq1wfhWSaZgMttyVfPaERSR0Wqmu7LAocGJai0ki7VeTHjMmuOXSQ61MnpNWipUruRiL_m4L09CkV66qobP05d6SSWGXAluohsrdoTnrix0px5GXdzYn_ICqTbQ4nD5skR_lK7Ed0qZjq_Q,Sticker | nettik | Cologne 2026,https://steamcommunity.com/market/listings/730/Sticker%20%7C%20nettik%20%7C%20Cologne%202026,ok
602,12.5,P4,IGNORE,Sonic,Player,Paper,Autograph,sticker,Sonic,NRG,NRG,8,0.08,8.0,0.08,Steam,False,0.0,Steam around $0.08,0,Very Cheap,Very Cheap,High,8.0,4.0,27.0,116,321.31,65,6.0,0.4119,0.1825,0.5037,0.155,19.124999999999996,19.124999999999996,0.4202,0.0,0.65,0.0,+19% expected | 0.42 demand | 70% below high | 238% upside | -56% vs launch,"High crowding, lower highs, 2P new low, unscored",No clear edge.,,,,,,,,,0.1,0.0,,,,,https://cs2tokens.com/iem-cologne-2026/items/sticker-sonic-cologne-2026,https://community.akamai.steamstatic.com/economy/image/i0CoZ81Ui0m-9KwlBY1L_18myuGuq1wfhWSaZgMttyVfPaERSR0Wqmu7LAocGJai0ki7VeTHjMmuOXSQ61MnpNWipUruRiLikZjp_mxft6P_bP1ucafKVmXEw-8n4uI-TXvjwBhz5G2En9f7dirGP1clW5J5W6dU5YxJiVF4,Sticker | Sonic | Cologne 2026,https://steamcommunity.com/market/listings/730/Sticker%20%7C%20Sonic%20%7C%20Cologne%202026,ok
603,12.4,P4,IGNORE,Spinx (Gold),Player,Gold,Autograph,sticker,Spinx,MOUZ,MOUZ,1130,11.19,946.21,9.37,2P,True,16.26,"2P around $9.37, 16% below Steam",0,Premium,Expensive,Medium,1130.0,757.0,3098.0,116,321.31,57,6.0,0.5711,0.2504,0.404,0.3754,23.9008849557522,47.96701202293141,0.4917,0.0,0.65,0.0,+48% expected | 0.49 demand | 2P 16% below Steam | 69% below high | 227% upside,"lower highs, 2P new low, unscored",2P is cheaper than current Steam but still above Steam's recorded low; wait for a stronger entry.,9.37,,9.37,9.37,,,-24.994835216855957,16.264521894548707,0.1,0.0304,1.0,True,,,https://cs2tokens.com/iem-cologne-2026/items/sticker-spinx-gold-cologne-2026,https://community.akamai.steamstatic.com/economy/image/i0CoZ81Ui0m-9KwlBY1L_18myuGuq1wfhWSaZgMttyVfPaERSR0Wqmu7LAocGJai0ki7VeTHjMmuOXSQ61MnpNWipUruRiLijp_u5R1c4P6qJv01JqiXDGSWmOokteQ-Hnzrxkp3tm2ByN2scXyeZgEhCMAmFuVe4Uam0oqwrbz_Lbw,Sticker | Spinx (Gold) | Cologne 2026,https://steamcommunity.com/market/listings/730/Sticker%20%7C%20Spinx%20%28Gold%29%20%7C%20Cologne%202026,ok
604,12.3,P4,IGNORE,Bymas (Gold),Player,Gold,Autograph,sticker,Bymas,Monte,Monte,1646,16.3,1646.0,16.3,Steam,False,0.0,Steam around $16.30,0,Premium,Premium,Low,1646.0,1025.0,8266.0,116,321.31,57,6.0,0.5644,0.2535,0.5433,0.3302,95.13122721749696,95.13122721749696,0.2185,0.0,0.65,0.0,+95% expected | 0.22 demand | 80% below high | 402% upside | -28% vs launch,"lower highs, 2P new low, unscored",2P is cheaper than current Steam but still above Steam's recorded low; wait for a stronger entry.,53.56,,53.56,53.56,,,-427.6657788418375,-228.58895705521476,0.1,0.0252,1.0,True,,,https://cs2tokens.com/iem-cologne-2026/items/sticker-bymas-gold-cologne-2026,https://community.akamai.steamstatic.com/economy/image/i0CoZ81Ui0m-9KwlBY1L_18myuGuq1wfhWSaZgMttyVfPaERSR0Wqmu7LAocGJai0ki7VeTHjMmuOXSQ61MnpNWipUruRiLzh5vh7h1c4P6qJqc1eKSSWzeWxLpy6LU6G37kzUx_t2zSzd-scSmUaQYlW5omTLQNuhCm0oqwNLF8lSk,Sticker | Bymas (Gold) | Cologne 2026,https://steamcommunity.com/market/listings/730/Sticker%20%7C%20Bymas%20%28Gold%29%20%7C%20Cologne%202026,ok
605,12.2,P4,IGNORE,mzinho (Gold),Player,Gold,Autograph,sticker,mzinho,The MongolZ,The MongolZ,2389,23.65,2389.0,23.65,Steam,False,0.0,Steam around $23.65,0,Premium,Premium,Low,2389.0,1845.0,5784.0,116,321.31,57,6.0,0.4643,0.2178,0.563,0.2728,14.724989535370447,14.724989535370447,0.792,0.0,0.65,0.0,+15% expected | 0.79 demand | 59% below high | 142% upside | -28% vs launch,"lower highs, 2P new low, unscored",No clear edge.,,,,,,,,,0.1,0.0,,,,,https://cs2tokens.com/iem-cologne-2026/items/sticker-mzinho-gold-cologne-2026,https://community.akamai.steamstatic.com/economy/image/i0CoZ81Ui0m-9KwlBY1L_18myuGuq1wfhWSaZgMttyVfPaERSR0Wqmu7LAocGJai0ki7VeTHjMmuOXSQ61MnpNWipUruRiL8hJ_u9S1k6P2ibOo_cKWWCzKSw7914LE5TXi1kUh-6jvWydiqJXLGPVBxCZdxQ7YJ4Ua8jJS5YDKHAEng,Sticker | mzinho (Gold) | Cologne 2026,https://steamcommunity.com/market/listings/730/Sticker%20%7C%20mzinho%20%28Gold%29%20%7C%20Cologne%202026,ok
606,12.1,P4,IGNORE,HEN1 (Gold),Player,Gold,Autograph,sticker,HEN1,,,1185,11.73,1185.0,11.73,Steam,False,0.0,Steam around $11.73,0,Premium,Premium,Low,1185.0,923.0,3319.0,116,321.31,57,6.0,0.5115,0.2422,0.5056,0.3364,32.70210970464136,32.70210970464136,0.4563,0.0,0.65,0.0,+33% expected | 0.46 demand | 64% below high | 180% upside | -30% vs launch,"lower highs, 2P new low, unscored",2P is cheaper than current Steam but still above Steam's recorded low; wait for a stronger entry.,11.93,,11.93,11.93,,,-30.57471328066767,-1.7050298380221591,0.1,0.0252,1.0,True,,,https://cs2tokens.com/iem-cologne-2026/items/sticker-hen1-gold-cologne-2026,https://community.akamai.steamstatic.com/economy/image/i0CoZ81Ui0m-9KwlBY1L_18myuGuq1wfhWSaZgMttyVfPaERSR0Wqmu7LAocGJai0ki7VeTHjMmuOXSQ61MnpNWipUruRiL5m5ixwiVU4_bgMfc8efHHXTHDkbh3teNsG3jqwR8j62rXy92sdS6WaQ8hDpN1EeFe4w74zINvE9or7w,Sticker | HEN1 (Gold) | Cologne 2026,https://steamcommunity.com/market/listings/730/Sticker%20%7C%20HEN1%20%28Gold%29%20%7C%20Cologne%202026,ok
607,12.1,P4,IGNORE,aliStair (Foil),Player,Foil,Autograph,sticker,aliStair,,,92,0.91,92.0,0.91,Steam,False,0.0,Steam around $0.91,0,Cheap,Cheap,Low,92.0,68.0,142.0,116,321.31,60,6.0,0.3077,0.1725,0.3712,0.2113,12.880434782608695,12.880434782608695,0.5388,0.0,0.65,0.0,+13% expected | 0.54 demand | 35% below high | 54% upside | -22% vs launch,"lower highs, 2P new low, unscored",2P is cheaper than current Steam but still above Steam's recorded low; wait for a stronger entry.,0.96,,0.96,0.96,,,-42.72786037491921,-5.494505494505487,0.1,0.0252,1.0,True,,,https://cs2tokens.com/iem-cologne-2026/items/sticker-alistair-foil-cologne-2026,https://community.akamai.steamstatic.com/economy/image/i0CoZ81Ui0m-9KwlBY1L_18myuGuq1wfhWSaZgMttyVfPaERSR0Wqmu7LAocGJai0ki7VeTHjMmuOXSQ61MnpNWipUruRiLwkp_z6SNS_c2oZ61hbqHGWT7Cw7l35blrS321kR8mtT_Xz9j7d33DPVByDJNwQeQLu0O-xt35d7S1DPIsVk4,Sticker | aliStair (Foil) | Cologne 2026,https://steamcommunity.com/market/listings/730/Sticker%20%7C%20aliStair%20%28Foil%29%20%7C%20Cologne%202026,ok
608,12.1,P4,IGNORE,molodoy,Player,Paper,Autograph,sticker,molodoy,FURIA,FURIA,27,0.27,27.0,0.27,Steam,False,0.0,Steam around $0.27,0,Cheap,Cheap,Low,27.0,18.0,53.0,116,321.31,61,6.0,0.3386,0.1772,0.3704,0.1899,20.48148148148148,20.48148148148148,0.5138,0.0,0.65,0.0,+20% expected | 0.51 demand | 49% below high | 96% upside | -34% vs launch,"lower highs, 2P new low, unscored",2P is cheaper than current Steam but still above Steam's recorded low; wait for a stronger entry.,0.29,,0.29,0.29,,,-61.11111111111111,-7.407407407407393,0.1,0.0252,1.0,True,,,https://cs2tokens.com/iem-cologne-2026/items/sticker-molodoy-cologne-2026,https://community.akamai.steamstatic.com/economy/image/i0CoZ81Ui0m-9KwlBY1L_18myuGuq1wfhWSaZgMttyVfPaERSR0Wqmu7LAocGJai0ki7VeTHjMmuOXSQ61MnpNWipUruRiL8kZrv-S1Coab7Ofc7cqnCCDDFl-sj5eU8Sy2wkR53sWrUydmgdy2ROwUoW5ciEOUU8k7vABZi9XM,Sticker | molodoy | Cologne 2026,https://steamcommunity.com/market/listings/730/Sticker%20%7C%20molodoy%20%7C%20Cologne%202026,ok
609,12.1,P4,IGNORE,Zero,Player,Paper,Autograph,sticker,Zero,TYLOO,TYLOO,11,0.11,11.0,0.11,Steam,False,0.0,Steam around $0.11,0,Very Cheap,Very Cheap,Medium,11.0,5.0,23.0,116,321.31,61,6.0,0.3245,0.1699,0.3842,0.1678,14.454545454545451,14.454545454545451,0.6366,0.0,0.65,0.0,+14% expected | 0.64 demand | 52% below high | 109% upside | -50% vs launch,"lower highs, 2P new low, unscored",No clear edge.,,,,,,,,,0.1,0.0,,,,,https://cs2tokens.com/iem-cologne-2026/items/sticker-zero-cologne-2026,https://community.akamai.steamstatic.com/economy/image/i0CoZ81Ui0m-9KwlBY1L_18myuGuq1wfhWSaZgMttyVfPaERSR0Wqmu7LAocGJai0ki7VeTHjMmuOXSQ61MnpNWipUruRiLrm4Tv_iwVuaP8Ofw5JaSXW2bCmegk4eI7S3riwB915DnWzNerJH6TOgInXpNzTflK7EfFnGCDAQ,Sticker | Zero | Cologne 2026,https://steamcommunity.com/market/listings/730/Sticker%20%7C%20Zero%20%7C%20Cologne%202026,ok
610,11.9,P4,IGNORE,tN1R,Player,Paper,Autograph,sticker,tN1R,Team Spirit,Team Spirit,17,0.17,17.0,0.17,Steam,False,0.0,Steam around $0.17,0,Very Cheap,Very Cheap,High,17.0,10.0,65.0,116,321.31,61,6.0,0.4338,0.1831,0.5198,0.1577,42.64705882352941,42.64705882352941,0.1973,0.0,0.65,0.0,+43% expected | 0.20 demand | 74% below high | 282% upside | -47% vs launch,"High crowding, lower highs, 2P new low, unscored",2P is cheaper than current Steam but still above Steam's recorded low; wait for a stronger entry.,0.49,,0.49,0.49,,,-390.0,-188.23529411764704,0.1,0.0252,1.0,True,,,https://cs2tokens.com/iem-cologne-2026/items/sticker-tn1r-cologne-2026,https://community.akamai.steamstatic.com/economy/image/i0CoZ81Ui0m-9KwlBY1L_18myuGuq1wfhWSaZgMttyVfPaERSR0Wqmu7LAocGJai0ki7VeTHjMmuOXSQ61MnpNWipUruRiLlkMfys3Ffu6H7PfxoJKPFXWHEmewn5rFtHHm1xB50tWSHwon7d3mfbgd2A8NuBbldBUlVKxA,Sticker | tN1R | Cologne 2026,https://steamcommunity.com/market/listings/730/Sticker%20%7C%20tN1R%20%7C%20Cologne%202026,ok
611,11.7,P4,IGNORE,asap (Gold),Player,Gold,Autograph,sticker,asap,,,4046,40.06,1412.97,13.99,2P,True,65.08,"2P around $13.99, 65% below Steam",0,Premium,Premium,Medium,4046.0,1202.0,10937.0,116,321.31,57,6.0,0.6396,0.2478,0.4106,0.393,-20.327978250123568,128.13875563259828,0.3134,0.0,0.65,0.0,+128% expected | 0.31 demand | 2P 65% below Steam | 87% below high | 674% upside,"lower highs, falling demand, 2P new low, unscored",No clear edge.,13.99,,13.99,13.99,,,-17.551501366917993,65.07738392411383,0.1,0.1025,1.0,True,,,https://cs2tokens.com/iem-cologne-2026/items/sticker-asap-gold-cologne-2026,https://community.akamai.steamstatic.com/economy/image/i0CoZ81Ui0m-9KwlBY1L_18myuGuq1wfhWSaZgMttyVfPaERSR0Wqmu7LAocGJai0ki7VeTHjMmuOXSQ61MnpNWipUruRiLwjZfwwiVU4_bgOvI8IvXHVjCSxbck57JqGiq2xU4isD_QyY6vJC6ValUlXJByQOECtw74zIM-deapFg,Sticker | asap (Gold) | Cologne 2026,https://steamcommunity.com/market/listings/730/Sticker%20%7C%20asap%20%28Gold%29%20%7C%20Cologne%202026,ok
612,11.4,P4,IGNORE,molodoy (Foil),Player,Foil,Autograph,sticker,molodoy,FURIA,FURIA,172,1.7,172.0,1.7,Steam,False,0.0,Steam around $1.70,0,Fair,Fair,Low,172.0,131.0,348.0,116,321.31,60,6.0,0.3882,0.1931,0.3765,0.2312,31.273255813953483,31.273255813953483,0.5502,0.0,0.65,0.0,+31% expected | 0.55 demand | 51% below high | 102% upside | -44% vs launch,"lower highs, 2P new low, unscored",2P is cheaper than current Steam but still above Steam's recorded low; wait for a stronger entry.,2.67,,2.67,2.67,,,-106.2146385271666,-57.05882352941176,0.1,0.0252,1.0,True,2.67,4.44,https://cs2tokens.com/iem-cologne-2026/items/sticker-molodoy-foil-cologne-2026,https://community.akamai.steamstatic.com/economy/image/i0CoZ81Ui0m-9KwlBY1L_18myuGuq1wfhWSaZgMttyVfPaERSR0Wqmu7LAocGJai0ki7VeTHjMmuOXSQ61MnpNWipUruRiL8kZrv-S1C0PShYagjdPLKVjHIlLgm4bA6S3HjwBhztWXdw9_9ci6Rawd0A5clRuACtxO_w8qnab3_QUZHyg,Sticker | molodoy (Foil) | Cologne 2026,https://steamcommunity.com/market/listings/730/Sticker%20%7C%20molodoy%20%28Foil%29%20%7C%20Cologne%202026,ok
613,11.2,P4,IGNORE,Team Liquid (Foil),Team,Foil,Team,sticker,,Team Liquid,Team Liquid,361,3.57,361.0,3.57,Steam,False,0.0,Steam around $3.57,0,Fair,Fair,Medium,361.0,254.0,680.0,116,321.31,60,6.0,0.4128,0.1814,0.3805,0.2203,25.44321329639889,25.44321329639889,0.7109,0.0,0.65,0.0,+25% expected | 0.71 demand | 47% below high | 88% upside | -13% vs launch,"lower highs, 2P new low, unscored",2P is cheaper than current Steam but still above Steam's recorded low; wait for a stronger entry.,3.76,,3.76,3.76,,,-49.69011226537857,-5.322128851540615,0.1,0.0252,1.0,True,3.76,4.0,https://cs2tokens.com/iem-cologne-2026/items/sticker-team-liquid-foil-cologne-2026,https://community.akamai.steamstatic.com/economy/image/i0CoZ81Ui0m-9KwlBY1L_18myuGuq1wfhWSaZgMttyVfPaERSR0Wqmu7LAocGJai0ki7VeTHjMmuOXSQ61MnpNWipVXuUCL3kZ_ss3cD6_b-af04JaCXD2XJwrkg6eI5THC3wkR06jnWz4r4IH3FZw8kApNuBbldVaaU-iI,Sticker | Team Liquid (Foil) | Cologne 2026,https://steamcommunity.com/market/listings/730/Sticker%20%7C%20Team%20Liquid%20%28Foil%29%20%7C%20Cologne%202026,ok
614,11.1,P4,IGNORE,luken (Gold),Player,Gold,Autograph,sticker,luken,,,1140,11.29,704.8,6.98,2P,True,38.18,"2P around $6.98, 38% below Steam",0,Premium,Expensive,Medium,1140.0,470.0,2718.0,116,321.31,57,6.0,0.5885,0.2346,0.4687,0.3722,25.98947368421052,103.78526617403104,0.3104,0.0,0.65,0.0,+104% expected | 0.31 demand | 2P 38% below Steam | 74% below high | 286% upside,"lower highs, 2P new low, unscored",2P is cheaper than current Steam but still above Steam's recorded low; wait for a stronger entry.,6.98,,6.98,6.98,,,-49.95759757269664,38.17537643932683,0.1,0.0375,1.0,True,,,https://cs2tokens.com/iem-cologne-2026/items/sticker-luken-gold-cologne-2026,https://community.akamai.steamstatic.com/economy/image/i0CoZ81Ui0m-9KwlBY1L_18myuGuq1wfhWSaZgMttyVfPaERSR0Wqmu7LAocGJai0ki7VeTHjMmuOXSQ61MnpNWipUruRiL9i53l8x1c4P6qJqE1c6XKCGLFwL0ktLdtGnrqwRh25TuBy4v6c3nCbldyDZVzFrIPt0Sm0oqwlnF09oE,Sticker | luken (Gold) | Cologne 2026,https://steamcommunity.com/market/listings/730/Sticker%20%7C%20luken%20%28Gold%29%20%7C%20Cologne%202026,ok
615,11.0,P4,IGNORE,apEX (Gold),Player,Gold,Autograph,sticker,apEX,Vitality,Vitality,5004,49.54,3729.26,36.92,2P,True,25.47,"2P around $36.92, 25% below Steam",0,Premium,Premium,Low,5004.0,4660.0,14865.0,116,321.31,57,6.0,0.5554,0.2411,0.4283,0.3268,29.08153477218225,73.20420456700727,0.2672,0.0,0.65,0.0,+73% expected | 0.27 demand | 2P 25% below Steam | 75% below high | 299% upside,"lower highs, 2P new low, unscored",No clear edge.,36.92,,36.92,36.92,,,19.97290090289894,25.474364150181668,0.1,0.1141,1.0,True,,,https://cs2tokens.com/iem-cologne-2026/items/sticker-apex-gold-cologne-2026,https://community.akamai.steamstatic.com/economy/image/i0CoZ81Ui0m-9KwlBY1L_18myuGuq1wfhWSaZgMttyVfPaERSR0Wqmu7LAocGJai0ki7VeTHjMmuOXSQ61MnpNWipUruRiLwjpP4wiVU4_bgbv1vdabLCjHHx7wh5rZtF3jmwU1w4zzdm9epI3vBaVQoXJQkRuYMug74zIOHkFmo8g,Sticker | apEX (Gold) | Cologne 2026,https://steamcommunity.com/market/listings/730/Sticker%20%7C%20apEX%20%28Gold%29%20%7C%20Cologne%202026,ok
616,10.9,P4,IGNORE,zorte (Gold),Player,Gold,Autograph,sticker,zorte,BetBoom,BetBoom,1519,15.04,941.3,9.32,2P,True,38.03,"2P around $9.32, 38% below Steam",0,Premium,Expensive,Medium,1519.0,335.0,3675.0,116,321.31,57,6.0,0.5469,0.2536,0.411,0.3482,8.742593811718224,75.48161061461826,0.4658,0.0,0.65,0.0,+75% expected | 0.47 demand | 2P 38% below Steam | 74% below high | 290% upside,"lower highs, 2P new low, unscored",2P is cheaper than current Steam but still above Steam's recorded low; wait for a stronger entry.,9.32,,9.32,9.32,,,-180.9836456017784,38.03191489361701,0.1,0.0374,1.0,True,,,https://cs2tokens.com/iem-cologne-2026/items/sticker-zorte-gold-cologne-2026,https://community.akamai.steamstatic.com/economy/image/i0CoZ81Ui0m-9KwlBY1L_18myuGuq1wfhWSaZgMttyVfPaERSR0Wqmu7LAocGJai0ki7VeTHjMmuOXSQ61MnpNWipUruRiLrkYT0-B1c4P6qJvQ1IqWVCzXDkr5147cwFnHhkRlwtWnUy9yscnLDO1NxCcZ2QO4I50Wm0oqwwu9l4K8,Sticker | zorte (Gold) | Cologne 2026,https://steamcommunity.com/market/listings/730/Sticker%20%7C%20zorte%20%28Gold%29%20%7C%20Cologne%202026,ok
617,10.6,P4,IGNORE,Jimpphat (Foil),Player,Foil,Autograph,sticker,Jimpphat,MOUZ,MOUZ,118,1.17,61.52,0.61,2P,True,47.86,"2P around $0.61, 48% below Steam",0,Cheap,Very Cheap,High,118.0,20.0,159.0,116,321.31,60,6.0,0.4026,0.1881,0.3546,0.2041,-21.813559322033893,49.96415671019727,0.573,0.0,0.65,0.0,+50% expected | 0.57 demand | 2P 48% below Steam | 61% below high | 158% upside,"High crowding, lower highs, 2P new low, unscored",2P is cheaper than current Steam but still above Steam's recorded low; wait for a stronger entry.,0.61,,0.61,0.61,,,-207.6068376068376,47.86324786324786,0.1,0.0406,1.0,True,,,https://cs2tokens.com/iem-cologne-2026/items/sticker-jimpphat-foil-cologne-2026,https://community.akamai.steamstatic.com/economy/image/i0CoZ81Ui0m-9KwlBY1L_18myuGuq1wfhWSaZgMttyVfPaERSR0Wqmu7LAocGJai0ki7VeTHjMmuOXSQ61MnpNWipUruRiL7l5vw7Spa-82oZ61hbqHDXGKWlr505rM5TH3jxkVx62Xcn9iheXuebgUmW5B1RuZZ4ETswIH5d7S1WMJ_cRA,Sticker | Jimpphat (Foil) | Cologne 2026,https://steamcommunity.com/market/listings/730/Sticker%20%7C%20Jimpphat%20%28Foil%29%20%7C%20Cologne%202026,ok
618,10.6,P4,IGNORE,hypex,Player,Paper,Autograph,sticker,hypex,GamerLegion,GamerLegion,17,0.17,17.0,0.17,Steam,False,0.0,Steam around $0.17,0,Very Cheap,Very Cheap,Medium,17.0,9.0,45.0,116,321.31,61,6.0,0.3633,0.162,0.4852,0.1268,11.99999999999999,11.99999999999999,0.4408,0.0,0.65,0.0,+12% expected | 0.44 demand | 62% below high | 165% upside | -29% vs launch,"lower highs, 2P new low, unscored",No clear edge.,,,,,,,,,0.1,0.0,,,,,https://cs2tokens.com/iem-cologne-2026/items/sticker-hypex-cologne-2026,https://community.akamai.steamstatic.com/economy/image/i0CoZ81Ui0m-9KwlBY1L_18myuGuq1wfhWSaZgMttyVfPaERSR0Wqmu7LAocGJai0ki7VeTHjMmuOXSQ61MnpNWipUruRiL5h4bl5WwI6vatO_FvdvPFDz-Wx7oi5LM9HS3mwkV1sWTQyI2oeS3DPQN2WJMkW6dU5SXstz8i,Sticker | hypex | Cologne 2026,https://steamcommunity.com/market/listings/730/Sticker%20%7C%20hypex%20%7C%20Cologne%202026,ok
619,10.5,P4,IGNORE,tabseN (Gold),Player,Gold,Autograph,sticker,tabseN,BIG,BIG,4687,46.4,2700.08,26.73,2P,True,42.39,"2P around $26.73, 42% below Steam",0,Premium,Premium,Medium,4687.0,2493.0,9907.0,116,321.31,57,6.0,0.5782,0.2393,0.4596,0.3262,-2.810753147002343,68.70860658357991,0.5257,0.0642,0.65,0.0,+69% expected | 0.53 demand | 2P 42% below Steam | 73% below high | 267% upside,"lower highs, 2P new low, unscored",No clear edge.,26.73,,26.73,26.73,,,-8.30628345574506,42.39224137931034,0.1,0.0863,1.0,True,,,https://cs2tokens.com/iem-cologne-2026/items/sticker-tabsen-gold-cologne-2026,https://community.akamai.steamstatic.com/economy/image/i0CoZ81Ui0m-9KwlBY1L_18myuGuq1wfhWSaZgMttyVfPaERSR0Wqmu7LAocGJai0ki7VeTHjMmuOXSQ61MnpNWipUruRiLln5Tz-Cxk6P2ibOo6I6eSXTXFwrwvsbg8HXDrxxt0tTvWy9qgIHKQPVciCJF2Ee8JsEO5jJS5YGeVR3ei,Sticker | tabseN (Gold) | Cologne 2026,https://steamcommunity.com/market/listings/730/Sticker%20%7C%20tabseN%20%28Gold%29%20%7C%20Cologne%202026,ok
620,10.5,P4,IGNORE,Wicadia (Gold),Player,Gold,Autograph,sticker,Wicadia,Aurora,Aurora,1470,14.55,1333.61,13.2,2P,True,9.28,"2P around $13.20, 9% below Steam",0,Premium,Premium,Low,1470.0,1109.0,3347.0,116,321.31,57,6.0,0.4906,0.2037,0.5333,0.2867,5.470748299319728,16.257529375386536,0.6196,0.0,0.65,0.0,+16% expected | 0.62 demand | 2P 9% below Steam | 60% below high | 151% upside,"lower highs, 2P new low, unscored",2P is cheaper than current Steam but still above Steam's recorded low; wait for a stronger entry.,13.2,,13.2,13.2,,,-20.253223392486955,9.278350515463924,0.1,0.0282,1.0,True,,,https://cs2tokens.com/iem-cologne-2026/items/sticker-wicadia-gold-cologne-2026,https://community.akamai.steamstatic.com/economy/image/i0CoZ81Ui0m-9KwlBY1L_18myuGuq1wfhWSaZgMttyVfPaERSR0Wqmu7LAocGJai0ki7VeTHjMmuOXSQ61MnpNWipUruRiLml5Xh-Sta0PWhZKAjIaiXX2TCmb1wtrA9Tiy2kE4m4mrSm4qgcS2TZldxXJF3EOIN5hXsl8qnab2tz-yTcw,Sticker | Wicadia (Gold) | Cologne 2026,https://steamcommunity.com/market/listings/730/Sticker%20%7C%20Wicadia%20%28Gold%29%20%7C%20Cologne%202026,ok
621,10.4,P4,IGNORE,THUNDERdOWNUNDER (Foil),Team,Foil,Team,sticker,,,,791,7.83,664.72,6.58,UUSkins,True,15.96,"UUSkins around $6.58, 16% below Steam",0,Expensive,Expensive,High,791.0,630.0,1408.0,116,321.31,60,6.0,0.5142,0.2147,0.3741,0.282,21.88621997471556,45.040897021584,0.6769,0.0,0.65,0.0,+45% expected | 0.68 demand | UUSkins 16% below Steam | 53% below high | 112% upside,"High crowding, lower highs, 2P new low, unscored",No clear edge.,6.58,6.58,6.58,6.58,0.0,-1.9072628104385342e-14,-5.511565205051789,15.964240102171138,0.0,0.357,5.0,True,,6.58,https://cs2tokens.com/iem-cologne-2026/items/sticker-thunderdownunder-foil-cologne-2026,https://community.akamai.steamstatic.com/economy/image/i0CoZ81Ui0m-9KwlBY1L_18myuGuq1wfhWSaZgMttyVfPaERSR0Wqmu7LAocGJai0ki7VeTHjMmuOXSQ61MnpNWipU3vVBPOmJnp8WwO7fH9a_E4efOQXDCRkbZ04eU-G37nwEQhtmjcztegci6TblVyXsNxW6dU5RlKQo31,Sticker | THUNDERdOWNUNDER (Foil) | Cologne 2026,https://steamcommunity.com/market/listings/730/Sticker%20%7C%20THUNDERdOWNUNDER%20%28Foil%29%20%7C%20Cologne%202026,ok
622,10.2,P4,IGNORE,meyern (Gold),Player,Gold,Autograph,sticker,meyern,9z Team,9z Team,1043,10.33,1043.0,10.33,Steam,False,0.0,Steam around $10.33,0,Premium,Premium,Low,1043.0,882.0,2815.0,116,321.31,57,6.0,0.5051,0.2124,0.4118,0.3218,21.274209012464063,21.274209012464063,0.473,0.0677,0.65,0.0,+21% expected | 0.47 demand | 63% below high | 170% upside | -28% vs launch,"lower highs, 2P new low, unscored",No clear edge.,,,,,,,,,0.1,0.0,,,,,https://cs2tokens.com/iem-cologne-2026/items/sticker-meyern-gold-cologne-2026,https://community.akamai.steamstatic.com/economy/image/i0CoZ81Ui0m-9KwlBY1L_18myuGuq1wfhWSaZgMttyVfPaERSR0Wqmu7LAocGJai0ki7VeTHjMmuOXSQ61MnpNWipUruRiL8m4_l7yxk6P2ibOprIamXC2XJlL515uU9GS_kxx506mTcmdiuJS6fbQ4iDsR3RLZZtBO9jJS5YEfTIrw-,Sticker | meyern (Gold) | Cologne 2026,https://steamcommunity.com/market/listings/730/Sticker%20%7C%20meyern%20%28Gold%29%20%7C%20Cologne%202026,ok
623,10.0,P4,IGNORE,XANTARES (Gold),Player,Gold,Autograph,sticker,XANTARES,Aurora,Aurora,4475,44.3,2877.94,28.49,2P,True,35.69,"2P around $28.49, 36% below Steam",0,Premium,Premium,Low,4475.0,3025.0,7678.0,116,321.31,57,6.0,0.5224,0.2444,0.3599,0.348,16.019441340782127,80.40229032631268,0.2407,0.0,0.65,0.0,+80% expected | 0.24 demand | 2P 36% below Steam | 63% below high | 167% upside,"lower highs, 2P new low, unscored",No clear edge.,28.49,,28.49,28.49,,,4.861481633490661,35.68848758465011,0.1,0.0912,1.0,True,,,https://cs2tokens.com/iem-cologne-2026/items/sticker-xantares-gold-cologne-2026,https://community.akamai.steamstatic.com/economy/image/i0CoZ81Ui0m-9KwlBY1L_18myuGuq1wfhWSaZgMttyVfPaERSR0Wqmu7LAocGJai0ki7VeTHjMmuOXSQ61MnpNWipUruRiLpn5j0_DBe_M2pZ6hpbqnBXDKTlegls7M9Tn3gl0kitm-Ay9egJy6TalNyWMB0RuYNtBiwkYf5d7S1_MjtS9g,Sticker | XANTARES (Gold) | Cologne 2026,https://steamcommunity.com/market/listings/730/Sticker%20%7C%20XANTARES%20%28Gold%29%20%7C%20Cologne%202026,ok
624,9.9,P4,IGNORE,Rainwaker (Gold),Player,Gold,Autograph,sticker,Rainwaker,Monte,Monte,1059,10.48,1059.0,10.48,Steam,False,0.0,Steam around $10.48,0,Premium,Premium,Low,1059.0,851.0,2371.0,116,321.31,57,6.0,0.4934,0.2159,0.4385,0.329,37.21435316336166,37.21435316336166,0.492,0.0142,0.65,0.0,+37% expected | 0.49 demand | 55% below high | 124% upside | -55% vs launch,"lower highs, 2P new low, unscored",No clear edge.,,,,,,,,,0.1,0.0,,,,,https://cs2tokens.com/iem-cologne-2026/items/sticker-rainwaker-gold-cologne-2026,https://community.akamai.steamstatic.com/economy/image/i0CoZ81Ui0m-9KwlBY1L_18myuGuq1wfhWSaZgMttyVfPaERSR0Wqmu7LAocGJai0ki7VeTHjMmuOXSQ61MnpNWipUruRiLjn5_u6iNQ6uCRb6thJL6VXTPIkOx157A5THjrl0Vx5W_QzY3_cnvDawInDJJ3QLUOskS8xNC2Kaq8sGhpTrPr,Sticker | Rainwaker (Gold) | Cologne 2026,https://steamcommunity.com/market/listings/730/Sticker%20%7C%20Rainwaker%20%28Gold%29%20%7C%20Cologne%202026,ok
625,9.9,P4,IGNORE,max (Gold),Player,Gold,Autograph,sticker,max,9z Team,9z Team,1710,16.93,1710.0,16.93,Steam,False,0.0,Steam around $16.93,0,Premium,Premium,Medium,1710.0,1032.0,3852.0,116,321.31,57,6.0,0.4377,0.192,0.6539,0.2324,12.428654970760222,12.428654970760222,0.8256,0.0,0.65,0.0,+12% expected | 0.83 demand | 56% below high | 125% upside | +66% vs launch,"lower highs, 2P new low, unscored",2P is cheaper than current Steam but still above Steam's recorded low; wait for a stronger entry.,21.94,,21.94,21.94,,,-114.73165840190116,-29.59243945658595,0.1,0.0252,1.0,True,,,https://cs2tokens.com/iem-cologne-2026/items/sticker-max-gold-cologne-2026,https://raw.githubusercontent.com/ByMykel/counter-strike-image-tracker/main/static/panorama/images/econ/stickers/cologne2026/sig_max_gold_png.png,Sticker | max (Gold) | Cologne 2026,https://steamcommunity.com/market/listings/730/Sticker%20%7C%20max%20%28Gold%29%20%7C%20Cologne%202026,ok
626,9.7,P4,IGNORE,kisserek (Gold),Player,Gold,Autograph,sticker,kisserek,,,1469,14.54,1469.0,14.54,Steam,False,0.0,Steam around $14.54,0,Premium,Premium,Low,1469.0,966.0,4322.0,116,321.31,57,6.0,0.4902,0.2193,0.5148,0.2847,39.7426820966644,39.7426820966644,0.4713,0.064,0.65,0.0,+40% expected | 0.47 demand | 66% below high | 194% upside | -34% vs launch,"lower highs, 2P new low, unscored",2P is cheaper than current Steam but still above Steam's recorded low; wait for a stronger entry.,18.44,,18.44,18.44,,,-92.85956353715464,-26.822558459422304,0.1,0.0252,1.0,True,,,https://cs2tokens.com/iem-cologne-2026/items/sticker-kisserek-gold-cologne-2026,https://community.akamai.steamstatic.com/economy/image/i0CoZ81Ui0m-9KwlBY1L_18myuGuq1wfhWSaZgMttyVfPaERSR0Wqmu7LAocGJai0ki7VeTHjMmuOXSQ61MnpNWipUruRiL6l4Xz-DBe5M2pZ6hpbvHEWTfIlexw4rNtTCrgx00i6j7cy939dX_EbQUoDMEiQLUPthHukIL5d7S1uObUJ-0,Sticker | kisserek (Gold) | Cologne 2026,https://steamcommunity.com/market/listings/730/Sticker%20%7C%20kisserek%20%28Gold%29%20%7C%20Cologne%202026,ok
627,9.7,P4,IGNORE,G2 esports (Foil),Team,Foil,Team,sticker,,G2 Esports,G2 Esports,175,1.73,175.0,1.73,Steam,False,0.0,Steam around $1.73,0,Cheap,Cheap,Medium,175.0,102.0,324.0,116,321.31,60,6.0,0.3837,0.1465,0.3752,0.1915,19.77714285714287,19.77714285714287,0.4386,0.0,0.65,0.0,+20% expected | 0.44 demand | 46% below high | 85% upside | -22% vs launch,"lower highs, 2P new low, unscored",2P is cheaper than current Steam but still above Steam's recorded low; wait for a stronger entry.,2.12,,2.12,2.12,,,-110.24594809021876,-22.54335260115608,0.1,0.0252,1.0,True,2.12,,https://cs2tokens.com/iem-cologne-2026/items/sticker-g2-esports-foil-cologne-2026,https://community.akamai.steamstatic.com/economy/image/i0CoZ81Ui0m-9KwlBY1L_18myuGuq1wfhWSaZgMttyVfPaERSR0Wqmu7LAocGJai0ki7VeTHjMmuOXSQ61MnpNWipV61fhv-l5quq3MItvP5OKc4JajFXTWVwOsh4OI_HCjkwB8k5mmAw92ucn-QalUjW4wwG7B46mamWA,Sticker | G2 esports (Foil) | Cologne 2026,https://steamcommunity.com/market/listings/730/Sticker%20%7C%20G2%20esports%20%28Foil%29%20%7C%20Cologne%202026,ok
628,9.6,P4,IGNORE,Snax (Foil),Player,Foil,Autograph,sticker,Snax,GamerLegion,GamerLegion,303,3.0,236.34,2.34,2P,True,22.0,"2P around $2.34, 22% below Steam",0,Expensive,Fair,Low,303.0,216.0,475.0,116,321.31,60,6.0,0.4235,0.2067,0.4337,0.2502,6.617161716171616,36.68866886688671,0.468,0.0,0.65,0.0,+37% expected | 0.47 demand | 2P 22% below Steam | 50% below high | 101% upside,"lower highs, 2P new low, unscored",No clear edge.,2.34,,2.34,2.34,,,-9.416666666666654,22.000000000000007,0.1,0.0717,1.0,True,,,https://cs2tokens.com/iem-cologne-2026/items/sticker-snax-foil-cologne-2026,https://community.akamai.steamstatic.com/economy/image/i0CoZ81Ui0m-9KwlBY1L_18myuGuq1wfhWSaZgMttyVfPaERSR0Wqmu7LAocGJai0ki7VeTHjMmuOXSQ61MnpNWipUruRiLikJf4wiRU5v7gOfI4dPWQW2KUlu8ltrk5SivilBlxsmzSwomgc3OUZgVxApJwE-8D4A74zINMpGVsjA,Sticker | Snax (Foil) | Cologne 2026,https://steamcommunity.com/market/listings/730/Sticker%20%7C%20Snax%20%28Foil%29%20%7C%20Cologne%202026,ok
629,9.6,P4,IGNORE,insani,Player,Paper,Autograph,sticker,insani,MIBR,MIBR,7,0.07,7.0,0.07,Steam,False,0.0,Steam around $0.07,0,Very Cheap,Very Cheap,High,7.0,2.0,19.0,116,321.31,65,6.0,0.3385,0.142,0.5889,0.08,1.28571428571429,1.28571428571429,0.5327,0.0,0.65,0.0,+1% expected | 0.53 demand | 63% below high | 171% upside | -63% vs launch,"High crowding, lower highs, 2P new low, unscored",No clear edge.,,,,,,,,,0.1,0.0,,,,,https://cs2tokens.com/iem-cologne-2026/items/sticker-insani-cologne-2026,https://community.akamai.steamstatic.com/economy/image/i0CoZ81Ui0m-9KwlBY1L_18myuGuq1wfhWSaZgMttyVfPaERSR0Wqmu7LAocGJai0ki7VeTHjMmuOXSQ61MnpNWipUruRiL4kIXh8ysVvfCvPfQ1JKTGCzKWlLd3trBqH3nnk0wl5miBz4z7eC3GbwYpDpYmEPlK7EellCHR6w,Sticker | insani | Cologne 2026,https://steamcommunity.com/market/listings/730/Sticker%20%7C%20insani%20%7C%20Cologne%202026,ok
630,9.2,P4,IGNORE,brnz4n (Gold),Player,Gold,Autograph,sticker,brnz4n,MIBR,MIBR,949,9.4,949.0,9.4,Steam,False,0.0,Steam around $9.40,0,Expensive,Expensive,Medium,949.0,634.0,2320.0,116,321.31,57,6.0,0.4895,0.1896,0.5348,0.2727,32.39515279241307,32.39515279241307,0.4914,0.0305,0.65,0.0,+32% expected | 0.49 demand | 59% below high | 144% upside | -17% vs launch,"lower highs, 2P new low, unscored",2P is cheaper than current Steam but still above Steam's recorded low; wait for a stronger entry.,13.31,,13.31,13.31,,,-111.94694274783544,-41.59574468085106,0.1,0.0252,1.0,True,,,https://cs2tokens.com/iem-cologne-2026/items/sticker-brnz4n-gold-cologne-2026,https://community.akamai.steamstatic.com/economy/image/i0CoZ81Ui0m-9KwlBY1L_18myuGuq1wfhWSaZgMttyVfPaERSR0Wqmu7LAocGJai0ki7VeTHjMmuOXSQ61MnpNWipUruRiLzjJj6qSxk6P2ibOo4dfbAXGaRmLZ1tedvTi3iw0x-52_dyt-hdirGPwRzCcMjQLUJ5kHsjJS5YKHneMG2,Sticker | brnz4n (Gold) | Cologne 2026,https://steamcommunity.com/market/listings/730/Sticker%20%7C%20brnz4n%20%28Gold%29%20%7C%20Cologne%202026,ok
631,9.0,P4,IGNORE,makazze (Foil),Player,Foil,Autograph,sticker,makazze,Natus Vincere,Natus Vincere,141,1.4,141.0,1.4,Steam,False,0.0,Steam around $1.40,0,Fair,Fair,Low,141.0,99.0,277.0,116,321.31,60,6.0,0.3573,0.1806,0.3321,0.213,28.872340425531927,28.872340425531927,0.3771,0.0,0.65,0.0,+29% expected | 0.38 demand | 49% below high | 96% upside | -45% vs launch,"lower highs, 2P new low, unscored",2P is cheaper than current Steam but still above Steam's recorded low; wait for a stronger entry.,2.5,2.5,2.5,2.5,0.0,-3.5820980678088764e-15,-154.3290043290043,-78.57142857142858,0.0,0.135,7.0,True,,2.5,https://cs2tokens.com/iem-cologne-2026/items/sticker-makazze-foil-cologne-2026,https://community.akamai.steamstatic.com/economy/image/i0CoZ81Ui0m-9KwlBY1L_18myuGuq1wfhWSaZgMttyVfPaERSR0Wqmu7LAocGJai0ki7VeTHjMmuOXSQ61MnpNWipUruRiL8n53h5zhe0PShYagjc6TDWDHGxLwgtOJtG3G3lEhytWqDwo39JSmQaQ52WZdxQu5c40a_lsqnab35VzsFRQ,Sticker | makazze (Foil) | Cologne 2026,https://steamcommunity.com/market/listings/730/Sticker%20%7C%20makazze%20%28Foil%29%20%7C%20Cologne%202026,ok
632,8.9,P4,IGNORE,PR (Gold),Player,Gold,Autograph,sticker,PR,GamerLegion,GamerLegion,3124,30.93,1514.02,14.99,2P,True,51.54,"2P around $14.99, 52% below Steam",0,Premium,Premium,Medium,3124.0,647.0,7826.0,116,321.31,57,6.0,0.5581,0.2383,0.4037,0.3202,4.391165172855316,115.39818137401032,0.2349,0.0,0.65,0.0,+115% expected | 0.23 demand | 2P 52% below Steam | 81% below high | 417% upside,"lower highs, 2P new low, unscored",2P is cheaper than current Steam but still above Steam's recorded low; wait for a stronger entry.,14.99,,14.99,14.99,,,-134.0067890250259,51.53572583252506,0.1,0.0418,1.0,True,,,https://cs2tokens.com/iem-cologne-2026/items/sticker-pr-gold-cologne-2026,https://community.akamai.steamstatic.com/economy/image/i0CoZ81Ui0m-9KwlBY1L_18myuGuq1wfhWSaZgMttyVfPaERSR0Wqmu7LAocGJai0ki7VeTHjMmuOXSQ61MnpNWipUruRiLhjKnn8i5foaatMfNoJqKWCjfDluoh4OJqTSjgxUUl4GSHnt__In6QawAiWJQlR7MU8k7v7fpa08g,Sticker | PR (Gold) | Cologne 2026,https://steamcommunity.com/market/listings/730/Sticker%20%7C%20PR%20%28Gold%29%20%7C%20Cologne%202026,ok
633,8.9,P4,IGNORE,MIBR (Foil),Team,Foil,Team,sticker,,MIBR,MIBR,95,0.94,95.0,0.94,Steam,False,0.0,Steam around $0.94,0,Very Cheap,Very Cheap,Medium,95.0,41.0,144.0,116,321.31,60,6.0,0.32,0.1215,0.4168,0.1812,5.32631578947369,5.32631578947369,0.5446,0.0,0.65,0.0,+5% expected | 0.54 demand | 34% below high | 52% upside | -34% vs launch,"lower highs, 2P new low, unscored",2P is cheaper than current Steam but still above Steam's recorded low; wait for a stronger entry.,1.15,,1.15,1.15,,,-183.4717176959004,-22.34042553191489,0.1,0.0252,1.0,True,1.74,1.47,https://cs2tokens.com/iem-cologne-2026/items/sticker-mibr-foil-cologne-2026,https://community.akamai.steamstatic.com/economy/image/i0CoZ81Ui0m-9KwlBY1L_18myuGuq1wfhWSaZgMttyVfPaERSR0Wqmu7LAocGJai0ki7VeTHjMmuOXSQ61MnpNWipVTuQw_OmJnp8WwJuKKobvY9dqiVXDHEmesu47VrTCiwzUR2sGjRy9mgcn3DPVIkW5dwW6dU5YIX_GAU,Sticker | MIBR (Foil) | Cologne 2026,https://steamcommunity.com/market/listings/730/Sticker%20%7C%20MIBR%20%28Foil%29%20%7C%20Cologne%202026,ok
634,8.9,P4,IGNORE,zont1x (Foil),Player,Foil,Autograph,sticker,zont1x,Team Spirit,Team Spirit,108,1.07,108.0,1.07,Steam,False,0.0,Steam around $1.07,0,Cheap,Cheap,Low,108.0,75.0,227.0,116,321.31,60,6.0,0.3457,0.1621,0.3397,0.1752,25.314814814814813,25.314814814814813,0.2149,0.0,0.65,0.0,+25% expected | 0.21 demand | 52% below high | 110% upside | -50% vs launch,"lower highs, 2P new low, unscored",2P is cheaper than current Steam but still above Steam's recorded low; wait for a stronger entry.,1.61,,1.61,1.61,,,-116.67289719626169,-50.46728971962617,0.1,0.0252,1.0,True,,,https://cs2tokens.com/iem-cologne-2026/items/sticker-zont1x-foil-cologne-2026,https://community.akamai.steamstatic.com/economy/image/i0CoZ81Ui0m-9KwlBY1L_18myuGuq1wfhWSaZgMttyVfPaERSR0Wqmu7LAocGJai0ki7VeTHjMmuOXSQ61MnpNWipUruRiLrkZj0rDpk6f2nZOpsJafBVmaUxbsv4uQ_FnjkwU124W-Ant6qdnzBPVN1CpZ5QLZZu0O4jJS5YGWUrY_5,Sticker | zont1x (Foil) | Cologne 2026,https://steamcommunity.com/market/listings/730/Sticker%20%7C%20zont1x%20%28Foil%29%20%7C%20Cologne%202026,ok
635,8.8,P4,IGNORE,Natus Vincere (Foil),Team,Foil,Team,sticker,,Natus Vincere,Natus Vincere,640,6.34,504.73,5.0,2P,True,21.14,"2P around $5.00, 21% below Steam",0,Expensive,Fair,Medium,640.0,434.0,1076.0,116,321.31,60,6.0,0.4721,0.1963,0.3571,0.247,19.0890625,51.004931249999984,0.516,0.0,0.65,0.0,+51% expected | 0.52 demand | 2P 21% below Steam | 53% below high | 113% upside,"lower highs, 2P new low, unscored",No clear edge.,5.0,,5.0,5.0,,,-16.297663870676995,21.13564668769716,0.1,0.0711,1.0,True,10.47,22.19,https://cs2tokens.com/iem-cologne-2026/items/sticker-natus-vincere-foil-cologne-2026,https://community.akamai.steamstatic.com/economy/image/i0CoZ81Ui0m-9KwlBY1L_18myuGuq1wfhWSaZgMttyVfPaERSR0Wqmu7LAocGJai0ki7VeTHjMmuOXSQ61MnpNWipVfmVxTOmJnp8WxYuaT-MP1sefXDWmTEwrog5rQ6Hy3mwkkktW2Gz9apcCjBag8gW8NyW6dU5ZchCRUE,Sticker | Natus Vincere (Foil) | Cologne 2026,https://steamcommunity.com/market/listings/730/Sticker%20%7C%20Natus%20Vincere%20%28Foil%29%20%7C%20Cologne%202026,ok
636,8.4,P4,IGNORE,Jee (Foil),Player,Foil,Autograph,sticker,Jee,TYLOO,TYLOO,95,0.94,95.0,0.94,Steam,False,0.0,Steam around $0.94,0,Cheap,Cheap,Low,95.0,65.0,214.0,116,321.31,60,6.0,0.3525,0.149,0.3375,0.1532,16.421052631578938,16.421052631578938,0.26,0.0,0.65,0.0,+16% expected | 0.26 demand | 56% below high | 125% upside | -53% vs launch,"lower highs, 2P new low, unscored",2P is cheaper than current Steam but still above Steam's recorded low; wait for a stronger entry.,1.1,,1.1,1.1,,,-71.03109656301149,-17.0212765957447,0.1,0.0252,1.0,True,22.15,1.48,https://cs2tokens.com/iem-cologne-2026/items/sticker-jee-foil-cologne-2026,https://community.akamai.steamstatic.com/economy/image/i0CoZ81Ui0m-9KwlBY1L_18myuGuq1wfhWSaZgMttyVfPaERSR0Wqmu7LAocGJai0ki7VeTHjMmuOXSQ61MnpNWipUruRiL7m5Pf-y1S47yvbfc5cKnKXTWUxOt3s7g-SSjnk05w6mWBz9ahICifOAQiA8EkQbUIrFDmxUhfCpVU,Sticker | Jee (Foil) | Cologne 2026,https://steamcommunity.com/market/listings/730/Sticker%20%7C%20Jee%20%28Foil%29%20%7C%20Cologne%202026,ok
637,8.2,P4,IGNORE,Jame (Foil),Player,Foil,Autograph,sticker,Jame,PARIVISION,PARIVISION,123,1.22,123.0,1.22,Steam,False,0.0,Steam around $1.22,0,Fair,Fair,Low,123.0,91.0,275.0,116,321.31,60,6.0,0.381,0.1752,0.3069,0.2077,47.42276422764229,47.42276422764229,0.1887,0.0,0.65,0.0,+47% expected | 0.19 demand | 55% below high | 124% upside | -55% vs launch,"lower highs, 2P new low, unscored",2P is cheaper than current Steam but still above Steam's recorded low; wait for a stronger entry.,2.2,,2.2,2.2,,,-143.7398666906864,-80.32786885245903,0.1,0.0252,1.0,True,2.32,,https://cs2tokens.com/iem-cologne-2026/items/sticker-jame-foil-cologne-2026,https://community.akamai.steamstatic.com/economy/image/i0CoZ81Ui0m-9KwlBY1L_18myuGuq1wfhWSaZgMttyVfPaERSR0Wqmu7LAocGJai0ki7VeTHjMmuOXSQ61MnpNWipUruRiL7n5vlwiRU5v7gbPU1c6mRC2HGlrou6LA_S3i2w0witT-Dytz6cnifbAQnDMF0E7MCsQ74zINvB5uzBQ,Sticker | Jame (Foil) | Cologne 2026,https://steamcommunity.com/market/listings/730/Sticker%20%7C%20Jame%20%28Foil%29%20%7C%20Cologne%202026,ok
638,8.2,P4,IGNORE,FalleN (Foil),Player,Foil,Autograph,sticker,FalleN,FURIA,FURIA,497,4.92,497.0,4.92,Steam,False,0.0,Steam around $4.92,0,Expensive,Expensive,Medium,497.0,409.0,971.0,116,321.31,60,6.0,0.3938,0.1799,0.5009,0.2063,23.2394366197183,23.2394366197183,0.6733,0.0,0.65,0.0,+23% expected | 0.67 demand | 49% below high | 95% upside | -8% vs launch,"lower highs, 2P new low, unscored",2P is cheaper than current Steam but still above Steam's recorded low; wait for a stronger entry.,5.87,,5.87,5.87,,,-44.97932693263365,-19.3089430894309,0.1,0.0252,1.0,True,7.12,,https://cs2tokens.com/iem-cologne-2026/items/sticker-fallen-foil-cologne-2026,https://community.akamai.steamstatic.com/economy/image/i0CoZ81Ui0m-9KwlBY1L_18myuGuq1wfhWSaZgMttyVfPaERSR0Wqmu7LAocGJai0ki7VeTHjMmuOXSQ61MnpNWipUruRiL3n5rs-Cxk6f2nZOo4c_GQCjKUkb4n5eNsTnzmlBwk5WuAmdmsI3OXblRxWJp2E-YLthm-jJS5YPEMzfCr,Sticker | FalleN (Foil) | Cologne 2026,https://steamcommunity.com/market/listings/730/Sticker%20%7C%20FalleN%20%28Foil%29%20%7C%20Cologne%202026,ok
639,8.0,P4,IGNORE,b1t (Gold),Player,Gold,Autograph,sticker,b1t,Natus Vincere,Natus Vincere,3859,38.2,3701.41,36.64,2P,True,4.08,"2P around $36.64, 4% below Steam",0,Premium,Premium,Low,3859.0,2631.0,7763.0,116,321.31,57,6.0,0.401,0.194,0.4797,0.2329,15.45970458668049,20.375565371484573,0.6728,0.0904,0.65,0.0,+20% expected | 0.67 demand | 2P 4% below Steam | 52% below high | 110% upside,"lower highs, 2P new low, unscored",2P is cheaper than current Steam but still above Steam's recorded low; wait for a stronger entry.,36.64,,36.64,36.64,,,-40.68442910843528,4.083769633507859,0.1,0.0265,1.0,True,,,https://cs2tokens.com/iem-cologne-2026/items/sticker-b1t-gold-cologne-2026,https://community.akamai.steamstatic.com/economy/image/i0CoZ81Ui0m-9KwlBY1L_18myuGuq1wfhWSaZgMttyVfPaERSR0Wqmu7LAocGJai0ki7VeTHjMmuOXSQ61MnpNWipUruRiLzz4Lf-i1X67z3PKZpJqDDCGXAx-ohteBvSyzlwxhx4GvVn9n9d32TOwEpApEjE7IJrFDmxatG7HkC,Sticker | b1t (Gold) | Cologne 2026,https://steamcommunity.com/market/listings/730/Sticker%20%7C%20b1t%20%28Gold%29%20%7C%20Cologne%202026,ok
640,7.9,P4,IGNORE,S1ren (Gold),Player,Gold,Autograph,sticker,S1ren,BetBoom,BetBoom,2506,24.81,1333.3,13.2,2P,True,46.8,"2P around $13.20, 47% below Steam",0,Premium,Premium,Medium,2506.0,335.0,6596.0,116,321.31,57,6.0,0.5171,0.2251,0.4506,0.267,-12.889066241021553,63.72895958789815,0.4855,0.0,0.65,0.0,+64% expected | 0.49 demand | 2P 47% below Steam | 80% below high | 395% upside,"lower highs, 2P new low, unscored",2P is cheaper than current Steam but still above Steam's recorded low; wait for a stronger entry.,13.2,,13.2,13.2,,,-298.0003248569727,46.7956469165659,0.1,0.0402,1.0,True,,,https://cs2tokens.com/iem-cologne-2026/items/sticker-s1ren-gold-cologne-2026,https://community.akamai.steamstatic.com/economy/image/i0CoZ81Ui0m-9KwlBY1L_18myuGuq1wfhWSaZgMttyVfPaERSR0Wqmu7LAocGJai0ki7VeTHjMmuOXSQ61MnpNWipUruRiLiz4Tl8x1c4P6qJvFudKLCXTKSlO0itOM-Syy1wksj422BnNv7cy6fbQRzC8B4R7FfsEOm0oqwZ24HzEs,Sticker | S1ren (Gold) | Cologne 2026,https://steamcommunity.com/market/listings/730/Sticker%20%7C%20S1ren%20%28Gold%29%20%7C%20Cologne%202026,ok
641,7.9,P4,IGNORE,MOUZ (Foil),Team,Foil,Team,sticker,,MOUZ,MOUZ,280,2.77,238.56,2.36,UUSkins,True,14.8,"UUSkins around $2.36, 15% below Steam",0,Fair,Cheap,Medium,280.0,188.0,477.0,116,321.31,60,6.0,0.4242,0.1717,0.2672,0.2272,23.92857142857143,45.458535108958856,0.2175,0.0,0.65,0.0,+45% expected | 0.22 demand | UUSkins 15% below Steam | 50% below high | 100% upside,"lower highs, 2P new low, unscored",2P is cheaper than current Steam but still above Steam's recorded low; wait for a stronger entry.,2.36,,2.36,2.36,,,-26.891466318457645,14.801444043321304,0.1,0.03,1.0,True,4.95,2.36,https://cs2tokens.com/iem-cologne-2026/items/sticker-mouz-foil-cologne-2026,https://community.akamai.steamstatic.com/economy/image/i0CoZ81Ui0m-9KwlBY1L_18myuGuq1wfhWSaZgMttyVfPaERSR0Wqmu7LAocGJai0ki7VeTHjMmuOXSQ61MnpNWipVToVAfOmJnp8WxauvP9PPdoeKLACjHHku1z5rlrF321xkoi4GXRyImsdXLEOgB0CJYkW6dU5QeU6cBM,Sticker | MOUZ (Foil) | Cologne 2026,https://steamcommunity.com/market/listings/730/Sticker%20%7C%20MOUZ%20%28Foil%29%20%7C%20Cologne%202026,ok
642,7.9,P4,IGNORE,ZywOo,Player,Paper,Autograph,sticker,ZywOo,Vitality,Vitality,88,0.87,88.0,0.87,Steam,False,0.0,Steam around $0.87,0,Fair,Fair,Medium,88.0,77.0,203.0,116,321.31,61,6.0,0.4108,0.1687,0.435,0.1851,34.19318181818183,34.19318181818183,0.4129,0.0,0.65,0.0,+34% expected | 0.41 demand | 57% below high | 131% upside | -9% vs launch,"lower highs, 2P new low, unscored",No clear edge.,,,,,,,,,0.1,0.0,,,,,https://cs2tokens.com/iem-cologne-2026/items/sticker-zywoo-cologne-2026,https://community.akamai.steamstatic.com/economy/image/i0CoZ81Ui0m-9KwlBY1L_18myuGuq1wfhWSaZgMttyVfPaERSR0Wqmu7LAocGJai0ki7VeTHjMmuOXSQ61MnpNWipUruRiLrh4Hv8mwKuvCrP6ZodaiSW2PCl7wh5-QwS33lx0pw5zmAzd6gI3KVbAZzCZAhW6dU5bJIXeqf,Sticker | ZywOo | Cologne 2026,https://steamcommunity.com/market/listings/730/Sticker%20%7C%20ZywOo%20%7C%20Cologne%202026,ok
643,7.9,P4,IGNORE,Magnojez (Foil),Player,Foil,Autograph,sticker,Magnojez,BetBoom,BetBoom,61,0.6,61.0,0.6,Steam,False,0.0,Steam around $0.60,0,Very Cheap,Very Cheap,Medium,61.0,33.0,129.0,116,321.31,60,6.0,0.3277,0.1334,0.3692,0.1304,9.590163934426222,9.590163934426222,0.3539,0.0,0.65,0.0,+10% expected | 0.35 demand | 53% below high | 111% upside | -53% vs launch,"lower highs, 2P new low, unscored",2P is cheaper than current Steam but still above Steam's recorded low; wait for a stronger entry.,0.75,,0.75,0.75,,,-131.06060606060606,-25.000000000000007,0.1,0.0252,1.0,True,,,https://cs2tokens.com/iem-cologne-2026/items/sticker-magnojez-foil-cologne-2026,https://community.akamai.steamstatic.com/economy/image/i0CoZ81Ui0m-9KwlBY1L_18myuGuq1wfhWSaZgMttyVfPaERSR0Wqmu7LAocGJai0ki7VeTHjMmuOXSQ61MnpNWipUruRiL8n5Hu8ihe9c2oZ61hbqKSC2GVkb1z6bdoHHiywhkjt2_Xmd6hcSrCbVciDJZxTe4L5xC7k9f5d7S1WhZIblI,Sticker | Magnojez (Foil) | Cologne 2026,https://steamcommunity.com/market/listings/730/Sticker%20%7C%20Magnojez%20%28Foil%29%20%7C%20Cologne%202026,ok
644,7.7,P4,IGNORE,Lake (Gold),Player,Gold,Autograph,sticker,Lake,M80,M80,2242,22.2,1333.08,13.2,2P,True,40.54,"2P around $13.20, 41% below Steam",0,Premium,Premium,Medium,2242.0,874.0,4805.0,116,321.31,57,6.0,0.5324,0.2106,0.4589,0.3008,5.869313113291708,78.05293569053606,0.2563,0.0,0.65,0.0,+78% expected | 0.26 demand | 2P 41% below Steam | 72% below high | 260% upside,"lower highs, 2P new low, unscored",2P is cheaper than current Steam but still above Steam's recorded low; wait for a stronger entry.,13.2,,13.2,13.2,,,-52.52643948296121,40.54054054054054,0.1,0.0382,1.0,True,,,https://cs2tokens.com/iem-cologne-2026/items/sticker-lake-gold-cologne-2026,https://community.akamai.steamstatic.com/economy/image/i0CoZ81Ui0m-9KwlBY1L_18myuGuq1wfhWSaZgMttyVfPaERSR0Wqmu7LAocGJai0ki7VeTHjMmuOXSQ61MnpNWipUruRiL9n53lwiVU4_bgOaU4eaGQDDaSw-t06OI7S3rkxR5_4GjRwt74eHOUbFJzXpIjFucNtA74zINdv50gzA,Sticker | Lake (Gold) | Cologne 2026,https://steamcommunity.com/market/listings/730/Sticker%20%7C%20Lake%20%28Gold%29%20%7C%20Cologne%202026,ok
645,7.6,P4,IGNORE,mezii (Gold),Player,Gold,Autograph,sticker,mezii,Vitality,Vitality,2700,26.73,2700.0,26.73,Steam,False,0.0,Steam around $26.73,0,Premium,Premium,Low,2700.0,2374.0,5119.0,116,321.31,57,6.0,0.4177,0.2023,0.4075,0.2646,22.108148148148143,22.108148148148143,0.5289,0.1521,0.65,0.0,+22% expected | 0.53 demand | 47% below high | 90% upside | +3% vs launch,"lower highs, 2P new low, unscored",No clear edge.,,,,,,,,,0.1,0.0,,,,,https://cs2tokens.com/iem-cologne-2026/items/sticker-mezii-gold-cologne-2026,https://community.akamai.steamstatic.com/economy/image/i0CoZ81Ui0m-9KwlBY1L_18myuGuq1wfhWSaZgMttyVfPaERSR0Wqmu7LAocGJai0ki7VeTHjMmuOXSQ61MnpNWipUruRiL8m4zp9B1c4P6qJqE_JabLDTLExety6bkxGnrnxkQl62uDwor7d3ySOlUjC8EhQbQO4Bim0oqweD5N7hE,Sticker | mezii (Gold) | Cologne 2026,https://steamcommunity.com/market/listings/730/Sticker%20%7C%20mezii%20%28Gold%29%20%7C%20Cologne%202026,ok
646,7.6,P4,IGNORE,dziugss (Gold),Player,Gold,Autograph,sticker,dziugss,,,2493,24.68,2493.0,24.68,Steam,False,0.0,Steam around $24.68,0,Premium,Premium,High,2493.0,1279.0,9271.0,116,321.31,57,6.0,0.4754,0.1736,0.6612,0.1657,9.464500601684712,9.464500601684712,0.8076,0.0,0.65,0.0,+9% expected | 0.81 demand | 73% below high | 272% upside | -23% vs launch,"High crowding, lower highs, 2P new low, unscored",No clear edge.,,,,,,,,,0.1,0.0,,,,,https://cs2tokens.com/iem-cologne-2026/items/sticker-dziugss-gold-cologne-2026,https://community.akamai.steamstatic.com/economy/image/i0CoZ81Ui0m-9KwlBY1L_18myuGuq1wfhWSaZgMttyVfPaERSR0Wqmu7LAocGJai0ki7VeTHjMmuOXSQ61MnpNWipUruRiL1hJ_1-jFI0PWhZKAjJPTKWzXHxOt35LQwS362wk5_4TmGw4qsJ36ebA8iApQhELFZtBW4kcqnab21sjNjGg,Sticker | dziugss (Gold) | Cologne 2026,https://steamcommunity.com/market/listings/730/Sticker%20%7C%20dziugss%20%28Gold%29%20%7C%20Cologne%202026,ok
647,7.4,P4,IGNORE,HUASOPEEK (Gold),Player,Gold,Autograph,sticker,HUASOPEEK,9z Team,9z Team,1156,11.44,1156.0,11.44,Steam,False,0.0,Steam around $11.44,0,Premium,Premium,Low,1156.0,1060.0,2756.0,116,321.31,57,6.0,0.4753,0.1905,0.3909,0.2996,40.73183391003459,40.73183391003459,0.196,0.0,0.65,0.0,+41% expected | 0.20 demand | 58% below high | 138% upside | -44% vs launch,"lower highs, 2P new low, unscored",No clear edge.,,,,,,,,,0.1,0.0,,,,,https://cs2tokens.com/iem-cologne-2026/items/sticker-huasopeek-gold-cologne-2026,https://community.akamai.steamstatic.com/economy/image/i0CoZ81Ui0m-9KwlBY1L_18myuGuq1wfhWSaZgMttyVfPaERSR0Wqmu7LAocGJai0ki7VeTHjMmuOXSQ61MnpNWipUruRiL5i5fz8jJe6vmRb6thJL6XCGPDwLsv57E4HyjmzR5_t2uHm9evInmUbQd1CZRyROID4xTrk9KyKaq8sObpmqdX,Sticker | HUASOPEEK (Gold) | Cologne 2026,https://steamcommunity.com/market/listings/730/Sticker%20%7C%20HUASOPEEK%20%28Gold%29%20%7C%20Cologne%202026,ok
648,7.4,P4,IGNORE,w0nderful (Foil),Player,Foil,Autograph,sticker,w0nderful,Natus Vincere,Natus Vincere,205,2.03,205.0,2.03,Steam,False,0.0,Steam around $2.03,0,Fair,Fair,Medium,205.0,163.0,446.0,116,321.31,60,6.0,0.3872,0.1674,0.3801,0.1903,38.37073170731709,38.37073170731709,0.3037,0.0,0.65,0.0,+38% expected | 0.30 demand | 54% below high | 118% upside | -39% vs launch,"lower highs, 2P new low, unscored",2P is cheaper than current Steam but still above Steam's recorded low; wait for a stronger entry.,2.06,,2.06,2.06,,,-27.62549487745173,-1.4778325123152831,0.1,0.0252,1.0,True,,,https://cs2tokens.com/iem-cologne-2026/items/sticker-w0nderful-foil-cologne-2026,https://community.akamai.steamstatic.com/economy/image/i0CoZ81Ui0m-9KwlBY1L_18myuGuq1wfhWSaZgMttyVfPaERSR0Wqmu7LAocGJai0ki7VeTHjMmuOXSQ61MnpNWipUruRiLmzpjk-DBd-v6RbqtkLL7HW2XIl7sgsrQwTSqxxUpx4WnRzdn9eXrBbwUjWZR4EbMI5EO6k4XvKaq8sAk5eu7z,Sticker | w0nderful (Foil) | Cologne 2026,https://steamcommunity.com/market/listings/730/Sticker%20%7C%20w0nderful%20%28Foil%29%20%7C%20Cologne%202026,ok
649,7.0,P4,IGNORE,HooXi (Gold),Player,Gold,Autograph,sticker,HooXi,Astralis,Astralis,1182,11.7,1182.0,11.7,Steam,False,0.0,Steam around $11.70,0,Premium,Premium,Medium,1182.0,846.0,3451.0,116,321.31,57,6.0,0.4991,0.1903,0.4525,0.2648,27.842639593908626,27.842639593908626,0.4927,0.017,0.65,0.0,+28% expected | 0.49 demand | 66% below high | 192% upside | -66% vs launch,"lower highs, 2P new low, unscored",No clear edge.,,,,,,,,,0.1,0.0,,,,,https://cs2tokens.com/iem-cologne-2026/items/sticker-hooxi-gold-cologne-2026,https://community.akamai.steamstatic.com/economy/image/i0CoZ81Ui0m-9KwlBY1L_18myuGuq1wfhWSaZgMttyVfPaERSR0Wqmu7LAocGJai0ki7VeTHjMmuOXSQ61MnpNWipUruRiL5kZn49B1c4P6qJqVoJPHKCGbIke8nsbA5THjgzEwm42nRzdurci3GaAMlApp1FLFesxOm0oqwaDbRSqI,Sticker | HooXi (Gold) | Cologne 2026,https://steamcommunity.com/market/listings/730/Sticker%20%7C%20HooXi%20%28Gold%29%20%7C%20Cologne%202026,ok
650,7.0,P4,IGNORE,dexter (Foil),Player,Foil,Autograph,sticker,dexter,,,277,2.74,277.0,2.74,Steam,False,0.0,Steam around $2.74,0,Expensive,Expensive,Low,277.0,229.0,476.0,116,321.31,60,6.0,0.3574,0.1669,0.3835,0.2051,24.86281588447654,24.86281588447654,0.6097,0.0,0.65,0.0,+25% expected | 0.61 demand | 42% below high | 72% upside | -23% vs launch,"lower highs, 2P new low, unscored",2P is cheaper than current Steam but still above Steam's recorded low; wait for a stronger entry.,4.74,,4.74,4.74,,,-109.25317948554488,-72.99270072992701,0.1,0.0252,1.0,True,5.18,4.74,https://cs2tokens.com/iem-cologne-2026/items/sticker-dexter-foil-cologne-2026,https://community.akamai.steamstatic.com/economy/image/i0CoZ81Ui0m-9KwlBY1L_18myuGuq1wfhWSaZgMttyVfPaERSR0Wqmu7LAocGJai0ki7VeTHjMmuOXSQ61MnpNWipUruRiL1m470-DBk6f2nZOo_JPbDXGaRmLwu5bk9TXjkxx5w6jzdntz8I3_EagEmXpV2QLQNs0WxjJS5YMICgn4K,Sticker | dexter (Foil) | Cologne 2026,https://steamcommunity.com/market/listings/730/Sticker%20%7C%20dexter%20%28Foil%29%20%7C%20Cologne%202026,ok
651,6.8,P4,IGNORE,MAJ3R (Gold),Player,Gold,Autograph,sticker,MAJ3R,Aurora,Aurora,1280,12.67,1280.0,12.67,Steam,False,0.0,Steam around $12.67,0,Premium,Premium,Low,1280.0,714.0,2341.0,116,321.31,57,6.0,0.3935,0.1704,0.4599,0.2555,23.719531249999992,23.719531249999992,0.7523,0.0496,0.65,0.0,+24% expected | 0.75 demand | 45% below high | 83% upside | -36% vs launch,"lower highs, 2P new low, unscored",2P is cheaper than current Steam but still above Steam's recorded low; wait for a stronger entry.,18.53,,18.53,18.53,,,-162.18664261284624,-46.25098658247831,0.1,0.0252,1.0,True,,,https://cs2tokens.com/iem-cologne-2026/items/sticker-maj3r-gold-cologne-2026,https://community.akamai.steamstatic.com/economy/image/i0CoZ81Ui0m-9KwlBY1L_18myuGuq1wfhWSaZgMttyVfPaERSR0Wqmu7LAocGJai0ki7VeTHjMmuOXSQ61MnpNWipUruRiL8n5yz7x1c4P6qJv1rcKCXDzLGwr4u5bY9H3G1wU8hsmjWyYytJH3BblNxDZF4F7YDuxOm0oqwzewELh4,Sticker | MAJ3R (Gold) | Cologne 2026,https://steamcommunity.com/market/listings/730/Sticker%20%7C%20MAJ3R%20%28Gold%29%20%7C%20Cologne%202026,ok
652,6.7,P4,IGNORE,bLitz (Gold),Player,Gold,Autograph,sticker,bLitz,The MongolZ,The MongolZ,1337,13.24,1337.0,13.24,Steam,False,0.0,Steam around $13.24,0,Premium,Premium,Low,1337.0,737.0,3007.0,116,321.31,57,6.0,0.4055,0.1637,0.5316,0.212,2.9558713537771064,2.9558713537771064,0.7071,0.0,0.65,0.0,+3% expected | 0.71 demand | 56% below high | 125% upside | -56% vs launch,"lower highs, 2P new low, unscored",No clear edge.,,,,,,,,,0.1,0.0,,,,,https://cs2tokens.com/iem-cologne-2026/items/sticker-blitz-gold-cologne-2026,https://community.akamai.steamstatic.com/economy/image/i0CoZ81Ui0m-9KwlBY1L_18myuGuq1wfhWSaZgMttyVfPaERSR0Wqmu7LAocGJai0ki7VeTHjMmuOXSQ61MnpNWipUruRiLzkp_05x1c4P6qJvA_caLFDTKVmbh1tLNvF3jrwUh042nTyt2gcX6TZgdxDpJ1RbQN5EGm0oqwklnJd70,Sticker | bLitz (Gold) | Cologne 2026,https://steamcommunity.com/market/listings/730/Sticker%20%7C%20bLitz%20%28Gold%29%20%7C%20Cologne%202026,ok
653,6.6,P4,IGNORE,NRG (Foil),Team,Foil,Team,sticker,,NRG,NRG,154,1.52,154.0,1.52,Steam,False,0.0,Steam around $1.52,0,Cheap,Cheap,Low,154.0,89.0,247.0,116,321.31,60,6.0,0.3206,0.1249,0.2361,0.1876,19.36363636363636,19.36363636363636,0.2612,0.0,0.65,0.0,+19% expected | 0.26 demand | 38% below high | 60% upside | -21% vs launch,"lower highs, 2P new low, unscored",2P is cheaper than current Steam but still above Steam's recorded low; wait for a stronger entry.,2.0,,2.0,2.0,,,-127.67593140153755,-31.57894736842105,0.1,0.0252,1.0,True,,,https://cs2tokens.com/iem-cologne-2026/items/sticker-nrg-foil-cologne-2026,https://community.akamai.steamstatic.com/economy/image/i0CoZ81Ui0m-9KwlBY1L_18myuGuq1wfhWSaZgMttyVfPaERSR0Wqmu7LAocGJai0ki7VeTHjMmuOXSQ61MnpNWipVf1RiL3kZ_ss3QMu6P9MfdvdfXGXTfDxe8k4bBrGX_nzUQi4G6HyoyoIimXP1AhApBuBbldM5i8Ypw,Sticker | NRG (Foil) | Cologne 2026,https://steamcommunity.com/market/listings/730/Sticker%20%7C%20NRG%20%28Foil%29%20%7C%20Cologne%202026,ok
654,6.5,P4,IGNORE,apEX (Foil),Player,Foil,Autograph,sticker,apEX,Vitality,Vitality,235,2.33,235.0,2.33,Steam,False,0.0,Steam around $2.33,0,Fair,Fair,Medium,235.0,158.0,482.0,116,321.31,60,6.0,0.361,0.1532,0.4214,0.1633,28.62553191489361,28.62553191489361,0.5048,0.0,0.65,0.0,+29% expected | 0.50 demand | 51% below high | 105% upside | -35% vs launch,"lower highs, 2P new low, unscored",2P is cheaper than current Steam but still above Steam's recorded low; wait for a stronger entry.,2.8,,2.8,2.8,,,-78.73635030151571,-20.17167381974248,0.1,0.0252,1.0,True,3.02,,https://cs2tokens.com/iem-cologne-2026/items/sticker-apex-foil-cologne-2026,https://community.akamai.steamstatic.com/economy/image/i0CoZ81Ui0m-9KwlBY1L_18myuGuq1wfhWSaZgMttyVfPaERSR0Wqmu7LAocGJai0ki7VeTHjMmuOXSQ61MnpNWipUruRiLwjpP4wiRU5v7gOvQ6JPbDD2OWlbcms-I6F3vhxB4i5D_Vzon6J3-RPQ4pD8FyTeAM5A74zIMPtVH0vw,Sticker | apEX (Foil) | Cologne 2026,https://steamcommunity.com/market/listings/730/Sticker%20%7C%20apEX%20%28Foil%29%20%7C%20Cologne%202026,ok
655,6.5,P4,IGNORE,THUNDERdOWNUNDER,Team,Paper,Team,sticker,,,,130,1.29,130.0,1.29,Steam,False,0.0,Steam around $1.29,0,Fair,Fair,Medium,130.0,74.0,281.0,116,321.31,61,6.0,0.3618,0.1462,0.5144,0.1225,22.807692307692307,22.807692307692307,0.4768,0.0,0.65,0.0,+23% expected | 0.48 demand | 54% below high | 116% upside | +76% vs launch,"lower highs, 2P new low, unscored",No clear edge.,,,,,,,,,0.1,0.0,,,,,https://cs2tokens.com/iem-cologne-2026/items/sticker-thunderdownunder-cologne-2026,https://community.akamai.steamstatic.com/economy/image/i0CoZ81Ui0m-9KwlBY1L_18myuGuq1wfhWSaZgMttyVfPaERSR0Wqmu7LAocGJai0ki7VeTHjMmuOXSQ61MnpNWipU3vVBO_mpOzpSMOu6KtafM4eabEXGSSwOhy57cwHizqx05z5G7SntihcHqfOhhgVMU2zJoIZQ,Sticker | THUNDERdOWNUNDER | Cologne 2026,https://steamcommunity.com/market/listings/730/Sticker%20%7C%20THUNDERdOWNUNDER%20%7C%20Cologne%202026,ok
656,6.3,P4,IGNORE,Techno4K (Gold),Player,Gold,Autograph,sticker,Techno4K,The MongolZ,The MongolZ,1111,11.0,1111.0,11.0,Steam,False,0.0,Steam around $11.00,0,Premium,Premium,Low,1111.0,1084.0,3561.0,116,321.31,57,6.0,0.509,0.168,0.3555,0.2863,37.1881188118812,37.1881188118812,0.2659,0.0,0.65,0.0,+37% expected | 0.27 demand | 69% below high | 221% upside | -69% vs launch,"lower highs, 2P new low, unscored",No clear edge.,,,,,,,,,0.1,0.0,,,,,https://cs2tokens.com/iem-cologne-2026/items/sticker-techno4k-gold-cologne-2026,https://community.akamai.steamstatic.com/economy/image/i0CoZ81Ui0m-9KwlBY1L_18myuGuq1wfhWSaZgMttyVfPaERSR0Wqmu7LAocGJai0ki7VeTHjMmuOXSQ61MnpNWipUruRiLlm5Xo8y0P5M2pZ6hpbqDFCzLDmOh3trlqFijrkRx162XWwoz_eHKRZwFzWZF1FO8PtRS4l9f5d7S1A8VAHkg,Sticker | Techno4K (Gold) | Cologne 2026,https://steamcommunity.com/market/listings/730/Sticker%20%7C%20Techno4K%20%28Gold%29%20%7C%20Cologne%202026,ok
657,6.3,P4,IGNORE,SHOCK (Gold),Player,Gold,Autograph,sticker,SHOCK,,,2774,27.46,2774.0,27.46,Steam,False,0.0,Steam around $27.46,0,Premium,Premium,High,2774.0,2450.0,7970.0,116,321.31,57,6.0,0.5085,0.1893,0.5345,0.2282,37.36842105263158,37.36842105263158,0.5205,0.0,0.65,0.0,+37% expected | 0.52 demand | 65% below high | 187% upside | -65% vs launch,"High crowding, lower highs, 2P new low, unscored",No clear edge.,27.47,,27.47,27.47,,,-13.265722312231516,-0.0364166059723161,0.1,0.056,1.0,True,,,https://cs2tokens.com/iem-cologne-2026/items/sticker-shock-gold-cologne-2026,https://community.akamai.steamstatic.com/economy/image/i0CoZ81Ui0m-9KwlBY1L_18myuGuq1wfhWSaZgMttyVfPaERSR0Wqmu7LAocGJai0ki7VeTHjMmuOXSQ61MnpNWipUruRiLilpnj9h1c4P6qJvE0JPbEDzTHx7ZytuRoHnrrwRt25WXVz4r4cn-UPVdyX5BxF-EM4ESm0oqwxJmPw-w,Sticker | SHOCK (Gold) | Cologne 2026,https://steamcommunity.com/market/listings/730/Sticker%20%7C%20SHOCK%20%28Gold%29%20%7C%20Cologne%202026,ok
658,6.2,P4,IGNORE,br0 (Gold),Player,Gold,Autograph,sticker,br0,NRG,NRG,2538,25.13,1161.44,11.5,2P,True,54.24,"2P around $11.50, 54% below Steam",0,Premium,Premium,Medium,2538.0,1398.0,3552.0,116,321.31,57,6.0,0.591,0.204,0.2105,0.39,0.903861308116638,120.49687258025834,0.2474,0.0,0.65,0.0,+120% expected | 0.25 demand | 2P 54% below Steam | 67% below high | 206% upside,"lower highs, falling demand, 2P new low, unscored",No clear edge.,11.5,,11.5,11.5,,,16.92127973166145,54.23796259450855,0.1,0.1286,1.0,True,,,https://cs2tokens.com/iem-cologne-2026/items/sticker-br0-gold-cologne-2026,https://community.akamai.steamstatic.com/economy/image/i0CoZ81Ui0m-9KwlBY1L_18myuGuq1wfhWSaZgMttyVfPaERSR0Wqmu7LAocGJai0ki7VeTHjMmuOXSQ61MnpNWipUruRiLzjMbf-i1X67z9afQ4dqnHWTOSl-om5eNsHC3nxxlxtjncwoqqdniSPQZ2CMN0QudZrFDmxaa6AReH,Sticker | br0 (Gold) | Cologne 2026,https://steamcommunity.com/market/listings/730/Sticker%20%7C%20br0%20%28Gold%29%20%7C%20Cologne%202026,ok
659,6.2,P4,IGNORE,m0NESY (Foil),Player,Foil,Autograph,sticker,m0NESY,Falcons,Falcons,688,6.81,508.17,5.03,UUSkins,True,26.14,"UUSkins around $5.03, 26% below Steam",0,Premium,Expensive,Medium,688.0,536.0,1241.0,116,321.31,60,6.0,0.4828,0.2067,0.3144,0.2786,24.046511627906987,67.94368671690785,0.3882,0.0,0.65,0.0,+68% expected | 0.39 demand | UUSkins 26% below Steam | 59% below high | 144% upside,"lower highs, 2P new low, unscored",No clear edge.,5.03,,5.03,5.03,,,5.192101168167967,26.13803230543318,0.1,0.0851,1.0,True,6.02,5.03,https://cs2tokens.com/iem-cologne-2026/items/sticker-m0nesy-foil-cologne-2026,https://community.akamai.steamstatic.com/economy/image/i0CoZ81Ui0m-9KwlBY1L_18myuGuq1wfhWSaZgMttyVfPaERSR0Wqmu7LAocGJai0ki7VeTHjMmuOXSQ61MnpNWipUruRiL8zpjl7jtk6f2nZOo8eaDGXmPEk-8i4bI-TXvnlE0j5WzQnNyhIC7DPwVyXpskF7MK5ES8jJS5YIoyblpx,Sticker | m0NESY (Foil) | Cologne 2026,https://steamcommunity.com/market/listings/730/Sticker%20%7C%20m0NESY%20%28Foil%29%20%7C%20Cologne%202026,ok
660,6.2,P4,IGNORE,dexter (Gold),Player,Gold,Autograph,sticker,dexter,,,7208,71.36,5146.41,50.95,2P,True,28.6,"2P around $50.95, 29% below Steam",0,Premium,Premium,Medium,7208.0,3056.0,19105.0,116,321.31,57,6.0,0.4566,0.1961,0.4837,0.2011,-5.942980022197553,31.73520992376804,0.5094,0.0,0.65,0.0,+32% expected | 0.51 demand | 2P 29% below Steam | 73% below high | 271% upside,"lower highs, 2P new low, unscored",2P is cheaper than current Steam but still above Steam's recorded low; wait for a stronger entry.,50.95,,50.95,50.95,,,-68.40336880473319,28.601457399103136,0.1,0.0344,1.0,True,,,https://cs2tokens.com/iem-cologne-2026/items/sticker-dexter-gold-cologne-2026,https://community.akamai.steamstatic.com/economy/image/i0CoZ81Ui0m-9KwlBY1L_18myuGuq1wfhWSaZgMttyVfPaERSR0Wqmu7LAocGJai0ki7VeTHjMmuOXSQ61MnpNWipUruRiL1m470-DBk6P2ibOpsI6DFWTPEmLZ14LZoTHjkzB4lsWjXmNqodi-RPQMpDZMhEbZYtxe_jJS5YMOHp68m,Sticker | dexter (Gold) | Cologne 2026,https://steamcommunity.com/market/listings/730/Sticker%20%7C%20dexter%20%28Gold%29%20%7C%20Cologne%202026,ok
661,6.2,P4,IGNORE,FUT (Foil),Team,Foil,Team,sticker,,,,146,1.45,146.0,1.45,Steam,False,0.0,Steam around $1.45,0,Cheap,Cheap,Medium,146.0,71.0,248.0,116,321.31,60,6.0,0.3323,0.1115,0.3362,0.1572,13.1986301369863,13.1986301369863,0.3288,0.0,0.65,0.0,+13% expected | 0.33 demand | 41% below high | 70% upside | -37% vs launch,"lower highs, 2P new low, unscored",2P is cheaper than current Steam but still above Steam's recorded low; wait for a stronger entry.,1.86,,1.86,1.86,,,-163.77853326857698,-28.27586206896553,0.1,0.0252,1.0,True,1.86,,https://cs2tokens.com/iem-cologne-2026/items/sticker-fut-foil-cologne-2026,https://community.akamai.steamstatic.com/economy/image/i0CoZ81Ui0m-9KwlBY1L_18myuGuq1wfhWSaZgMttyVfPaERSR0Wqmu7LAocGJai0ki7VeTHjMmuOXSQ61MnpNWipV_yVSL3kZ_ss3YD7KL6PaFrcfKWXTaSl-tws7lsSX-xkUR0sWjdm92pc36WOgQhC8RuBbldyy_5mWU,Sticker | FUT (Foil) | Cologne 2026,https://steamcommunity.com/market/listings/730/Sticker%20%7C%20FUT%20%28Foil%29%20%7C%20Cologne%202026,ok
662,6.0,P4,IGNORE,Aurora (Foil),Team,Foil,Team,sticker,,Aurora,Aurora,202,2.0,202.0,2.0,Steam,False,0.0,Steam around $2.00,0,Cheap,Cheap,Low,202.0,140.0,313.0,116,321.31,60,6.0,0.3076,0.1232,0.2306,0.1811,13.742574257425732,13.742574257425732,0.1917,0.0,0.65,0.0,+14% expected | 0.19 demand | 35% below high | 55% upside | -33% vs launch,"lower highs, 2P new low, unscored",2P is cheaper than current Steam but still above Steam's recorded low; wait for a stronger entry.,2.39,,2.39,2.39,,,-72.42142857142859,-19.500000000000007,0.1,0.0252,1.0,True,233.12,2.93,https://cs2tokens.com/iem-cologne-2026/items/sticker-aurora-foil-cologne-2026,https://community.akamai.steamstatic.com/economy/image/i0CoZ81Ui0m-9KwlBY1L_18myuGuq1wfhWSaZgMttyVfPaERSR0Wqmu7LAocGJai0ki7VeTHjMmuOXSQ61MnpNWipVjyUxzOmJnp8WwM66CoPqI0dKDKWTeSkbd0tbUwHCrjkEwh427XzNv6eH2VbAYgCpZ1W6dU5d2P_qnJ,Sticker | Aurora (Foil) | Cologne 2026,https://steamcommunity.com/market/listings/730/Sticker%20%7C%20Aurora%20%28Foil%29%20%7C%20Cologne%202026,ok
663,5.9,P4,IGNORE,BetBoom (Foil),Team,Foil,Team,sticker,,BetBoom,BetBoom,319,3.16,236.22,2.34,2P,True,25.95,"2P around $2.34, 26% below Steam",0,Fair,Cheap,Low,319.0,211.0,390.0,116,321.31,60,6.0,0.3871,0.1602,0.1498,0.2358,-4.73040752351096,28.654663344318543,0.2337,0.0,0.65,0.0,+29% expected | 0.23 demand | 2P 26% below Steam | 39% below high | 65% upside,"lower highs, 2P new low, unscored",No clear edge.,2.34,,2.34,2.34,,,-11.953326534285177,25.9493670886076,0.1,0.0745,1.0,True,3.01,2.74,https://cs2tokens.com/iem-cologne-2026/items/sticker-betboom-foil-cologne-2026,https://community.akamai.steamstatic.com/economy/image/i0CoZ81Ui0m-9KwlBY1L_18myuGuq1wfhWSaZgMttyVfPaERSR0Wqmu7LAocGJai0ki7VeTHjMmuOXSQ61MnpNWipVvlfhv-l5quqnRfuPD2OPc6JKjEVmLAxOsvtudrTX6yxB4itzncw9atJyqWalAnWIwwG7BuxDWltQ,Sticker | BetBoom (Foil) | Cologne 2026,https://steamcommunity.com/market/listings/730/Sticker%20%7C%20BetBoom%20%28Foil%29%20%7C%20Cologne%202026,ok
664,5.9,P4,IGNORE,jks (Foil),Player,Foil,Autograph,sticker,jks,Flyquest,Flyquest,75,0.74,75.0,0.74,Steam,False,0.0,Steam around $0.74,0,Cheap,Cheap,Low,75.0,48.0,134.0,116,321.31,60,6.0,0.2805,0.1248,0.2766,0.1335,11.119999999999996,11.119999999999996,0.2068,0.0,0.65,0.0,+11% expected | 0.21 demand | 44% below high | 79% upside | -42% vs launch,"lower highs, 2P new low, unscored",2P is cheaper than current Steam but still above Steam's recorded low; wait for a stronger entry.,0.96,,0.96,0.96,,,-102.7027027027027,-29.729729729729726,0.1,0.0252,1.0,True,1.16,13.15,https://cs2tokens.com/iem-cologne-2026/items/sticker-jks-foil-cologne-2026,https://community.akamai.steamstatic.com/economy/image/i0CoZ81Ui0m-9KwlBY1L_18myuGuq1wfhWSaZgMttyVfPaERSR0Wqmu7LAocGJai0ki7VeTHjMmuOXSQ61MnpNWipUruRiL7lYXf-y1S47yta_Y0JfLHDz-Rw7wn47E7GyzllEhy5T6GmNj9JXmUOwByCpMjR7EOrFDmxTc0Y68r,Sticker | jks (Foil) | Cologne 2026,https://steamcommunity.com/market/listings/730/Sticker%20%7C%20jks%20%28Foil%29%20%7C%20Cologne%202026,ok
665,5.8,P4,IGNORE,soulfly (Gold),Player,Gold,Autograph,sticker,soulfly,Aurora,Aurora,1472,14.57,1472.0,14.57,Steam,False,0.0,Steam around $14.57,0,Premium,Premium,High,1472.0,727.0,4193.0,116,321.31,57,6.0,0.4471,0.1596,0.643,0.1767,16.99184782608696,16.99184782608696,0.6395,0.0,0.65,0.0,+17% expected | 0.64 demand | 65% below high | 185% upside | +12% vs launch,"High crowding, lower highs, 2P new low, unscored",2P is cheaper than current Steam but still above Steam's recorded low; wait for a stronger entry.,38.97,,38.97,38.97,,,-441.5570990116489,-167.46739876458474,0.1,0.0252,1.0,True,,,https://cs2tokens.com/iem-cologne-2026/items/sticker-soulfly-gold-cologne-2026,https://community.akamai.steamstatic.com/economy/image/i0CoZ81Ui0m-9KwlBY1L_18myuGuq1wfhWSaZgMttyVfPaERSR0Wqmu7LAocGJai0ki7VeTHjMmuOXSQ61MnpNWipUruRiLikYPs-y5C0PWhZKAjefXAVjbJmO0i6Lc_Gy_lzUl16m2EyYv9I3qfbgEpDJF4R7ELsRfsk8qnab237rEIZQ,Sticker | soulfly (Gold) | Cologne 2026,https://steamcommunity.com/market/listings/730/Sticker%20%7C%20soulfly%20%28Gold%29%20%7C%20Cologne%202026,ok
666,5.7,P4,IGNORE,yuurih (Gold),Player,Gold,Autograph,sticker,yuurih,FURIA,FURIA,1591,15.75,1591.0,15.75,Steam,False,0.0,Steam around $15.75,0,Premium,Premium,Low,1591.0,1380.0,2734.0,116,321.31,57,6.0,0.3976,0.1839,0.3648,0.2628,16.476429918290393,16.476429918290393,0.488,0.0638,0.65,0.0,+16% expected | 0.49 demand | 42% below high | 72% upside | +13% vs launch,"lower highs, 2P new low, unscored",No clear edge.,,,,,,,,,0.1,0.0,,,,,https://cs2tokens.com/iem-cologne-2026/items/sticker-yuurih-gold-cologne-2026,https://community.akamai.steamstatic.com/economy/image/i0CoZ81Ui0m-9KwlBY1L_18myuGuq1wfhWSaZgMttyVfPaERSR0Wqmu7LAocGJai0ki7VeTHjMmuOXSQ61MnpNWipUruRiLoi4Py9Cpk6P2ibOo6cajLDzWRlety5bk5HSixlEsksWjdntr9dHOROwIpApdyQuMNsBGxjJS5YAhvbeE7,Sticker | yuurih (Gold) | Cologne 2026,https://steamcommunity.com/market/listings/730/Sticker%20%7C%20yuurih%20%28Gold%29%20%7C%20Cologne%202026,ok
667,5.6,P4,IGNORE,910 (Gold),Player,Gold,Autograph,sticker,910,The MongolZ,The MongolZ,3317,32.84,3317.0,32.84,Steam,False,0.0,Steam around $32.84,0,Premium,Premium,Low,3317.0,1659.0,5784.0,116,321.31,57,6.0,0.3229,0.1666,0.4532,0.201,16.97859511606874,16.97859511606874,0.8031,0.0602,0.65,0.0,+17% expected | 0.80 demand | 43% below high | 74% upside | +100% vs launch,"lower highs, 2P new low, unscored",2P is cheaper than current Steam but still above Steam's recorded low; wait for a stronger entry.,32.96,,32.96,32.96,,,-100.67031854447634,-0.3654080389768496,0.1,0.0252,1.0,True,,,https://cs2tokens.com/iem-cologne-2026/items/sticker-910-gold-cologne-2026,https://community.akamai.steamstatic.com/economy/image/i0CoZ81Ui0m-9KwlBY1L_18myuGuq1wfhWSaZgMttyVfPaERSR0Wqmu7LAocGJai0ki7VeTHjMmuOXSQ61MnpNWipUruRiKoz8bf-i1X67z4bKZvdKWRXDPElrwm4ucxTnnqkEx3t2nXwt3_eH-XOFUlWcMiReBbrFDmxVV52SAy,Sticker | 910 (Gold) | Cologne 2026,https://steamcommunity.com/market/listings/730/Sticker%20%7C%20910%20%28Gold%29%20%7C%20Cologne%202026,ok
668,5.6,P4,IGNORE,Team Spirit,Team,Paper,Team,sticker,,Team Spirit,Team Spirit,91,0.9,91.0,0.9,Steam,False,0.0,Steam around $0.90,0,Fair,Fair,Medium,91.0,69.0,174.0,116,321.31,61,6.0,0.3628,0.1337,0.4299,0.1288,20.85714285714286,20.85714285714286,0.3931,0.0,0.65,0.0,+21% expected | 0.39 demand | 48% below high | 91% upside | +26% vs launch,"lower highs, 2P new low, unscored",No clear edge.,,,,,,,,,0.1,0.0,,,,,https://cs2tokens.com/iem-cologne-2026/items/sticker-team-spirit-cologne-2026,https://community.akamai.steamstatic.com/economy/image/i0CoZ81Ui0m-9KwlBY1L_18myuGuq1wfhWSaZgMttyVfPaERSR0Wqmu7LAocGJai0ki7VeTHjMmuOXSQ61MnpNWipUr3SA-_ysfm_yYLvqH_PqZpJfOXWjTClOtz5OcwGi3mk0Ui62-GmdiueCmXaxhgVMV9DWOrqA,Sticker | Team Spirit | Cologne 2026,https://steamcommunity.com/market/listings/730/Sticker%20%7C%20Team%20Spirit%20%7C%20Cologne%202026,ok
669,5.5,P4,IGNORE,INS (Foil),Player,Foil,Autograph,sticker,INS,Flyquest,Flyquest,79,0.78,79.0,0.78,Steam,False,0.0,Steam around $0.78,0,Cheap,Cheap,Medium,79.0,40.0,128.0,116,321.31,60,6.0,0.2531,0.1099,0.3341,0.1112,6.6075949367088604,6.6075949367088604,0.4753,0.0,0.65,0.0,+7% expected | 0.48 demand | 38% below high | 62% upside | -25% vs launch,"lower highs, 2P new low, unscored",2P is cheaper than current Steam but still above Steam's recorded low; wait for a stronger entry.,0.97,,0.97,0.97,,,-145.6089743589743,-24.35897435897435,0.1,0.0252,1.0,True,,,https://cs2tokens.com/iem-cologne-2026/items/sticker-ins-foil-cologne-2026,https://community.akamai.steamstatic.com/economy/image/i0CoZ81Ui0m-9KwlBY1L_18myuGuq1wfhWSaZgMttyVfPaERSR0Wqmu7LAocGJai0ki7VeTHjMmuOXSQ61MnpNWipUruRiL4kIXf-y1S47yoPfI8dqfBVz6RwLhw4uI-HXnrkEp16mnczdz7J3iUP1AoDsQiQuUCrFDmxewOh46B,Sticker | INS (Foil) | Cologne 2026,https://steamcommunity.com/market/listings/730/Sticker%20%7C%20INS%20%28Foil%29%20%7C%20Cologne%202026,ok
670,5.3,P4,IGNORE,G2 esports (Gold),Team,Gold,Team,sticker,,G2 Esports,G2 Esports,8312,82.29,4540.34,44.95,2P,True,45.38,"2P around $44.95, 45% below Steam",0,Premium,Premium,Medium,8312.0,2749.0,11396.0,116,321.31,57,6.0,0.4528,0.1927,0.3993,0.2626,-21.01395572666025,44.59981275312855,0.5666,0.0627,0.65,0.0,+45% expected | 0.57 demand | 2P 45% below Steam | 60% below high | 151% upside,"lower highs, 2P new low, unscored",2P is cheaper than current Steam but still above Steam's recorded low; wait for a stronger entry.,44.95,,44.95,44.95,,,-65.16325316940448,45.37610888321789,0.1,0.0398,1.0,True,,,https://cs2tokens.com/iem-cologne-2026/items/sticker-g2-esports-gold-cologne-2026,https://community.akamai.steamstatic.com/economy/image/i0CoZ81Ui0m-9KwlBY1L_18myuGuq1wfhWSaZgMttyVfPaERSR0Wqmu7LAocGJai0ki7VeTHjMmuOXSQ61MnpNWipV61fhr-kpKurCQPuPf6a6Y1d6TCXDGSluovtbI5HCuxzEUh5G2By4v7I3_FZg5yXowwG7A4RXlLyw,Sticker | G2 esports (Gold) | Cologne 2026,https://steamcommunity.com/market/listings/730/Sticker%20%7C%20G2%20esports%20%28Gold%29%20%7C%20Cologne%202026,ok
671,5.3,P4,IGNORE,dgt (Gold),Player,Gold,Autograph,sticker,dgt,9z Team,9z Team,1342,13.29,1342.0,13.29,Steam,False,0.0,Steam around $13.29,0,Premium,Premium,Low,1342.0,990.0,2363.0,116,321.31,57,6.0,0.3769,0.1547,0.4233,0.2327,6.450074515648274,6.450074515648274,0.6218,0.0,0.65,0.0,+6% expected | 0.62 demand | 43% below high | 76% upside | -43% vs launch,"lower highs, 2P new low, unscored",No clear edge.,,,,,,,,,0.1,0.0,,,,,https://cs2tokens.com/iem-cologne-2026/items/sticker-dgt-gold-cologne-2026,https://community.akamai.steamstatic.com/economy/image/i0CoZ81Ui0m-9KwlBY1L_18myuGuq1wfhWSaZgMttyVfPaERSR0Wqmu7LAocGJai0ki7VeTHjMmuOXSQ61MnpNWipUruRiL1mYLf-i1X67z3bvQ9caHBXGSWxLsj47Y-TXngxE4ksDvSnNardn3EOFBzXMB2FrNYrFDmxVcD03z2,Sticker | dgt (Gold) | Cologne 2026,https://steamcommunity.com/market/listings/730/Sticker%20%7C%20dgt%20%28Gold%29%20%7C%20Cologne%202026,ok
672,5.3,P4,IGNORE,SINNERS,Team,Paper,Team,sticker,,,,62,0.61,54.89,0.54,2P,True,11.48,"2P around $0.54, 11% below Steam",0,Cheap,Cheap,High,62.0,33.0,100.0,116,321.31,61,6.0,0.3175,0.116,0.393,0.0973,-1.9838709677419295,10.72192353643966,0.4442,0.0,0.65,0.0,+11% expected | 0.44 demand | 2P 11% below Steam | 45% below high | 82% upside,"High crowding, lower highs, 2P new low, unscored",2P is cheaper than current Steam but still above Steam's recorded low; wait for a stronger entry.,0.54,,0.54,0.54,,,-66.3189269746647,11.475409836065566,0.1,0.0289,1.0,True,,,https://cs2tokens.com/iem-cologne-2026/items/sticker-sinners-cologne-2026,https://community.akamai.steamstatic.com/economy/image/i0CoZ81Ui0m-9KwlBY1L_18myuGuq1wfhWSaZgMttyVfPaERSR0Wqmu7LAocGJai0ki7VeTHjMmuOXSQ61MnpNWipUruTxO_zM7lr3FYvaX-P6dsdfKQXDLIkLt06eI4SS_nl0sitjuAmY6qdHKWZxhgVMVxVjoUBQ,Sticker | SINNERS | Cologne 2026,https://steamcommunity.com/market/listings/730/Sticker%20%7C%20SINNERS%20%7C%20Cologne%202026,ok
673,5.2,P4,IGNORE,XANTARES (Foil),Player,Foil,Autograph,sticker,XANTARES,Aurora,Aurora,147,1.46,147.0,1.46,Steam,False,0.0,Steam around $1.46,0,Fair,Fair,Low,147.0,89.0,291.0,116,321.31,60,6.0,0.323,0.1414,0.359,0.1482,33.632653061224495,33.632653061224495,0.3114,0.0,0.65,0.0,+34% expected | 0.31 demand | 49% below high | 98% upside | -33% vs launch,"lower highs, 2P new low, unscored",No clear edge.,,,,,,,,,0.1,0.0,,,,,https://cs2tokens.com/iem-cologne-2026/items/sticker-xantares-foil-cologne-2026,https://community.akamai.steamstatic.com/economy/image/i0CoZ81Ui0m-9KwlBY1L_18myuGuq1wfhWSaZgMttyVfPaERSR0Wqmu7LAocGJai0ki7VeTHjMmuOXSQ61MnpNWipUruRiLpn5j0_DBe_M2oZ61hbqWSCzKSkOog5LM5H3q2xUx_sWTXyYn7dHqePQ8nWcBzF-9c5kWxm9L5d7S1Wji9m8A,Sticker | XANTARES (Foil) | Cologne 2026,https://steamcommunity.com/market/listings/730/Sticker%20%7C%20XANTARES%20%28Foil%29%20%7C%20Cologne%202026,ok
674,5.1,P4,IGNORE,kyousuke (Gold),Player,Gold,Autograph,sticker,kyousuke,Falcons,Falcons,10623,105.17,9914.93,98.16,2P,True,6.67,"2P around $98.16, 7% below Steam",0,Premium,Premium,Low,10623.0,8245.0,16328.0,116,321.31,57,6.0,0.3515,0.1638,0.4282,0.1995,1.14167372681917,8.364607027807391,0.7359,0.0,0.65,0.0,+8% expected | 0.74 demand | 2P 7% below Steam | 39% below high | 65% upside,"lower highs, 2P new low, unscored",2P is cheaper than current Steam but still above Steam's recorded low; wait for a stronger entry.,98.16,,98.16,98.16,,,-20.253907546262123,6.665398878007041,0.1,0.0273,1.0,True,,,https://cs2tokens.com/iem-cologne-2026/items/sticker-kyousuke-gold-cologne-2026,https://community.akamai.steamstatic.com/economy/image/i0CoZ81Ui0m-9KwlBY1L_18myuGuq1wfhWSaZgMttyVfPaERSR0Wqmu7LAocGJai0ki7VeTHjMmuOXSQ61MnpNWipUruRiL6h5n17jdQ6s2pZ6hpbvGQWzOVwuomsudvTH3qkEl24mjQntaqdnyWaFByDZV2Fu5cskO8k4L5d7S1yFaSkHE,Sticker | kyousuke (Gold) | Cologne 2026,https://steamcommunity.com/market/listings/730/Sticker%20%7C%20kyousuke%20%28Gold%29%20%7C%20Cologne%202026,ok
675,5.0,P4,IGNORE,B8 (Foil),Team,Foil,Team,sticker,,B8,B8,147,1.46,133.91,1.33,UUSkins,True,8.9,"UUSkins around $1.33, 9% below Steam",0,Cheap,Cheap,Medium,147.0,80.0,219.0,116,321.31,60,6.0,0.334,0.1087,0.2582,0.1717,-6.612244897959185,2.515881540586151,0.2439,0.0,0.65,0.0,+3% expected | 0.24 demand | UUSkins 9% below Steam | 39% below high | 64% upside,"lower highs, 2P new low, unscored",2P is cheaper than current Steam but still above Steam's recorded low; wait for a stronger entry.,1.33,1.33,1.33,1.33,0.0,-1.9098841944724014e-15,-67.38869863013699,8.904109589041088,0.0,0.1493,7.0,True,,1.33,https://cs2tokens.com/iem-cologne-2026/items/sticker-b8-foil-cologne-2026,https://community.akamai.steamstatic.com/economy/image/i0CoZ81Ui0m-9KwlBY1L_18myuGuq1wfhWSaZgMttyVfPaERSR0Wqmu7LAocGJai0ki7VeTHjMmuOXSQ61MnpNWipVu_fhv-l5qu_CYDuav6avI-eKeXWmOUlLpy5LM_F3ngxUt342zTnNj6cinDPQ4iCowwG7DCrmXIug,Sticker | B8 (Foil) | Cologne 2026,https://steamcommunity.com/market/listings/730/Sticker%20%7C%20B8%20%28Foil%29%20%7C%20Cologne%202026,ok
676,4.9,P4,IGNORE,ryu (Gold),Player,Gold,Autograph,sticker,ryu,Astralis,Astralis,1657,16.4,1140.7,11.29,2P,True,31.16,"2P around $11.29, 31% below Steam",0,Premium,Premium,Low,1657.0,718.0,2000.0,116,321.31,57,6.0,0.4037,0.1626,0.3354,0.277,-12.141822570911287,27.62392469770194,0.7904,0.0,0.65,0.0,+28% expected | 0.79 demand | 2P 31% below Steam | 43% below high | 75% upside,"lower highs, 2P new low, unscored",2P is cheaper than current Steam but still above Steam's recorded low; wait for a stronger entry.,11.29,,11.29,11.29,,,-58.87229091650248,31.15853658536585,0.1,0.0352,1.0,True,,,https://cs2tokens.com/iem-cologne-2026/items/sticker-ryu-gold-cologne-2026,https://community.akamai.steamstatic.com/economy/image/i0CoZ81Ui0m-9KwlBY1L_18myuGuq1wfhWSaZgMttyVfPaERSR0Wqmu7LAocGJai0ki7VeTHjMmuOXSQ61MnpNWipUruRiLjh4Pf-i1X67z8MPZodqbEWWPJwr91tOc9HCqxzE0hsm3QzIuvIiqWZwdzWZYjF7EDrFDmxclebasy,Sticker | ryu (Gold) | Cologne 2026,https://steamcommunity.com/market/listings/730/Sticker%20%7C%20ryu%20%28Gold%29%20%7C%20Cologne%202026,ok
677,4.5,P4,IGNORE,faveN (Gold),Player,Gold,Autograph,sticker,faveN,BIG,BIG,1317,13.04,1317.0,13.04,Steam,False,0.0,Steam around $13.04,0,Premium,Premium,Medium,1317.0,794.0,2524.0,116,321.31,57,6.0,0.385,0.1416,0.512,0.1986,3.132877752467733,3.132877752467733,0.7172,0.0,0.65,0.0,+3% expected | 0.72 demand | 48% below high | 92% upside | -40% vs launch,"lower highs, 2P new low, unscored",2P is cheaper than current Steam but still above Steam's recorded low; wait for a stronger entry.,16.8,,16.8,16.8,,,-113.69628038509684,-28.834355828220872,0.1,0.0252,1.0,True,,,https://cs2tokens.com/iem-cologne-2026/items/sticker-faven-gold-cologne-2026,https://community.akamai.steamstatic.com/economy/image/i0CoZ81Ui0m-9KwlBY1L_18myuGuq1wfhWSaZgMttyVfPaERSR0Wqmu7LAocGJai0ki7VeTHjMmuOXSQ61MnpNWipUruRiL3n4Dl8x1c4P6qJqI_caGSDTDGmbsu4bQ-HS_gzBl-tWqDyYn9dC3FZldyA5V5Te8IthCm0oqwbZ3mBjA,Sticker | faveN (Gold) | Cologne 2026,https://steamcommunity.com/market/listings/730/Sticker%20%7C%20faveN%20%28Gold%29%20%7C%20Cologne%202026,ok
678,4.3,P4,IGNORE,ultimate (Gold),Player,Gold,Autograph,sticker,ultimate,Team Liquid,Team Liquid,1324,13.11,1324.0,13.11,Steam,False,0.0,Steam around $13.11,0,Premium,Premium,Medium,1324.0,788.0,3499.0,116,321.31,57,6.0,0.441,0.1686,0.4716,0.2124,13.023413897280967,13.023413897280967,0.4971,0.0,0.65,0.0,+13% expected | 0.50 demand | 62% below high | 164% upside | -40% vs launch,"lower highs, 2P new low, unscored",2P is cheaper than current Steam but still above Steam's recorded low; wait for a stronger entry.,15.94,,15.94,15.94,,,-104.29013385372502,-21.58657513348589,0.1,0.0252,1.0,True,,,https://cs2tokens.com/iem-cologne-2026/items/sticker-ultimate-gold-cologne-2026,https://community.akamai.steamstatic.com/economy/image/i0CoZ81Ui0m-9KwlBY1L_18myuGuq1wfhWSaZgMttyVfPaERSR0Wqmu7LAocGJai0ki7VeTHjMmuOXSQ61MnpNWipUruRiLkkoLp8CNP6s2pZ6hpbvTGDGTFxbwvtLcxG32wxBhwsmyBz4qqcHifOAEoC5FyEOMItEbqm9f5d7S1DFDSpDQ,Sticker | ultimate (Gold) | Cologne 2026,https://steamcommunity.com/market/listings/730/Sticker%20%7C%20ultimate%20%28Gold%29%20%7C%20Cologne%202026,ok
679,4.3,P4,IGNORE,kyousuke (Foil),Player,Foil,Autograph,sticker,kyousuke,Falcons,Falcons,291,2.88,291.0,2.88,Steam,False,0.0,Steam around $2.88,0,Expensive,Expensive,Medium,291.0,209.0,572.0,116,321.31,60,6.0,0.3578,0.1483,0.3478,0.1739,34.257731958762896,34.257731958762896,0.5134,0.0,0.65,0.0,+34% expected | 0.51 demand | 49% below high | 97% upside | -38% vs launch,"lower highs, 2P new low, unscored",2P is cheaper than current Steam but still above Steam's recorded low; wait for a stronger entry.,3.0,,3.0,3.0,,,-45.03588516746412,-4.166666666666671,0.1,0.0252,1.0,True,3.0,3.7,https://cs2tokens.com/iem-cologne-2026/items/sticker-kyousuke-foil-cologne-2026,https://community.akamai.steamstatic.com/economy/image/i0CoZ81Ui0m-9KwlBY1L_18myuGuq1wfhWSaZgMttyVfPaERSR0Wqmu7LAocGJai0ki7VeTHjMmuOXSQ61MnpNWipUruRiL6h5n17jdQ6s2oZ61hbqSWCz6Sw7ZztLk_Syq3xk91sT7Qydz4d3mSZgQoCJN4QrNc4Bi4kNL5d7S1t-KczUc,Sticker | kyousuke (Foil) | Cologne 2026,https://steamcommunity.com/market/listings/730/Sticker%20%7C%20kyousuke%20%28Foil%29%20%7C%20Cologne%202026,ok
680,4.2,P4,IGNORE,molodoy (Gold),Player,Gold,Autograph,sticker,molodoy,FURIA,FURIA,8220,81.38,6406.91,63.43,2P,True,22.06,"2P around $63.43, 22% below Steam",0,Premium,Premium,Low,8220.0,5641.0,23522.0,116,321.31,57,6.0,0.4658,0.1726,0.3867,0.2023,2.2201946472019563,31.147397767449057,0.291,0.0,0.65,0.0,+31% expected | 0.29 demand | 2P 22% below Steam | 73% below high | 267% upside,"lower highs, 2P new low, unscored",No clear edge.,63.43,,63.43,63.43,,,-13.57761472252989,22.05701646596215,0.1,0.0718,1.0,True,,,https://cs2tokens.com/iem-cologne-2026/items/sticker-molodoy-gold-cologne-2026,https://community.akamai.steamstatic.com/economy/image/i0CoZ81Ui0m-9KwlBY1L_18myuGuq1wfhWSaZgMttyVfPaERSR0Wqmu7LAocGJai0ki7VeTHjMmuOXSQ61MnpNWipUruRiL8kZrv-S1C0PWhZKAjdPPHXD7Hxbgm5rI7SnHkwht_sT-Awt-hIn-UbVUiDJV0E7Rc5Ba_xMqnab2LJj-u_w,Sticker | molodoy (Gold) | Cologne 2026,https://steamcommunity.com/market/listings/730/Sticker%20%7C%20molodoy%20%28Gold%29%20%7C%20Cologne%202026,ok
681,4.0,P4,IGNORE,magixx (Foil),Player,Foil,Autograph,sticker,magixx,Team Spirit,Team Spirit,131,1.3,131.0,1.3,Steam,False,0.0,Steam around $1.30,0,Fair,Fair,Medium,131.0,84.0,259.0,116,321.31,60,6.0,0.3199,0.134,0.3256,0.1388,19.80152671755726,19.80152671755726,0.2538,0.0,0.65,0.0,+20% expected | 0.25 demand | 49% below high | 98% upside | -46% vs launch,"lower highs, 2P new low, unscored",2P is cheaper than current Steam but still above Steam's recorded low; wait for a stronger entry.,5.18,5.18,5.18,5.18,0.0,3.2866917946278882e-15,-521.4102564102564,-298.4615384615384,0.0,0.135,7.0,True,,5.18,https://cs2tokens.com/iem-cologne-2026/items/sticker-magixx-foil-cologne-2026,https://community.akamai.steamstatic.com/economy/image/i0CoZ81Ui0m-9KwlBY1L_18myuGuq1wfhWSaZgMttyVfPaERSR0Wqmu7LAocGJai0ki7VeTHjMmuOXSQ61MnpNWipUruRiL8n5Hp5Tpk6f2nZOprdqKVXzTBmb0uteJoGiy1lxtztTmDzN38eH-fawB2AsMhTe5Yuxe4jJS5YCRuRfFE,Sticker | magixx (Foil) | Cologne 2026,https://steamcommunity.com/market/listings/730/Sticker%20%7C%20magixx%20%28Foil%29%20%7C%20Cologne%202026,ok
682,4.0,P4,IGNORE,kyousuke,Player,Paper,Autograph,sticker,kyousuke,Falcons,Falcons,56,0.55,56.0,0.55,Steam,False,0.0,Steam around $0.55,0,Fair,Fair,Medium,56.0,39.0,108.0,116,321.31,61,6.0,0.3117,0.1232,0.3742,0.1172,14.839285714285722,14.839285714285722,0.4215,0.0,0.65,0.0,+15% expected | 0.42 demand | 48% below high | 93% upside | +4% vs launch,"lower highs, 2P new low, unscored",No clear edge.,,,,,,,,,0.1,0.0,,,,,https://cs2tokens.com/iem-cologne-2026/items/sticker-kyousuke-cologne-2026,https://community.akamai.steamstatic.com/economy/image/i0CoZ81Ui0m-9KwlBY1L_18myuGuq1wfhWSaZgMttyVfPaERSR0Wqmu7LAocGJai0ki7VeTHjMmuOXSQ61MnpNWipUruRiL6h5n17jdQ6rz3OfdvdPSWDDeUlbly4bI8HHu1kRl36jvcwon9cCqWPwB2D5FyR7YPrFDmxdYVb8-Z,Sticker | kyousuke | Cologne 2026,https://steamcommunity.com/market/listings/730/Sticker%20%7C%20kyousuke%20%7C%20Cologne%202026,ok
683,3.9,P4,IGNORE,insani (Gold),Player,Gold,Autograph,sticker,insani,MIBR,MIBR,2344,23.21,2344.0,23.21,Steam,False,0.0,Steam around $23.21,0,Premium,Premium,Low,2344.0,1393.0,5945.0,116,321.31,57,6.0,0.4042,0.1708,0.4659,0.1886,18.360494880546074,18.360494880546074,0.4645,0.0,0.65,0.0,+18% expected | 0.46 demand | 61% below high | 154% upside | +4% vs launch,"lower highs, 2P new low, unscored",No clear edge.,,,,,,,,,0.1,0.0,,,,,https://cs2tokens.com/iem-cologne-2026/items/sticker-insani-gold-cologne-2026,https://community.akamai.steamstatic.com/economy/image/i0CoZ81Ui0m-9KwlBY1L_18myuGuq1wfhWSaZgMttyVfPaERSR0Wqmu7LAocGJai0ki7VeTHjMmuOXSQ61MnpNWipUruRiL4kIXh8ytk6P2ibOo_cqTCWGTDwuh0s7U5GSrrlxh25WSHwt_6dX_GOAUgDMYmReIJ4xfrjJS5YHibw5vi,Sticker | insani (Gold) | Cologne 2026,https://steamcommunity.com/market/listings/730/Sticker%20%7C%20insani%20%28Gold%29%20%7C%20Cologne%202026,ok
684,3.9,P4,IGNORE,Team Spirit (Foil),Team,Foil,Team,sticker,,Team Spirit,Team Spirit,615,6.09,538.25,5.33,UUSkins,True,12.48,"UUSkins around $5.33, 12% below Steam",0,Expensive,Fair,High,615.0,397.0,1041.0,116,321.31,60,6.0,0.3986,0.1442,0.3314,0.1659,17.746341463414627,34.53568846382646,0.5383,0.0,0.65,0.0,+35% expected | 0.54 demand | UUSkins 12% below Steam | 48% below high | 93% upside,"High crowding, lower highs, 2P new low, unscored",2P is cheaper than current Steam but still above Steam's recorded low; wait for a stronger entry.,5.33,,5.33,5.33,,,-35.57965529649714,12.479474548440065,0.1,0.0292,1.0,True,15.0,5.33,https://cs2tokens.com/iem-cologne-2026/items/sticker-team-spirit-foil-cologne-2026,https://community.akamai.steamstatic.com/economy/image/i0CoZ81Ui0m-9KwlBY1L_18myuGuq1wfhWSaZgMttyVfPaERSR0Wqmu7LAocGJai0ki7VeTHjMmuOXSQ61MnpNWipUr3SA_OmJnp8WwDuPf-Pv1rdaDEWjKRkLcv5LQwHH61wkt_tWXdno2gcn7BZw8iCZt0W6dU5VlcUpyV,Sticker | Team Spirit (Foil) | Cologne 2026,https://steamcommunity.com/market/listings/730/Sticker%20%7C%20Team%20Spirit%20%28Foil%29%20%7C%20Cologne%202026,ok
685,3.9,P4,IGNORE,Chr1zN,Player,Paper,Autograph,sticker,Chr1zN,HEROIC,HEROIC,9,0.09,9.0,0.09,Steam,False,0.0,Steam around $0.09,0,Very Cheap,Very Cheap,High,9.0,2.0,20.0,116,321.31,65,6.0,0.2785,0.103,0.3874,0.0438,0.5555555555555536,0.5555555555555536,0.5378,0.1112,0.65,0.0,+1% expected | 0.54 demand | 55% below high | 122% upside | -55% vs launch,"High crowding, lower highs, 2P new low, unscored",No clear edge.,,,,,,,,,0.1,0.0,,,,,https://cs2tokens.com/iem-cologne-2026/items/sticker-chr1zn-cologne-2026,https://community.akamai.steamstatic.com/economy/image/i0CoZ81Ui0m-9KwlBY1L_18myuGuq1wfhWSaZgMttyVfPaERSR0Wqmu7LAocGJai0ki7VeTHjMmuOXSQ61MnpNWipUruRiLyloSx5ywVvaD4bvQ1c6DCD2XJxO0k4-M_SnzrzRhy62SGzdiveC_CblQiWJAmTflK7Ec6m_sDjw,Sticker | Chr1zN | Cologne 2026,https://steamcommunity.com/market/listings/730/Sticker%20%7C%20Chr1zN%20%7C%20Cologne%202026,ok
686,3.6,P4,IGNORE,makazze (Gold),Player,Gold,Autograph,sticker,makazze,Natus Vincere,Natus Vincere,3683,36.46,3683.0,36.46,Steam,False,0.0,Steam around $36.46,0,Premium,Premium,Low,3683.0,3405.0,8794.0,116,321.31,57,6.0,0.4089,0.1606,0.4319,0.197,31.902525115395065,31.902525115395065,0.2023,0.0,0.65,0.0,+32% expected | 0.20 demand | 58% below high | 139% upside | +8% vs launch,"lower highs, 2P new low, unscored",No clear edge.,,,,,,,,,0.1,0.0,,,,,https://cs2tokens.com/iem-cologne-2026/items/sticker-makazze-gold-cologne-2026,https://community.akamai.steamstatic.com/economy/image/i0CoZ81Ui0m-9KwlBY1L_18myuGuq1wfhWSaZgMttyVfPaERSR0Wqmu7LAocGJai0ki7VeTHjMmuOXSQ61MnpNWipUruRiL8n53h5zhe0PWhZKAjcaKRC2LAl7lztrk_Gyjjk0git2mGzIuudX7Cb1InWZRwF7YOt0LtwMqnab3xBoZRxQ,Sticker | makazze (Gold) | Cologne 2026,https://steamcommunity.com/market/listings/730/Sticker%20%7C%20makazze%20%28Gold%29%20%7C%20Cologne%202026,ok
687,3.6,P4,IGNORE,m0NESY,Player,Paper,Autograph,sticker,m0NESY,Falcons,Falcons,119,1.18,119.0,1.18,Steam,False,0.0,Steam around $1.18,0,Expensive,Expensive,Medium,119.0,92.0,270.0,116,321.31,61,6.0,0.3773,0.1455,0.4948,0.1442,37.50420168067225,37.50420168067225,0.3345,0.0,0.65,0.0,+38% expected | 0.33 demand | 56% below high | 127% upside | +25% vs launch,"lower highs, 2P new low, unscored",No clear edge.,,,,,,,,,0.1,0.0,,,,,https://cs2tokens.com/iem-cologne-2026/items/sticker-m0nesy-cologne-2026,https://community.akamai.steamstatic.com/economy/image/i0CoZ81Ui0m-9KwlBY1L_18myuGuq1wfhWSaZgMttyVfPaERSR0Wqmu7LAocGJai0ki7VeTHjMmuOXSQ61MnpNWipUruRiL8zpjl7jsV7af2MPA1JqDGCzXHkrwh4OJrSnrml0h06muHyt6uJHmfaFR1XpJ3TPlK7EePYuSkrw,Sticker | m0NESY | Cologne 2026,https://steamcommunity.com/market/listings/730/Sticker%20%7C%20m0NESY%20%7C%20Cologne%202026,ok
688,3.4,P4,IGNORE,FlyQuest (Foil),Team,Foil,Team,sticker,,Flyquest,Flyquest,300,2.97,300.0,2.97,Steam,False,0.0,Steam around $2.97,0,Fair,Fair,Low,300.0,224.0,526.0,116,321.31,60,6.0,0.335,0.1201,0.2456,0.1451,23.30666666666668,23.30666666666668,0.2279,0.0,0.65,0.0,+23% expected | 0.23 demand | 43% below high | 75% upside | -26% vs launch,"lower highs, 2P new low, unscored",2P is cheaper than current Steam but still above Steam's recorded low; wait for a stronger entry.,3.74,,3.74,3.74,,,-68.65079365079363,-25.925925925925924,0.1,0.0252,1.0,True,3.93,4.29,https://cs2tokens.com/iem-cologne-2026/items/sticker-flyquest-foil-cologne-2026,https://community.akamai.steamstatic.com/economy/image/i0CoZ81Ui0m-9KwlBY1L_18myuGuq1wfhWSaZgMttyVfPaERSR0Wqmu7LAocGJai0ki7VeTHjMmuOXSQ61MnpNWipV_2fhv-l5qupHJZuqD8avY-d_aRXzfIkbhw5rlqFnDjzBxwsTjdztmreX-UaAIgA4wwG7DMNMzzXQ,Sticker | FlyQuest (Foil) | Cologne 2026,https://steamcommunity.com/market/listings/730/Sticker%20%7C%20FlyQuest%20%28Foil%29%20%7C%20Cologne%202026,ok
689,2.8,P4,IGNORE,cobra (Gold),Player,Gold,Autograph,sticker,cobra,The MongolZ,The MongolZ,1741,17.24,1741.0,17.24,Steam,False,0.0,Steam around $17.24,0,Premium,Premium,Low,1741.0,937.0,2812.0,116,321.31,57,6.0,0.2926,0.1322,0.4627,0.1744,-10.846065479609411,-10.846065479609411,0.6782,0.0,0.65,0.0,-11% expected | 0.68 demand | 38% below high | 62% upside | -10% vs launch,"lower highs, 2P new low, unscored",No clear edge.,,,,,,,,,0.1,0.0,,,,,https://cs2tokens.com/iem-cologne-2026/items/sticker-cobra-gold-cologne-2026,https://community.akamai.steamstatic.com/economy/image/i0CoZ81Ui0m-9KwlBY1L_18myuGuq1wfhWSaZgMttyVfPaERSR0Wqmu7LAocGJai0ki7VeTHjMmuOXSQ61MnpNWipUruRiLykZTy_B1c4P6qJvI1d6iSCzDBmL4ktuBoTn62lk5y4GjWy92oJXzEblByX8R0QbEK40Om0oqwtiDQvwg,Sticker | cobra (Gold) | Cologne 2026,https://steamcommunity.com/market/listings/730/Sticker%20%7C%20cobra%20%28Gold%29%20%7C%20Cologne%202026,ok
690,2.8,P4,IGNORE,Gizmy (Foil),Player,Foil,Autograph,sticker,Gizmy,Monte,Monte,60,0.59,60.0,0.59,Steam,False,0.0,Steam around $0.59,0,Very Cheap,Very Cheap,Medium,60.0,18.0,133.0,116,321.31,62,6.0,0.2737,0.0893,0.422,0.0368,2.316666666666678,2.316666666666678,0.2396,0.0,0.65,0.0,+2% expected | 0.24 demand | 55% below high | 122% upside | -55% vs launch,"lower highs, 2P new low, unscored",2P is cheaper than current Steam but still above Steam's recorded low; wait for a stronger entry.,4.35,,4.35,4.35,,,-2357.627118644068,-637.2881355932203,0.1,0.0252,1.0,True,4.35,,https://cs2tokens.com/iem-cologne-2026/items/sticker-gizmy-foil-cologne-2026,https://community.akamai.steamstatic.com/economy/image/i0CoZ81Ui0m-9KwlBY1L_18myuGuq1wfhWSaZgMttyVfPaERSR0Wqmu7LAocGJai0ki7VeTHjMmuOXSQ61MnpNWipUruRiL2l4zt5B1d4PuiJvRsd6iXWGXHlO0m5OJtSX3kkUwhsWjXmYz6diiSbQ8gDZAjF-8Ithim0oqwn0YkuZw,Sticker | Gizmy (Foil) | Cologne 2026,https://steamcommunity.com/market/listings/730/Sticker%20%7C%20Gizmy%20%28Foil%29%20%7C%20Cologne%202026,ok
691,2.6,P4,IGNORE,malbsMd (Gold),Player,Gold,Autograph,sticker,malbsMd,Team Liquid,Team Liquid,1842,18.24,1842.0,18.24,Steam,False,0.0,Steam around $18.24,0,Premium,Premium,Medium,1842.0,889.0,3399.0,116,321.31,57,6.0,0.3281,0.1312,0.501,0.1528,-9.827904451682956,-9.827904451682956,0.7401,0.0804,0.65,0.0,-10% expected | 0.74 demand | 46% below high | 85% upside | -17% vs launch,"lower highs, 2P new low, unscored",No clear edge.,,,,,,,,,0.1,0.0,,,,,https://cs2tokens.com/iem-cologne-2026/items/sticker-malbsmd-gold-cologne-2026,https://community.akamai.steamstatic.com/economy/image/i0CoZ81Ui0m-9KwlBY1L_18myuGuq1wfhWSaZgMttyVfPaERSR0Wqmu7LAocGJai0ki7VeTHjMmuOXSQ61MnpNWipUruRiL8n5ri7i9f0PWhZKAjefORCzKUmetw5bltTiixxB524WzSztz6dHmXO1QlDMB1QeEL5EHrlsqnab2fxHSb4Q,Sticker | malbsMd (Gold) | Cologne 2026,https://steamcommunity.com/market/listings/730/Sticker%20%7C%20malbsMd%20%28Gold%29%20%7C%20Cologne%202026,ok
692,2.5,P4,IGNORE,NiKo (Foil),Player,Foil,Autograph,sticker,NiKo,Falcons,Falcons,472,4.67,411.36,4.07,UUSkins,True,12.85,"UUSkins around $4.07, 13% below Steam",0,Expensive,Expensive,Medium,472.0,375.0,986.0,116,321.31,60,6.0,0.4222,0.1522,0.3168,0.1874,31.000000000000007,50.31203931203934,0.2436,0.0,0.65,0.0,+50% expected | 0.24 demand | UUSkins 13% below Steam | 58% below high | 140% upside,"lower highs, 2P new low, unscored",No clear edge.,4.07,,4.07,4.07,,,-9.695360456816566,12.847965738758022,0.1,0.0652,1.0,True,9.32,4.07,https://cs2tokens.com/iem-cologne-2026/items/sticker-niko-foil-cologne-2026,https://community.akamai.steamstatic.com/economy/image/i0CoZ81Ui0m-9KwlBY1L_18myuGuq1wfhWSaZgMttyVfPaERSR0Wqmu7LAocGJai0ki7VeTHjMmuOXSQ61MnpNWipUruRiL_l53vwiRU5v7gPPY8IaXKD2SUwOwv4-dqGXjrxUUk4G6HnI6pdH2VPw5zCJB3RuQIug74zIMVP1KKvw,Sticker | NiKo (Foil) | Cologne 2026,https://steamcommunity.com/market/listings/730/Sticker%20%7C%20NiKo%20%28Foil%29%20%7C%20Cologne%202026,ok
693,2.1,P4,IGNORE,JamYoung,Player,Paper,Autograph,sticker,JamYoung,TYLOO,TYLOO,25,0.25,25.0,0.25,Steam,False,0.0,Steam around $0.25,0,Cheap,Cheap,High,25.0,12.0,41.0,116,321.31,61,6.0,0.2291,0.0814,0.3817,0.0489,7.440000000000002,7.440000000000002,0.4463,0.0,0.65,0.0,+7% expected | 0.45 demand | 39% below high | 64% upside | -32% vs launch,"High crowding, lower highs, 2P new low, unscored",2P is cheaper than current Steam but still above Steam's recorded low; wait for a stronger entry.,0.34,,0.34,0.34,,,-183.33333333333337,-36.00000000000001,0.1,0.0252,1.0,True,,,https://cs2tokens.com/iem-cologne-2026/items/sticker-jamyoung-cologne-2026,https://community.akamai.steamstatic.com/economy/image/i0CoZ81Ui0m-9KwlBY1L_18myuGuq1wfhWSaZgMttyVfPaERSR0Wqmu7LAocGJai0ki7VeTHjMmuOXSQ61MnpNWipUruRiL7n5v58jdV6Lz2bPE5caSQWzWWlbZwteNvTirlwU0l5znXwouod37FaVUmA5EmQ-8CrFDmxVb3OFou,Sticker | JamYoung | Cologne 2026,https://steamcommunity.com/market/listings/730/Sticker%20%7C%20JamYoung%20%7C%20Cologne%202026,ok
694,2.0,P4,IGNORE,NertZ (Gold),Player,Gold,Autograph,sticker,NertZ,G2 Esports,G2 Esports,1533,15.18,998.77,9.89,2P,True,34.85,"2P around $9.89, 35% below Steam",0,Premium,Expensive,Medium,1533.0,733.0,1833.0,116,321.31,57,6.0,0.4416,0.1661,0.1863,0.2927,-10.567514677103718,37.26846584444545,0.5715,0.2103,0.65,0.0,+37% expected | 0.57 demand | 2P 35% below Steam | 46% below high | 84% upside,"lower highs, 2P new low, unscored",2P is cheaper than current Steam but still above Steam's recorded low; wait for a stronger entry.,9.89,,9.89,9.89,,,-36.25821654471043,34.848484848484844,0.1,0.0364,1.0,True,,,https://cs2tokens.com/iem-cologne-2026/items/sticker-nertz-gold-cologne-2026,https://community.akamai.steamstatic.com/economy/image/i0CoZ81Ui0m-9KwlBY1L_18myuGuq1wfhWSaZgMttyVfPaERSR0Wqmu7LAocGJai0ki7VeTHjMmuOXSQ61MnpNWipUruRiL_m4T05x1c4P6qJqFpcanCXGWVlLYm5rYxHnHjlE9y4mrVyNurJ3ifalV0DsYmTeIL5EGm0oqwkbi4ECw,Sticker | NertZ (Gold) | Cologne 2026,https://steamcommunity.com/market/listings/730/Sticker%20%7C%20NertZ%20%28Gold%29%20%7C%20Cologne%202026,ok
695,1.8,P4,IGNORE,torzsi (Gold),Player,Gold,Autograph,sticker,torzsi,MOUZ,MOUZ,1478,14.63,1478.0,14.63,Steam,False,0.0,Steam around $14.63,0,Premium,Premium,Low,1478.0,1048.0,3149.0,116,321.31,57,6.0,0.397,0.1341,0.4353,0.1841,21.487144790257105,21.487144790257105,0.3846,0.0,0.65,0.0,+21% expected | 0.38 demand | 53% below high | 113% upside | -49% vs launch,"lower highs, 2P new low, unscored",2P is cheaper than current Steam but still above Steam's recorded low; wait for a stronger entry.,15.86,,15.86,15.86,,,-52.88751023986056,-8.407382091592607,0.1,0.0252,1.0,True,,,https://cs2tokens.com/iem-cologne-2026/items/sticker-torzsi-gold-cologne-2026,https://community.akamai.steamstatic.com/economy/image/i0CoZ81Ui0m-9KwlBY1L_18myuGuq1wfhWSaZgMttyVfPaERSR0Wqmu7LAocGJai0ki7VeTHjMmuOXSQ61MnpNWipUruRiLlkYT67itk6P2ibOo9IqGQVzGSwrom5uQ6TX3kkx4h5j_Tntr7I3rGOA4nCMZ1Q7ICtEO4jJS5YOFwjMIb,Sticker | torzsi (Gold) | Cologne 2026,https://steamcommunity.com/market/listings/730/Sticker%20%7C%20torzsi%20%28Gold%29%20%7C%20Cologne%202026,ok
696,1.7,P4,IGNORE,xiELO (Gold),Player,Gold,Autograph,sticker,xiELO,PARIVISION,PARIVISION,1232,12.2,1176.46,11.65,2P,True,4.51,"2P around $11.65, 5% below Steam",0,Premium,Premium,High,1232.0,538.0,2634.0,116,321.31,57,6.0,0.3939,0.1161,0.6204,0.1377,-0.556818181818175,4.137924307452212,0.6192,0.0,0.65,0.0,+4% expected | 0.62 demand | 2P 5% below Steam | 55% below high | 124% upside,"High crowding, lower highs, 2P new low, unscored",2P is cheaper than current Steam but still above Steam's recorded low; wait for a stronger entry.,11.65,,11.65,11.65,,,-118.67267962703396,4.508196721311467,0.1,0.0266,1.0,True,,,https://cs2tokens.com/iem-cologne-2026/items/sticker-xielo-gold-cologne-2026,https://community.akamai.steamstatic.com/economy/image/i0CoZ81Ui0m-9KwlBY1L_18myuGuq1wfhWSaZgMttyVfPaERSR0Wqmu7LAocGJai0ki7VeTHjMmuOXSQ61MnpNWipUruRiLpl5Ps8h1c4P6qJqVodKPCDz-Tle8mtLFsGi23kUV26jnSz9yqeHmfaFcoXMRxQe5b4Uam0oqwRV65abE,Sticker | xiELO (Gold) | Cologne 2026,https://steamcommunity.com/market/listings/730/Sticker%20%7C%20xiELO%20%28Gold%29%20%7C%20Cologne%202026,ok
697,1.6,P4,IGNORE,z4KR (Gold),Player,Gold,Autograph,sticker,z4KR,Lynn Vision,Lynn Vision,3189,31.57,3189.0,31.57,Steam,False,0.0,Steam around $31.57,0,Premium,Premium,Low,3189.0,2221.0,6422.0,116,321.31,57,6.0,0.3621,0.1412,0.4005,0.1628,11.975540921919103,11.975540921919103,0.5218,0.1129,0.65,0.0,+12% expected | 0.52 demand | 50% below high | 101% upside | -23% vs launch,"lower highs, 2P new low, unscored",No clear edge.,,,,,,,,,0.1,0.0,,,,,https://cs2tokens.com/iem-cologne-2026/items/sticker-z4kr-gold-cologne-2026,https://community.akamai.steamstatic.com/economy/image/i0CoZ81Ui0m-9KwlBY1L_18myuGuq1wfhWSaZgMttyVfPaERSR0Wqmu7LAocGJai0ki7VeTHjMmuOXSQ61MnpNWipUruRiLryp3ywiVU4_bgOvI6I6bBXGTEkLol5bk8TS3gw0516z_Qyd3_JC_EZgJ2A5ckFLMCtw74zIO9ouiMuw,Sticker | z4KR (Gold) | Cologne 2026,https://steamcommunity.com/market/listings/730/Sticker%20%7C%20z4KR%20%28Gold%29%20%7C%20Cologne%202026,ok
698,1.5,P4,IGNORE,JBa (Gold),Player,Gold,Autograph,sticker,JBa,M80,M80,1811,17.93,1811.0,17.93,Steam,False,0.0,Steam around $17.93,0,Premium,Premium,Low,1811.0,1396.0,4206.0,116,321.31,57,6.0,0.3784,0.1345,0.4401,0.162,6.77194919933739,6.77194919933739,0.2309,0.0,0.65,0.0,+7% expected | 0.23 demand | 57% below high | 132% upside | +18% vs launch,"lower highs, 2P new low, unscored",No clear edge.,,,,,,,,,0.1,0.0,,,,,https://cs2tokens.com/iem-cologne-2026/items/sticker-jba-gold-cologne-2026,https://community.akamai.steamstatic.com/economy/image/i0CoZ81Ui0m-9KwlBY1L_18myuGuq1wfhWSaZgMttyVfPaERSR0Wqmu7LAocGJai0ki7VeTHjMmuOXSQ61MnpNWipUruRiL7nJff-i1X67ysMfE0dqSQXzSRlOons7dtSX7hx05142TWw4qtcSjGbg4oCpBxQ7ZbrFDmxeIGevuH,Sticker | JBa (Gold) | Cologne 2026,https://steamcommunity.com/market/listings/730/Sticker%20%7C%20JBa%20%28Gold%29%20%7C%20Cologne%202026,ok
699,1.3,P4,IGNORE,M80 (Foil),Team,Foil,Team,sticker,,M80,M80,263,2.6,263.0,2.6,Steam,False,0.0,Steam around $2.60,0,Fair,Fair,Low,263.0,163.0,323.0,116,321.31,60,6.0,0.2065,0.0801,0.2818,0.1235,-5.296577946768066,-5.296577946768066,0.5515,0.0,0.65,0.0,-5% expected | 0.55 demand | 19% below high | 23% upside | +13% vs launch,"lower highs, 2P new low, unscored",2P is cheaper than current Steam but still above Steam's recorded low; wait for a stronger entry.,12.0,,12.0,12.0,,,-644.6908919301558,-361.5384615384616,0.1,0.0252,1.0,True,12.0,,https://cs2tokens.com/iem-cologne-2026/items/sticker-m80-foil-cologne-2026,https://community.akamai.steamstatic.com/economy/image/i0CoZ81Ui0m-9KwlBY1L_18myuGuq1wfhWSaZgMttyVfPaERSR0Wqmu7LAocGJai0ki7VeTHjMmuOXSQ61MnpNWipVS_ESL3kZ_ss3ANt_b-P_ZsJPXEWDSRmbojs7E5HnHjlEpxt27RmdmreC2fblR1X5puBbldm6JZVVA,Sticker | M80 (Foil) | Cologne 2026,https://steamcommunity.com/market/listings/730/Sticker%20%7C%20M80%20%28Foil%29%20%7C%20Cologne%202026,ok
700,1.1,P4,IGNORE,MATYS (Gold),Player,Gold,Autograph,sticker,MATYS,G2 Esports,G2 Esports,1351,13.37,1351.0,13.37,Steam,False,0.0,Steam around $13.37,0,Premium,Premium,Low,1351.0,931.0,2605.0,116,321.31,57,6.0,0.3425,0.124,0.3638,0.1779,-0.6943005181347273,-0.6943005181347273,0.3742,0.0,0.65,0.0,-1% expected | 0.37 demand | 48% below high | 93% upside | -20% vs launch,"lower highs, 2P new low, unscored",No clear edge.,,,,,,,,,0.1,0.0,,,,,https://cs2tokens.com/iem-cologne-2026/items/sticker-matys-gold-cologne-2026,https://community.akamai.steamstatic.com/economy/image/i0CoZ81Ui0m-9KwlBY1L_18myuGuq1wfhWSaZgMttyVfPaERSR0Wqmu7LAocGJai0ki7VeTHjMmuOXSQ61MnpNWipUruRiL8n4L57h1c4P6qJvM4daKXDD-UlLsmtrhrHH3gxkR-sWjSzdj6Ii2Ubgd0WZIkTOJesBam0oqwwpDrP7s,Sticker | MATYS (Gold) | Cologne 2026,https://steamcommunity.com/market/listings/730/Sticker%20%7C%20MATYS%20%28Gold%29%20%7C%20Cologne%202026,ok
701,1.0,P4,IGNORE,NQZ (Gold),Player,Gold,Autograph,sticker,NQZ,paiN Gaming,paiN Gaming,1158,11.46,965.0,9.55,2P,True,16.67,"2P around $9.55, 17% below Steam",0,Premium,Expensive,Low,1158.0,199.0,2086.0,116,321.31,57,6.0,0.3476,0.1376,0.3781,0.182,0.1234887737478374,20.14818652849739,0.4782,0.0809,0.65,0.0,+20% expected | 0.48 demand | 2P 17% below Steam | 54% below high | 116% upside,"lower highs, 2P new low, unscored",2P is cheaper than current Steam but still above Steam's recorded low; wait for a stronger entry.,9.55,,9.55,9.55,,,-384.9246231155779,16.666666666666664,0.1,0.0306,1.0,True,,,https://cs2tokens.com/iem-cologne-2026/items/sticker-nqz-gold-cologne-2026,https://community.akamai.steamstatic.com/economy/image/i0CoZ81Ui0m-9KwlBY1L_18myuGuq1wfhWSaZgMttyVfPaERSR0Wqmu7LAocGJai0ki7VeTHjMmuOXSQ61MnpNWipUruRiL_j4zf-i1X67z6O_dueaSQWjfBmL8u4uM5H3vjxEsi4GiByNyvJ3-QaAJxX5olQeZerFDmxXBmWNUn,Sticker | NQZ (Gold) | Cologne 2026,https://steamcommunity.com/market/listings/730/Sticker%20%7C%20NQZ%20%28Gold%29%20%7C%20Cologne%202026,ok
702,1.0,P4,IGNORE,KSCERATO (Gold),Player,Gold,Autograph,sticker,KSCERATO,FURIA,FURIA,3226,31.94,3226.0,31.94,Steam,False,0.0,Steam around $31.94,0,Premium,Premium,Medium,3226.0,1926.0,7817.0,116,321.31,57,6.0,0.3657,0.1252,0.4789,0.1176,2.3456292622442643,2.3456292622442643,0.5372,0.0034,0.65,0.0,+2% expected | 0.54 demand | 59% below high | 142% upside | +36% vs launch,"lower highs, 2P new low, unscored",No clear edge.,,,,,,,,,0.1,0.0,,,,,https://cs2tokens.com/iem-cologne-2026/items/sticker-kscerato-gold-cologne-2026,https://community.akamai.steamstatic.com/economy/image/i0CoZ81Ui0m-9KwlBY1L_18myuGuq1wfhWSaZgMttyVfPaERSR0Wqmu7LAocGJai0ki7VeTHjMmuOXSQ61MnpNWipUruRiL6jZXl7yNP4M2pZ6hpbqTAXTDEw7x0s-VtSijhk09zsWzXzd37eXjEPA8iXJMkQ-8P5BK_k4b5d7S10ANpIyU,Sticker | KSCERATO (Gold) | Cologne 2026,https://steamcommunity.com/market/listings/730/Sticker%20%7C%20KSCERATO%20%28Gold%29%20%7C%20Cologne%202026,ok
703,0.8,P4,IGNORE,SunPayus (Gold),Player,Gold,Autograph,sticker,SunPayus,G2 Esports,G2 Esports,1801,17.83,1801.0,17.83,Steam,False,0.0,Steam around $17.83,0,Premium,Premium,Low,1801.0,972.0,3202.0,116,321.31,57,6.0,0.3092,0.1293,0.3306,0.1709,1.1654636313159328,1.1654636313159328,0.5974,0.1883,0.65,0.0,+1% expected | 0.60 demand | 44% below high | 78% upside | -44% vs launch,"lower highs, 2P new low, unscored",No clear edge.,,,,,,,,,0.1,0.0,,,,,https://cs2tokens.com/iem-cologne-2026/items/sticker-sunpayus-gold-cologne-2026,https://community.akamai.steamstatic.com/economy/image/i0CoZ81Ui0m-9KwlBY1L_18myuGuq1wfhWSaZgMttyVfPaERSR0Wqmu7LAocGJai0ki7VeTHjMmuOXSQ61MnpNWipUruRiLii5jw_DtO_M2pZ6hpbqWXW2WSxOp04Lc8Sy_mzRh_smjQyditcS2WOlUhDJokQrRbsBa4wdH5d7S1mHFfU8o,Sticker | SunPayus (Gold) | Cologne 2026,https://steamcommunity.com/market/listings/730/Sticker%20%7C%20SunPayus%20%28Gold%29%20%7C%20Cologne%202026,ok
704,0.8,P4,IGNORE,venomzera (Gold),Player,Gold,Autograph,sticker,venomzera,MIBR,MIBR,1578,15.62,1578.0,15.62,Steam,False,0.0,Steam around $15.62,0,Premium,Premium,Medium,1578.0,577.0,2984.0,116,321.31,57,6.0,0.3294,0.1074,0.556,0.1158,-13.88529784537389,-13.88529784537389,0.809,0.0,0.65,0.0,-14% expected | 0.81 demand | 47% below high | 89% upside | -2% vs launch,"lower highs, 2P new low, unscored",No clear edge.,,,,,,,,,0.1,0.0,,,,,https://cs2tokens.com/iem-cologne-2026/items/sticker-venomzera-gold-cologne-2026,https://community.akamai.steamstatic.com/economy/image/i0CoZ81Ui0m-9KwlBY1L_18myuGuq1wfhWSaZgMttyVfPaERSR0Wqmu7LAocGJai0ki7VeTHjMmuOXSQ61MnpNWipUruRiLnm5jv8Dhe_fORb6thJL7DCzbAkOsksrFoTHvrlEok6zjRzN3_eCrDOFRzWcMhR-QNu0Wwm9DiKaq8sIUXKIZO,Sticker | venomzera (Gold) | Cologne 2026,https://steamcommunity.com/market/listings/730/Sticker%20%7C%20venomzera%20%28Gold%29%20%7C%20Cologne%202026,ok
705,0.7,P4,IGNORE,EmiliaQAQ (Gold),Player,Gold,Autograph,sticker,EmiliaQAQ,Lynn Vision,Lynn Vision,2748,27.21,2748.0,27.21,Steam,False,0.0,Steam around $27.21,0,Premium,Premium,Medium,2748.0,1477.0,6358.0,116,321.31,57,6.0,0.3578,0.1313,0.4746,0.126,6.931222707423568,6.931222707423568,0.506,0.0527,0.65,0.0,+7% expected | 0.51 demand | 57% below high | 131% upside | -13% vs launch,"lower highs, 2P new low, unscored",No clear edge.,,,,,,,,,0.1,0.0,,,,,https://cs2tokens.com/iem-cologne-2026/items/sticker-emiliaqaq-gold-cologne-2026,https://community.akamai.steamstatic.com/economy/image/i0CoZ81Ui0m-9KwlBY1L_18myuGuq1wfhWSaZgMttyVfPaERSR0Wqmu7LAocGJai0ki7VeTHjMmuOXSQ61MnpNWipUruRiL0k5_s9CNK7uORb6thJL7ACDLHxL8lteRqGX7jlBgj6zvdzNarIinDaFcpX5p1FuQDuhC4kNXiKaq8sG3J-MKc,Sticker | EmiliaQAQ (Gold) | Cologne 2026,https://steamcommunity.com/market/listings/730/Sticker%20%7C%20EmiliaQAQ%20%28Gold%29%20%7C%20Cologne%202026,ok
706,0.6,P4,IGNORE,JDC (Gold),Player,Gold,Autograph,sticker,JDC,BIG,BIG,1622,16.06,1622.0,16.06,Steam,False,0.0,Steam around $16.06,0,Premium,Premium,Low,1622.0,867.0,2844.0,116,321.31,57,6.0,0.3123,0.1217,0.4438,0.1534,1.492601726263865,1.492601726263865,0.5685,0.12,0.65,0.0,+1% expected | 0.57 demand | 43% below high | 75% upside | -33% vs launch,"lower highs, 2P new low, unscored",No clear edge.,,,,,,,,,0.1,0.0,,,,,https://cs2tokens.com/iem-cologne-2026/items/sticker-jdc-gold-cologne-2026,https://community.akamai.steamstatic.com/economy/image/i0CoZ81Ui0m-9KwlBY1L_18myuGuq1wfhWSaZgMttyVfPaERSR0Wqmu7LAocGJai0ki7VeTHjMmuOXSQ61MnpNWipUruRiL7mpXf-i1X67z6PPE9dfOQD2OWmLdy6LgwGyi3xhsjt23Wwtuqc3yfbVchXJF0QbINrFDmxWaVLJyF,Sticker | JDC (Gold) | Cologne 2026,https://steamcommunity.com/market/listings/730/Sticker%20%7C%20JDC%20%28Gold%29%20%7C%20Cologne%202026,ok
707,0.5,P4,IGNORE,Gizmy (Gold),Player,Gold,Autograph,sticker,Gizmy,Monte,Monte,1362,13.48,1202.36,11.9,2P,True,11.72,"2P around $11.90, 12% below Steam",0,Premium,Premium,Low,1362.0,845.0,2283.0,116,321.31,57,6.0,0.3641,0.1199,0.4046,0.1828,-5.56387665198238,6.974701069855271,0.3723,0.0,0.65,0.0,+7% expected | 0.37 demand | 2P 12% below Steam | 47% below high | 90% upside,"lower highs, 2P new low, unscored",2P is cheaper than current Steam but still above Steam's recorded low; wait for a stronger entry.,11.9,,11.9,11.9,,,-42.291011886994525,11.72106824925816,0.1,0.029,1.0,True,,,https://cs2tokens.com/iem-cologne-2026/items/sticker-gizmy-gold-cologne-2026,https://community.akamai.steamstatic.com/economy/image/i0CoZ81Ui0m-9KwlBY1L_18myuGuq1wfhWSaZgMttyVfPaERSR0Wqmu7LAocGJai0ki7VeTHjMmuOXSQ61MnpNWipUruRiL2l4zt5B1c4P6qJvM5efSWWzPBmOwn5bg7GXC3x0sktTzUydateH6fb1cnW5Z1TLJesBWm0oqwXS52T3I,Sticker | Gizmy (Gold) | Cologne 2026,https://steamcommunity.com/market/listings/730/Sticker%20%7C%20Gizmy%20%28Gold%29%20%7C%20Cologne%202026,ok
708,0.0,P4,IGNORE,BELCHONOKK (Gold),Player,Gold,Autograph,sticker,BELCHONOKK,PARIVISION,PARIVISION,1141,11.3,1141.0,11.3,Steam,False,0.0,Steam around $11.30,0,Premium,Premium,Low,1141.0,992.0,1806.0,116,321.31,57,6.0,0.3497,0.1093,0.3242,0.197,16.453111305872035,16.453111305872035,0.2243,0.0,0.65,0.0,+16% expected | 0.22 demand | 37% below high | 58% upside | -36% vs launch,"lower highs, 2P new low, unscored",No clear edge.,,,,,,,,,0.1,0.0,,,,,https://cs2tokens.com/iem-cologne-2026/items/sticker-belchonokk-gold-cologne-2026,https://community.akamai.steamstatic.com/economy/image/i0CoZ81Ui0m-9KwlBY1L_18myuGuq1wfhWSaZgMttyVfPaERSR0Wqmu7LAocGJai0ki7VeTHjMmuOXSQ61MnpNWipUruRiLzm5rj9S1V4PmlV6NiLPTdWGSVw-ov6bZrGnHllkt3sD7TzNuoeXiRPVQnXpp0Qe4LsEPtm4CxZPSiuVI2ag1_oA,Sticker | BELCHONOKK (Gold) | Cologne 2026,https://steamcommunity.com/market/listings/730/Sticker%20%7C%20BELCHONOKK%20%28Gold%29%20%7C%20Cologne%202026,ok
709,0.0,P4,IGNORE,stressarN (Gold),Player,Gold,Autograph,sticker,stressarN,,,1915,18.96,1387.77,13.74,2P,True,27.53,"2P around $13.74, 28% below Steam",0,Premium,Premium,Medium,1915.0,775.0,3387.0,116,321.31,57,6.0,0.3944,0.1144,0.3906,0.154,-1.859530026109657,35.42527734388364,0.2484,0.0,0.65,0.0,+35% expected | 0.25 demand | 2P 28% below Steam | 59% below high | 144% upside,"lower highs, 2P new low, unscored",2P is cheaper than current Steam but still above Steam's recorded low; wait for a stronger entry.,13.74,,13.74,13.74,,,-79.06696610861576,27.531645569620256,0.1,0.034,1.0,True,,,https://cs2tokens.com/iem-cologne-2026/items/sticker-stressarn-gold-cologne-2026,https://community.akamai.steamstatic.com/economy/image/i0CoZ81Ui0m-9KwlBY1L_18myuGuq1wfhWSaZgMttyVfPaERSR0Wqmu7LAocGJai0ki7VeTHjMmuOXSQ61MnpNWipUruRiLiioTl7jFa_fyRb6thJL7DW2KVmbsv6LlsSX_gwUh-5W7RztupJ3PGPAcgXJZzQOBf5xm8ltzgKaq8sFg3GuMm,Sticker | stressarN (Gold) | Cologne 2026,https://steamcommunity.com/market/listings/730/Sticker%20%7C%20stressarN%20%28Gold%29%20%7C%20Cologne%202026,ok
710,0.0,P4,IGNORE,slaxz- (Gold),Player,Gold,Autograph,sticker,slaxz-,M80,M80,1977,19.57,1448.66,14.34,2P,True,26.72,"2P around $14.34, 27% below Steam",0,Premium,Premium,Low,1977.0,704.0,4442.0,116,321.31,57,6.0,0.3947,0.1194,0.3855,0.1497,-4.537683358624179,30.278768247679544,0.282,0.0,0.65,0.0,+30% expected | 0.28 demand | 2P 27% below Steam | 67% below high | 207% upside,"lower highs, 2P new low, unscored",2P is cheaper than current Steam but still above Steam's recorded low; wait for a stronger entry.,14.34,,14.34,14.34,,,-105.7748699307846,26.724578436382217,0.1,0.0338,1.0,True,,,https://cs2tokens.com/iem-cologne-2026/items/sticker-slaxz-gold-cologne-2026,https://raw.githubusercontent.com/ByMykel/counter-strike-image-tracker/main/static/panorama/images/econ/stickers/cologne2026/sig_slaxz_gold_png.png,Sticker | slaxz- (Gold) | Cologne 2026,https://steamcommunity.com/market/listings/730/Sticker%20%7C%20slaxz-%20%28Gold%29%20%7C%20Cologne%202026,ok
711,0.0,P4,IGNORE,snow (Gold),Player,Gold,Autograph,sticker,snow,paiN Gaming,paiN Gaming,1523,15.08,1523.0,15.08,Steam,False,0.0,Steam around $15.08,0,Premium,Premium,Low,1523.0,1165.0,3487.0,116,321.31,57,6.0,0.3693,0.1052,0.3892,0.1496,16.393302692055165,16.393302692055165,0.2279,0.0,0.65,0.0,+16% expected | 0.23 demand | 56% below high | 129% upside | +20% vs launch,"lower highs, 2P new low, unscored",No clear edge.,,,,,,,,,0.1,0.0,,,,,https://cs2tokens.com/iem-cologne-2026/items/sticker-snow-gold-cologne-2026,https://community.akamai.steamstatic.com/economy/image/i0CoZ81Ui0m-9KwlBY1L_18myuGuq1wfhWSaZgMttyVfPaERSR0Wqmu7LAocGJai0ki7VeTHjMmuOXSQ61MnpNWipUruRiLikJn3wiVU4_bgOKU0JfLAXGKRl7gg4rVrSSvmwkUisj7WyoyucCqRa1UmX5siQbMDsw74zIOC7yMi-Q,Sticker | snow (Gold) | Cologne 2026,https://steamcommunity.com/market/listings/730/Sticker%20%7C%20snow%20%28Gold%29%20%7C%20Cologne%202026,ok
712,0.0,P4,IGNORE,YEKINDAR (Gold),Player,Gold,Autograph,sticker,YEKINDAR,FURIA,FURIA,2755,27.27,2121.56,21.0,2P,True,22.99,"2P around $21.00, 23% below Steam",0,Premium,Premium,Low,2755.0,1362.0,3396.0,116,321.31,57,6.0,0.3033,0.0964,0.2814,0.1491,-11.02649727767696,15.538448535130913,0.5973,0.0,0.65,0.0,+16% expected | 0.60 demand | 2P 23% below Steam | 38% below high | 60% upside,"lower highs, 2P new low, unscored",2P is cheaper than current Steam but still above Steam's recorded low; wait for a stronger entry.,21.0,,21.0,21.0,,,-55.7681465650236,22.992299229922992,0.1,0.0326,1.0,True,,,https://cs2tokens.com/iem-cologne-2026/items/sticker-yekindar-gold-cologne-2026,https://community.akamai.steamstatic.com/economy/image/i0CoZ81Ui0m-9KwlBY1L_18myuGuq1wfhWSaZgMttyVfPaERSR0Wqmu7LAocGJai0ki7VeTHjMmuOXSQ61MnpNWipUruRiLom53p8yZa_c2pZ6hpbqXGVmWRxepz4-I-HHiwkxx-tziHwoqtcHmRPwclW8RxTOYOtEO5w9H5d7S1apV6-3I,Sticker | YEKINDAR (Gold) | Cologne 2026,https://steamcommunity.com/market/listings/730/Sticker%20%7C%20YEKINDAR%20%28Gold%29%20%7C%20Cologne%202026,ok
713,0.0,P4,IGNORE,cmtry (Gold),Player,Gold,Autograph,sticker,cmtry,,,1486,14.71,1381.95,13.68,2P,True,7.0,"2P around $13.68, 7% below Steam",0,Premium,Premium,Low,1486.0,877.0,2444.0,116,321.31,57,6.0,0.3186,0.0921,0.313,0.1444,0.6547779273216703,8.233317493486991,0.4089,0.0,0.65,0.0,+8% expected | 0.41 demand | 2P 7% below Steam | 43% below high | 77% upside,"lower highs, 2P new low, unscored",2P is cheaper than current Steam but still above Steam's recorded low; wait for a stronger entry.,13.68,,13.68,13.68,,,-57.57693205081596,7.002039428959899,0.1,0.0275,1.0,True,,,https://cs2tokens.com/iem-cologne-2026/items/sticker-cmtry-gold-cologne-2026,https://community.akamai.steamstatic.com/economy/image/i0CoZ81Ui0m-9KwlBY1L_18myuGuq1wfhWSaZgMttyVfPaERSR0Wqmu7LAocGJai0ki7VeTHjMmuOXSQ61MnpNWipUruRiLyk4Ly5B1c4P6qJqE9eaCSVzHHkbt3tLk6Hiy3kE126mmHmNv4JHPEbVdxA8EmFu8N4RSm0oqwkRgHDUc,Sticker | cmtry (Gold) | Cologne 2026,https://steamcommunity.com/market/listings/730/Sticker%20%7C%20cmtry%20%28Gold%29%20%7C%20Cologne%202026,ok
714,0.0,P4,IGNORE,biguzera (Gold),Player,Gold,Autograph,sticker,biguzera,paiN Gaming,paiN Gaming,1061,10.5,1061.0,10.5,Steam,False,0.0,Steam around $10.50,0,Premium,Premium,Low,1061.0,199.0,1582.0,116,321.31,57,6.0,0.2344,0.0846,0.3612,0.1347,-0.2158341187558865,-0.2158341187558865,0.6927,0.1922,0.65,0.0,-0% expected | 0.69 demand | 33% below high | 49% upside | +433% vs launch,"lower highs, 2P new low, unscored",No clear edge.,,,,,,,,,0.1,0.0,,,,,https://cs2tokens.com/iem-cologne-2026/items/sticker-biguzera-gold-cologne-2026,https://community.akamai.steamstatic.com/economy/image/i0CoZ81Ui0m-9KwlBY1L_18myuGuq1wfhWSaZgMttyVfPaERSR0Wqmu7LAocGJai0ki7VeTHjMmuOXSQ61MnpNWipUruRiLzl5H15ydJ7s2pZ6hpbqKQWDbGmewh4LlrSi3ilxx34Gvdz4qsc3uQPFJyDZtzRbVcs0Owl9z5d7S1TJl8QbE,Sticker | biguzera (Gold) | Cologne 2026,https://steamcommunity.com/market/listings/730/Sticker%20%7C%20biguzera%20%28Gold%29%20%7C%20Cologne%202026,ok
715,0.0,P4,IGNORE,Swisher (Gold),Player,Gold,Autograph,sticker,Swisher,M80,M80,2199,21.77,2107.08,20.86,2P,True,4.18,"2P around $20.86, 4% below Steam",0,Premium,Premium,Medium,2199.0,879.0,4278.0,116,321.31,57,6.0,0.3434,0.1215,0.4428,0.1333,8.20554797635289,12.925924230354834,0.6582,0.1124,0.65,0.0,+13% expected | 0.66 demand | 2P 4% below Steam | 51% below high | 103% upside,"lower highs, 2P new low, unscored",2P is cheaper than current Steam but still above Steam's recorded low; wait for a stronger entry.,20.86,,20.86,20.86,,,-139.7133544769158,4.180064308681673,0.1,0.0265,1.0,True,,,https://cs2tokens.com/iem-cologne-2026/items/sticker-swisher-gold-cologne-2026,https://community.akamai.steamstatic.com/economy/image/i0CoZ81Ui0m-9KwlBY1L_18myuGuq1wfhWSaZgMttyVfPaERSR0Wqmu7LAocGJai0ki7VeTHjMmuOXSQ61MnpNWipUruRiLiiZ_z9SdJ0PWhZKAjeKfHXD-Tl7sk4rg-TC3hkxgk527Rwtz6Iy6QPQMoCcBxQbFesBexk8qnab19tcB2uA,Sticker | Swisher (Gold) | Cologne 2026,https://steamcommunity.com/market/listings/730/Sticker%20%7C%20Swisher%20%28Gold%29%20%7C%20Cologne%202026,ok
716,0.0,P4,IGNORE,xertioN (Gold),Player,Gold,Autograph,sticker,xertioN,MOUZ,MOUZ,1769,17.51,1769.0,17.51,Steam,False,0.0,Steam around $17.51,0,Premium,Premium,Low,1769.0,979.0,2686.0,116,321.31,57,6.0,0.2645,0.0933,0.3266,0.1324,-12.165630299604302,-12.165630299604302,0.5747,0.2321,0.65,0.0,-12% expected | 0.57 demand | 34% below high | 52% upside | +76% vs launch,"lower highs, 2P new low, unscored",No clear edge.,,,,,,,,,0.1,0.0,,,,,https://cs2tokens.com/iem-cologne-2026/items/sticker-xertion-gold-cologne-2026,https://community.akamai.steamstatic.com/economy/image/i0CoZ81Ui0m-9KwlBY1L_18myuGuq1wfhWSaZgMttyVfPaERSR0Wqmu7LAocGJai0ki7VeTHjMmuOXSQ61MnpNWipUruRiLpm4T09C1V0PWhZKAjJaKRWzfDkbh1tbg_G3znzUtw5m-AyIyrd3OQPAUhXJNyROdY4BjrxMqnab1SLO3F4A,Sticker | xertioN (Gold) | Cologne 2026,https://steamcommunity.com/market/listings/730/Sticker%20%7C%20xertioN%20%28Gold%29%20%7C%20Cologne%202026,ok
717,0.0,P4,IGNORE,ropz (Foil),Player,Foil,Autograph,sticker,ropz,Vitality,Vitality,487,4.82,478.92,4.74,CSFloat,True,1.66,"CSFloat around $4.74, 2% below Steam",0,Expensive,Expensive,Low,487.0,365.0,959.0,116,321.31,60,6.0,0.3283,0.1169,0.3035,0.1291,33.525667351129364,35.77926511232985,0.1996,0.0,0.65,0.0,+36% expected | 0.20 demand | CSFloat 2% below Steam | 50% below high | 100% upside,"lower highs, 2P new low, unscored",2P is cheaper than current Steam but still above Steam's recorded low; wait for a stronger entry.,4.74,,4.74,4.74,,,-31.21014039674872,1.6597510373443998,0.1,0.0257,1.0,True,4.74,7.4,https://cs2tokens.com/iem-cologne-2026/items/sticker-ropz-foil-cologne-2026,https://community.akamai.steamstatic.com/economy/image/i0CoZ81Ui0m-9KwlBY1L_18myuGuq1wfhWSaZgMttyVfPaERSR0Wqmu7LAocGJai0ki7VeTHjMmuOXSQ61MnpNWipUruRiLjkYb6wiRU5v7gavZoc_LFW2XHlLYi4eA4GC22kx515GrTm9n7dXnBa1MgXMB3EbUK4Q74zIMK0XxnPg,Sticker | ropz (Foil) | Cologne 2026,https://steamcommunity.com/market/listings/730/Sticker%20%7C%20ropz%20%28Foil%29%20%7C%20Cologne%202026,ok
718,0.0,P4,IGNORE,INS (Gold),Player,Gold,Autograph,sticker,INS,Flyquest,Flyquest,2085,20.64,2085.0,20.64,Steam,False,0.0,Steam around $20.64,0,Premium,Premium,Medium,2085.0,1036.0,5557.0,116,321.31,57,6.0,0.3943,0.127,0.4603,0.123,12.727098321342933,12.727098321342933,0.4876,0.0,0.65,0.0,+13% expected | 0.49 demand | 62% below high | 167% upside | +101% vs launch,"lower highs, 2P new low, unscored",No clear edge.,,,,,,,,,0.1,0.0,,,,,https://cs2tokens.com/iem-cologne-2026/items/sticker-ins-gold-cologne-2026,https://community.akamai.steamstatic.com/economy/image/i0CoZ81Ui0m-9KwlBY1L_18myuGuq1wfhWSaZgMttyVfPaERSR0Wqmu7LAocGJai0ki7VeTHjMmuOXSQ61MnpNWipUruRiL4kIXf-i1X67yravw5dPaQCzPFlOt04-dtSX2wkE8ltWyBmYypdnOVOwB2C5d5QrUDrFDmxTVZvXe3,Sticker | INS (Gold) | Cologne 2026,https://steamcommunity.com/market/listings/730/Sticker%20%7C%20INS%20%28Gold%29%20%7C%20Cologne%202026,ok
719,0.0,P4,IGNORE,Mercury (Gold),Player,Gold,Autograph,sticker,Mercury,TYLOO,TYLOO,2504,24.79,2504.0,24.79,Steam,False,0.0,Steam around $24.79,0,Premium,Premium,Medium,2504.0,982.0,6450.0,116,321.31,57,6.0,0.3648,0.1322,0.4415,0.1163,14.232028753993609,14.232028753993609,0.5116,0.0,0.65,0.0,+14% expected | 0.51 demand | 61% below high | 158% upside | -8% vs launch,"lower highs, 2P new low, unscored",No clear edge.,,,,,,,,,0.1,0.0,,,,,https://cs2tokens.com/iem-cologne-2026/items/sticker-mercury-gold-cologne-2026,https://community.akamai.steamstatic.com/economy/image/i0CoZ81Ui0m-9KwlBY1L_18myuGuq1wfhWSaZgMttyVfPaERSR0Wqmu7LAocGJai0ki7VeTHjMmuOXSQ61MnpNWipUruRiL8m4Tj6DBC0PWhZKAjeKaRWj7AwLYl6bdvTS-ywk8lsDvSzIr6JCnDPQ8jApAhE-YP50Xulcqnab1ROdbRXg,Sticker | Mercury (Gold) | Cologne 2026,https://steamcommunity.com/market/listings/730/Sticker%20%7C%20Mercury%20%28Gold%29%20%7C%20Cologne%202026,ok
720,0.0,P4,IGNORE,yxngstxr (Gold),Player,Gold,Autograph,sticker,yxngstxr,HEROIC,HEROIC,3840,38.02,3840.0,38.02,Steam,False,0.0,Steam around $38.02,0,Premium,Premium,Low,3840.0,1217.0,6801.0,116,321.31,57,6.0,0.2607,0.122,0.4279,0.1109,-28.86770833333333,-28.86770833333333,0.7277,0.2209,0.65,0.0,-29% expected | 0.73 demand | 44% below high | 77% upside | +206% vs launch,"lower highs, 2P new low, unscored",No clear edge.,,,,,,,,,0.1,0.0,,,,,https://cs2tokens.com/iem-cologne-2026/items/sticker-yxngstxr-gold-cologne-2026,https://community.akamai.steamstatic.com/economy/image/i0CoZ81Ui0m-9KwlBY1L_18myuGuq1wfhWSaZgMttyVfPaERSR0Wqmu7LAocGJai0ki7VeTHjMmuOXSQ61MnpNWipUruRiLohpjn7jZD_c2pZ6hpbvLBXjfExbck57MwGHiykRh-sWzdmN-hciiUawchA8N5ELJcsxLslYD5d7S1yO-C964,Sticker | yxngstxr (Gold) | Cologne 2026,https://steamcommunity.com/market/listings/730/Sticker%20%7C%20yxngstxr%20%28Gold%29%20%7C%20Cologne%202026,ok
721,0.0,P4,IGNORE,doc (Gold),Player,Gold,Autograph,sticker,doc,Sharks Esports,Sharks Esports,2326,23.03,2326.0,23.03,Steam,False,0.0,Steam around $23.03,0,Premium,Premium,Low,2326.0,1329.0,7402.0,116,321.31,57,6.0,0.37,0.0961,0.4373,0.106,33.21797076526225,33.21797076526225,0.2223,0.0,0.65,0.0,+33% expected | 0.22 demand | 69% below high | 218% upside | +75% vs launch,"lower highs, falling demand, 2P new low, unscored",2P is cheaper than current Steam but still above Steam's recorded low; wait for a stronger entry.,33.07,,33.07,33.07,,,-151.3188052224876,-43.59531046461137,0.1,0.0252,1.0,True,,,https://cs2tokens.com/iem-cologne-2026/items/sticker-doc-gold-cologne-2026,https://community.akamai.steamstatic.com/economy/image/i0CoZ81Ui0m-9KwlBY1L_18myuGuq1wfhWSaZgMttyVfPaERSR0Wqmu7LAocGJai0ki7VeTHjMmuOXSQ61MnpNWipUruRiL1kZXf-i1X67z4O6Y9d6SWWzPDkbYmsbE8HH21lhgit27SyI79cSqeaQFyXpt0QLIDrFDmxYtAgVMl,Sticker | doc (Gold) | Cologne 2026,https://steamcommunity.com/market/listings/730/Sticker%20%7C%20doc%20%28Gold%29%20%7C%20Cologne%202026,ok
722,0.0,P4,IGNORE,NAF (Gold),Player,Gold,Autograph,sticker,NAF,Team Liquid,Team Liquid,1505,14.9,1505.0,14.9,Steam,False,0.0,Steam around $14.90,0,Premium,Premium,Low,1505.0,1018.0,3909.0,116,321.31,57,6.0,0.3535,0.0837,0.4763,0.106,10.668438538205985,10.668438538205985,0.2295,0.0,0.65,0.0,+11% expected | 0.23 demand | 61% below high | 160% upside | +18% vs launch,"lower highs, falling demand, 2P new low, unscored",No clear edge.,,,,,,,,,0.1,0.0,,,,,https://cs2tokens.com/iem-cologne-2026/items/sticker-naf-gold-cologne-2026,https://community.akamai.steamstatic.com/economy/image/i0CoZ81Ui0m-9KwlBY1L_18myuGuq1wfhWSaZgMttyVfPaERSR0Wqmu7LAocGJai0ki7VeTHjMmuOXSQ61MnpNWipUruRiL_n5Df-i1X67z8OPE6I_HBDT7JkLsi5bg7Hy3jkBwitm3Qw4z6JHiUbgVyA5NyEeYNrFDmxahEnbdq,Sticker | NAF (Gold) | Cologne 2026,https://steamcommunity.com/market/listings/730/Sticker%20%7C%20NAF%20%28Gold%29%20%7C%20Cologne%202026,ok
723,0.0,P4,IGNORE,afro (Gold),Player,Gold,Autograph,sticker,afro,Monte,Monte,1283,12.7,1283.0,12.7,Steam,False,0.0,Steam around $12.70,0,Premium,Premium,Low,1283.0,854.0,1777.0,116,321.31,57,6.0,0.2213,0.0414,0.2367,0.1047,0.5035074045206533,0.5035074045206533,0.2339,0.0,0.65,0.0,+1% expected | 0.23 demand | 28% below high | 39% upside | -27% vs launch,"lower highs, 2P new low, unscored",2P is cheaper than current Steam but still above Steam's recorded low; wait for a stronger entry.,15.49,,15.49,15.49,,,-83.23839642995446,-21.96850393700788,0.1,0.0252,1.0,True,,,https://cs2tokens.com/iem-cologne-2026/items/sticker-afro-gold-cologne-2026,https://community.akamai.steamstatic.com/economy/image/i0CoZ81Ui0m-9KwlBY1L_18myuGuq1wfhWSaZgMttyVfPaERSR0Wqmu7LAocGJai0ki7VeTHjMmuOXSQ61MnpNWipUruRiLwmITvwiVU4_bgavQ0cKLDCzPGmLsv4eVtTSrjkE8ltT7Rz9mgdC7CZgV0A5QmRLQOtA74zIO88KsWzQ,Sticker | afro (Gold) | Cologne 2026,https://steamcommunity.com/market/listings/730/Sticker%20%7C%20afro%20%28Gold%29%20%7C%20Cologne%202026,ok
724,0.0,P4,IGNORE,zweih (Gold),Player,Gold,Autograph,sticker,zweih,PARIVISION,PARIVISION,2839,28.11,2839.0,28.11,Steam,False,0.0,Steam around $28.11,0,Premium,Premium,Low,2839.0,1561.0,5091.0,116,321.31,57,6.0,0.2901,0.1023,0.4946,0.0971,-7.451215216625573,-7.451215216625573,0.5331,0.0,0.65,0.0,-7% expected | 0.53 demand | 44% below high | 79% upside | +82% vs launch,"lower highs, 2P new low, unscored",No clear edge.,,,,,,,,,0.1,0.0,,,,,https://cs2tokens.com/iem-cologne-2026/items/sticker-zweih-gold-cologne-2026,https://community.akamai.steamstatic.com/economy/image/i0CoZ81Ui0m-9KwlBY1L_18myuGuq1wfhWSaZgMttyVfPaERSR0Wqmu7LAocGJai0ki7VeTHjMmuOXSQ61MnpNWipUruRiLriZPp9R1c4P6qJvc5d6bEXmLAxbZ3seM9HC3jlBghsj_XydmhdC-eZgYkCpJ4TeMOtxSm0oqw8nQvz0I,Sticker | zweih (Gold) | Cologne 2026,https://steamcommunity.com/market/listings/730/Sticker%20%7C%20zweih%20%28Gold%29%20%7C%20Cologne%202026,ok
725,0.0,P4,IGNORE,Krabeni (Gold),Player,Gold,Autograph,sticker,Krabeni,,,1853,18.34,1587.28,15.71,2P,True,14.34,"2P around $15.71, 14% below Steam",0,Premium,Premium,Medium,1853.0,884.0,2744.0,116,321.31,57,6.0,0.3007,0.0745,0.446,0.0937,-13.597949271451704,0.8665569930983885,0.5034,0.0,0.65,0.0,+1% expected | 0.50 demand | 2P 14% below Steam | 42% below high | 73% upside,"lower highs, 2P new low, unscored",2P is cheaper than current Steam but still above Steam's recorded low; wait for a stronger entry.,15.71,,15.71,15.71,,,-79.55603556748596,14.340239912758992,0.1,0.0298,1.0,True,,,https://cs2tokens.com/iem-cologne-2026/items/sticker-krabeni-gold-cologne-2026,https://community.akamai.steamstatic.com/economy/image/i0CoZ81Ui0m-9KwlBY1L_18myuGuq1wfhWSaZgMttyVfPaERSR0Wqmu7LAocGJai0ki7VeTHjMmuOXSQ61MnpNWipUruRiL6jJfi-CxS0PWhZKAjcKXBWTTAxbdz4uJoHXvgwUx-42nXzIv_cniRbVUjWcN2R-FcthDpkcqnab0xh8W4SQ,Sticker | Krabeni (Gold) | Cologne 2026,https://steamcommunity.com/market/listings/730/Sticker%20%7C%20Krabeni%20%28Gold%29%20%7C%20Cologne%202026,ok
726,0.0,P4,IGNORE,C4LLM3SU3 (Gold),Player,Gold,Autograph,sticker,C4LLM3SU3,Lynn Vision,Lynn Vision,4580,45.34,4580.0,45.34,Steam,False,0.0,Steam around $45.34,0,Premium,Premium,Medium,4580.0,1987.0,12583.0,116,321.31,57,6.0,0.3583,0.1189,0.4775,0.0799,7.2637554585152975,7.2637554585152975,0.5098,0.0391,0.65,0.0,+7% expected | 0.51 demand | 64% below high | 175% upside | -64% vs launch,"lower highs, 2P new low, unscored",No clear edge.,,,,,,,,,0.1,0.0,,,,,https://cs2tokens.com/iem-cologne-2026/items/sticker-c4llm3su3-gold-cologne-2026,https://community.akamai.steamstatic.com/economy/image/i0CoZ81Ui0m-9KwlBY1L_18myuGuq1wfhWSaZgMttyVfPaERSR0Wqmu7LAocGJai0ki7VeTHjMmuOXSQ61MnpNWipUruRiLyyprs8HFI-qGRb6thJL7AXWHAx7on57VrHnm2kR9wsmjUy46vdinCO1UnWJN4QOdesROww9PjKaq8sHTf45-7,Sticker | C4LLM3SU3 (Gold) | Cologne 2026,https://steamcommunity.com/market/listings/730/Sticker%20%7C%20C4LLM3SU3%20%28Gold%29%20%7C%20Cologne%202026,ok
727,0.0,P4,IGNORE,koala (Gold),Player,Gold,Autograph,sticker,koala,Sharks Esports,Sharks Esports,3795,37.57,2085.89,20.65,2P,True,45.04,"2P around $20.65, 45% below Steam",0,Premium,Premium,Low,3795.0,664.0,4950.0,116,321.31,57,6.0,0.3082,0.084,0.3101,0.0785,-32.20105401844533,23.35139954125953,0.2798,0.0,0.65,0.0,+23% expected | 0.28 demand | 2P 45% below Steam | 58% below high | 137% upside,"lower highs, 2P new low, unscored",2P is cheaper than current Steam but still above Steam's recorded low; wait for a stronger entry.,20.65,,20.65,20.65,,,-214.13950986271408,45.03593292520628,0.1,0.0397,1.0,True,,,https://cs2tokens.com/iem-cologne-2026/items/sticker-koala-gold-cologne-2026,https://community.akamai.steamstatic.com/economy/image/i0CoZ81Ui0m-9KwlBY1L_18myuGuq1wfhWSaZgMttyVfPaERSR0Wqmu7LAocGJai0ki7VeTHjMmuOXSQ61MnpNWipUruRiL6kZfs_B1c4P6qJqdvJqPEWGOUw78g5eQ7G3-xwhhwt2_Vy96vJX6RaAApCpBzFuVZtUKm0oqwPjWnufw,Sticker | koala (Gold) | Cologne 2026,https://steamcommunity.com/market/listings/730/Sticker%20%7C%20koala%20%28Gold%29%20%7C%20Cologne%202026,ok
728,0.0,P4,IGNORE,Zero (Gold),Player,Gold,Autograph,sticker,Zero,TYLOO,TYLOO,3598,35.62,3598.0,35.62,Steam,False,0.0,Steam around $35.62,0,Premium,Premium,Medium,3598.0,1588.0,8331.0,116,321.31,57,6.0,0.338,0.1125,0.4992,0.0776,7.070316842690372,7.070316842690372,0.5184,0.0,0.65,0.0,+7% expected | 0.52 demand | 57% below high | 132% upside | +26% vs launch,"lower highs, 2P new low, unscored",No clear edge.,,,,,,,,,0.1,0.0,,,,,https://cs2tokens.com/iem-cologne-2026/items/sticker-zero-gold-cologne-2026,https://community.akamai.steamstatic.com/economy/image/i0CoZ81Ui0m-9KwlBY1L_18myuGuq1wfhWSaZgMttyVfPaERSR0Wqmu7LAocGJai0ki7VeTHjMmuOXSQ61MnpNWipUruRiLrm4Tv_ixk6P2ibOprcvXDC2TJwr115uQ6TnC3wERztWyEwoqqcn3BagB2DpR1E-QItETsjJS5YPoDJ0XY,Sticker | Zero (Gold) | Cologne 2026,https://steamcommunity.com/market/listings/730/Sticker%20%7C%20Zero%20%28Gold%29%20%7C%20Cologne%202026,ok
729,0.0,P4,IGNORE,BetBoom,Team,Paper,Team,sticker,,BetBoom,BetBoom,33,0.33,33.0,0.33,Steam,False,0.0,Steam around $0.33,0,Very Cheap,Very Cheap,Low,33.0,20.0,40.0,116,321.31,61,6.0,0.1548,0.0549,0.2202,0.0776,-3.727272727272724,-3.727272727272724,0.3748,0.0,0.65,0.0,-4% expected | 0.37 demand | 18% below high | 21% upside | +10% vs launch,"lower highs, 2P new low, unscored",No clear edge.,,,,,,,,,0.1,0.0,,,,,https://cs2tokens.com/iem-cologne-2026/items/sticker-betboom-cologne-2026,https://community.akamai.steamstatic.com/economy/image/i0CoZ81Ui0m-9KwlBY1L_18myuGuq1wfhWSaZgMttyVfPaERSR0Wqmu7LAocGJai0ki7VeTHjMmuOXSQ61MnpNWipVvlD0mnzZW0-XoCv6KvafE5JqTHDDWTk-9357Y8SX_llEQltWuBn9mueC-JLlh3jTSrANk,Sticker | BetBoom | Cologne 2026,https://steamcommunity.com/market/listings/730/Sticker%20%7C%20BetBoom%20%7C%20Cologne%202026,ok
730,0.0,P4,IGNORE,saadzin (Gold),Player,Gold,Autograph,sticker,saadzin,Legacy,Legacy,1165,11.53,1165.0,11.53,Steam,False,0.0,Steam around $11.53,0,Premium,Premium,Medium,1165.0,203.0,1887.0,116,321.31,57,6.0,0.24,0.0522,0.3663,0.0738,6.835193133047213,6.835193133047213,0.5187,0.1,0.65,0.0,+7% expected | 0.52 demand | 38% below high | 62% upside | +474% vs launch,"lower highs, 2P new low, unscored",No clear edge.,,,,,,,,,0.1,0.0,,,,,https://cs2tokens.com/iem-cologne-2026/items/sticker-saadzin-gold-cologne-2026,https://community.akamai.steamstatic.com/economy/image/i0CoZ81Ui0m-9KwlBY1L_18myuGuq1wfhWSaZgMttyVfPaERSR0Wqmu7LAocGJai0ki7VeTHjMmuOXSQ61MnpNWipUruRiLin5fk5ytV0PWhZKAjd6bDXT_Bk7gjtOJoFnznwBhytWjdmN2oeH-XbFdyWJFwQeBbsRe8wMqnab0EBoJoPA,Sticker | saadzin (Gold) | Cologne 2026,https://steamcommunity.com/market/listings/730/Sticker%20%7C%20saadzin%20%28Gold%29%20%7C%20Cologne%202026,ok
731,0.0,P4,IGNORE,piriajr (Gold),Player,Gold,Autograph,sticker,piriajr,paiN Gaming,paiN Gaming,1154,11.42,1154.0,11.42,Steam,False,0.0,Steam around $11.42,0,Premium,Premium,Medium,1154.0,199.0,2190.0,116,321.31,57,6.0,0.2758,0.066,0.3997,0.0724,0.4254766031196011,0.4254766031196011,0.4639,0.0483,0.65,0.0,+0% expected | 0.46 demand | 47% below high | 90% upside | +480% vs launch,"lower highs, 2P new low, unscored",No clear edge.,,,,,,,,,0.1,0.0,,,,,https://cs2tokens.com/iem-cologne-2026/items/sticker-piriajr-gold-cologne-2026,https://community.akamai.steamstatic.com/economy/image/i0CoZ81Ui0m-9KwlBY1L_18myuGuq1wfhWSaZgMttyVfPaERSR0Wqmu7LAocGJai0ki7VeTHjMmuOXSQ61MnpNWipUruRiLhl4Tp_ChJ0PWhZKAjIaLKC2GUmbgk5Oc9TSrhk0hx5D7VyNz4eC3Eb1AmCJMiQLYPtBWwk8qnab1wSfhy-Q,Sticker | piriajr (Gold) | Cologne 2026,https://steamcommunity.com/market/listings/730/Sticker%20%7C%20piriajr%20%28Gold%29%20%7C%20Cologne%202026,ok
732,0.0,P4,IGNORE,ZywOo (Foil),Player,Foil,Autograph,sticker,ZywOo,Vitality,Vitality,664,6.57,664.0,6.57,Steam,False,0.0,Steam around $6.57,0,Premium,Premium,Medium,664.0,523.0,1172.0,116,321.31,60,6.0,0.289,0.0704,0.3009,0.0707,21.146084337349397,21.146084337349397,0.2934,0.0,0.65,0.0,+21% expected | 0.29 demand | 43% below high | 77% upside | -30% vs launch,"lower highs, 2P new low, unscored",No clear edge.,,,,,,,,,0.1,0.0,,,,,https://cs2tokens.com/iem-cologne-2026/items/sticker-zywoo-foil-cologne-2026,https://community.akamai.steamstatic.com/economy/image/i0CoZ81Ui0m-9KwlBY1L_18myuGuq1wfhWSaZgMttyVfPaERSR0Wqmu7LAocGJai0ki7VeTHjMmuOXSQ61MnpNWipUruRiLrh4Hv8h1d4PuiJvFueaOXCjTEmegusrZtHizqkBt05jvWztmodn2ebQFzCsFzFOJc4xCm0oqwjJnHOZo,Sticker | ZywOo (Foil) | Cologne 2026,https://steamcommunity.com/market/listings/730/Sticker%20%7C%20ZywOo%20%28Foil%29%20%7C%20Cologne%202026,ok
733,0.0,P4,IGNORE,Staehr (Gold),Player,Gold,Autograph,sticker,Staehr,Astralis,Astralis,1394,13.8,1394.0,13.8,Steam,False,0.0,Steam around $13.80,0,Premium,Premium,Low,1394.0,830.0,2433.0,116,321.31,57,6.0,0.261,0.0372,0.25,0.0701,-0.9555236728837846,-0.9555236728837846,0.2591,0.0,0.65,0.0,-1% expected | 0.26 demand | 43% below high | 75% upside | -37% vs launch,"lower highs, 2P new low, unscored",No clear edge.,,,,,,,,,0.1,0.0,,,,,https://cs2tokens.com/iem-cologne-2026/items/sticker-staehr-gold-cologne-2026,https://community.akamai.steamstatic.com/economy/image/i0CoZ81Ui0m-9KwlBY1L_18myuGuq1wfhWSaZgMttyVfPaERSR0Wqmu7LAocGJai0ki7VeTHjMmuOXSQ61MnpNWipUruRiLiipfl9TBk6P2ibOo1d_KSWTbDwuwjs7lqGSzrlxtw5mmByNz6dC7DPA4iDZohR7ZYsRLqjJS5YG9_X-gh,Sticker | Staehr (Gold) | Cologne 2026,https://steamcommunity.com/market/listings/730/Sticker%20%7C%20Staehr%20%28Gold%29%20%7C%20Cologne%202026,ok
734,0.0,P4,IGNORE,latto (Gold),Player,Gold,Autograph,sticker,latto,Legacy,Legacy,2665,26.38,2285.15,22.62,2P,True,14.25,"2P around $22.62, 14% below Steam",0,Premium,Premium,Medium,2665.0,660.0,3822.0,116,321.31,57,6.0,0.26,0.0729,0.4191,0.0695,-7.968855534709185,7.328982802580541,0.7055,0.1294,0.65,0.0,+7% expected | 0.71 demand | 2P 14% below Steam | 40% below high | 67% upside,"lower highs, 2P new low, unscored",2P is cheaper than current Steam but still above Steam's recorded low; wait for a stronger entry.,22.62,,22.62,22.62,,,-246.23509545799163,14.253222137983313,0.1,0.0298,1.0,True,,,https://cs2tokens.com/iem-cologne-2026/items/sticker-latto-gold-cologne-2026,https://community.akamai.steamstatic.com/economy/image/i0CoZ81Ui0m-9KwlBY1L_18myuGuq1wfhWSaZgMttyVfPaERSR0Wqmu7LAocGJai0ki7VeTHjMmuOXSQ61MnpNWipUruRiL9n4L08h1c4P6qJqc7IvTCXWbFwrl1tbJvFnu2kUR_42qHz9j7eHuXOwV2WZokR7QK5EKm0oqwzfWWBXs,Sticker | latto (Gold) | Cologne 2026,https://steamcommunity.com/market/listings/730/Sticker%20%7C%20latto%20%28Gold%29%20%7C%20Cologne%202026,ok
735,0.0,P4,IGNORE,Heavygod (Gold),Player,Gold,Autograph,sticker,Heavygod,G2 Esports,G2 Esports,2756,27.28,2756.0,27.28,Steam,False,0.0,Steam around $27.28,0,Premium,Premium,Low,2756.0,1594.0,5320.0,116,321.31,57,6.0,0.2933,0.0792,0.4205,0.0688,-2.5308417997097266,-2.5308417997097266,0.3886,0.0,0.65,0.0,-3% expected | 0.39 demand | 48% below high | 93% upside | -18% vs launch,"lower highs, 2P new low, unscored",No clear edge.,,,,,,,,,0.1,0.0,,,,,https://cs2tokens.com/iem-cologne-2026/items/sticker-heavygod-gold-cologne-2026,https://community.akamai.steamstatic.com/economy/image/i0CoZ81Ui0m-9KwlBY1L_18myuGuq1wfhWSaZgMttyVfPaERSR0Wqmu7LAocGJai0ki7VeTHjMmuOXSQ61MnpNWipUruRiL5m5f25CVU682pZ6hpbqmSCz-Wx7sisrc9H3y2lk8j4GmAnNj_InOWawImD8B2RLMNsUG5xIb5d7S1r_NIvco,Sticker | Heavygod (Gold) | Cologne 2026,https://steamcommunity.com/market/listings/730/Sticker%20%7C%20Heavygod%20%28Gold%29%20%7C%20Cologne%202026,ok
736,0.0,P4,IGNORE,story (Gold),Player,Gold,Autograph,sticker,story,Flyquest,Flyquest,2724,26.97,2724.0,26.97,Steam,False,0.0,Steam around $26.97,0,Premium,Premium,Medium,2724.0,830.0,4192.0,116,321.31,57,6.0,0.2213,0.0754,0.4217,0.0682,-19.62444933920705,-19.62444933920705,0.7079,0.1585,0.65,0.0,-20% expected | 0.71 demand | 35% below high | 54% upside | +24% vs launch,"lower highs, 2P new low, unscored",No clear edge.,,,,,,,,,0.1,0.0,,,,,https://cs2tokens.com/iem-cologne-2026/items/sticker-story-gold-cologne-2026,https://community.akamai.steamstatic.com/economy/image/i0CoZ81Ui0m-9KwlBY1L_18myuGuq1wfhWSaZgMttyVfPaERSR0Wqmu7LAocGJai0ki7VeTHjMmuOXSQ61MnpNWipUruRiLiipny5B1c4P6qJvU5c6fHXD6Ukb8g6bg8G3iylE136z-Am4ygJ3-WZ1QoDcd1TOMK5BCm0oqw9IRYdJ8,Sticker | story (Gold) | Cologne 2026,https://steamcommunity.com/market/listings/730/Sticker%20%7C%20story%20%28Gold%29%20%7C%20Cologne%202026,ok
737,0.0,P4,IGNORE,felps (Gold),Player,Gold,Autograph,sticker,felps,,,2250,22.28,2250.0,22.28,Steam,False,0.0,Steam around $22.28,0,Premium,Premium,Medium,2250.0,273.0,6360.0,116,321.31,57,6.0,0.3261,0.1086,0.4245,0.0659,-6.508888888888887,-6.508888888888887,0.484,0.0,0.65,0.0,-7% expected | 0.48 demand | 65% below high | 183% upside | +724% vs launch,"lower highs, 2P new low, unscored",No clear edge.,,,,,,,,,0.1,0.0,,,,,https://cs2tokens.com/iem-cologne-2026/items/sticker-felps-gold-cologne-2026,https://community.akamai.steamstatic.com/economy/image/i0CoZ81Ui0m-9KwlBY1L_18myuGuq1wfhWSaZgMttyVfPaERSR0Wqmu7LAocGJai0ki7VeTHjMmuOXSQ61MnpNWipUruRiL3m5rw7h1c4P6qJvI0cqnCCjCVlr4m5rk9TH3ml0104W7Ww9epcH-UaVUpCMchF7NZuhim0oqwi0MSEpk,Sticker | felps (Gold) | Cologne 2026,https://steamcommunity.com/market/listings/730/Sticker%20%7C%20felps%20%28Gold%29%20%7C%20Cologne%202026,ok
738,0.0,P4,IGNORE,nitr0 (Gold),Player,Gold,Autograph,sticker,nitr0,NRG,NRG,1316,13.03,1316.0,13.03,Steam,False,0.0,Steam around $13.03,0,Premium,Premium,Low,1316.0,603.0,2748.0,116,321.31,57,6.0,0.2793,0.0502,0.4,0.0631,-1.202887537993913,-1.202887537993913,0.2289,0.0,0.65,0.0,-1% expected | 0.23 demand | 52% below high | 109% upside | +21% vs launch,"lower highs, 2P new low, unscored",No clear edge.,,,,,,,,,0.1,0.0,,,,,https://cs2tokens.com/iem-cologne-2026/items/sticker-nitr0-gold-cologne-2026,https://community.akamai.steamstatic.com/economy/image/i0CoZ81Ui0m-9KwlBY1L_18myuGuq1wfhWSaZgMttyVfPaERSR0Wqmu7LAocGJai0ki7VeTHjMmuOXSQ61MnpNWipUruRiL_l4Ly8h1c4P6qJv1pdKPGWTLHmewmtrQ-FyqwkU0h4T7Qy9f7eHKVPAMiAsF5F7RYu0Km0oqw1KWcGXo,Sticker | nitr0 (Gold) | Cologne 2026,https://steamcommunity.com/market/listings/730/Sticker%20%7C%20nitr0%20%28Gold%29%20%7C%20Cologne%202026,ok
739,0.0,P4,IGNORE,tN1R (Foil),Player,Foil,Autograph,sticker,tN1R,Team Spirit,Team Spirit,126,1.25,126.0,1.25,Steam,False,0.0,Steam around $1.25,0,Fair,Fair,Medium,126.0,60.0,227.0,116,321.31,59,6.0,0.254,0.0873,0.3579,0.0605,8.801587301587311,8.801587301587311,0.3103,0.0,0.65,0.0,+9% expected | 0.31 demand | 44% below high | 80% upside | -44% vs launch,"lower highs, unscored",2P is cheaper than current Steam but still above Steam's recorded low; wait for a stronger entry.,2.36,1.49,1.49,2.36,58.38926174496643,,-296.48,-88.79999999999998,0.0,0.036,2.0,False,13.63,2.36,https://cs2tokens.com/iem-cologne-2026/items/sticker-tn1r-foil-cologne-2026,https://community.akamai.steamstatic.com/economy/image/i0CoZ81Ui0m-9KwlBY1L_18myuGuq1wfhWSaZgMttyVfPaERSR0Wqmu7LAocGJai0ki7VeTHjMmuOXSQ61MnpNWipUruRiLlkMfywiRU5v7gP6Y1cajECGHGl7hw4OU5HS21lhgmtz7Vyor8IH3FZw4iWZslTOcIsQ74zIMW4_SbOg,Sticker | tN1R (Foil) | Cologne 2026,https://steamcommunity.com/market/listings/730/Sticker%20%7C%20tN1R%20%28Foil%29%20%7C%20Cologne%202026,ok
740,0.0,P4,IGNORE,FL4MUS (Gold),Player,Gold,Autograph,sticker,FL4MUS,BetBoom,BetBoom,2593,25.67,2593.0,25.67,Steam,False,0.0,Steam around $25.67,0,Premium,Premium,Medium,2593.0,440.0,3812.0,116,321.31,57,6.0,0.1935,0.06,0.3656,0.0516,-18.653682992672582,-18.653682992672582,0.7422,0.3052,0.65,0.0,-19% expected | 0.74 demand | 32% below high | 47% upside | +112% vs launch,"lower highs, 2P new low, unscored",No clear edge.,,,,,,,,,0.1,0.0,,,,,https://cs2tokens.com/iem-cologne-2026/items/sticker-fl4mus-gold-cologne-2026,https://community.akamai.steamstatic.com/economy/image/i0CoZ81Ui0m-9KwlBY1L_18myuGuq1wfhWSaZgMttyVfPaERSR0Wqmu7LAocGJai0ki7VeTHjMmuOXSQ61MnpNWipUruRiL3ksLt6DFk6P2ibOo0IqGVXTXAxbohsuMwHCi2wElx4WrdydysdnmXbA50WJYjFrRfs0S-jJS5YL0X8HTn,Sticker | FL4MUS (Gold) | Cologne 2026,https://steamcommunity.com/market/listings/730/Sticker%20%7C%20FL4MUS%20%28Gold%29%20%7C%20Cologne%202026,ok
741,0.0,P4,IGNORE,susp (Gold),Player,Gold,Autograph,sticker,susp,HEROIC,HEROIC,1763,17.45,1763.0,17.45,Steam,False,0.0,Steam around $17.45,0,Premium,Premium,High,1763.0,343.0,4712.0,116,321.31,57,6.0,0.3325,0.0945,0.4583,0.0513,-13.007941009642654,-13.007941009642654,0.4947,0.0,0.65,0.0,-13% expected | 0.49 demand | 63% below high | 167% upside | +414% vs launch,"High crowding, lower highs, 2P new low, unscored",No clear edge.,,,,,,,,,0.1,0.0,,,,,https://cs2tokens.com/iem-cologne-2026/items/sticker-susp-gold-cologne-2026,https://community.akamai.steamstatic.com/economy/image/i0CoZ81Ui0m-9KwlBY1L_18myuGuq1wfhWSaZgMttyVfPaERSR0Wqmu7LAocGJai0ki7VeTHjMmuOXSQ61MnpNWipUruRiLii4XwwiVU4_bgOqdoJqDCD2aVwrdy4bNvGijlzUh-sDnUnN-vdXPCbwRyW8ciFONesA74zIPdb_OW9g,Sticker | susp (Gold) | Cologne 2026,https://steamcommunity.com/market/listings/730/Sticker%20%7C%20susp%20%28Gold%29%20%7C%20Cologne%202026,ok
742,0.0,P4,IGNORE,nota (Gold),Player,Gold,Autograph,sticker,nota,PARIVISION,PARIVISION,1406,13.92,1396.91,13.83,2P,True,0.65,"2P around $13.83, 1% below Steam",0,Premium,Premium,Medium,1406.0,641.0,1786.0,116,321.31,57,6.0,0.1772,0.015,0.3848,0.0475,-9.458748221906122,-8.869542678881647,0.4908,0.0,0.65,0.0,-9% expected | 0.49 demand | 2P 1% below Steam | 22% below high | 28% upside,"lower highs, 2P new low, unscored",2P is cheaper than current Steam but still above Steam's recorded low; wait for a stronger entry.,13.83,,13.83,13.83,,,-117.92659637419982,0.6465517241379299,0.1,0.0254,1.0,True,,,https://cs2tokens.com/iem-cologne-2026/items/sticker-nota-gold-cologne-2026,https://community.akamai.steamstatic.com/economy/image/i0CoZ81Ui0m-9KwlBY1L_18myuGuq1wfhWSaZgMttyVfPaERSR0Wqmu7LAocGJai0ki7VeTHjMmuOXSQ61MnpNWipUruRiL_kYLhwiVU4_bgPfZpeaHECGHEwL8v5rhqG3y3zB92sjvRz9qvdXuRaVcjCcEmQeFf4w74zIOcGOAk8Q,Sticker | nota (Gold) | Cologne 2026,https://steamcommunity.com/market/listings/730/Sticker%20%7C%20nota%20%28Gold%29%20%7C%20Cologne%202026,ok
743,0.0,P4,IGNORE,dem0n (Gold),Player,Gold,Autograph,sticker,dem0n,,,1769,17.51,1734.65,17.17,2P,True,1.94,"2P around $17.17, 2% below Steam",0,Premium,Premium,Low,1769.0,756.0,2959.0,116,321.31,57,6.0,0.2307,0.0336,0.3528,0.0418,13.65969474279254,15.910381767402292,0.2512,0.0,0.65,0.0,+16% expected | 0.25 demand | 2P 2% below Steam | 41% below high | 71% upside,"lower highs, 2P new low, unscored",2P is cheaper than current Steam but still above Steam's recorded low; wait for a stronger entry.,17.17,,17.17,17.17,,,-129.45112241228748,1.941747572815533,0.1,0.0258,1.0,True,,,https://cs2tokens.com/iem-cologne-2026/items/sticker-dem0n-gold-cologne-2026,https://community.akamai.steamstatic.com/economy/image/i0CoZ81Ui0m-9KwlBY1L_18myuGuq1wfhWSaZgMttyVfPaERSR0Wqmu7LAocGJai0ki7VeTHjMmuOXSQ61MnpNWipUruRiL1m5uw8x1c4P6qJvJvIamXCjHJkuov4ORsTCixwR9-sG7Syd-hcniQagMjCpEmFrVZu0Om0oqw0oBT6PE,Sticker | dem0n (Gold) | Cologne 2026,https://steamcommunity.com/market/listings/730/Sticker%20%7C%20dem0n%20%28Gold%29%20%7C%20Cologne%202026,ok
744,0.0,P4,IGNORE,n1ssim (Gold),Player,Gold,Autograph,sticker,n1ssim,Legacy,Legacy,1625,16.09,1625.0,16.09,Steam,False,0.0,Steam around $16.09,0,Premium,Premium,Medium,1625.0,203.0,2884.0,116,321.31,57,6.0,0.241,0.0473,0.3702,0.0321,-13.472000000000008,-13.472000000000008,0.5616,0.1651,0.65,0.0,-13% expected | 0.56 demand | 44% below high | 77% upside | +700% vs launch,"lower highs, 2P new low, unscored",No clear edge.,,,,,,,,,0.1,0.0,,,,,https://cs2tokens.com/iem-cologne-2026/items/sticker-n1ssim-gold-cologne-2026,https://community.akamai.steamstatic.com/economy/image/i0CoZ81Ui0m-9KwlBY1L_18myuGuq1wfhWSaZgMttyVfPaERSR0Wqmu7LAocGJai0ki7VeTHjMmuOXSQ61MnpNWipUruRiL_z4Xz9C9k6P2ibOprePKXWTbFwu0k4OM_GH23lE4isjzQz4v8JXKVbAdxX8NyFuZZ4BfrjJS5YIxUma_o,Sticker | n1ssim (Gold) | Cologne 2026,https://steamcommunity.com/market/listings/730/Sticker%20%7C%20n1ssim%20%28Gold%29%20%7C%20Cologne%202026,ok
745,0.0,P4,IGNORE,kyxsan (Gold),Player,Gold,Autograph,sticker,kyxsan,Falcons,Falcons,3519,34.84,3519.0,34.84,Steam,False,0.0,Steam around $34.84,0,Premium,Premium,High,3519.0,1525.0,12915.0,116,321.31,57,6.0,0.379,0.0946,0.5857,0.03,7.69337880079568,7.69337880079568,0.2898,0.0,0.65,0.0,+8% expected | 0.29 demand | 73% below high | 267% upside | +28% vs launch,"High crowding, lower highs, 2P new low, unscored",No clear edge.,,,,,,,,,0.1,0.0,,,,,https://cs2tokens.com/iem-cologne-2026/items/sticker-kyxsan-gold-cologne-2026,https://community.akamai.steamstatic.com/economy/image/i0CoZ81Ui0m-9KwlBY1L_18myuGuq1wfhWSaZgMttyVfPaERSR0Wqmu7LAocGJai0ki7VeTHjMmuOXSQ61MnpNWipUruRiL6h47z_Cxk6P2ibOo1efHKCjDCmL0vtLM6TXrrwBwl6z7Tzdz_cS6Vb1AmXpJ5FLQOuhm6jJS5YJO-nRHI,Sticker | kyxsan (Gold) | Cologne 2026,https://steamcommunity.com/market/listings/730/Sticker%20%7C%20kyxsan%20%28Gold%29%20%7C%20Cologne%202026,ok
746,0.0,P4,IGNORE,Chr1zN (Gold),Player,Gold,Autograph,sticker,Chr1zN,HEROIC,HEROIC,2644,26.18,2644.0,26.18,Steam,False,0.0,Steam around $26.18,0,Premium,Premium,Medium,2644.0,179.0,6428.0,116,321.31,57,6.0,0.2891,0.076,0.3976,0.0266,-26.173222390317697,-26.173222390317697,0.5049,0.0,0.65,0.0,-26% expected | 0.50 demand | 59% below high | 143% upside | +1377% vs launch,"lower highs, 2P new low, unscored",No clear edge.,,,,,,,,,0.1,0.0,,,,,https://cs2tokens.com/iem-cologne-2026/items/sticker-chr1zn-gold-cologne-2026,https://community.akamai.steamstatic.com/economy/image/i0CoZ81Ui0m-9KwlBY1L_18myuGuq1wfhWSaZgMttyVfPaERSR0Wqmu7LAocGJai0ki7VeTHjMmuOXSQ61MnpNWipUruRiLyloSx5yxk6P2ibOo8IqTHCjHDme8k47c4TH62kB9w4mzdwtihJXPFZwZ2X5UmQrJYsxm8jJS5YHA3bmdg,Sticker | Chr1zN (Gold) | Cologne 2026,https://steamcommunity.com/market/listings/730/Sticker%20%7C%20Chr1zN%20%28Gold%29%20%7C%20Cologne%202026,ok
747,0.0,P4,IGNORE,SINNERS (Foil),Team,Foil,Team,sticker,,,,458,4.53,419.58,4.15,2P,True,8.39,"2P around $4.15, 8% below Steam",0,Fair,Fair,Medium,458.0,265.0,597.0,116,321.31,60,6.0,0.2121,0.0325,0.2251,0.0226,-7.908296943231452,0.5241963487136347,0.2903,0.0,0.65,0.0,+1% expected | 0.29 demand | 2P 8% below Steam | 30% below high | 42% upside,"lower highs, 2P new low, unscored",2P is cheaper than current Steam but still above Steam's recorded low; wait for a stronger entry.,4.15,,4.15,4.15,,,-58.33229205714525,8.388520971302425,0.1,0.0279,1.0,True,,,https://cs2tokens.com/iem-cologne-2026/items/sticker-sinners-foil-cologne-2026,https://community.akamai.steamstatic.com/economy/image/i0CoZ81Ui0m-9KwlBY1L_18myuGuq1wfhWSaZgMttyVfPaERSR0Wqmu7LAocGJai0ki7VeTHjMmuOXSQ61MnpNWipUruTxPOmJnp8WwDtvSsP6U6dqmXDz_Ckb5w4-Q5Ti3izB4i4m3dnomhdnOQaAAhDsdyW6dU5ZHYt0jI,Sticker | SINNERS (Foil) | Cologne 2026,https://steamcommunity.com/market/listings/730/Sticker%20%7C%20SINNERS%20%28Foil%29%20%7C%20Cologne%202026,ok
748,0.0,P4,IGNORE,blameF (Gold),Player,Gold,Autograph,sticker,blameF,BIG,BIG,3044,30.14,3044.0,30.14,Steam,False,0.0,Steam around $30.14,0,Premium,Premium,High,3044.0,1168.0,5066.0,116,321.31,57,6.0,0.2377,0.0467,0.4145,0.0186,6.816688567674123,6.816688567674123,0.4812,0.0583,0.65,0.0,+7% expected | 0.48 demand | 40% below high | 66% upside | -30% vs launch,"High crowding, lower highs, 2P new low, unscored",No clear edge.,,,,,,,,,0.1,0.0,,,,,https://cs2tokens.com/iem-cologne-2026/items/sticker-blamef-gold-cologne-2026,https://community.akamai.steamstatic.com/economy/image/i0CoZ81Ui0m-9KwlBY1L_18myuGuq1wfhWSaZgMttyVfPaERSR0Wqmu7LAocGJai0ki7VeTHjMmuOXSQ61MnpNWipUruRiLzkpft-CRk6P2ibOo9JPLKCmXAk-si5OI_Gy2wwx904TyEwov8dnvEagZxW8MiQeZbuhS7jJS5YCZYmRnT,Sticker | blameF (Gold) | Cologne 2026,https://steamcommunity.com/market/listings/730/Sticker%20%7C%20blameF%20%28Gold%29%20%7C%20Cologne%202026,ok
749,0.0,P4,IGNORE,woxic (Gold),Player,Gold,Autograph,sticker,woxic,Aurora,Aurora,2799,27.71,2799.0,27.71,Steam,False,0.0,Steam around $27.71,0,Premium,Premium,Low,2799.0,1039.0,3622.0,116,321.31,57,6.0,0.1351,0.0302,0.445,0.0183,-22.36298678099321,-22.36298678099321,0.4599,0.0,0.65,0.0,-22% expected | 0.46 demand | 23% below high | 29% upside | +169% vs launch,"lower highs, 2P new low, unscored",No clear edge.,,,,,,,,,0.1,0.0,,,,,https://cs2tokens.com/iem-cologne-2026/items/sticker-woxic-gold-cologne-2026,https://community.akamai.steamstatic.com/economy/image/i0CoZ81Ui0m-9KwlBY1L_18myuGuq1wfhWSaZgMttyVfPaERSR0Wqmu7LAocGJai0ki7VeTHjMmuOXSQ61MnpNWipUruRiLmkY7p_h1c4P6qJvFvcqXBWjbJk-0m6eRtHi-ywUl04mvRzNardi6WOlcnC5YkQLEDtROm0oqwCSzeWNI,Sticker | woxic (Gold) | Cologne 2026,https://steamcommunity.com/market/listings/730/Sticker%20%7C%20woxic%20%28Gold%29%20%7C%20Cologne%202026,ok
750,0.0,P4,IGNORE,Tauson (Gold),Player,Gold,Autograph,sticker,Tauson,GamerLegion,GamerLegion,1820,18.02,1618.0,16.02,2P,True,11.1,"2P around $16.02, 11% below Steam",0,Premium,Premium,Medium,1820.0,662.0,4089.0,116,321.31,57,6.0,0.3188,0.0378,0.4227,0.0179,-0.9692307692307778,11.394161144722936,0.2559,0.0,0.65,0.0,+11% expected | 0.26 demand | 2P 11% below Steam | 60% below high | 153% upside,"lower highs, 2P new low, unscored",2P is cheaper than current Steam but still above Steam's recorded low; wait for a stronger entry.,16.02,,16.02,16.02,,,-144.4112114434784,11.098779134295228,0.1,0.0288,1.0,True,,,https://cs2tokens.com/iem-cologne-2026/items/sticker-tauson-gold-cologne-2026,https://community.akamai.steamstatic.com/economy/image/i0CoZ81Ui0m-9KwlBY1L_18myuGuq1wfhWSaZgMttyVfPaERSR0Wqmu7LAocGJai0ki7VeTHjMmuOXSQ61MnpNWipUruRiLln4Pz8ixk6P2ibOo-I6TCV2LCx-wv4uI8SXGwxklxsTzVn9j9cSqUaAN2D5ImTeIDuhi4jJS5YA0Heu90,Sticker | Tauson (Gold) | Cologne 2026,https://steamcommunity.com/market/listings/730/Sticker%20%7C%20Tauson%20%28Gold%29%20%7C%20Cologne%202026,ok
751,0.0,P4,IGNORE,Gaimin Gladiators (Gold),Team,Gold,Team,sticker,,,,45556,451.0,45556.0,451.0,Steam,False,0.0,Steam around $451.00,0,Premium,Premium,High,45556.0,1541.0,66104.0,116,321.31,57,6.0,0.1744,0.0336,0.3815,0.0157,-48.58266748617086,-48.58266748617086,0.7812,0.2054,0.65,0.0,-49% expected | 0.78 demand | 31% below high | 45% upside | +2856% vs launch,"High crowding, lower highs, 2P new low, unscored",No clear edge.,,,,,,,,,0.1,0.0,,,,,https://cs2tokens.com/iem-cologne-2026/items/sticker-gaimin-gladiators-gold-cologne-2026,https://community.akamai.steamstatic.com/economy/image/i0CoZ81Ui0m-9KwlBY1L_18myuGuq1wfhWSaZgMttyVfPaERSR0Wqmu7LAocGJai0ki7VeTHjMmuOXSQ61MnpNWipV7mSBDOmZns-WwP6fb7a_doePOXXWKUx78i6bVvFyvnx093tWnWzd_7JHyXbA5yD5sjW6dU5c2EPYOU,Sticker | Gaimin Gladiators (Gold) | Cologne 2026,https://steamcommunity.com/market/listings/730/Sticker%20%7C%20Gaimin%20Gladiators%20%28Gold%29%20%7C%20Cologne%202026,ok
752,0.0,P4,IGNORE,gr1ks (Gold),Player,Gold,Autograph,sticker,gr1ks,BIG,BIG,3408,33.74,3408.0,33.74,Steam,False,0.0,Steam around $33.74,0,Premium,Premium,Low,3408.0,860.0,4589.0,116,321.31,57,6.0,0.1321,0.0315,0.3359,0.0097,-26.332159624413144,-26.332159624413144,0.5292,0.0642,0.65,0.0,-26% expected | 0.53 demand | 26% below high | 35% upside | +29% vs launch,"lower highs, 2P new low, unscored",No clear edge.,,,,,,,,,0.1,0.0,,,,,https://cs2tokens.com/iem-cologne-2026/items/sticker-gr1ks-gold-cologne-2026,https://community.akamai.steamstatic.com/economy/image/i0CoZ81Ui0m-9KwlBY1L_18myuGuq1wfhWSaZgMttyVfPaERSR0Wqmu7LAocGJai0ki7VeTHjMmuOXSQ61MnpNWipUruRiL2jMfr7h1c4P6qJvI-JKeWWTSRkL4jsbU4HCvlkUp-5W7Vw9j9dXueaQJyD5QmQ-Rc4RCm0oqw4j3vuKY,Sticker | gr1ks (Gold) | Cologne 2026,https://steamcommunity.com/market/listings/730/Sticker%20%7C%20gr1ks%20%28Gold%29%20%7C%20Cologne%202026,ok
753,0.0,P4,IGNORE,maxxkor (Gold),Player,Gold,Autograph,sticker,maxxkor,Sharks Esports,Sharks Esports,3261,32.28,3261.0,32.28,Steam,False,0.0,Steam around $32.28,0,Premium,Premium,Medium,3261.0,566.0,7345.0,116,321.31,57,6.0,0.274,0.0706,0.4268,0.0096,-27.361238883777983,-27.361238883777983,0.5129,0.0,0.65,0.0,-27% expected | 0.51 demand | 56% below high | 125% upside | +292% vs launch,"lower highs, 2P new low, unscored",No clear edge.,,,,,,,,,0.1,0.0,,,,,https://cs2tokens.com/iem-cologne-2026/items/sticker-maxxkor-gold-cologne-2026,https://community.akamai.steamstatic.com/economy/image/i0CoZ81Ui0m-9KwlBY1L_18myuGuq1wfhWSaZgMttyVfPaERSR0Wqmu7LAocGJai0ki7VeTHjMmuOXSQ61MnpNWipUruRiL8n4749i1J0PWhZKAjI6eWWGPFkLwh5LMwTnriwUR3sm2GyIqgd3LEOA5yXMF2ROMNtRS-xMqnab2eSzXaRg,Sticker | maxxkor (Gold) | Cologne 2026,https://steamcommunity.com/market/listings/730/Sticker%20%7C%20maxxkor%20%28Gold%29%20%7C%20Cologne%202026,ok
754,0.0,P4,IGNORE,s1n (Gold),Player,Gold,Autograph,sticker,s1n,M80,M80,6802,67.34,6802.0,67.34,Steam,False,0.0,Steam around $67.34,0,Premium,Premium,High,6802.0,852.0,12664.0,116,321.31,57,6.0,0.2426,0.0659,0.4724,0.0091,-36.80520435166127,-36.80520435166127,0.7171,0.1801,0.65,0.0,-37% expected | 0.72 demand | 46% below high | 86% upside | +313% vs launch,"High crowding, lower highs, 2P new low, unscored",No clear edge.,,,,,,,,,0.1,0.0,,,,,https://cs2tokens.com/iem-cologne-2026/items/sticker-s1n-gold-cologne-2026,https://community.akamai.steamstatic.com/economy/image/i0CoZ81Ui0m-9KwlBY1L_18myuGuq1wfhWSaZgMttyVfPaERSR0Wqmu7LAocGJai0ki7VeTHjMmuOXSQ61MnpNWipUruRiLiz5jf-i1X67z3OaI6cPWVXzWRxexz5LcxSny1zUwk42rczt74cXrEPFd0W5EjRLVZrFDmxRCyiSSk,Sticker | s1n (Gold) | Cologne 2026,https://steamcommunity.com/market/listings/730/Sticker%20%7C%20s1n%20%28Gold%29%20%7C%20Cologne%202026,ok
755,0.0,P4,IGNORE,Zero (Foil),Player,Foil,Autograph,sticker,Zero,TYLOO,TYLOO,149,1.48,149.0,1.48,Steam,False,0.0,Steam around $1.48,0,Fair,Fair,Medium,149.0,60.0,190.0,116,321.31,60,6.0,0.1231,0.0213,0.2262,0.008,-4.067114093959734,-4.067114093959734,0.5128,0.0986,0.65,0.0,-4% expected | 0.51 demand | 22% below high | 28% upside | -20% vs launch,"lower highs, 2P new low, unscored",No clear edge.,,,,,,,,,0.1,0.0,,,,,https://cs2tokens.com/iem-cologne-2026/items/sticker-zero-foil-cologne-2026,https://community.akamai.steamstatic.com/economy/image/i0CoZ81Ui0m-9KwlBY1L_18myuGuq1wfhWSaZgMttyVfPaERSR0Wqmu7LAocGJai0ki7VeTHjMmuOXSQ61MnpNWipUruRiLrm4Tv_ixk6f2nZOo7caHBXjeRx7cjtuBsGSuwwEx2sGvRn42veCnFZgAhXpp4QeAIukbtjJS5YGgM07qb,Sticker | Zero (Foil) | Cologne 2026,https://steamcommunity.com/market/listings/730/Sticker%20%7C%20Zero%20%28Foil%29%20%7C%20Cologne%202026,ok
756,0.0,P4,IGNORE,jks (Gold),Player,Gold,Autograph,sticker,jks,Flyquest,Flyquest,4351,43.07,4351.0,43.07,Steam,False,0.0,Steam around $43.07,0,Premium,Premium,Low,4351.0,1955.0,8366.0,116,321.31,57,6.0,0.2273,0.0387,0.3765,0.0035,-15.1569754079522,-15.1569754079522,0.3636,0.0,0.65,0.0,-15% expected | 0.36 demand | 48% below high | 92% upside | +106% vs launch,"lower highs, falling demand, 2P new low, unscored",No clear edge.,,,,,,,,,0.1,0.0,,,,,https://cs2tokens.com/iem-cologne-2026/items/sticker-jks-gold-cologne-2026,https://community.akamai.steamstatic.com/economy/image/i0CoZ81Ui0m-9KwlBY1L_18myuGuq1wfhWSaZgMttyVfPaERSR0Wqmu7LAocGJai0ki7VeTHjMmuOXSQ61MnpNWipUruRiL7lYXf-i1X67yqPPFpdfORX2TGkesgteA4HSyxwE8j5mnWydj_Iy7FPAUiXsd4QrMJrFDmxS8gKCtD,Sticker | jks (Gold) | Cologne 2026,https://steamcommunity.com/market/listings/730/Sticker%20%7C%20jks%20%28Gold%29%20%7C%20Cologne%202026,ok
757,0.0,P4,IGNORE,w0nderful (Gold),Player,Gold,Autograph,sticker,w0nderful,Natus Vincere,Natus Vincere,6641,65.75,6641.0,65.75,Steam,False,0.0,Steam around $65.75,0,Premium,Premium,High,6641.0,3290.0,16937.0,116,321.31,57,6.0,0.3185,0.053,0.4055,0.0001,5.848817949104057,5.848817949104057,0.3402,0.0,0.65,0.0,+6% expected | 0.34 demand | 61% below high | 155% upside | -24% vs launch,"High crowding, lower highs, 2P new low, unscored",No clear edge.,,,,,,,,,0.1,0.0,,,,,https://cs2tokens.com/iem-cologne-2026/items/sticker-w0nderful-gold-cologne-2026,https://community.akamai.steamstatic.com/economy/image/i0CoZ81Ui0m-9KwlBY1L_18myuGuq1wfhWSaZgMttyVfPaERSR0Wqmu7LAocGJai0ki7VeTHjMmuOXSQ61MnpNWipUruRiLmzpjk-DBd-v6Rb6thJL7KVmHFmexw6Lk-TXiywRh0tj-Gz9_4eX_EZgUmDJMhFOZe40LtlYLmKaq8sJdzpFQP,Sticker | w0nderful (Gold) | Cologne 2026,https://steamcommunity.com/market/listings/730/Sticker%20%7C%20w0nderful%20%28Gold%29%20%7C%20Cologne%202026,ok
758,0.0,P4,IGNORE,gafolo (Gold),Player,Gold,Autograph,sticker,gafolo,Sharks Esports,Sharks Esports,4128,40.87,4128.0,40.87,Steam,False,0.0,Steam around $40.87,0,Premium,Premium,High,4128.0,444.0,10230.0,116,321.31,57,6.0,0.285,0.0596,0.4387,0.0,-31.59011627906977,-31.59011627906977,0.5207,0.0,0.65,0.0,-32% expected | 0.52 demand | 60% below high | 148% upside | +830% vs launch,"High crowding, lower highs, 2P new low, unscored",No clear edge.,,,,,,,,,0.1,0.0,,,,,https://cs2tokens.com/iem-cologne-2026/items/sticker-gafolo-gold-cologne-2026,https://community.akamai.steamstatic.com/economy/image/i0CoZ81Ui0m-9KwlBY1L_18myuGuq1wfhWSaZgMttyVfPaERSR0Wqmu7LAocGJai0ki7VeTHjMmuOXSQ61MnpNWipUruRiL2n5Dv8S1k6P2ibOo9IvPCXzHIlO0nsuc6Fyqwlhx1sDnSm4uqJCiRZg4iCJNyF7YJsRO6jJS5YALZyzA9,Sticker | gafolo (Gold) | Cologne 2026,https://steamcommunity.com/market/listings/730/Sticker%20%7C%20gafolo%20%28Gold%29%20%7C%20Cologne%202026,ok
759,0.0,P4,IGNORE,JOTA (Gold),Player,Gold,Autograph,sticker,JOTA,,,4081,40.4,4081.0,40.4,Steam,False,0.0,Steam around $40.40,0,Premium,Premium,High,4081.0,387.0,10908.0,116,321.31,57,6.0,0.2996,0.0596,0.4172,0.0,-29.62950257289879,-29.62950257289879,0.5371,0.0,0.65,0.0,-30% expected | 0.54 demand | 63% below high | 167% upside | +486% vs launch,"High crowding, lower highs, 2P new low, unscored",No clear edge.,,,,,,,,,0.1,0.0,,,,,https://cs2tokens.com/iem-cologne-2026/items/sticker-jota-gold-cologne-2026,https://community.akamai.steamstatic.com/economy/image/i0CoZ81Ui0m-9KwlBY1L_18myuGuq1wfhWSaZgMttyVfPaERSR0Wqmu7LAocGJai0ki7VeTHjMmuOXSQ61MnpNWipUruRiL7kYLhwiVU4_bgPaU7eaeVXGSVlL1y5bMwTHvmwkV35WzUw9n7J3qSZwckDJZ3RONZ5w74zINp_CJd5A,Sticker | JOTA (Gold) | Cologne 2026,https://steamcommunity.com/market/listings/730/Sticker%20%7C%20JOTA%20%28Gold%29%20%7C%20Cologne%202026,ok
760,0.0,P4,IGNORE,rdnzao (Gold),Player,Gold,Autograph,sticker,rdnzao,Sharks Esports,Sharks Esports,4612,45.66,4612.0,45.66,Steam,False,0.0,Steam around $45.66,0,Premium,Premium,High,4612.0,619.0,11158.0,116,321.31,57,6.0,0.2812,0.0565,0.4411,0.0,-33.928664353859496,-33.928664353859496,0.5354,0.0,0.65,0.0,-34% expected | 0.54 demand | 59% below high | 142% upside | +314% vs launch,"High crowding, lower highs, 2P new low, unscored",No clear edge.,,,,,,,,,0.1,0.0,,,,,https://cs2tokens.com/iem-cologne-2026/items/sticker-rdnzao-gold-cologne-2026,https://community.akamai.steamstatic.com/economy/image/i0CoZ81Ui0m-9KwlBY1L_18myuGuq1wfhWSaZgMttyVfPaERSR0Wqmu7LAocGJai0ki7VeTHjMmuOXSQ61MnpNWipUruRiLjmpj6_C1k6P2ibOpoJPbADWWSmLZ05eU9S3i3zRh2smqGz96pcHmRPA4pWJZ3RuQIsBa7jJS5YEuPdCI7,Sticker | rdnzao (Gold) | Cologne 2026,https://steamcommunity.com/market/listings/730/Sticker%20%7C%20rdnzao%20%28Gold%29%20%7C%20Cologne%202026,ok
761,0.0,P4,IGNORE,Snax (Gold),Player,Gold,Autograph,sticker,Snax,GamerLegion,GamerLegion,16152,159.9,16152.0,159.9,Steam,False,0.0,Steam around $159.90,0,Premium,Premium,Medium,16152.0,1803.0,28096.0,116,321.31,57,6.0,0.1911,0.0468,0.4167,0.0,-23.93864536899455,-23.93864536899455,0.5083,0.0,0.65,0.0,-24% expected | 0.51 demand | 43% below high | 74% upside | +796% vs launch,"lower highs, 2P new low, unscored",No clear edge.,,,,,,,,,0.1,0.0,,,,,https://cs2tokens.com/iem-cologne-2026/items/sticker-snax-gold-cologne-2026,https://community.akamai.steamstatic.com/economy/image/i0CoZ81Ui0m-9KwlBY1L_18myuGuq1wfhWSaZgMttyVfPaERSR0Wqmu7LAocGJai0ki7VeTHjMmuOXSQ61MnpNWipUruRiLikJf4wiVU4_bgOaZodvHFXTXClu8h6eI4G3Cxlk9xtznUno2pcC-UbgB0W8ZyQeJYsA74zIPldfmnlw,Sticker | Snax (Gold) | Cologne 2026,https://steamcommunity.com/market/listings/730/Sticker%20%7C%20Snax%20%28Gold%29%20%7C%20Cologne%202026,ok
762,0.0,P4,IGNORE,oSee (Gold),Player,Gold,Autograph,sticker,oSee,NRG,NRG,2359,23.35,2359.0,23.35,Steam,False,0.0,Steam around $23.35,0,Premium,Premium,Medium,2359.0,687.0,4323.0,116,321.31,57,6.0,0.2194,0.0403,0.4698,0.0,-19.61127596439169,-19.61127596439169,0.2623,0.0,0.65,0.0,-20% expected | 0.26 demand | 45% below high | 83% upside | +23% vs launch,"lower highs, 2P new low, unscored",No clear edge.,,,,,,,,,0.1,0.0,,,,,https://cs2tokens.com/iem-cologne-2026/items/sticker-osee-gold-cologne-2026,https://community.akamai.steamstatic.com/economy/image/i0CoZ81Ui0m-9KwlBY1L_18myuGuq1wfhWSaZgMttyVfPaERSR0Wqmu7LAocGJai0ki7VeTHjMmuOXSQ61MnpNWipUruRiL-jZPlwiVU4_bgPvc5JKeQDDTDl78jtOc6TS3hxU90tmyHn9msIC2TalUhX8QlFO4N5A74zIM2Psv40w,Sticker | oSee (Gold) | Cologne 2026,https://steamcommunity.com/market/listings/730/Sticker%20%7C%20oSee%20%28Gold%29%20%7C%20Cologne%202026,ok
763,0.0,P4,IGNORE,alex666 (Foil),Player,Foil,Autograph,sticker,alex666,B8,B8,90,0.89,90.0,0.89,Steam,False,0.0,Steam around $0.89,0,Cheap,Cheap,High,90.0,20.0,122.0,116,321.31,62,6.0,0.1207,0.0192,0.3808,0.0,-25.0,-25.0,0.386,0.0,0.65,0.0,-25% expected | 0.39 demand | 26% below high | 36% upside | -26% vs launch,"High crowding, lower highs, 2P new low, unscored",2P is cheaper than current Steam but still above Steam's recorded low; wait for a stronger entry.,38.0,,38.0,38.0,,,-19113.48314606741,-4169.662921348314,0.1,0.0252,1.0,True,38.0,,https://cs2tokens.com/iem-cologne-2026/items/sticker-alex666-foil-cologne-2026,https://community.akamai.steamstatic.com/economy/image/i0CoZ81Ui0m-9KwlBY1L_18myuGuq1wfhWSaZgMttyVfPaERSR0Wqmu7LAocGJai0ki7VeTHjMmuOXSQ61MnpNWipUruRiLwkpP4q3QN0PShYagjIqDKCjbGmO8j5Lk6TCqwkRh0sWTcwtuqIH-UOwciD5R5R-Zfuxa5wMqnab0FiIM-UA,Sticker | alex666 (Foil) | Cologne 2026,https://steamcommunity.com/market/listings/730/Sticker%20%7C%20alex666%20%28Foil%29%20%7C%20Cologne%202026,ok
764,0.0,P4,IGNORE,BetBoom (Gold),Team,Gold,Team,sticker,,BetBoom,BetBoom,57926,573.47,57926.0,573.47,Steam,False,0.0,Steam around $573.47,0,Premium,Premium,High,57926.0,945.0,80361.0,116,321.31,57,6.0,0.1409,0.0006,0.3196,0.0,-49.66736871180471,-49.66736871180471,0.7396,0.1282,0.65,0.0,-50% expected | 0.74 demand | 28% below high | 39% upside | +6030% vs launch,"High crowding, lower highs, near range high, 2P new low, unscored",No clear edge.,,,,,,,,,0.1,0.0,,,,,https://cs2tokens.com/iem-cologne-2026/items/sticker-betboom-gold-cologne-2026,https://community.akamai.steamstatic.com/economy/image/i0CoZ81Ui0m-9KwlBY1L_18myuGuq1wfhWSaZgMttyVfPaERSR0Wqmu7LAocGJai0ki7VeTHjMmuOXSQ61MnpNWipVvlfhr-kpKu-SBduKWobaE8JvHCD2GRmO136bk8THDjkB914Dndydmoc3qTOgZ2W4wwG7AYenAR2Q,Sticker | BetBoom (Gold) | Cologne 2026,https://steamcommunity.com/market/listings/730/Sticker%20%7C%20BetBoom%20%28Gold%29%20%7C%20Cologne%202026,ok
765,0.0,P4,IGNORE,NiKo,Player,Paper,Autograph,sticker,NiKo,Falcons,Falcons,93,0.92,93.0,0.92,Steam,False,0.0,Steam around $0.92,0,Fair,Fair,Medium,93.0,49.0,108.0,116,321.31,61,6.0,0.0645,0.0,0.182,0.0,-6.010752688172049,-6.010752688172049,0.2725,0.0,0.65,0.0,-6% expected | 0.27 demand | 14% below high | 16% upside | +24% vs launch,"lower highs, near range high, 2P new low, unscored",No clear edge.,,,,,,,,,0.1,0.0,,,,,https://cs2tokens.com/iem-cologne-2026/items/sticker-niko-cologne-2026,https://community.akamai.steamstatic.com/economy/image/i0CoZ81Ui0m-9KwlBY1L_18myuGuq1wfhWSaZgMttyVfPaERSR0Wqmu7LAocGJai0ki7VeTHjMmuOXSQ61MnpNWipUruRiL_l53vsyEKuKD-PvA1cvKSXjbFmegm5blsSnzkwxh262XSmNv6cXiQb1NzCJtuBbldSXxHXtA,Sticker | NiKo | Cologne 2026,https://steamcommunity.com/market/listings/730/Sticker%20%7C%20NiKo%20%7C%20Cologne%202026,ok
766,0.0,P4,IGNORE,nettik (Gold),Player,Gold,Autograph,sticker,nettik,Flyquest,Flyquest,2619,25.93,2619.0,25.93,Steam,False,0.0,Steam around $25.93,0,Premium,Premium,Medium,2619.0,572.0,3952.0,116,321.31,57,6.0,0.1428,0.0,0.3984,0.0,-26.557464681176025,-26.557464681176025,0.2892,0.0,0.65,0.0,-27% expected | 0.29 demand | 34% below high | 51% upside | +64% vs launch,"lower highs, 2P new low, unscored",No clear edge.,,,,,,,,,0.1,0.0,,,,,https://cs2tokens.com/iem-cologne-2026/items/sticker-nettik-gold-cologne-2026,https://community.akamai.steamstatic.com/economy/image/i0CoZ81Ui0m-9KwlBY1L_18myuGuq1wfhWSaZgMttyVfPaERSR0Wqmu7LAocGJai0ki7VeTHjMmuOXSQ61MnpNWipUruRiL_m4L09Clk6P2ibOo9dqfDWTDAwLwm6bdqTijkxk91smzUw9r8Ii2TZwd0CJB4Ee8Puka6jJS5YImfNjPl,Sticker | nettik (Gold) | Cologne 2026,https://steamcommunity.com/market/listings/730/Sticker%20%7C%20nettik%20%28Gold%29%20%7C%20Cologne%202026,ok
767,0.0,P4,IGNORE,Team Liquid (Gold),Team,Gold,Team,sticker,,Team Liquid,Team Liquid,78445,776.61,78445.0,776.61,Steam,False,0.0,Steam around $776.61,0,Premium,Premium,High,78445.0,2379.0,116802.0,116,321.31,57,6.0,0.1345,0.0,0.2971,0.0,-50.35998470265791,-50.35998470265791,0.5716,0.0,0.65,0.0,-50% expected | 0.57 demand | 33% below high | 49% upside | +3197% vs launch,"High crowding, lower highs, 2P new low, unscored",No clear edge.,,,,,,,,,0.1,0.0,,,,,https://cs2tokens.com/iem-cologne-2026/items/sticker-team-liquid-gold-cologne-2026,https://community.akamai.steamstatic.com/economy/image/i0CoZ81Ui0m-9KwlBY1L_18myuGuq1wfhWSaZgMttyVfPaERSR0Wqmu7LAocGJai0ki7VeTHjMmuOXSQ61MnpNWipVXuUCL2kZrks3oJuveoMaE8dPKQVjPGk7Z34rExSXjlkU8msD-Hmdj9dXiTbFNxX8NuBbldDo9_ocQ,Sticker | Team Liquid (Gold) | Cologne 2026,https://steamcommunity.com/market/listings/730/Sticker%20%7C%20Team%20Liquid%20%28Gold%29%20%7C%20Cologne%202026,ok
768,0.0,P4,IGNORE,THUNDERdOWNUNDER (Gold),Team,Gold,Team,sticker,,,,66490,658.25,66490.0,658.25,Steam,False,0.0,Steam around $658.25,0,Premium,Premium,Medium,66490.0,3383.0,120033.0,116,321.31,57,6.0,0.1499,0.0,0.3847,0.0,-50.0216273123778,-50.0216273123778,0.3289,0.0,0.65,0.0,-50% expected | 0.33 demand | 45% below high | 81% upside | +1596% vs launch,"lower highs, 2P new low, unscored",No clear edge.,,,,,,,,,0.1,0.0,,,,,https://cs2tokens.com/iem-cologne-2026/items/sticker-thunderdownunder-gold-cologne-2026,https://community.akamai.steamstatic.com/economy/image/i0CoZ81Ui0m-9KwlBY1L_18myuGuq1wfhWSaZgMttyVfPaERSR0Wqmu7LAocGJai0ki7VeTHjMmuOXSQ61MnpNWipU3vVBPOmZns-WwKuvD_PvZvdqPGCzLDxOp15OdqSy_kx0124m_Xn4n8cniROlAkX8AjW6dU5cW6LuAZ,Sticker | THUNDERdOWNUNDER (Gold) | Cologne 2026,https://steamcommunity.com/market/listings/730/Sticker%20%7C%20THUNDERdOWNUNDER%20%28Gold%29%20%7C%20Cologne%202026,ok
769,0.0,P4,IGNORE,vexite (Gold),Player,Gold,Autograph,sticker,vexite,Flyquest,Flyquest,2467,24.42,2467.0,24.42,Steam,False,0.0,Steam around $24.42,0,Premium,Premium,Medium,2467.0,555.0,3292.0,116,321.31,57,6.0,0.1069,0.0,0.4125,0.0,-25.111471422780703,-25.111471422780703,0.3128,0.0,0.65,0.0,-25% expected | 0.31 demand | 25% below high | 33% upside | +42% vs launch,"lower highs, 2P new low, unscored",No clear edge.,,,,,,,,,0.1,0.0,,,,,https://cs2tokens.com/iem-cologne-2026/items/sticker-vexite-gold-cologne-2026,https://community.akamai.steamstatic.com/economy/image/i0CoZ81Ui0m-9KwlBY1L_18myuGuq1wfhWSaZgMttyVfPaERSR0Wqmu7LAocGJai0ki7VeTHjMmuOXSQ61MnpNWipUruRiLnm47p6Sdk6P2ibOo5cvTBXzfCw7wi47BsFn6wkBkk62mDyYr7cirEawchWZNwFOFbuxG9jJS5YL4xgtxL,Sticker | vexite (Gold) | Cologne 2026,https://steamcommunity.com/market/listings/730/Sticker%20%7C%20vexite%20%28Gold%29%20%7C%20Cologne%202026,ok
770,0.0,P4,IGNORE,Sonic (Gold),Player,Gold,Autograph,sticker,Sonic,NRG,NRG,1803,17.85,1803.0,17.85,Steam,False,0.0,Steam around $17.85,0,Premium,Premium,Low,1803.0,468.0,2597.0,116,321.31,57,6.0,0.1135,0.0,0.2822,0.0,-16.81974486966168,-16.81974486966168,0.2614,0.0,0.65,0.0,-17% expected | 0.26 demand | 31% below high | 44% upside | +285% vs launch,"lower highs, 2P new low, unscored",No clear edge.,,,,,,,,,0.1,0.0,,,,,https://cs2tokens.com/iem-cologne-2026/items/sticker-sonic-gold-cologne-2026,https://community.akamai.steamstatic.com/economy/image/i0CoZ81Ui0m-9KwlBY1L_18myuGuq1wfhWSaZgMttyVfPaERSR0Wqmu7LAocGJai0ki7VeTHjMmuOXSQ61MnpNWipUruRiLikZjp_h1c4P6qJvZrdqPEX2KWkrsgtrZsG33mkBghsWqAyNv9cinFOw92CZVyQOZf5xam0oqwZwWPUss,Sticker | Sonic (Gold) | Cologne 2026,https://steamcommunity.com/market/listings/730/Sticker%20%7C%20Sonic%20%28Gold%29%20%7C%20Cologne%202026,ok
771,0.0,P4,IGNORE,Grim (Gold),Player,Gold,Autograph,sticker,Grim,NRG,NRG,1554,15.38,1554.0,15.38,Steam,False,0.0,Steam around $15.38,0,Premium,Premium,High,1554.0,390.0,2936.0,116,321.31,57,6.0,0.2033,0.0,0.3597,0.0,10.38416988416988,10.38416988416988,0.2738,0.0,0.65,0.0,+10% expected | 0.27 demand | 47% below high | 89% upside | +43% vs launch,"High crowding, lower highs, falling demand, 2P new low, unscored",No clear edge.,,,,,,,,,0.1,0.0,,,,,https://cs2tokens.com/iem-cologne-2026/items/sticker-grim-gold-cologne-2026,https://community.akamai.steamstatic.com/economy/image/i0CoZ81Ui0m-9KwlBY1L_18myuGuq1wfhWSaZgMttyVfPaERSR0Wqmu7LAocGJai0ki7VeTHjMmuOXSQ61MnpNWipUruRiL2jJ_twiVU4_bgbfY7c_LBWGXAlbck5rI-Tnnllkgl5GyHmdipcynCZlR0DZQkEOIItA74zIPgmR0TMQ,Sticker | Grim (Gold) | Cologne 2026,https://steamcommunity.com/market/listings/730/Sticker%20%7C%20Grim%20%28Gold%29%20%7C%20Cologne%202026,ok
772,0.0,P4,IGNORE,Lynn Vision (Gold),Team,Gold,Team,sticker,,Lynn Vision,Lynn Vision,69058,683.67,69058.0,683.67,Steam,False,0.0,Steam around $683.67,0,Premium,Premium,Medium,69058.0,1675.0,98931.0,116,321.31,57,6.0,0.0549,0.0,0.244,0.0,-49.94516203770743,-49.94516203770743,0.2853,0.0,0.65,0.0,-50% expected | 0.29 demand | 30% below high | 43% upside | +4023% vs launch,"lower highs, falling demand, 2P new low, unscored",No clear edge.,,,,,,,,,0.1,0.0,,,,,https://cs2tokens.com/iem-cologne-2026/items/sticker-lynn-vision-gold-cologne-2026,https://community.akamai.steamstatic.com/economy/image/i0CoZ81Ui0m-9KwlBY1L_18myuGuq1wfhWSaZgMttyVfPaERSR0Wqmu7LAocGJai0ki7VeTHjMmuOXSQ61MnpNWipVX-TxPOmZns-WwLu6v6bqBud6HBXWaSmLkntLE-GS2yxE0m5D6AyNugdyifaQAkCpd5W6dU5Wtq-NMs,Sticker | Lynn Vision (Gold) | Cologne 2026,https://steamcommunity.com/market/listings/730/Sticker%20%7C%20Lynn%20Vision%20%28Gold%29%20%7C%20Cologne%202026,ok
