timestamp,fetched_at,source,sticker_id,market_hash_name,sticker,variant,csgoskins_url,status,low_usd,csfloat_usd,uuskins_usd,csfloat_source,uuskins_source
2026-06-02T19:19:18Z,1780427958,visualize:favorites,83e4230ec809,Sticker | SINNERS (Holo) | Cologne 2026,SINNERS (Holo),Holo,https://csgoskins.gg/items/sticker-sinners-holo-cologne-2026,ok,10.95,,10.95,,UUSkins
2026-06-02T19:19:18Z,1780427958,visualize:favorites,224ba8b64dda,Sticker | THUNDERdOWNUNDER (Holo) | Cologne 2026,THUNDERdOWNUNDER (Holo),Holo,https://csgoskins.gg/items/sticker-thunder-downunder-holo-cologne-2026,ok,27.73,,27.73,,UUSkins
2026-06-02T19:19:21Z,1780427961,visualize:holo,c5891da26931,Sticker | C4LLM3SU3 (Holo) | Cologne 2026,C4LLM3SU3 (Holo),Holo,https://csgoskins.gg/items/sticker-c4llm3su3-holo-cologne-2026,ok,4.97,,4.97,,UUSkins
2026-06-02T19:19:21Z,1780427961,visualize:holo,15d8caaa80ce,Sticker | Bymas (Holo) | Cologne 2026,Bymas (Holo),Holo,https://csgoskins.gg/items/sticker-bymas-holo-cologne-2026,ok,5.18,,5.18,,UUSkins
2026-06-02T19:19:21Z,1780427961,visualize:holo,df4337c02c0c,Sticker | latto (Holo) | Cologne 2026,latto (Holo),Holo,https://csgoskins.gg/items/sticker-latto-holo-cologne-2026,ok,3.54,,3.54,,UUSkins
2026-06-02T19:19:23Z,1780427963,visualize:holo,7bee3667e303,Sticker | v$m (Holo) | Cologne 2026,v$m (Holo),Holo,https://csgoskins.gg/items/sticker-v-m-holo-cologne-2026,ok,1.26,,1.26,,UUSkins
2026-06-02T17:37:34Z,1780421854,visualize:foil,62d50a49fb5f,Sticker | arT (Foil) | Cologne 2026,arT (Foil),Foil,https://csgoskins.gg/items/sticker-art-foil-cologne-2026,ok,1.1,,,,
2026-06-02T17:37:33Z,1780421853,visualize:foil,234faad5d76d,Sticker | aliStair (Foil) | Cologne 2026,aliStair (Foil),Foil,https://csgoskins.gg/items/sticker-alistair-foil-cologne-2026,ok,0.96,,,,
2026-06-02T17:37:33Z,1780421853,visualize:foil,52deaeaa7afb,Sticker | Aleksib (Foil) | Cologne 2026,Aleksib (Foil),Foil,https://csgoskins.gg/items/sticker-aleksib-foil-cologne-2026,ok,2.51,,,,
2026-06-02T17:37:35Z,1780421855,visualize:foil,56555b6a9bcb,Sticker | b1t (Foil) | Cologne 2026,b1t (Foil),Foil,https://csgoskins.gg/items/sticker-b1t-foil-cologne-2026,ok,2.22,,,,
2026-06-02T19:19:27Z,1780427967,visualize:foil,e26e56662131,Sticker | B8 (Foil) | Cologne 2026,B8 (Foil),Foil,https://csgoskins.gg/items/sticker-b8-foil-cologne-2026,ok,1.33,,1.33,,UUSkins
2026-06-02T17:37:36Z,1780421856,visualize:foil,2decf2c99c17,Sticker | beastik (Foil) | Cologne 2026,beastik (Foil),Foil,https://csgoskins.gg/items/sticker-beastik-foil-cologne-2026,ok,0.65,,,,
2026-06-02T17:37:37Z,1780421857,visualize:foil,f8013410fc77,Sticker | BELCHONOKK (Foil) | Cologne 2026,BELCHONOKK (Foil),Foil,https://csgoskins.gg/items/sticker-belchonokk-foil-cologne-2026,ok,0.62,,,,
2026-06-02T17:37:37Z,1780421857,visualize:foil,fe6261cfb9e8,Sticker | BIG (Foil) | Cologne 2026,BIG (Foil),Foil,https://csgoskins.gg/items/sticker-big-foil-cologne-2026,ok,1.49,,,,
2026-06-02T17:37:39Z,1780421859,visualize:foil,b30123f02c97,Sticker | biguzera (Foil) | Cologne 2026,biguzera (Foil),Foil,https://csgoskins.gg/items/sticker-biguzera-foil-cologne-2026,ok,0.22,,,,
2026-06-02T17:37:39Z,1780421859,visualize:foil,9fb77649469d,Sticker | bLitz (Foil) | Cologne 2026,bLitz (Foil),Foil,https://csgoskins.gg/items/sticker-blitz-foil-cologne-2026,ok,0.52,,,,
2026-06-02T17:37:39Z,1780421859,visualize:foil,625e15932ee0,Sticker | Brollan (Foil) | Cologne 2026,Brollan (Foil),Foil,https://csgoskins.gg/items/sticker-brollan-foil-cologne-2026,ok,0.82,,,,
2026-06-02T19:19:32Z,1780427972,visualize:foil,a88af7f9bdb3,Sticker | C4LLM3SU3 (Foil) | Cologne 2026,C4LLM3SU3 (Foil),Foil,https://csgoskins.gg/items/sticker-c4llm3su3-foil-cologne-2026,ok,1.16,,1.16,,UUSkins
2026-06-02T17:37:42Z,1780421862,visualize:foil,923a672ef348,Sticker | Chr1zN (Foil) | Cologne 2026,Chr1zN (Foil),Foil,https://csgoskins.gg/items/sticker-chr1zn-foil-cologne-2026,ok,0.22,,,,
2026-06-02T17:37:43Z,1780421863,visualize:foil,23812acce07e,Sticker | cobra (Foil) | Cologne 2026,cobra (Foil),Foil,https://csgoskins.gg/items/sticker-cobra-foil-cologne-2026,ok,0.59,,,,
2026-06-02T17:37:43Z,1780421863,visualize:foil,8ac7f4b00ce1,Sticker | dziugss (Foil) | Cologne 2026,dziugss (Foil),Foil,https://csgoskins.gg/items/sticker-dziugss-foil-cologne-2026,ok,0.4,,,,
2026-06-02T17:37:44Z,1780421864,visualize:foil,d8120a88ba19,Sticker | esenthial (Foil) | Cologne 2026,esenthial (Foil),Foil,https://csgoskins.gg/items/sticker-esenthial-foil-cologne-2026,ok,0.25,,,,
2026-06-02T17:37:45Z,1780421865,visualize:foil,37b479a38b80,Sticker | faveN (Foil) | Cologne 2026,faveN (Foil),Foil,https://csgoskins.gg/items/sticker-faven-foil-cologne-2026,ok,0.22,,,,
2026-06-02T19:19:36Z,1780427976,visualize:foil,f153d652f152,Sticker | FL4MUS (Foil) | Cologne 2026,FL4MUS (Foil),Foil,https://csgoskins.gg/items/sticker-fl4mus-foil-cologne-2026,ok,4.44,,4.44,,UUSkins
2026-06-02T17:37:46Z,1780421866,visualize:foil,06e64c1afaaa,Sticker | FlameZ (Foil) | Cologne 2026,FlameZ (Foil),Foil,https://csgoskins.gg/items/sticker-flamez-foil-cologne-2026,ok,1.77,,2.96,,CSGOSkins
2026-06-02T17:37:47Z,1780421867,visualize:foil,ae1b042a36f9,Sticker | FURIA (Foil) | Cologne 2026,FURIA (Foil),Foil,https://csgoskins.gg/items/sticker-furia-foil-cologne-2026,ok,2.22,,2.22,,CSGOSkins
2026-06-02T17:37:47Z,1780421867,visualize:foil,569464e36ae7,Sticker | gafolo (Foil) | Cologne 2026,gafolo (Foil),Foil,https://csgoskins.gg/items/sticker-gafolo-foil-cologne-2026,ok,0.63,,,,
2026-06-02T19:19:39Z,1780427979,visualize:foil,fe8833172681,Sticker | Gaimin Gladiators (Foil) | Cologne 2026,Gaimin Gladiators (Foil),Foil,https://csgoskins.gg/items/sticker-gaimin-gladiators-foil-cologne-2026,ok,2.21,,2.21,,UUSkins
2026-06-02T19:19:39Z,1780427979,visualize:foil,4273d9a4814d,Sticker | GamerLegion (Foil) | Cologne 2026,GamerLegion (Foil),Foil,https://csgoskins.gg/items/sticker-gamerlegion-foil-cologne-2026,ok,3.85,,3.85,,UUSkins
2026-06-02T17:37:49Z,1780421869,visualize:foil,00cc148ca86d,Sticker | gr1ks (Foil) | Cologne 2026,gr1ks (Foil),Foil,https://csgoskins.gg/items/sticker-gr1ks-foil-cologne-2026,ok,0.26,,,,
2026-06-02T17:37:50Z,1780421870,visualize:foil,b3e8e11e4350,Sticker | HUASOPEEK (Foil) | Cologne 2026,HUASOPEEK (Foil),Foil,https://csgoskins.gg/items/sticker-huasopeek-foil-cologne-2026,ok,0.59,,,,
2026-06-02T17:37:49Z,1780421869,visualize:foil,4206c511772a,Sticker | HEN1 (Foil) | Cologne 2026,HEN1 (Foil),Foil,https://csgoskins.gg/items/sticker-hen1-foil-cologne-2026,ok,0.45,,,,
2026-06-02T17:37:51Z,1780421871,visualize:foil,eecf9753440e,Sticker | huNter- (Foil) | Cologne 2026,huNter- (Foil),Foil,https://csgoskins.gg/items/sticker-hunter-foil-cologne-2026,ok,0.54,,,,
2026-06-02T17:37:52Z,1780421872,visualize:foil,04f71cae1194,Sticker | hypex (Foil) | Cologne 2026,hypex (Foil),Foil,https://csgoskins.gg/items/sticker-hypex-foil-cologne-2026,ok,1.88,,,,
2026-06-02T17:37:53Z,1780421873,visualize:foil,ac1b2c2b8ad2,Sticker | iM (Foil) | Cologne 2026,iM (Foil),Foil,https://csgoskins.gg/items/sticker-im-foil-cologne-2026,ok,1.55,,,,
2026-06-02T17:37:53Z,1780421873,visualize:foil,cacc40ec0646,Sticker | INS (Foil) | Cologne 2026,INS (Foil),Foil,https://csgoskins.gg/items/sticker-ins-foil-cologne-2026,ok,0.97,,,,
2026-06-02T17:37:55Z,1780421875,visualize:foil,56bfdfb9b7b4,Sticker | jabbi (Foil) | Cologne 2026,jabbi (Foil),Foil,https://csgoskins.gg/items/sticker-jabbi-foil-cologne-2026,ok,0.51,,,,
2026-06-02T17:37:53Z,1780421873,visualize:foil,6857437f27b9,Sticker | insani (Foil) | Cologne 2026,insani (Foil),Foil,https://csgoskins.gg/items/sticker-insani-foil-cologne-2026,ok,0.43,,,,
2026-06-02T19:19:46Z,1780427986,visualize:foil,6bb79a099d15,Sticker | JBa (Foil) | Cologne 2026,JBa (Foil),Foil,https://csgoskins.gg/items/sticker-jba-foil-cologne-2026,ok,1.19,,1.19,,UUSkins
2026-06-02T17:37:57Z,1780421877,visualize:foil,912a1595ba42,Sticker | Jimpphat (Foil) | Cologne 2026,Jimpphat (Foil),Foil,https://csgoskins.gg/items/sticker-jimpphat-foil-cologne-2026,ok,0.61,,,,
2026-06-02T19:19:47Z,1780427987,visualize:foil,d07b293c6121,Sticker | JOTA (Foil) | Cologne 2026,JOTA (Foil),Foil,https://csgoskins.gg/items/sticker-jota-foil-cologne-2026,ok,2.96,,2.96,,UUSkins
2026-06-02T17:37:59Z,1780421879,visualize:foil,ef5525788453,Sticker | kensizor (Foil) | Cologne 2026,kensizor (Foil),Foil,https://csgoskins.gg/items/sticker-kensizor-foil-cologne-2026,ok,0.25,,,,
2026-06-02T17:38:01Z,1780421881,visualize:foil,5362dfbc88a8,Sticker | Krabeni (Foil) | Cologne 2026,Krabeni (Foil),Foil,https://csgoskins.gg/items/sticker-krabeni-foil-cologne-2026,ok,0.31,,,,
2026-06-02T17:38:02Z,1780421882,visualize:foil,895c405821a1,Sticker | KSCERATO (Foil) | Cologne 2026,KSCERATO (Foil),Foil,https://csgoskins.gg/items/sticker-kscerato-foil-cologne-2026,ok,1.02,,,,
2026-06-02T17:38:03Z,1780421883,visualize:foil,d340d8fa2d21,Sticker | kyxsan (Foil) | Cologne 2026,kyxsan (Foil),Foil,https://csgoskins.gg/items/sticker-kyxsan-foil-cologne-2026,ok,1.32,,,,
2026-06-02T17:38:05Z,1780421885,visualize:foil,ad89784bfc38,Sticker | lauNX (Foil) | Cologne 2026,lauNX (Foil),Foil,https://csgoskins.gg/items/sticker-launx-foil-cologne-2026,ok,0.39,,,,
2026-06-02T17:38:08Z,1780421888,visualize:foil,348ef492543e,Sticker | luchov (Foil) | Cologne 2026,luchov (Foil),Foil,https://csgoskins.gg/items/sticker-luchov-foil-cologne-2026,ok,0.4,,,,
2026-06-02T19:19:52Z,1780427992,visualize:foil,06d50fb5f9e6,Sticker | magixx (Foil) | Cologne 2026,magixx (Foil),Foil,https://csgoskins.gg/items/sticker-magixx-foil-cologne-2026,ok,5.18,,5.18,,UUSkins
2026-06-02T17:38:10Z,1780421890,visualize:foil,20c42ee7aa82,Sticker | Magnojez (Foil) | Cologne 2026,Magnojez (Foil),Foil,https://csgoskins.gg/items/sticker-magnojez-foil-cologne-2026,ok,0.75,,,,
2026-06-02T17:38:12Z,1780421892,visualize:foil,b0734bce9993,Sticker | MAJ3R (Foil) | Cologne 2026,MAJ3R (Foil),Foil,https://csgoskins.gg/items/sticker-maj3r-foil-cologne-2026,ok,0.52,,,,
2026-06-02T19:19:54Z,1780427994,visualize:foil,89e70f936625,Sticker | makazze (Foil) | Cologne 2026,makazze (Foil),Foil,https://csgoskins.gg/items/sticker-makazze-foil-cologne-2026,ok,2.5,,2.5,,UUSkins
2026-06-02T17:38:14Z,1780421894,visualize:foil,7a39d8f52ea5,Sticker | max (Foil) | Cologne 2026,max (Foil),Foil,https://csgoskins.gg/items/sticker-max-foil-cologne-2026,ok,0.58,,,,
2026-06-02T19:19:55Z,1780427995,visualize:foil,bfb58325ecc9,Sticker | malbsMd (Foil) | Cologne 2026,malbsMd (Foil),Foil,https://csgoskins.gg/items/sticker-malbsmd-foil-cologne-2026,ok,0.74,,0.74,,UUSkins
2026-06-02T19:19:56Z,1780427996,visualize:foil,8568712d51a9,Sticker | Mercury (Foil) | Cologne 2026,Mercury (Foil),Foil,https://csgoskins.gg/items/sticker-mercury-foil-cologne-2026,ok,1.32,,1.32,,UUSkins
2026-06-02T17:38:15Z,1780421895,visualize:foil,b02cd087e87e,Sticker | meyern (Foil) | Cologne 2026,meyern (Foil),Foil,https://csgoskins.gg/items/sticker-meyern-foil-cologne-2026,ok,0.4,,,,
2026-06-02T17:38:16Z,1780421896,visualize:foil,3f18d2850d9c,Sticker | mezii (Foil) | Cologne 2026,mezii (Foil),Foil,https://csgoskins.gg/items/sticker-mezii-foil-cologne-2026,ok,1.57,,,,
2026-06-02T17:38:17Z,1780421897,visualize:foil,402cd28baffd,Sticker | MoDo (Foil) | Cologne 2026,MoDo (Foil),Foil,https://csgoskins.gg/items/sticker-modo-foil-cologne-2026,ok,0.57,,,,
2026-06-02T19:19:59Z,1780427999,visualize:foil,8956bf98f1de,Sticker | Moseyuh (Foil) | Cologne 2026,Moseyuh (Foil),Foil,https://csgoskins.gg/items/sticker-moseyuh-foil-cologne-2026,ok,1.47,,1.47,,UUSkins
2026-06-02T17:38:20Z,1780421900,visualize:foil,7329ed95a393,Sticker | n1ssim (Foil) | Cologne 2026,n1ssim (Foil),Foil,https://csgoskins.gg/items/sticker-n1ssim-foil-cologne-2026,ok,0.51,,,,
2026-06-02T17:38:20Z,1780421900,visualize:foil,8c98079cfb8b,Sticker | NAF (Foil) | Cologne 2026,NAF (Foil),Foil,https://csgoskins.gg/items/sticker-naf-foil-cologne-2026,ok,0.94,,,,
2026-06-02T17:38:22Z,1780421902,visualize:foil,dc743ba632f3,Sticker | NEKiZ (Foil) | Cologne 2026,NEKiZ (Foil),Foil,https://csgoskins.gg/items/sticker-nekiz-foil-cologne-2026,ok,1.0,,,,
2026-06-01T06:02:10Z,1780293730,visualize:foil,3d4b4a04ec90,Sticker | NertZ (Foil) | Cologne 2026,NertZ (Foil),Foil,https://csgoskins.gg/items/sticker-nertz-foil-cologne-2026,ok,0.29,,,,
2026-06-02T19:20:02Z,1780428002,visualize:foil,b2d054eb1d13,Sticker | nettik (Foil) | Cologne 2026,nettik (Foil),Foil,https://csgoskins.gg/items/sticker-nettik-foil-cologne-2026,ok,0.74,,0.74,,UUSkins
2026-06-01T06:02:10Z,1780293730,visualize:foil,4e4a3eeebe05,Sticker | nilo (Foil) | Cologne 2026,nilo (Foil),Foil,https://csgoskins.gg/items/sticker-nilo-foil-cologne-2026,ok,0.3,,,,
2026-06-01T06:02:10Z,1780293730,visualize:foil,d948e309bd18,Sticker | nota (Foil) | Cologne 2026,nota (Foil),Foil,https://csgoskins.gg/items/sticker-nota-foil-cologne-2026,ok,0.53,,,,
2026-06-02T19:20:05Z,1780428005,visualize:foil,2f4f49f91218,Sticker | npl (Foil) | Cologne 2026,npl (Foil),Foil,https://csgoskins.gg/items/sticker-npl-foil-cologne-2026,ok,1.04,,1.04,,UUSkins
2026-06-01T07:32:11Z,1780299131,visualize:foil,4522f5c72f9b,Sticker | NQZ (Foil) | Cologne 2026,NQZ (Foil),Foil,https://csgoskins.gg/items/sticker-nqz-foil-cologne-2026,ok,0.29,,,,
2026-06-01T07:32:11Z,1780299131,visualize:foil,9be550a4d2cc,Sticker | NRG (Foil) | Cologne 2026,NRG (Foil),Foil,https://csgoskins.gg/items/sticker-nrg-foil-cologne-2026,ok,2.0,,,,
2026-06-01T07:32:13Z,1780299133,visualize:foil,947595d3eecf,Sticker | paiN Gaming (Foil) | Cologne 2026,paiN Gaming (Foil),Foil,https://csgoskins.gg/items/sticker-pain-gaming-foil-cologne-2026,ok,1.06,,,,
2026-06-01T06:02:14Z,1780293734,visualize:foil,d7120ac8d9eb,Sticker | Rainwaker (Foil) | Cologne 2026,Rainwaker (Foil),Foil,https://csgoskins.gg/items/sticker-rainwaker-foil-cologne-2026,ok,0.63,,,,
2026-06-01T07:32:15Z,1780299135,visualize:foil,68a61c707ebd,Sticker | REZ (Foil) | Cologne 2026,REZ (Foil),Foil,https://csgoskins.gg/items/sticker-rez-foil-cologne-2026,ok,0.63,,,,
2026-06-01T06:02:14Z,1780293734,visualize:foil,d6bc3dfaa79c,Sticker | ryu (Foil) | Cologne 2026,ryu (Foil),Foil,https://csgoskins.gg/items/sticker-ryu-foil-cologne-2026,ok,0.58,,,,
2026-06-01T06:02:15Z,1780293735,visualize:foil,af605eb0b88e,Sticker | S1ren (Foil) | Cologne 2026,S1ren (Foil),Foil,https://csgoskins.gg/items/sticker-s1ren-foil-cologne-2026,ok,3.0,,,,
2026-06-01T07:32:15Z,1780299135,visualize:foil,7a975798e861,Sticker | s1zzi (Foil) | Cologne 2026,s1zzi (Foil),Foil,https://csgoskins.gg/items/sticker-s1zzi-foil-cologne-2026,ok,0.63,,,,
2026-06-01T06:02:15Z,1780293735,visualize:foil,d0a584485057,Sticker | saadzin (Foil) | Cologne 2026,saadzin (Foil),Foil,https://csgoskins.gg/items/sticker-saadzin-foil-cologne-2026,ok,0.94,,,,
2026-06-02T19:20:11Z,1780428011,visualize:foil,237a2d2f45bc,Sticker | sh1ro (Foil) | Cologne 2026,sh1ro (Foil),Foil,https://csgoskins.gg/items/sticker-sh1ro-foil-cologne-2026,ok,2.96,,2.96,,UUSkins
2026-06-01T06:02:17Z,1780293737,visualize:foil,b2cdca55ec73,Sticker | SHOCK (Foil) | Cologne 2026,SHOCK (Foil),Foil,https://csgoskins.gg/items/sticker-shock-foil-cologne-2026,ok,0.84,,,,
2026-06-01T07:32:15Z,1780299135,visualize:foil,1cf584e207d0,Sticker | SINNERS (Foil) | Cologne 2026,SINNERS (Foil),Foil,https://csgoskins.gg/items/sticker-sinners-foil-cologne-2026,ok,4.15,,,,
2026-06-01T07:32:15Z,1780299135,visualize:foil,422d4fb10469,Sticker | Snax (Foil) | Cologne 2026,Snax (Foil),Foil,https://csgoskins.gg/items/sticker-snax-foil-cologne-2026,ok,2.34,,,,
2026-06-01T07:32:15Z,1780299135,visualize:foil,0e149116e4c8,Sticker | siuhy (Foil) | Cologne 2026,siuhy (Foil),Foil,https://csgoskins.gg/items/sticker-siuhy-foil-cologne-2026,ok,0.94,,,,
2026-06-01T07:32:15Z,1780299135,visualize:foil,60cbddb65646,Sticker | snow (Foil) | Cologne 2026,snow (Foil),Foil,https://csgoskins.gg/items/sticker-snow-foil-cologne-2026,ok,1.23,,,,
2026-06-01T06:02:17Z,1780293737,visualize:foil,0527f8eba5cb,Sticker | Sonic (Foil) | Cologne 2026,Sonic (Foil),Foil,https://csgoskins.gg/items/sticker-sonic-foil-cologne-2026,ok,1.16,,,,
2026-06-02T19:20:15Z,1780428015,visualize:foil,55e35c8c02ee,Sticker | soulfly (Foil) | Cologne 2026,soulfly (Foil),Foil,https://csgoskins.gg/items/sticker-soulfly-foil-cologne-2026,ok,1.04,,1.04,,UUSkins
2026-06-01T06:02:18Z,1780293738,visualize:foil,4b9c7a9f6234,Sticker | Staehr (Foil) | Cologne 2026,Staehr (Foil),Foil,https://csgoskins.gg/items/sticker-staehr-foil-cologne-2026,ok,0.55,,,,
2026-06-01T06:02:20Z,1780293740,visualize:foil,82f9070a0f58,Sticker | stressarN (Foil) | Cologne 2026,stressarN (Foil),Foil,https://csgoskins.gg/items/sticker-stressarn-foil-cologne-2026,ok,0.35,,,,
2026-06-01T06:02:18Z,1780293738,visualize:foil,69ea7be08472,Sticker | SunPayus (Foil) | Cologne 2026,SunPayus (Foil),Foil,https://csgoskins.gg/items/sticker-sunpayus-foil-cologne-2026,ok,0.32,,,,
2026-06-01T06:02:19Z,1780293739,visualize:foil,04a43de30b50,Sticker | Tauson (Foil) | Cologne 2026,Tauson (Foil),Foil,https://csgoskins.gg/items/sticker-tauson-foil-cologne-2026,ok,0.59,,,,
2026-06-02T19:20:19Z,1780428019,visualize:foil,0778cd71484b,Sticker | Team Liquid (Foil) | Cologne 2026,Team Liquid (Foil),Foil,https://csgoskins.gg/items/sticker-team-liquid-foil-cologne-2026,ok,3.76,3.76,4.0,SkinSniper,UUSkins
2026-06-02T19:20:20Z,1780428020,visualize:foil,47e9a82e376a,Sticker | Team Spirit (Foil) | Cologne 2026,Team Spirit (Foil),Foil,https://csgoskins.gg/items/sticker-team-spirit-foil-cologne-2026,ok,5.33,15.0,5.33,SkinSniper,UUSkins
2026-06-01T06:02:22Z,1780293742,visualize:foil,2667b6e11a21,Sticker | Techno4K (Foil) | Cologne 2026,Techno4K (Foil),Foil,https://csgoskins.gg/items/sticker-techno4k-foil-cologne-2026,ok,2.26,,,,
2026-06-01T06:02:27Z,1780293747,cache_seed,e75fb071ec3c,Sticker | YEKINDAR (Foil) | Cologne 2026,YEKINDAR (Foil),Foil,https://csgoskins.gg/items/sticker-yekindar-foil-cologne-2026,ok,0.84,,,,
2026-06-02T17:33:58Z,1780421638,cache_seed,a365b6b4f733,Sticker | dgt (Foil) | Cologne 2026,dgt (Foil),Foil,https://csgoskins.gg/items/sticker-dgt-foil-cologne-2026,ok,0.96,0.96,,CSGOSkins,
2026-06-02T17:38:07Z,1780421887,cache_seed,bc86d32e0174,Sticker | LNZ (Foil) | Cologne 2026,LNZ (Foil),Foil,https://csgoskins.gg/items/sticker-lnz-foil-cologne-2026,ok,0.27,0.58,,CSGOSkins,
2026-06-02T17:33:55Z,1780421635,cache_seed,8144736cc432,Sticker | cmtry (Foil) | Cologne 2026,cmtry (Foil),Foil,https://csgoskins.gg/items/sticker-cmtry-foil-cologne-2026,ok,697.39,697.39,,SkinSniper,
2026-06-02T17:34:11Z,1780421651,cache_seed,1b517ac4fb4e,Sticker | Heavygod (Foil) | Cologne 2026,Heavygod (Foil),Foil,https://csgoskins.gg/items/sticker-heavygod-foil-cologne-2026,ok,100.0,120.06,,SkinSniper,
2026-06-01T06:02:26Z,1780293746,cache_seed,3fab67c23e28,Sticker | xfl0ud (Foil) | Cologne 2026,xfl0ud (Foil),Foil,https://csgoskins.gg/items/sticker-xfl0ud-foil-cologne-2026,ok,0.31,,,,
2026-06-02T17:38:04Z,1780421884,cache_seed,69ef2237c990,Sticker | Lake (Foil) | Cologne 2026,Lake (Foil),Foil,https://csgoskins.gg/items/sticker-lake-foil-cologne-2026,ok,4.79,4.79,,CSGOSkins,
2026-06-02T17:37:57Z,1780421877,cache_seed,95cd8db81130,Sticker | JDC (Foil) | Cologne 2026,JDC (Foil),Foil,https://csgoskins.gg/items/sticker-jdc-foil-cologne-2026,ok,20.96,20.96,,SkinSniper,
2026-06-02T17:34:03Z,1780421643,cache_seed,58ab1da7895d,Sticker | felps (Foil) | Cologne 2026,felps (Foil),Foil,https://csgoskins.gg/items/sticker-felps-foil-cologne-2026,ok,1.16,1.16,,CSGOSkins,
2026-06-01T06:02:27Z,1780293747,cache_seed,8c66efd5d22e,Sticker | yuurih (Foil) | Cologne 2026,yuurih (Foil),Foil,https://csgoskins.gg/items/sticker-yuurih-foil-cologne-2026,ok,0.58,,,,
2026-06-02T17:38:00Z,1780421880,cache_seed,9cfa55f72907,Sticker | kl1m (Foil) | Cologne 2026,kl1m (Foil),Foil,https://csgoskins.gg/items/sticker-kl1m-foil-cologne-2026,ok,0.27,0.46,,CSGOSkins,
2026-06-01T07:32:19Z,1780299139,cache_seed,3647fbfc23b0,Sticker | venomzera (Foil) | Cologne 2026,venomzera (Foil),Foil,https://csgoskins.gg/items/sticker-venomzera-foil-cologne-2026,ok,0.33,,,,
2026-06-02T17:33:50Z,1780421630,cache_seed,12f02368d715,Sticker | blameF (Foil) | Cologne 2026,blameF (Foil),Foil,https://csgoskins.gg/items/sticker-blamef-foil-cologne-2026,ok,4.31,4.31,,CSGOSkins,
2026-06-02T17:33:52Z,1780421632,cache_seed,eae8855f8abb,Sticker | brnz4n (Foil) | Cologne 2026,brnz4n (Foil),Foil,https://csgoskins.gg/items/sticker-brnz4n-foil-cologne-2026,ok,1.34,1.34,,CSGOSkins,
2026-06-02T17:38:08Z,1780421888,cache_seed,7350b1852a5c,Sticker | luken (Foil) | Cologne 2026,luken (Foil),Foil,https://csgoskins.gg/items/sticker-luken-foil-cologne-2026,ok,1.16,1.16,,CSGOSkins,
2026-06-02T17:38:13Z,1780421893,cache_seed,8b12f6157fde,Sticker | MATYS (Foil) | Cologne 2026,MATYS (Foil),Foil,https://csgoskins.gg/items/sticker-matys-foil-cologne-2026,ok,58.11,58.11,,CSGOSkins,
2026-06-02T18:43:35Z,1780425815,cache_seed,ae915ce932d8,Sticker | Spinx (Foil) | Cologne 2026,Spinx (Foil),Foil,https://csgoskins.gg/items/sticker-spinx-foil-cologne-2026,ok,5.52,5.52,,SkinSniper,
2026-06-02T18:08:28Z,1780423708,cache_seed,6863d7afc847,Sticker | s1n (Foil) | Cologne 2026,s1n (Foil),Foil,https://csgoskins.gg/items/sticker-s1n-foil-cologne-2026,ok,3.23,3.23,,SkinSniper,
2026-06-02T18:43:31Z,1780425811,cache_seed,7fe055b928c2,Sticker | slaxz- (Foil) | Cologne 2026,slaxz- (Foil),Foil,https://csgoskins.gg/items/sticker-slaxz-foil-cologne-2026,ok,146.0,146.0,,SkinSniper,
2026-06-01T06:02:27Z,1780293747,cache_seed,9e8bad9d0c5a,Sticker | xiELO (Foil) | Cologne 2026,xiELO (Foil),Foil,https://csgoskins.gg/items/sticker-xielo-foil-cologne-2026,ok,0.52,,,,
2026-06-01T06:02:26Z,1780293746,cache_seed,08ec9dd8c3ad,Sticker | yxngstxr (Foil) | Cologne 2026,yxngstxr (Foil),Foil,https://csgoskins.gg/items/sticker-yxngstxr-foil-cologne-2026,ok,0.37,,,,
2026-05-31T04:42:08Z,1780202528,cache_seed,f0076f7c657a,Sticker | HEROIC | Cologne 2026,HEROIC,Paper,https://csgoskins.gg/items/sticker-heroic-cologne-2026,ok,0.11,,,,
2026-06-01T06:02:24Z,1780293744,cache_seed,7a66a96ebbfd,Sticker | vexite (Foil) | Cologne 2026,vexite (Foil),Foil,https://csgoskins.gg/items/sticker-vexite-foil-cologne-2026,ok,0.46,,,,
2026-06-02T17:37:41Z,1780421861,cache_seed,66a4613e1d24,Sticker | Bymas (Foil) | Cologne 2026,Bymas (Foil),Foil,https://csgoskins.gg/items/sticker-bymas-foil-cologne-2026,ok,68.91,68.91,,CSGOSkins,
2026-06-02T17:34:10Z,1780421650,cache_seed,a4a28a6e2d49,Sticker | Gizmy (Foil) | Cologne 2026,Gizmy (Foil),Foil,https://csgoskins.gg/items/sticker-gizmy-foil-cologne-2026,ok,4.35,4.35,,CSGOSkins,
2026-06-02T18:43:36Z,1780425816,cache_seed,82b7847d9814,Sticker | Starry (Foil) | Cologne 2026,Starry (Foil),Foil,https://csgoskins.gg/items/sticker-starry-foil-cologne-2026,ok,1.48,4.76,1.48,SkinSniper,UUSkins
2026-06-02T17:38:17Z,1780421897,cache_seed,653c12213b0e,Sticker | MIBR (Foil) | Cologne 2026,MIBR (Foil),Foil,https://csgoskins.gg/items/sticker-mibr-foil-cologne-2026,ok,1.15,1.74,1.47,CSGOSkins,CSGOSkins
2026-05-31T04:43:43Z,1780202623,cache_seed,471b0fd0f700,Sticker | TeSeS | Cologne 2026,TeSeS,Paper,https://csgoskins.gg/items/sticker-teses-cologne-2026,ok,0.1,,,,
2026-06-02T17:34:12Z,1780421652,cache_seed,0dea3c0f0afe,Sticker | HEROIC (Foil) | Cologne 2026,HEROIC (Foil),Foil,https://csgoskins.gg/items/sticker-heroic-foil-cologne-2026,ok,1.07,1.37,,CSGOSkins,
2026-06-02T17:37:59Z,1780421879,cache_seed,577e4d3ce1e2,Sticker | kisserek (Foil) | Cologne 2026,kisserek (Foil),Foil,https://csgoskins.gg/items/sticker-kisserek-foil-cologne-2026,ok,1.16,1.16,,CSGOSkins,
2026-05-31T04:35:49Z,1780202149,cache_seed,388ca2e29c5c,Sticker | Aleksib | Cologne 2026,Aleksib,Paper,https://csgoskins.gg/items/sticker-aleksib-cologne-2026,ok,0.14,,,,
2026-06-02T17:33:57Z,1780421637,cache_seed,13489c707eeb,Sticker | dem0n (Foil) | Cologne 2026,dem0n (Foil),Foil,https://csgoskins.gg/items/sticker-dem0n-foil-cologne-2026,ok,0.65,1.0,,CSGOSkins,
2026-06-02T17:33:52Z,1780421632,cache_seed,b8b1e6fddec9,Sticker | br0 (Foil) | Cologne 2026,br0 (Foil),Foil,https://csgoskins.gg/items/sticker-br0-foil-cologne-2026,ok,23.32,23.32,,SkinSniper,
2026-05-31T04:41:25Z,1780202485,cache_seed,16a866c43f68,Sticker | b1t | Cologne 2026,b1t,Paper,https://csgoskins.gg/items/sticker-b1t-cologne-2026,ok,0.15,,,,
2026-06-01T07:32:20Z,1780299140,cache_seed,9b47a34f0b97,Sticker | z4KR (Foil) | Cologne 2026,z4KR (Foil),Foil,https://csgoskins.gg/items/sticker-z4kr-foil-cologne-2026,ok,0.62,,,,
2026-05-31T04:44:03Z,1780202643,cache_seed,ddfbbeb40e6f,Sticker | zont1x | Cologne 2026,zont1x,Paper,https://csgoskins.gg/items/sticker-zont1x-cologne-2026,ok,0.19,,,,
2026-06-02T18:08:17Z,1780423697,cache_seed,76dc80e057ca,Sticker | nitr0 (Foil) | Cologne 2026,nitr0 (Foil),Foil,https://csgoskins.gg/items/sticker-nitr0-foil-cologne-2026,ok,5.71,5.71,,SkinSniper,
2026-06-02T17:34:06Z,1780421646,cache_seed,b9b57da96005,Sticker | G2 esports (Foil) | Cologne 2026,G2 esports (Foil),Foil,https://csgoskins.gg/items/sticker-g2-esports-foil-cologne-2026,ok,2.12,2.12,,CSGOSkins,
2026-06-01T07:32:20Z,1780299140,cache_seed,8d8f37a2aee6,Sticker | woxic (Foil) | Cologne 2026,woxic (Foil),Foil,https://csgoskins.gg/items/sticker-woxic-foil-cologne-2026,ok,0.75,,,,
2026-05-31T04:43:23Z,1780202603,cache_seed,0431970fdef0,Sticker | sh1ro | Cologne 2026,sh1ro,Paper,https://csgoskins.gg/items/sticker-sh1ro-cologne-2026,ok,0.2,,,,
2026-05-31T04:41:57Z,1780202517,cache_seed,e4c757148829,Sticker | FlameZ | Cologne 2026,FlameZ,Paper,https://csgoskins.gg/items/sticker-flamez-cologne-2026,ok,0.16,,,,
2026-06-01T07:32:21Z,1780299141,cache_seed,0a82a4f731dd,Sticker | zorte (Foil) | Cologne 2026,zorte (Foil),Foil,https://csgoskins.gg/items/sticker-zorte-foil-cologne-2026,ok,0.64,,,,
2026-06-02T17:34:14Z,1780421654,cache_seed,7b229122a507,Sticker | HooXi (Foil) | Cologne 2026,HooXi (Foil),Foil,https://csgoskins.gg/items/sticker-hooxi-foil-cologne-2026,ok,5.58,5.58,,SkinSniper,
2026-06-01T06:02:23Z,1780293743,cache_seed,eebd7e2a0074,Sticker | torzsi (Foil) | Cologne 2026,torzsi (Foil),Foil,https://csgoskins.gg/items/sticker-torzsi-foil-cologne-2026,ok,0.77,,,,
2026-06-02T17:34:10Z,1780421650,cache_seed,da3cc4bea6bd,Sticker | Grim (Foil) | Cologne 2026,Grim (Foil),Foil,https://csgoskins.gg/items/sticker-grim-foil-cologne-2026,ok,0.56,1.16,,CSGOSkins,
2026-06-02T17:38:20Z,1780421900,cache_seed,ab0614d0f56d,Sticker | mzinho (Foil) | Cologne 2026,mzinho (Foil),Foil,https://csgoskins.gg/items/sticker-mzinho-foil-cologne-2026,ok,1.48,7.77,1.48,SkinSniper,UUSkins
2026-06-02T17:33:41Z,1780421621,cache_seed,e80b08f6c223,Sticker | alex666 (Foil) | Cologne 2026,alex666 (Foil),Foil,https://csgoskins.gg/items/sticker-alex666-foil-cologne-2026,ok,38.0,38.0,,SkinSniper,
2026-06-01T07:32:20Z,1780299140,cache_seed,15aebb4d594a,Sticker | Wicadia (Foil) | Cologne 2026,Wicadia (Foil),Foil,https://csgoskins.gg/items/sticker-wicadia-foil-cologne-2026,ok,0.7,,,,
2026-06-02T17:02:38Z,1780419758,cache_seed,a880c6c0a5dc,Sticker | dziugss (Holo) | Cologne 2026,dziugss (Holo),Holo,https://csgoskins.gg/items/sticker-dziugss-holo-cologne-2026,ok,4.15,4.3,4.15,CSGOSkins,CSGOSkins
2026-06-02T17:33:30Z,1780421610,cache_seed,2e6721826ab3,Sticker | slaxz- (Holo) | Cologne 2026,slaxz- (Holo),Holo,https://csgoskins.gg/items/sticker-slaxz-holo-cologne-2026,ok,1.16,1.16,1.48,CSGOSkins,CSGOSkins
2026-06-02T17:25:14Z,1780421114,cache_seed,3755cf67a42e,Sticker | JOTA (Holo) | Cologne 2026,JOTA (Holo),Holo,https://csgoskins.gg/items/sticker-jota-holo-cologne-2026,ok,0.78,2.59,0.78,CSGOSkins,CSGOSkins
2026-06-02T17:02:41Z,1780419761,cache_seed,61b8fce18dee,Sticker | felps (Holo) | Cologne 2026,felps (Holo),Holo,https://csgoskins.gg/items/sticker-felps-holo-cologne-2026,ok,0.82,1.34,0.82,CSGOSkins,CSGOSkins
2026-06-02T17:25:14Z,1780421114,cache_seed,733d5698cf7b,Sticker | kensizor (Holo) | Cologne 2026,kensizor (Holo),Holo,https://csgoskins.gg/items/sticker-kensizor-holo-cologne-2026,ok,0.52,1.36,0.52,CSGOSkins,CSGOSkins
2026-06-02T17:25:39Z,1780421139,cache_seed,7bdf0081d3af,Sticker | Swisher (Holo) | Cologne 2026,Swisher (Holo),Holo,https://csgoskins.gg/items/sticker-swisher-holo-cologne-2026,ok,2.76,7.99,2.76,SkinSniper,UUSkins
2026-06-02T17:02:32Z,1780419752,cache_seed,203a65c3dc80,Sticker | beastik (Holo) | Cologne 2026,beastik (Holo),Holo,https://csgoskins.gg/items/sticker-beastik-holo-cologne-2026,ok,1.48,11.64,1.48,SkinSniper,CSGOSkins
2026-06-02T17:02:30Z,1780419750,cache_seed,6cd76891da90,Sticker | arT (Holo) | Cologne 2026,arT (Holo),Holo,https://csgoskins.gg/items/sticker-art-holo-cologne-2026,ok,2.95,2.95,3.67,CSGOSkins,CSGOSkins
2026-06-02T17:09:16Z,1780420156,cache_seed,548001363495,Sticker | Mercury (Holo) | Cologne 2026,Mercury (Holo),Holo,https://csgoskins.gg/items/sticker-mercury-holo-cologne-2026,ok,2.87,2.87,3.35,CSGOSkins,CSGOSkins
2026-06-02T17:33:37Z,1780421617,cache_seed,ea64698caf04,Sticker | zweih (Holo) | Cologne 2026,zweih (Holo),Holo,https://csgoskins.gg/items/sticker-zweih-holo-cologne-2026,ok,2.59,2.83,2.59,SkinSniper,UUSkins
2026-06-02T17:02:37Z,1780419757,cache_seed,18b7f1599347,Sticker | dgt (Holo) | Cologne 2026,dgt (Holo),Holo,https://csgoskins.gg/items/sticker-dgt-holo-cologne-2026,ok,1.02,1.84,1.02,CSGOSkins,CSGOSkins
2026-06-02T17:25:12Z,1780421112,cache_seed,6bf3b5527d95,Sticker | iM (Holo) | Cologne 2026,iM (Holo),Holo,https://csgoskins.gg/items/sticker-im-holo-cologne-2026,ok,4.3,6.17,5.27,CSGOSkins,CSGOSkins
2026-06-02T17:02:29Z,1780419749,cache_seed,e3088a331acc,Sticker | alex666 (Holo) | Cologne 2026,alex666 (Holo),Holo,https://csgoskins.gg/items/sticker-alex666-holo-cologne-2026,ok,1.92,2.33,1.92,CSGOSkins,CSGOSkins
2026-06-02T17:02:45Z,1780419765,cache_seed,e72e48e9feae,Sticker | HEN1 (Holo) | Cologne 2026,HEN1 (Holo),Holo,https://csgoskins.gg/items/sticker-hen1-holo-cologne-2026,ok,0.89,0.93,0.89,CSGOSkins,CSGOSkins
2026-05-31T04:43:18Z,1780202598,cache_seed,ab073ab98c8a,Sticker | ryu (Gold) | Cologne 2026,ryu (Gold),Gold,https://csgoskins.gg/items/sticker-ryu-gold-cologne-2026,ok,11.29,,,,
2026-06-02T17:09:16Z,1780420156,cache_seed,f81be8cece16,Sticker | S1ren (Holo) | Cologne 2026,S1ren (Holo),Holo,https://csgoskins.gg/items/sticker-s1ren-holo-cologne-2026,ok,5.18,6.3,5.18,CSGOSkins,CSGOSkins
2026-06-01T06:02:23Z,1780293743,cache_seed,e4cb2a3c2708,Sticker | TYLOO (Foil) | Cologne 2026,TYLOO (Foil),Foil,https://csgoskins.gg/items/sticker-tyloo-foil-cologne-2026,ok,1.63,,,,
2026-05-31T04:43:00Z,1780202580,cache_seed,cd735005996a,Sticker | NEKiZ (Gold) | Cologne 2026,NEKiZ (Gold),Gold,https://csgoskins.gg/items/sticker-nekiz-gold-cologne-2026,ok,4.02,,,,
2026-05-31T04:42:08Z,1780202528,cache_seed,373c9cb03395,Sticker | HEN1 (Gold) | Cologne 2026,HEN1 (Gold),Gold,https://csgoskins.gg/items/sticker-hen1-gold-cologne-2026,ok,11.93,,,,
2026-06-02T17:25:39Z,1780421139,cache_seed,50b92fa89ce5,Sticker | tabseN (Holo) | Cologne 2026,tabseN (Holo),Holo,https://csgoskins.gg/items/sticker-tabsen-holo-cologne-2026,ok,2.78,5.0,2.78,CSGOSkins,CSGOSkins
2026-05-31T04:41:44Z,1780202504,cache_seed,d67f17bb54bb,Sticker | donk | Cologne 2026,donk,Paper,https://csgoskins.gg/items/sticker-donk-cologne-2026,ok,0.59,,,,
2026-05-31T04:42:42Z,1780202562,cache_seed,519cddc25d10,Sticker | Magnojez (Gold) | Cologne 2026,Magnojez (Gold),Gold,https://csgoskins.gg/items/sticker-magnojez-gold-cologne-2026,ok,11.97,,,,
2026-05-31T04:35:52Z,1780202152,cache_seed,619bc6f69a35,Sticker | brnz4n (Gold) | Cologne 2026,brnz4n (Gold),Gold,https://csgoskins.gg/items/sticker-brnz4n-gold-cologne-2026,ok,13.31,,,,
2026-05-31T04:42:20Z,1780202540,cache_seed,a578132bffee,Sticker | JamYoung (Gold) | Cologne 2026,JamYoung (Gold),Gold,https://csgoskins.gg/items/sticker-jamyoung-gold-cologne-2026,ok,34.38,,,,
2026-05-31T04:35:50Z,1780202150,cache_seed,4503d9ac1d39,Sticker | arT (Gold) | Cologne 2026,arT (Gold),Gold,https://csgoskins.gg/items/sticker-art-gold-cologne-2026,ok,9.11,,,,
2026-05-31T04:43:28Z,1780202608,cache_seed,ccd759de5908,Sticker | soulfly (Gold) | Cologne 2026,soulfly (Gold),Gold,https://csgoskins.gg/items/sticker-soulfly-gold-cologne-2026,ok,38.97,,,,
2026-06-02T17:25:12Z,1780421112,cache_seed,fd4f18d93e68,Sticker | INS (Holo) | Cologne 2026,INS (Holo),Holo,https://csgoskins.gg/items/sticker-ins-holo-cologne-2026,ok,3.03,4.67,3.03,CSGOSkins,CSGOSkins
2026-06-02T17:25:12Z,1780421112,cache_seed,37420b328a4c,Sticker | insani (Holo) | Cologne 2026,insani (Holo),Holo,https://csgoskins.gg/items/sticker-insani-holo-cologne-2026,ok,2.31,2.31,2.37,CSGOSkins,CSGOSkins
2026-06-02T17:25:37Z,1780421137,cache_seed,138ac1260144,Sticker | stressarN (Holo) | Cologne 2026,stressarN (Holo),Holo,https://csgoskins.gg/items/sticker-stressarn-holo-cologne-2026,ok,5.41,5.41,11.1,SkinSniper,UUSkins
2026-06-02T17:25:14Z,1780421114,cache_seed,be37e2825846,Sticker | kisserek (Holo) | Cologne 2026,kisserek (Holo),Holo,https://csgoskins.gg/items/sticker-kisserek-holo-cologne-2026,ok,3.23,3.23,17.68,CSGOSkins,CSGOSkins
2026-06-02T17:25:30Z,1780421130,cache_seed,8bab08a231c3,Sticker | Rainwaker (Holo) | Cologne 2026,Rainwaker (Holo),Holo,https://csgoskins.gg/items/sticker-rainwaker-holo-cologne-2026,ok,1.96,1.96,4.41,SkinSniper,UUSkins
2026-05-31T04:43:17Z,1780202597,cache_seed,defef62fb194,Sticker | REZ (Gold) | Cologne 2026,REZ (Gold),Gold,https://csgoskins.gg/items/sticker-rez-gold-cologne-2026,ok,13.3,,,,
2026-05-31T04:36:11Z,1780202171,cache_seed,ce292e7e660b,Sticker | ultimate (Gold) | Cologne 2026,ultimate (Gold),Gold,https://csgoskins.gg/items/sticker-ultimate-gold-cologne-2026,ok,15.94,,,,
2026-05-31T04:42:39Z,1780202559,cache_seed,20ff6fe2422e,Sticker | luken (Gold) | Cologne 2026,luken (Gold),Gold,https://csgoskins.gg/items/sticker-luken-gold-cologne-2026,ok,6.98,,,,
2026-05-31T04:36:00Z,1780202160,cache_seed,8d63bff50ad5,Sticker | koala (Gold) | Cologne 2026,koala (Gold),Gold,https://csgoskins.gg/items/sticker-koala-gold-cologne-2026,ok,20.65,,,,
2026-05-31T04:43:58Z,1780202638,cache_seed,2868b836259b,Sticker | xfl0ud (Gold) | Cologne 2026,xfl0ud (Gold),Gold,https://csgoskins.gg/items/sticker-xfl0ud-gold-cologne-2026,ok,9.21,,,,
2026-05-31T04:36:07Z,1780202167,cache_seed,e8642d3e30c7,Sticker | slaxz- (Gold) | Cologne 2026,slaxz- (Gold),Gold,https://csgoskins.gg/items/sticker-slaxz-gold-cologne-2026,ok,14.34,,,,
2026-05-31T04:42:05Z,1780202525,cache_seed,47f117f2f354,Sticker | Gizmy (Gold) | Cologne 2026,Gizmy (Gold),Gold,https://csgoskins.gg/items/sticker-gizmy-gold-cologne-2026,ok,11.9,,,,
2026-05-31T04:42:36Z,1780202556,cache_seed,f91df1de4368,Sticker | LNZ (Gold) | Cologne 2026,LNZ (Gold),Gold,https://csgoskins.gg/items/sticker-lnz-gold-cologne-2026,ok,10.71,,,,
2026-05-31T04:43:03Z,1780202583,cache_seed,26d9291b334b,Sticker | nilo (Gold) | Cologne 2026,nilo (Gold),Gold,https://csgoskins.gg/items/sticker-nilo-gold-cologne-2026,ok,10.28,,,,
2026-05-31T04:41:48Z,1780202508,cache_seed,85d16aa93632,Sticker | EliGE (Gold) | Cologne 2026,EliGE (Gold),Gold,https://csgoskins.gg/items/sticker-elige-gold-cologne-2026,ok,22.16,,,,
2026-05-31T04:42:35Z,1780202555,cache_seed,a2ca24c5a7ff,Sticker | Liazz (Gold) | Cologne 2026,Liazz (Gold),Gold,https://csgoskins.gg/items/sticker-liazz-gold-cologne-2026,ok,6.7,,,,
2026-05-31T04:35:50Z,1780202150,cache_seed,e8e76fed2193,Sticker | aliStair (Gold) | Cologne 2026,aliStair (Gold),Gold,https://csgoskins.gg/items/sticker-alistair-gold-cologne-2026,ok,11.03,,,,
2026-05-31T04:35:52Z,1780202152,cache_seed,db4e192e884d,Sticker | Boombl4 (Gold) | Cologne 2026,Boombl4 (Gold),Gold,https://csgoskins.gg/items/sticker-boombl4-gold-cologne-2026,ok,10.02,,,,
2026-05-31T04:41:42Z,1780202502,cache_seed,58e03c5152a0,Sticker | dexter (Gold) | Cologne 2026,dexter (Gold),Gold,https://csgoskins.gg/items/sticker-dexter-gold-cologne-2026,ok,50.95,,,,
2026-05-31T04:43:08Z,1780202588,cache_seed,0b6cf4bf7e9a,Sticker | NRG (Gold) | Cologne 2026,NRG (Gold),Gold,https://csgoskins.gg/items/sticker-nrg-gold-cologne-2026,ok,11.46,,,,
2026-05-31T04:41:30Z,1780202490,cache_seed,f12409d08252,Sticker | BIG (Gold) | Cologne 2026,BIG (Gold),Gold,https://csgoskins.gg/items/sticker-big-gold-cologne-2026,ok,38.69,,,,
2026-05-31T04:42:03Z,1780202523,cache_seed,749b44647010,Sticker | GamerLegion (Gold) | Cologne 2026,GamerLegion (Gold),Gold,https://csgoskins.gg/items/sticker-gamerlegion-gold-cologne-2026,ok,40.0,,,,
2026-05-31T04:43:25Z,1780202605,cache_seed,2547028d2458,Sticker | siuhy (Gold) | Cologne 2026,siuhy (Gold),Gold,https://csgoskins.gg/items/sticker-siuhy-gold-cologne-2026,ok,14.24,,,,
2026-05-31T04:41:51Z,1780202511,cache_seed,5ed19c604a87,Sticker | esenthial (Gold) | Cologne 2026,esenthial (Gold),Gold,https://csgoskins.gg/items/sticker-esenthial-gold-cologne-2026,ok,5.7,,,,
2026-05-31T04:43:32Z,1780202612,cache_seed,6509e1c888b3,Sticker | Starry (Gold) | Cologne 2026,Starry (Gold),Gold,https://csgoskins.gg/items/sticker-starry-gold-cologne-2026,ok,13.3,,,,
2026-05-31T04:42:09Z,1780202529,cache_seed,2e43fd0b594f,Sticker | HEROIC (Gold) | Cologne 2026,HEROIC (Gold),Gold,https://csgoskins.gg/items/sticker-heroic-gold-cologne-2026,ok,16.13,,,,
2026-05-31T04:43:07Z,1780202587,cache_seed,2e3f1d5e16db,Sticker | npl (Gold) | Cologne 2026,npl (Gold),Gold,https://csgoskins.gg/items/sticker-npl-gold-cologne-2026,ok,9.89,,,,
2026-06-02T17:33:44Z,1780421624,cache_seed,b1e91169bd09,Sticker | asap (Foil) | Cologne 2026,asap (Foil),Foil,https://csgoskins.gg/items/sticker-asap-foil-cologne-2026,ok,1.81,2.0,5.92,CSGOSkins,CSGOSkins
2026-05-31T04:43:39Z,1780202619,cache_seed,d8c97aa5aee0,Sticker | Tauson (Gold) | Cologne 2026,Tauson (Gold),Gold,https://csgoskins.gg/items/sticker-tauson-gold-cologne-2026,ok,16.02,,,,
2026-05-31T04:42:53Z,1780202573,cache_seed,522b35f914e0,Sticker | Moseyuh (Gold) | Cologne 2026,Moseyuh (Gold),Gold,https://csgoskins.gg/items/sticker-moseyuh-gold-cologne-2026,ok,11.56,,,,
2026-05-31T04:42:32Z,1780202552,cache_seed,a7b11797136f,Sticker | latto (Gold) | Cologne 2026,latto (Gold),Gold,https://csgoskins.gg/items/sticker-latto-gold-cologne-2026,ok,22.62,,,,
2026-05-31T04:43:20Z,1780202600,cache_seed,4fa94382cee2,Sticker | S1ren (Gold) | Cologne 2026,S1ren (Gold),Gold,https://csgoskins.gg/items/sticker-s1ren-gold-cologne-2026,ok,13.2,,,,
2026-05-31T04:41:23Z,1780202483,cache_seed,63e06c05b05e,Sticker | asap (Gold) | Cologne 2026,asap (Gold),Gold,https://csgoskins.gg/items/sticker-asap-gold-cologne-2026,ok,13.99,,,,
2026-05-31T04:43:46Z,1780202626,cache_seed,fd2bbc66e853,Sticker | TYLOO (Gold) | Cologne 2026,TYLOO (Gold),Gold,https://csgoskins.gg/items/sticker-tyloo-gold-cologne-2026,ok,37.73,,,,
2026-05-31T04:43:36Z,1780202616,cache_seed,88964a17b518,Sticker | Swisher (Gold) | Cologne 2026,Swisher (Gold),Gold,https://csgoskins.gg/items/sticker-swisher-gold-cologne-2026,ok,20.86,,,,
2026-05-31T04:43:20Z,1780202600,cache_seed,2b10073ac049,Sticker | s1zzi (Gold) | Cologne 2026,s1zzi (Gold),Gold,https://csgoskins.gg/items/sticker-s1zzi-gold-cologne-2026,ok,11.03,,,,
2026-05-31T04:36:10Z,1780202170,cache_seed,1cca7d67497f,Sticker | tN1R (Gold) | Cologne 2026,tN1R (Gold),Gold,https://csgoskins.gg/items/sticker-tn1r-gold-cologne-2026,ok,24.0,,,,
2026-05-31T04:43:32Z,1780202612,cache_seed,d764fe3b6acf,Sticker | stressarN (Gold) | Cologne 2026,stressarN (Gold),Gold,https://csgoskins.gg/items/sticker-stressarn-gold-cologne-2026,ok,13.74,,,,
2026-05-31T04:36:10Z,1780202170,cache_seed,b19a6c093abb,Sticker | TjP (Gold) | Cologne 2026,TjP (Gold),Gold,https://csgoskins.gg/items/sticker-tjp-gold-cologne-2026,ok,5.91,,,,
2026-05-31T04:42:24Z,1780202544,cache_seed,c1fba3883c74,Sticker | Jee (Gold) | Cologne 2026,Jee (Gold),Gold,https://csgoskins.gg/items/sticker-jee-gold-cologne-2026,ok,13.3,,,,
2026-05-31T04:35:49Z,1780202149,cache_seed,6d044da13fa6,Sticker | alex666 (Gold) | Cologne 2026,alex666 (Gold),Gold,https://csgoskins.gg/items/sticker-alex666-gold-cologne-2026,ok,11.68,,,,
2026-05-31T04:41:58Z,1780202518,cache_seed,06c88581be49,Sticker | FlyQuest (Gold) | Cologne 2026,FlyQuest (Gold),Gold,https://csgoskins.gg/items/sticker-flyquest-gold-cologne-2026,ok,22.48,,,,
2026-05-31T04:43:52Z,1780202632,cache_seed,7db914d704ca,Sticker | westmelon (Gold) | Cologne 2026,westmelon (Gold),Gold,https://csgoskins.gg/items/sticker-westmelon-gold-cologne-2026,ok,12.31,,,,
2026-05-31T04:41:46Z,1780202506,cache_seed,c93e44d1d05f,Sticker | dumau (Gold) | Cologne 2026,dumau (Gold),Gold,https://csgoskins.gg/items/sticker-dumau-gold-cologne-2026,ok,13.91,,,,
2026-05-31T04:43:06Z,1780202586,cache_seed,8e28129af9bf,Sticker | nota (Gold) | Cologne 2026,nota (Gold),Gold,https://csgoskins.gg/items/sticker-nota-gold-cologne-2026,ok,13.83,,,,
2026-05-31T04:36:07Z,1780202167,cache_seed,8ccaa9836e7f,Sticker | SINNERS (Gold) | Cologne 2026,SINNERS (Gold),Gold,https://csgoskins.gg/items/sticker-sinners-gold-cologne-2026,ok,63.46,,,,
2026-05-31T04:41:53Z,1780202513,cache_seed,640ae5e2701f,Sticker | FalleN | Cologne 2026,FalleN,Paper,https://csgoskins.gg/items/sticker-fallen-cologne-2026,ok,0.49,,,,
2026-05-31T04:35:59Z,1780202159,cache_seed,e4addcf19403,Sticker | kensizor (Gold) | Cologne 2026,kensizor (Gold),Gold,https://csgoskins.gg/items/sticker-kensizor-gold-cologne-2026,ok,5.35,,,,
2026-05-31T04:42:51Z,1780202571,cache_seed,a23f77240bcb,Sticker | MIBR (Gold) | Cologne 2026,MIBR (Gold),Gold,https://csgoskins.gg/items/sticker-mibr-gold-cologne-2026,ok,22.44,,,,
2026-06-02T18:08:31Z,1780423711,cache_seed,60021a1c7406,Sticker | Sharks Esports (Foil) | Cologne 2026,Sharks Esports (Foil),Foil,https://csgoskins.gg/items/sticker-sharks-esports-foil-cologne-2026,ok,2.78,9.6,2.78,SkinSniper,UUSkins
2026-06-02T17:25:28Z,1780421128,cache_seed,02fb80662708,Sticker | NEKiZ (Holo) | Cologne 2026,NEKiZ (Holo),Holo,https://csgoskins.gg/items/sticker-nekiz-holo-cologne-2026,ok,0.89,10.47,0.89,CSGOSkins,CSGOSkins
2026-06-02T17:02:35Z,1780419755,cache_seed,d8eca2f9a89f,Sticker | Chr1zN (Holo) | Cologne 2026,Chr1zN (Holo),Holo,https://csgoskins.gg/items/sticker-chr1zn-holo-cologne-2026,ok,0.73,0.96,0.73,CSGOSkins,CSGOSkins
2026-06-02T17:25:12Z,1780421112,cache_seed,67e35c573e3c,Sticker | jabbi (Holo) | Cologne 2026,jabbi (Holo),Holo,https://csgoskins.gg/items/sticker-jabbi-holo-cologne-2026,ok,0.97,1.31,0.97,CSGOSkins,CSGOSkins
2026-06-02T17:02:30Z,1780419750,cache_seed,8cddaf065473,Sticker | Aurora (Holo) | Cologne 2026,Aurora (Holo),Holo,https://csgoskins.gg/items/sticker-aurora-holo-cologne-2026,ok,5.17,7.0,5.48,SkinSniper,UUSkins
2026-06-02T17:09:19Z,1780420159,cache_seed,6442ab880b99,Sticker | gafolo (Holo) | Cologne 2026,gafolo (Holo),Holo,https://csgoskins.gg/items/sticker-gafolo-holo-cologne-2026,ok,1.37,1.37,1.47,CSGOSkins,CSGOSkins
2026-06-02T17:09:17Z,1780420157,cache_seed,0927c21045c2,Sticker | paiN Gaming (Holo) | Cologne 2026,paiN Gaming (Holo),Holo,https://csgoskins.gg/items/sticker-pain-gaming-holo-cologne-2026,ok,4.57,5.29,4.57,CSGOSkins,CSGOSkins
2026-06-02T17:02:29Z,1780419749,cache_seed,08012c24edef,Sticker | 9z Team (Holo) | Cologne 2026,9z Team (Holo),Holo,https://csgoskins.gg/items/sticker-9z-team-holo-cologne-2026,ok,4.5,4.89,4.5,CSGOSkins,CSGOSkins
2026-06-02T17:09:17Z,1780420157,cache_seed,d6ec81bd977b,Sticker | NRG (Holo) | Cologne 2026,NRG (Holo),Holo,https://csgoskins.gg/items/sticker-nrg-holo-cologne-2026,ok,9.73,9.99,9.73,CSGOSkins,CSGOSkins
2026-06-02T17:09:21Z,1780420161,cache_seed,888e02ff13ff,Sticker | FUT (Holo) | Cologne 2026,FUT (Holo),Holo,https://csgoskins.gg/items/sticker-fut-holo-cologne-2026,ok,5.55,5.55,6.58,CSGOSkins,UUSkins
2026-06-02T17:02:41Z,1780419761,cache_seed,51953c88e439,Sticker | faveN (Holo) | Cologne 2026,faveN (Holo),Holo,https://csgoskins.gg/items/sticker-faven-holo-cologne-2026,ok,0.62,1.07,0.62,CSGOSkins,CSGOSkins
2026-06-02T17:33:31Z,1780421611,cache_seed,ae428a1d0652,Sticker | vexite (Holo) | Cologne 2026,vexite (Holo),Holo,https://csgoskins.gg/items/sticker-vexite-holo-cologne-2026,ok,1.1,1.16,1.31,CSGOSkins,CSGOSkins
2026-06-02T17:25:30Z,1780421130,cache_seed,550b4c150435,Sticker | piriajr (Holo) | Cologne 2026,piriajr (Holo),Holo,https://csgoskins.gg/items/sticker-piriajr-holo-cologne-2026,ok,0.59,0.85,0.59,SkinSniper,UUSkins
2026-06-02T17:25:28Z,1780421128,cache_seed,d2ad79f22e88,Sticker | nettik (Holo) | Cologne 2026,nettik (Holo),Holo,https://csgoskins.gg/items/sticker-nettik-holo-cologne-2026,ok,0.85,1.26,0.88,CSGOSkins,CSGOSkins
2026-06-02T17:25:24Z,1780421124,cache_seed,91f1a6b88f72,Sticker | MIBR (Holo) | Cologne 2026,MIBR (Holo),Holo,https://csgoskins.gg/items/sticker-mibr-holo-cologne-2026,ok,3.66,3.83,3.69,CSGOSkins,CSGOSkins
2026-06-02T17:33:35Z,1780421615,cache_seed,f170fcf5a4be,Sticker | yxngstxr (Holo) | Cologne 2026,yxngstxr (Holo),Holo,https://csgoskins.gg/items/sticker-yxngstxr-holo-cologne-2026,ok,3.6,3.6,4.28,SkinSniper,UUSkins
2026-06-02T17:02:34Z,1780419754,cache_seed,3b77bff2c945,Sticker | br0 (Holo) | Cologne 2026,br0 (Holo),Holo,https://csgoskins.gg/items/sticker-br0-holo-cologne-2026,ok,2.67,2.96,2.67,SkinSniper,UUSkins
2026-06-02T17:25:14Z,1780421114,cache_seed,6558a22d0289,Sticker | KSCERATO (Holo) | Cologne 2026,KSCERATO (Holo),Holo,https://csgoskins.gg/items/sticker-kscerato-holo-cologne-2026,ok,3.12,4.54,3.7,CSGOSkins,CSGOSkins
2026-06-02T17:02:42Z,1780419762,cache_seed,666f5b8f180f,Sticker | Gaimin Gladiators (Holo) | Cologne 2026,Gaimin Gladiators (Holo),Holo,https://csgoskins.gg/items/sticker-gaimin-gladiators-holo-cologne-2026,ok,4.8,6.3,4.8,CSGOSkins,CSGOSkins
2026-06-02T17:02:41Z,1780419761,cache_seed,f77e24374b2b,Sticker | FURIA (Holo) | Cologne 2026,FURIA (Holo),Holo,https://csgoskins.gg/items/sticker-furia-holo-cologne-2026,ok,14.64,17.82,14.64,CSGOSkins,CSGOSkins
2026-06-02T17:09:20Z,1780420160,cache_seed,3621c3a87cd4,Sticker | Sharks Esports (Holo) | Cologne 2026,Sharks Esports (Holo),Holo,https://csgoskins.gg/items/sticker-sharks-esports-holo-cologne-2026,ok,6.66,10.75,6.66,CSGOSkins,CSGOSkins
2026-06-02T17:02:42Z,1780419762,cache_seed,b970a24dac58,Sticker | G2 esports (Holo) | Cologne 2026,G2 esports (Holo),Holo,https://csgoskins.gg/items/sticker-g2-esports-holo-cologne-2026,ok,5.25,5.38,5.25,CSGOSkins,CSGOSkins
2026-06-02T17:25:18Z,1780421118,cache_seed,7aad5666deed,Sticker | Legacy (Holo) | Cologne 2026,Legacy (Holo),Holo,https://csgoskins.gg/items/sticker-legacy-holo-cologne-2026,ok,6.91,11.99,6.91,SkinSniper,UUSkins
2026-06-02T17:09:17Z,1780420157,cache_seed,f30aa8a5b607,Sticker | zorte (Holo) | Cologne 2026,zorte (Holo),Holo,https://csgoskins.gg/items/sticker-zorte-holo-cologne-2026,ok,2.16,5.35,2.16,CSGOSkins,CSGOSkins
2026-06-02T17:02:34Z,1780419754,cache_seed,e8d4a81ec33d,Sticker | brnz4n (Holo) | Cologne 2026,brnz4n (Holo),Holo,https://csgoskins.gg/items/sticker-brnz4n-holo-cologne-2026,ok,2.22,3.0,2.22,CSGOSkins,CSGOSkins
2026-06-02T17:25:22Z,1780421122,cache_seed,9f3fa39ccc21,Sticker | malbsMd (Holo) | Cologne 2026,malbsMd (Holo),Holo,https://csgoskins.gg/items/sticker-malbsmd-holo-cologne-2026,ok,0.89,1.64,1.04,CSGOSkins,CSGOSkins
2026-06-02T17:25:28Z,1780421128,cache_seed,5f9d3cc637ec,Sticker | nitr0 (Holo) | Cologne 2026,nitr0 (Holo),Holo,https://csgoskins.gg/items/sticker-nitr0-holo-cologne-2026,ok,0.88,1.1,1.02,CSGOSkins,CSGOSkins
2026-06-02T17:25:29Z,1780421129,cache_seed,35b3d81216b4,Sticker | NQZ (Holo) | Cologne 2026,NQZ (Holo),Holo,https://csgoskins.gg/items/sticker-nqz-holo-cologne-2026,ok,0.86,2.0,1.02,CSGOSkins,CSGOSkins
2026-06-02T17:33:33Z,1780421613,cache_seed,496a39934efd,Sticker | xfl0ud (Holo) | Cologne 2026,xfl0ud (Holo),Holo,https://csgoskins.gg/items/sticker-xfl0ud-holo-cologne-2026,ok,0.72,2.28,0.72,CSGOSkins,CSGOSkins
2026-06-02T17:25:36Z,1780421136,cache_seed,bfa02a5b46ee,Sticker | Staehr (Holo) | Cologne 2026,Staehr (Holo),Holo,https://csgoskins.gg/items/sticker-staehr-holo-cologne-2026,ok,1.69,1.69,2.66,CSGOSkins,CSGOSkins
2026-06-02T17:33:33Z,1780421613,cache_seed,95f2a59aa8cd,Sticker | xertioN (Holo) | Cologne 2026,xertioN (Holo),Holo,https://csgoskins.gg/items/sticker-xertion-holo-cologne-2026,ok,0.96,2.1,0.96,CSGOSkins,CSGOSkins
2026-06-02T17:25:22Z,1780421122,cache_seed,a9aaec797076,Sticker | MATYS (Holo) | Cologne 2026,MATYS (Holo),Holo,https://csgoskins.gg/items/sticker-matys-holo-cologne-2026,ok,0.87,1.2,0.87,CSGOSkins,CSGOSkins
2026-06-02T17:25:21Z,1780421121,cache_seed,3023673eb5a8,Sticker | m0NESY (Holo) | Cologne 2026,m0NESY (Holo),Holo,https://csgoskins.gg/items/sticker-m0nesy-holo-cologne-2026,ok,19.23,20.0,19.23,CSGOSkins,CSGOSkins
2026-06-02T17:09:22Z,1780420162,cache_seed,55f0bea61a2c,Sticker | Falcons (Holo) | Cologne 2026,Falcons (Holo),Holo,https://csgoskins.gg/items/sticker-falcons-holo-cologne-2026,ok,22.02,29.98,22.02,CSGOSkins,CSGOSkins
2026-06-02T17:25:11Z,1780421111,cache_seed,497d22fda716,Sticker | doc (Holo) | Cologne 2026,doc (Holo),Holo,https://csgoskins.gg/items/sticker-doc-holo-cologne-2026,ok,2.18,2.3,2.65,CSGOSkins,CSGOSkins
2026-06-02T17:02:37Z,1780419757,cache_seed,979825ffa1b5,Sticker | cobra (Holo) | Cologne 2026,cobra (Holo),Holo,https://csgoskins.gg/items/sticker-cobra-holo-cologne-2026,ok,2.08,2.16,2.08,CSGOSkins,CSGOSkins
2026-06-02T17:25:32Z,1780421132,cache_seed,abe272caf8fe,Sticker | ryu (Holo) | Cologne 2026,ryu (Holo),Holo,https://csgoskins.gg/items/sticker-ryu-holo-cologne-2026,ok,1.7,1.7,2.78,CSGOSkins,CSGOSkins
2026-06-02T17:33:58Z,1780421638,cache_seed,0c9f5fa2be72,Sticker | doc (Foil) | Cologne 2026,doc (Foil),Foil,https://csgoskins.gg/items/sticker-doc-foil-cologne-2026,ok,3.69,3.69,,SkinSniper,
2026-06-02T17:25:25Z,1780421125,cache_seed,31ca721a58ac,Sticker | MoDo (Holo) | Cologne 2026,MoDo (Holo),Holo,https://csgoskins.gg/items/sticker-modo-holo-cologne-2026,ok,2.23,4.65,2.37,CSGOSkins,CSGOSkins
2026-06-02T17:39:39Z,1780421979,cache_seed,902f2e3f6274,Sticker | Team Liquid (Holo) | Cologne 2026,Team Liquid (Holo),Holo,https://csgoskins.gg/items/sticker-team-liquid-holo-cologne-2026,ok,20.02,25.97,23.37,CSGOSkins,CSGOSkins
2026-06-02T17:09:25Z,1780420165,cache_seed,39d3a2e2d65e,Sticker | M80 (Holo) | Cologne 2026,M80 (Holo),Holo,https://csgoskins.gg/items/sticker-m80-holo-cologne-2026,ok,6.51,12.99,6.51,SkinSniper,UUSkins
2026-06-02T17:09:19Z,1780420159,cache_seed,ac189711479a,Sticker | The Mongolz (Holo) | Cologne 2026,The Mongolz (Holo),Holo,https://csgoskins.gg/items/sticker-the-mongolz-holo-cologne-2026,ok,11.83,12.9,11.83,CSGOSkins,CSGOSkins
2026-06-02T17:09:18Z,1780420158,cache_seed,d2c8126cec6f,Sticker | Liazz (Holo) | Cologne 2026,Liazz (Holo),Holo,https://csgoskins.gg/items/sticker-liazz-holo-cologne-2026,ok,2.65,4.28,2.65,CSGOSkins,CSGOSkins
2026-06-02T17:25:14Z,1780421114,cache_seed,219bc61926b3,Sticker | kl1m (Holo) | Cologne 2026,kl1m (Holo),Holo,https://csgoskins.gg/items/sticker-kl1m-holo-cologne-2026,ok,0.67,2.6,0.67,CSGOSkins,CSGOSkins
2026-06-02T17:25:28Z,1780421128,cache_seed,c2e9aa00d482,Sticker | NertZ (Holo) | Cologne 2026,NertZ (Holo),Holo,https://csgoskins.gg/items/sticker-nertz-holo-cologne-2026,ok,0.99,3.14,1.03,CSGOSkins,CSGOSkins
2026-06-02T17:09:23Z,1780420163,cache_seed,662a4956f2a0,Sticker | Zero (Holo) | Cologne 2026,Zero (Holo),Holo,https://csgoskins.gg/items/sticker-zero-holo-cologne-2026,ok,3.11,4.16,3.11,SkinSniper,UUSkins
2026-06-02T17:09:17Z,1780420157,cache_seed,5f780340315c,Sticker | Magnojez (Holo) | Cologne 2026,Magnojez (Holo),Holo,https://csgoskins.gg/items/sticker-magnojez-holo-cologne-2026,ok,2.23,2.23,3.11,CSGOSkins,CSGOSkins
2026-06-02T17:25:28Z,1780421128,cache_seed,6693d515667b,Sticker | nilo (Holo) | Cologne 2026,nilo (Holo),Holo,https://csgoskins.gg/items/sticker-nilo-holo-cologne-2026,ok,1.13,1.13,1.48,CSGOSkins,CSGOSkins
2026-06-02T17:02:37Z,1780419757,cache_seed,03fffdf9d165,Sticker | dexter (Holo) | Cologne 2026,dexter (Holo),Holo,https://csgoskins.gg/items/sticker-dexter-holo-cologne-2026,ok,12.57,18.0,12.57,CSGOSkins,CSGOSkins
2026-06-02T17:25:40Z,1780421140,cache_seed,cc8283a1d435,Sticker | Team Spirit (Holo) | Cologne 2026,Team Spirit (Holo),Holo,https://csgoskins.gg/items/sticker-team-spirit-holo-cologne-2026,ok,22.04,35.0,22.04,CSGOSkins,CSGOSkins
2026-06-02T17:33:33Z,1780421613,cache_seed,c7c168af76bb,Sticker | xiELO (Holo) | Cologne 2026,xiELO (Holo),Holo,https://csgoskins.gg/items/sticker-xielo-holo-cologne-2026,ok,1.04,1.39,1.04,CSGOSkins,CSGOSkins
2026-06-02T17:09:23Z,1780420163,cache_seed,8df88522d91a,Sticker | TYLOO (Holo) | Cologne 2026,TYLOO (Holo),Holo,https://csgoskins.gg/items/sticker-tyloo-holo-cologne-2026,ok,10.95,12.85,10.95,CSGOSkins,CSGOSkins
2026-06-02T17:38:14Z,1780421894,cache_seed,615b8ec2547a,Sticker | maxxkor (Foil) | Cologne 2026,maxxkor (Foil),Foil,https://csgoskins.gg/items/sticker-maxxkor-foil-cologne-2026,ok,0.94,1.66,,CSGOSkins,
2026-06-02T17:25:25Z,1780421125,cache_seed,3334feb2b451,Sticker | molodoy (Holo) | Cologne 2026,molodoy (Holo),Holo,https://csgoskins.gg/items/sticker-molodoy-holo-cologne-2026,ok,6.72,6.72,7.55,CSGOSkins,CSGOSkins
2026-06-02T17:09:22Z,1780420162,cache_seed,a6f5dfa82c23,Sticker | Lynn Vision (Holo) | Cologne 2026,Lynn Vision (Holo),Holo,https://csgoskins.gg/items/sticker-lynn-vision-holo-cologne-2026,ok,6.2,7.54,6.2,CSGOSkins,CSGOSkins
2026-06-02T17:33:33Z,1780421613,cache_seed,c83b7664ed4a,Sticker | XANTARES (Holo) | Cologne 2026,XANTARES (Holo),Holo,https://csgoskins.gg/items/sticker-xantares-holo-cologne-2026,ok,3.18,4.0,3.7,CSGOSkins,CSGOSkins
2026-06-02T17:09:18Z,1780420158,cache_seed,d1dda4ae4bf0,Sticker | rdnzao (Holo) | Cologne 2026,rdnzao (Holo),Holo,https://csgoskins.gg/items/sticker-rdnzao-holo-cologne-2026,ok,2.06,2.25,2.06,CSGOSkins,CSGOSkins
2026-06-02T17:09:18Z,1780420158,cache_seed,98bd56df9591,Sticker | Natus Vincere (Holo) | Cologne 2026,Natus Vincere (Holo),Holo,https://csgoskins.gg/items/sticker-natus-vincere-holo-cologne-2026,ok,17.6,20.7,17.6,CSGOSkins,CSGOSkins
2026-06-02T17:33:32Z,1780421612,cache_seed,a629e9d0693b,Sticker | westmelon (Holo) | Cologne 2026,westmelon (Holo),Holo,https://csgoskins.gg/items/sticker-westmelon-holo-cologne-2026,ok,1.44,1.62,1.44,CSGOSkins,CSGOSkins
2026-06-02T17:33:31Z,1780421611,cache_seed,51ce27fe1b8c,Sticker | Vitality (Holo) | Cologne 2026,Vitality (Holo),Holo,https://csgoskins.gg/items/sticker-vitality-holo-cologne-2026,ok,20.19,27.0,20.19,CSGOSkins,CSGOSkins
2026-06-02T17:33:32Z,1780421612,cache_seed,a1993e086d7b,Sticker | Wicadia (Holo) | Cologne 2026,Wicadia (Holo),Holo,https://csgoskins.gg/items/sticker-wicadia-holo-cologne-2026,ok,1.15,1.37,2.08,CSGOSkins,CSGOSkins
2026-06-02T17:25:13Z,1780421113,cache_seed,aacac2361330,Sticker | JamYoung (Holo) | Cologne 2026,JamYoung (Holo),Holo,https://csgoskins.gg/items/sticker-jamyoung-holo-cologne-2026,ok,6.65,6.65,6.95,CSGOSkins,CSGOSkins
2026-06-02T17:02:41Z,1780419761,cache_seed,d3de56fb6253,Sticker | FL4MUS (Holo) | Cologne 2026,FL4MUS (Holo),Holo,https://csgoskins.gg/items/sticker-fl4mus-holo-cologne-2026,ok,1.63,4.0,1.63,CSGOSkins,CSGOSkins
2026-06-02T17:09:28Z,1780420168,cache_seed,05e866d13d83,Sticker | BetBoom (Holo) | Cologne 2026,BetBoom (Holo),Holo,https://csgoskins.gg/items/sticker-betboom-holo-cologne-2026,ok,6.64,7.5,6.64,CSGOSkins,CSGOSkins
2026-06-02T17:09:27Z,1780420167,cache_seed,573724344225,Sticker | FlyQuest (Holo) | Cologne 2026,FlyQuest (Holo),Holo,https://csgoskins.gg/items/sticker-flyquest-holo-cologne-2026,ok,11.1,12.53,11.1,CSGOSkins,CSGOSkins
2026-06-02T17:25:13Z,1780421113,cache_seed,a34eeed32d24,Sticker | JBa (Holo) | Cologne 2026,JBa (Holo),Holo,https://csgoskins.gg/items/sticker-jba-holo-cologne-2026,ok,2.8,8.59,2.8,CSGOSkins,CSGOSkins
2026-06-02T17:25:29Z,1780421129,cache_seed,e8cb256de763,Sticker | phzy (Holo) | Cologne 2026,phzy (Holo),Holo,https://csgoskins.gg/items/sticker-phzy-holo-cologne-2026,ok,1.74,1.74,2.27,CSGOSkins,CSGOSkins
2026-06-02T17:09:19Z,1780420159,cache_seed,3292ee18e768,Sticker | PARIVISION (Holo) | Cologne 2026,PARIVISION (Holo),Holo,https://csgoskins.gg/items/sticker-parivision-holo-cologne-2026,ok,6.51,7.5,6.51,CSGOSkins,CSGOSkins
2026-06-02T17:25:33Z,1780421133,cache_seed,075a909343de,Sticker | SHOCK (Holo) | Cologne 2026,SHOCK (Holo),Holo,https://csgoskins.gg/items/sticker-shock-holo-cologne-2026,ok,2.21,6.88,2.7,CSGOSkins,CSGOSkins
2026-06-02T17:25:33Z,1780421133,cache_seed,29fd6c914915,Sticker | s1n (Holo) | Cologne 2026,s1n (Holo),Holo,https://csgoskins.gg/items/sticker-s1n-holo-cologne-2026,ok,1.31,2.75,1.47,CSGOSkins,CSGOSkins
2026-06-02T17:02:45Z,1780419765,cache_seed,396de15d3b80,Sticker | HEROIC (Holo) | Cologne 2026,HEROIC (Holo),Holo,https://csgoskins.gg/items/sticker-heroic-holo-cologne-2026,ok,4.35,4.35,4.36,CSGOSkins,CSGOSkins
2026-06-02T17:25:32Z,1780421132,cache_seed,dd37bc13bea6,Sticker | ropz (Holo) | Cologne 2026,ropz (Holo),Holo,https://csgoskins.gg/items/sticker-ropz-holo-cologne-2026,ok,24.7,40.0,24.7,CSGOSkins,CSGOSkins
2026-06-02T17:09:18Z,1780420158,cache_seed,84bea33324ce,Sticker | Astralis (Holo) | Cologne 2026,Astralis (Holo),Holo,https://csgoskins.gg/items/sticker-astralis-holo-cologne-2026,ok,8.88,16.88,8.88,CSGOSkins,CSGOSkins
2026-06-02T17:02:43Z,1780419763,cache_seed,a458e8d171c8,Sticker | Gizmy (Holo) | Cologne 2026,Gizmy (Holo),Holo,https://csgoskins.gg/items/sticker-gizmy-holo-cologne-2026,ok,2.35,3.12,2.35,SkinSniper,UUSkins
2026-06-02T17:25:16Z,1780421116,cache_seed,7ff540457bc6,Sticker | Krabeni (Holo) | Cologne 2026,Krabeni (Holo),Holo,https://csgoskins.gg/items/sticker-krabeni-holo-cologne-2026,ok,3.26,6.98,3.26,SkinSniper,UUSkins
2026-06-02T17:25:26Z,1780421126,cache_seed,4347e69a4401,Sticker | n1ssim (Holo) | Cologne 2026,n1ssim (Holo),Holo,https://csgoskins.gg/items/sticker-n1ssim-holo-cologne-2026,ok,1.18,7.89,1.18,SkinSniper,UUSkins
2026-06-02T17:25:33Z,1780421133,cache_seed,a9b056dde0aa,Sticker | saadzin (Holo) | Cologne 2026,saadzin (Holo),Holo,https://csgoskins.gg/items/sticker-saadzin-holo-cologne-2026,ok,1.11,1.15,1.11,CSGOSkins,CSGOSkins
2026-06-02T17:25:16Z,1780421116,cache_seed,bf53c370d589,Sticker | Lake (Holo) | Cologne 2026,Lake (Holo),Holo,https://csgoskins.gg/items/sticker-lake-holo-cologne-2026,ok,2.37,3.72,2.37,SkinSniper,UUSkins
2026-06-02T17:02:46Z,1780419766,cache_seed,12b57635d456,Sticker | hypex (Holo) | Cologne 2026,hypex (Holo),Holo,https://csgoskins.gg/items/sticker-hypex-holo-cologne-2026,ok,4.75,4.75,9.86,CSGOSkins,CSGOSkins
2026-06-02T17:33:31Z,1780421611,cache_seed,136899b68f76,Sticker | venomzera (Holo) | Cologne 2026,venomzera (Holo),Holo,https://csgoskins.gg/items/sticker-venomzera-holo-cologne-2026,ok,0.74,1.01,0.74,CSGOSkins,CSGOSkins
2026-06-02T17:33:33Z,1780421613,cache_seed,ba3501298cb9,Sticker | woxic (Holo) | Cologne 2026,woxic (Holo),Holo,https://csgoskins.gg/items/sticker-woxic-holo-cologne-2026,ok,2.37,3.87,2.65,CSGOSkins,CSGOSkins
2026-06-02T17:02:42Z,1780419762,cache_seed,bd59bc928757,Sticker | GamerLegion (Holo) | Cologne 2026,GamerLegion (Holo),Holo,https://csgoskins.gg/items/sticker-gamerlegion-holo-cologne-2026,ok,10.65,14.99,10.65,SkinSniper,UUSkins
2026-06-02T17:02:44Z,1780419764,cache_seed,b9a9d7eff0ed,Sticker | Grim (Holo) | Cologne 2026,Grim (Holo),Holo,https://csgoskins.gg/items/sticker-grim-holo-cologne-2026,ok,2.29,6.54,2.29,CSGOSkins,CSGOSkins
2026-06-02T17:25:25Z,1780421125,cache_seed,a4a3936c731b,Sticker | MOUZ (Holo) | Cologne 2026,MOUZ (Holo),Holo,https://csgoskins.gg/items/sticker-mouz-holo-cologne-2026,ok,9.47,11.88,9.47,CSGOSkins,CSGOSkins
2026-06-02T17:25:18Z,1780421118,cache_seed,f125d4eb0794,Sticker | LNZ (Holo) | Cologne 2026,LNZ (Holo),Holo,https://csgoskins.gg/items/sticker-lnz-holo-cologne-2026,ok,1.78,2.21,1.78,SkinSniper,UUSkins
2026-06-02T17:25:13Z,1780421113,cache_seed,fcb303a6898e,Sticker | JDC (Holo) | Cologne 2026,JDC (Holo),Holo,https://csgoskins.gg/items/sticker-jdc-holo-cologne-2026,ok,3.5,4.86,3.5,CSGOSkins,CSGOSkins
2026-06-02T17:09:27Z,1780420167,cache_seed,0fd07921f22b,Sticker | koala (Holo) | Cologne 2026,koala (Holo),Holo,https://csgoskins.gg/items/sticker-koala-holo-cologne-2026,ok,1.47,2.98,1.47,CSGOSkins,CSGOSkins
2026-06-02T17:25:22Z,1780421122,cache_seed,b8e2b15537e7,Sticker | makazze (Holo) | Cologne 2026,makazze (Holo),Holo,https://csgoskins.gg/items/sticker-makazze-holo-cologne-2026,ok,5.91,8.52,7.4,CSGOSkins,CSGOSkins
2026-06-02T17:33:30Z,1780421610,cache_seed,4447477e3233,Sticker | mzinho (Holo) | Cologne 2026,mzinho (Holo),Holo,https://csgoskins.gg/items/sticker-mzinho-holo-cologne-2026,ok,3.85,4.41,3.85,CSGOSkins,CSGOSkins
2026-06-02T17:25:36Z,1780421136,cache_seed,45e196aeba6d,Sticker | soulfly (Holo) | Cologne 2026,soulfly (Holo),Holo,https://csgoskins.gg/items/sticker-soulfly-holo-cologne-2026,ok,1.48,2.3,1.48,CSGOSkins,CSGOSkins
2026-06-02T17:09:18Z,1780420158,cache_seed,03a461d6d761,Sticker | TeSeS (Holo) | Cologne 2026,TeSeS (Holo),Holo,https://csgoskins.gg/items/sticker-teses-holo-cologne-2026,ok,3.35,4.0,3.35,CSGOSkins,CSGOSkins
2026-06-02T17:25:39Z,1780421139,cache_seed,71164cb04456,Sticker | susp (Holo) | Cologne 2026,susp (Holo),Holo,https://csgoskins.gg/items/sticker-susp-holo-cologne-2026,ok,0.77,1.25,0.77,CSGOSkins,CSGOSkins
2026-06-02T17:33:31Z,1780421611,cache_seed,8b9bc79bb35e,Sticker | w0nderful (Holo) | Cologne 2026,w0nderful (Holo),Holo,https://csgoskins.gg/items/sticker-w0nderful-holo-cologne-2026,ok,6.73,16.64,6.73,SkinSniper,CSGOSkins
2026-06-02T17:33:35Z,1780421615,cache_seed,23c660a4589d,Sticker | z4KR (Holo) | Cologne 2026,z4KR (Holo),Holo,https://csgoskins.gg/items/sticker-z4kr-holo-cologne-2026,ok,1.99,3.69,1.99,SkinSniper,UUSkins
2026-06-02T17:25:34Z,1780421134,cache_seed,47073ff8e45d,Sticker | sh1ro (Holo) | Cologne 2026,sh1ro (Holo),Holo,https://csgoskins.gg/items/sticker-sh1ro-holo-cologne-2026,ok,3.49,3.49,5.33,CSGOSkins,CSGOSkins
2026-06-02T17:02:37Z,1780419757,cache_seed,23f5b51544da,Sticker | dem0n (Holo) | Cologne 2026,dem0n (Holo),Holo,https://csgoskins.gg/items/sticker-dem0n-holo-cologne-2026,ok,2.65,2.65,3.57,CSGOSkins,CSGOSkins
2026-06-02T17:25:28Z,1780421128,cache_seed,14697964ea54,Sticker | NiKo (Holo) | Cologne 2026,NiKo (Holo),Holo,https://csgoskins.gg/items/sticker-niko-holo-cologne-2026,ok,15.44,25.0,15.58,CSGOSkins,CSGOSkins
2026-06-02T17:09:21Z,1780420161,cache_seed,f6bb65caa27f,Sticker | Moseyuh (Holo) | Cologne 2026,Moseyuh (Holo),Holo,https://csgoskins.gg/items/sticker-moseyuh-holo-cologne-2026,ok,2.66,2.66,2.83,CSGOSkins,CSGOSkins
2026-06-02T17:02:39Z,1780419759,cache_seed,da6050cfcdd0,Sticker | esenthial (Holo) | Cologne 2026,esenthial (Holo),Holo,https://csgoskins.gg/items/sticker-esenthial-holo-cologne-2026,ok,0.68,6.07,0.68,SkinSniper,UUSkins
2026-06-02T17:09:20Z,1780420160,cache_seed,5c77121eb587,Sticker | BELCHONOKK (Holo) | Cologne 2026,BELCHONOKK (Holo),Holo,https://csgoskins.gg/items/sticker-belchonokk-holo-cologne-2026,ok,1.04,3.49,1.04,CSGOSkins,CSGOSkins
2026-06-02T17:25:32Z,1780421132,cache_seed,4090be90c061,Sticker | REZ (Holo) | Cologne 2026,REZ (Holo),Holo,https://csgoskins.gg/items/sticker-rez-holo-cologne-2026,ok,2.81,3.78,2.81,CSGOSkins,CSGOSkins
2026-06-02T17:02:32Z,1780419752,cache_seed,97fa3a994577,Sticker | B8 (Holo) | Cologne 2026,B8 (Holo),Holo,https://csgoskins.gg/items/sticker-b8-holo-cologne-2026,ok,4.44,7.0,4.44,CSGOSkins,CSGOSkins
2026-06-02T17:02:43Z,1780419763,cache_seed,c2212709e928,Sticker | gr1ks (Holo) | Cologne 2026,gr1ks (Holo),Holo,https://csgoskins.gg/items/sticker-gr1ks-holo-cologne-2026,ok,1.48,1.92,1.54,SkinSniper,UUSkins
2026-06-02T17:25:13Z,1780421113,cache_seed,ebfa782fd78c,Sticker | jks (Holo) | Cologne 2026,jks (Holo),Holo,https://csgoskins.gg/items/sticker-jks-holo-cologne-2026,ok,2.19,2.66,2.25,CSGOSkins,CSGOSkins
2026-06-02T17:25:40Z,1780421140,cache_seed,9da702349de3,Sticker | Tauson (Holo) | Cologne 2026,Tauson (Holo),Holo,https://csgoskins.gg/items/sticker-tauson-holo-cologne-2026,ok,1.48,3.57,1.48,CSGOSkins,CSGOSkins
2026-06-02T17:02:34Z,1780419754,cache_seed,166ce2b3b8d6,Sticker | Brollan (Holo) | Cologne 2026,Brollan (Holo),Holo,https://csgoskins.gg/items/sticker-brollan-holo-cologne-2026,ok,1.63,6.0,1.63,CSGOSkins,CSGOSkins
2026-06-02T17:25:41Z,1780421141,cache_seed,51d1af996c24,Sticker | torzsi (Holo) | Cologne 2026,torzsi (Holo),Holo,https://csgoskins.gg/items/sticker-torzsi-holo-cologne-2026,ok,2.92,7.57,2.96,CSGOSkins,CSGOSkins
2026-06-02T17:38:01Z,1780421881,cache_seed,944bb3bcd8fb,Sticker | koala (Foil) | Cologne 2026,koala (Foil),Foil,https://csgoskins.gg/items/sticker-koala-foil-cologne-2026,ok,2.91,2.91,,CSGOSkins,
2026-06-02T17:25:25Z,1780421125,cache_seed,fae9152c9494,Sticker | Monte (Holo) | Cologne 2026,Monte (Holo),Holo,https://csgoskins.gg/items/sticker-monte-holo-cologne-2026,ok,5.56,10.78,5.56,SkinSniper,UUSkins
2026-06-02T17:33:37Z,1780421617,cache_seed,5a2393e5fa57,Sticker | ZywOo (Holo) | Cologne 2026,ZywOo (Holo),Holo,https://csgoskins.gg/items/sticker-zywoo-holo-cologne-2026,ok,24.4,30.86,24.4,SkinSniper,UUSkins
2026-06-02T17:02:29Z,1780419749,cache_seed,3bbfd6caa311,Sticker | afro (Holo) | Cologne 2026,afro (Holo),Holo,https://csgoskins.gg/items/sticker-afro-holo-cologne-2026,ok,1.04,1.2,1.04,CSGOSkins,CSGOSkins
2026-06-02T17:09:19Z,1780420159,cache_seed,bb7763f5a8e6,Sticker | kyousuke (Holo) | Cologne 2026,kyousuke (Holo),Holo,https://csgoskins.gg/items/sticker-kyousuke-holo-cologne-2026,ok,17.45,19.47,17.45,CSGOSkins,CSGOSkins
2026-06-02T17:25:37Z,1780421137,cache_seed,9a006c9cb356,Sticker | Starry (Holo) | Cologne 2026,Starry (Holo),Holo,https://csgoskins.gg/items/sticker-starry-holo-cologne-2026,ok,1.93,2.52,1.93,CSGOSkins,CSGOSkins
2026-06-02T17:02:38Z,1780419758,cache_seed,2beada2f6369,Sticker | dumau (Holo) | Cologne 2026,dumau (Holo),Holo,https://csgoskins.gg/items/sticker-dumau-holo-cologne-2026,ok,3.26,4.01,3.26,CSGOSkins,CSGOSkins
2026-06-02T17:09:24Z,1780420164,cache_seed,55ae981c50cf,Sticker | IEM (Holo) | Cologne 2026,IEM (Holo),Holo,https://csgoskins.gg/items/sticker-iem-holo-cologne-2026,ok,6.66,22.0,11.54,CSGOSkins,CSGOSkins
2026-06-02T17:25:22Z,1780421122,cache_seed,b35f4ae8ea8a,Sticker | MAJ3R (Holo) | Cologne 2026,MAJ3R (Holo),Holo,https://csgoskins.gg/items/sticker-maj3r-holo-cologne-2026,ok,2.37,2.57,2.37,CSGOSkins,CSGOSkins
2026-06-02T17:09:20Z,1780420160,cache_seed,bc609878776e,Sticker | donk (Holo) | Cologne 2026,donk (Holo),Holo,https://csgoskins.gg/items/sticker-donk-holo-cologne-2026,ok,29.43,34.0,29.43,CSGOSkins,CSGOSkins
2026-06-02T17:25:11Z,1780421111,cache_seed,94dac2e78311,Sticker | AZUWU (Holo) | Cologne 2026,AZUWU (Holo),Holo,https://csgoskins.gg/items/sticker-azuwu-holo-cologne-2026,ok,2.9,2.9,2.92,CSGOSkins,CSGOSkins
2026-06-02T17:25:36Z,1780421136,cache_seed,544ae10f8ab7,Sticker | Sonic (Holo) | Cologne 2026,Sonic (Holo),Holo,https://csgoskins.gg/items/sticker-sonic-holo-cologne-2026,ok,1.48,1.81,1.48,CSGOSkins,CSGOSkins
2026-06-02T17:25:29Z,1780421129,cache_seed,eea8643255d8,Sticker | nota (Holo) | Cologne 2026,nota (Holo),Holo,https://csgoskins.gg/items/sticker-nota-holo-cologne-2026,ok,0.91,1.75,0.97,CSGOSkins,CSGOSkins
2026-06-02T17:25:38Z,1780421138,cache_seed,12408adf6590,Sticker | SunPayus (Holo) | Cologne 2026,SunPayus (Holo),Holo,https://csgoskins.gg/items/sticker-sunpayus-holo-cologne-2026,ok,1.63,2.66,1.63,SkinSniper,UUSkins
2026-06-02T17:02:40Z,1780419760,cache_seed,3c1b213ef1dd,Sticker | FalleN (Holo) | Cologne 2026,FalleN (Holo),Holo,https://csgoskins.gg/items/sticker-fallen-holo-cologne-2026,ok,20.0,20.0,29.43,SkinSniper,UUSkins
2026-06-02T17:02:33Z,1780419753,cache_seed,5db395ff0e07,Sticker | biguzera (Holo) | Cologne 2026,biguzera (Holo),Holo,https://csgoskins.gg/items/sticker-biguzera-holo-cologne-2026,ok,0.82,1.91,0.82,CSGOSkins,CSGOSkins
2026-06-02T17:02:45Z,1780419765,cache_seed,b88168513e1c,Sticker | HooXi (Holo) | Cologne 2026,HooXi (Holo),Holo,https://csgoskins.gg/items/sticker-hooxi-holo-cologne-2026,ok,2.15,4.96,2.15,CSGOSkins,CSGOSkins
2026-06-02T17:02:29Z,1780419749,cache_seed,ce776976702f,Sticker | Aleksib (Holo) | Cologne 2026,Aleksib (Holo),Holo,https://csgoskins.gg/items/sticker-aleksib-holo-cologne-2026,ok,6.0,6.0,13.9,CSGOSkins,CSGOSkins
2026-06-02T17:09:28Z,1780420168,cache_seed,85bebf40159a,Sticker | Boombl4 (Holo) | Cologne 2026,Boombl4 (Holo),Holo,https://csgoskins.gg/items/sticker-boombl4-holo-cologne-2026,ok,5.01,5.92,5.01,CSGOSkins,CSGOSkins
2026-06-02T17:02:36Z,1780419756,cache_seed,7e131d00335c,Sticker | cmtry (Holo) | Cologne 2026,cmtry (Holo),Holo,https://csgoskins.gg/items/sticker-cmtry-holo-cologne-2026,ok,1.63,3.24,1.63,SkinSniper,CSGOSkins
2026-06-02T17:25:36Z,1780421136,cache_seed,405a78af157f,Sticker | Spinx (Holo) | Cologne 2026,Spinx (Holo),Holo,https://csgoskins.gg/items/sticker-spinx-holo-cologne-2026,ok,1.06,1.97,1.15,CSGOSkins,CSGOSkins
2026-06-02T17:25:23Z,1780421123,cache_seed,41426f5df707,Sticker | meyern (Holo) | Cologne 2026,meyern (Holo),Holo,https://csgoskins.gg/items/sticker-meyern-holo-cologne-2026,ok,1.19,1.54,1.19,CSGOSkins,CSGOSkins
2026-06-02T17:09:25Z,1780420165,cache_seed,17c4fd194704,Sticker | oSee (Holo) | Cologne 2026,oSee (Holo),Holo,https://csgoskins.gg/items/sticker-osee-holo-cologne-2026,ok,2.19,3.19,2.19,SkinSniper,UUSkins
2026-06-02T17:09:16Z,1780420156,cache_seed,1320996ad66c,Sticker | ultimate (Holo) | Cologne 2026,ultimate (Holo),Holo,https://csgoskins.gg/items/sticker-ultimate-holo-cologne-2026,ok,1.25,1.47,1.25,CSGOSkins,CSGOSkins
2026-06-02T17:25:40Z,1780421140,cache_seed,8c9210f50ee7,Sticker | tN1R (Holo) | Cologne 2026,tN1R (Holo),Holo,https://csgoskins.gg/items/sticker-tn1r-holo-cologne-2026,ok,5.7,13.0,5.7,SkinSniper,UUSkins
2026-06-02T17:02:31Z,1780419751,cache_seed,9a5eb57807b3,Sticker | b1t (Holo) | Cologne 2026,b1t (Holo),Holo,https://csgoskins.gg/items/sticker-b1t-holo-cologne-2026,ok,4.99,7.95,8.55,SkinSniper,UUSkins
2026-06-02T17:09:23Z,1780420163,cache_seed,ef893d39098d,Sticker | aliStair (Holo) | Cologne 2026,aliStair (Holo),Holo,https://csgoskins.gg/items/sticker-alistair-holo-cologne-2026,ok,2.95,4.3,2.95,CSGOSkins,CSGOSkins
2026-06-02T17:25:34Z,1780421134,cache_seed,b451c6c7bd98,Sticker | siuhy (Holo) | Cologne 2026,siuhy (Holo),Holo,https://csgoskins.gg/items/sticker-siuhy-holo-cologne-2026,ok,1.11,2.03,1.11,SkinSniper,UUSkins
2026-06-02T17:02:46Z,1780419766,cache_seed,29520b418e6a,Sticker | huNter- (Holo) | Cologne 2026,huNter- (Holo),Holo,https://csgoskins.gg/items/sticker-hunter-holo-cologne-2026,ok,1.78,4.12,1.78,CSGOSkins,CSGOSkins
2026-06-02T17:25:37Z,1780421137,cache_seed,b5c6cecb62ff,Sticker | story (Holo) | Cologne 2026,story (Holo),Holo,https://csgoskins.gg/items/sticker-story-holo-cologne-2026,ok,1.34,2.63,1.34,SkinSniper,UUSkins
2026-06-02T17:02:32Z,1780419752,cache_seed,cb066e4e5b7e,Sticker | BIG (Holo) | Cologne 2026,BIG (Holo),Holo,https://csgoskins.gg/items/sticker-big-holo-cologne-2026,ok,4.8,5.5,4.8,CSGOSkins,CSGOSkins
2026-06-02T17:25:12Z,1780421112,cache_seed,6ea183add0ef,Sticker | Jame (Holo) | Cologne 2026,Jame (Holo),Holo,https://csgoskins.gg/items/sticker-jame-holo-cologne-2026,ok,3.7,5.95,3.7,CSGOSkins,CSGOSkins
2026-06-02T17:02:34Z,1780419754,cache_seed,03c03bd87eed,Sticker | bLitz (Holo) | Cologne 2026,bLitz (Holo),Holo,https://csgoskins.gg/items/sticker-blitz-holo-cologne-2026,ok,0.99,2.39,0.99,SkinSniper,UUSkins
2026-06-02T17:25:40Z,1780421140,cache_seed,221339480a0d,Sticker | Techno4K (Holo) | Cologne 2026,Techno4K (Holo),Holo,https://csgoskins.gg/items/sticker-techno4k-holo-cologne-2026,ok,1.93,3.38,1.93,SkinSniper,UUSkins
2026-06-02T17:02:46Z,1780419766,cache_seed,21f6fca7b030,Sticker | HUASOPEEK (Holo) | Cologne 2026,HUASOPEEK (Holo),Holo,https://csgoskins.gg/items/sticker-huasopeek-holo-cologne-2026,ok,1.46,2.81,1.46,CSGOSkins,CSGOSkins
2026-06-02T17:02:44Z,1780419764,cache_seed,5682dc6ec471,Sticker | Heavygod (Holo) | Cologne 2026,Heavygod (Holo),Holo,https://csgoskins.gg/items/sticker-heavygod-holo-cologne-2026,ok,2.08,3.49,2.08,SkinSniper,CSGOSkins
2026-06-02T17:02:33Z,1780419753,cache_seed,1bb7a99bbead,Sticker | blameF (Holo) | Cologne 2026,blameF (Holo),Holo,https://csgoskins.gg/items/sticker-blamef-holo-cologne-2026,ok,4.0,4.0,13.0,CSGOSkins,CSGOSkins
2026-06-02T17:33:34Z,1780421614,cache_seed,5e79c1c2780d,Sticker | yuurih (Holo) | Cologne 2026,yuurih (Holo),Holo,https://csgoskins.gg/items/sticker-yuurih-holo-cologne-2026,ok,1.32,1.34,1.36,CSGOSkins,CSGOSkins
2026-06-02T17:25:18Z,1780421118,cache_seed,69e6746691d9,Sticker | lauNX (Holo) | Cologne 2026,lauNX (Holo),Holo,https://csgoskins.gg/items/sticker-launx-holo-cologne-2026,ok,2.52,8.16,2.52,SkinSniper,UUSkins
2026-06-02T17:25:27Z,1780421127,cache_seed,7663d56a8dea,Sticker | NAF (Holo) | Cologne 2026,NAF (Holo),Holo,https://csgoskins.gg/items/sticker-naf-holo-cologne-2026,ok,1.91,2.04,1.91,CSGOSkins,CSGOSkins
2026-06-02T17:25:23Z,1780421123,cache_seed,66809379e100,Sticker | max (Holo) | Cologne 2026,max (Holo),Holo,https://csgoskins.gg/items/sticker-max-holo-cologne-2026,ok,1.45,2.2,1.45,SkinSniper,UUSkins
2026-06-02T17:33:30Z,1780421610,cache_seed,57d3174cfb58,Sticker | PR (Holo) | Cologne 2026,PR (Holo),Holo,https://csgoskins.gg/items/sticker-pr-holo-cologne-2026,ok,3.24,3.77,3.24,CSGOSkins,CSGOSkins
2026-06-02T17:02:41Z,1780419761,cache_seed,4231d7fb5568,Sticker | FlameZ (Holo) | Cologne 2026,FlameZ (Holo),Holo,https://csgoskins.gg/items/sticker-flamez-holo-cologne-2026,ok,4.8,15.9,4.8,CSGOSkins,CSGOSkins
2026-06-02T17:09:27Z,1780420167,cache_seed,fd87e12b4306,Sticker | EliGE (Holo) | Cologne 2026,EliGE (Holo),Holo,https://csgoskins.gg/items/sticker-elige-holo-cologne-2026,ok,2.67,6.97,2.67,CSGOSkins,CSGOSkins
2026-06-02T17:25:20Z,1780421120,cache_seed,9fabe26c4a4e,Sticker | luchov (Holo) | Cologne 2026,luchov (Holo),Holo,https://csgoskins.gg/items/sticker-luchov-holo-cologne-2026,ok,2.21,4.03,2.21,SkinSniper,UUSkins
2026-06-02T17:25:24Z,1780421124,cache_seed,702a0cf78ccb,Sticker | mezii (Holo) | Cologne 2026,mezii (Holo),Holo,https://csgoskins.gg/items/sticker-mezii-holo-cologne-2026,ok,4.07,5.83,4.07,SkinSniper,UUSkins
2026-06-02T17:33:30Z,1780421610,cache_seed,1bb09c3e0d46,Sticker | Snax (Holo) | Cologne 2026,Snax (Holo),Holo,https://csgoskins.gg/items/sticker-snax-holo-cologne-2026,ok,4.44,8.35,4.44,CSGOSkins,CSGOSkins
2026-06-02T17:09:24Z,1780420164,cache_seed,277c2f345667,Sticker | asap (Holo) | Cologne 2026,asap (Holo),Holo,https://csgoskins.gg/items/sticker-asap-holo-cologne-2026,ok,5.0,5.0,11.83,CSGOSkins,CSGOSkins
2026-06-02T17:25:15Z,1780421115,cache_seed,1ed34275b90e,Sticker | kyxsan (Holo) | Cologne 2026,kyxsan (Holo),Holo,https://csgoskins.gg/items/sticker-kyxsan-holo-cologne-2026,ok,1.82,1.82,3.39,CSGOSkins,CSGOSkins
2026-06-02T17:25:33Z,1780421133,cache_seed,a7f3f3368d42,Sticker | s1zzi (Holo) | Cologne 2026,s1zzi (Holo),Holo,https://csgoskins.gg/items/sticker-s1zzi-holo-cologne-2026,ok,1.11,2.0,1.11,CSGOSkins,CSGOSkins
2026-06-02T17:09:25Z,1780420165,cache_seed,092bb16ad86f,Sticker | TjP (Holo) | Cologne 2026,TjP (Holo),Holo,https://csgoskins.gg/items/sticker-tjp-holo-cologne-2026,ok,3.51,5.9,3.51,SkinSniper,UUSkins
2026-06-02T17:34:00Z,1780421640,cache_seed,e180edd56029,Sticker | EliGE (Foil) | Cologne 2026,EliGE (Foil),Foil,https://csgoskins.gg/items/sticker-elige-foil-cologne-2026,ok,1.74,1.74,1.78,CSGOSkins,CSGOSkins
2026-06-02T17:02:29Z,1780419749,cache_seed,14bcd12b76fa,Sticker | apEX (Holo) | Cologne 2026,apEX (Holo),Holo,https://csgoskins.gg/items/sticker-apex-holo-cologne-2026,ok,11.83,17.45,11.83,CSGOSkins,CSGOSkins
2026-06-02T17:33:30Z,1780421610,cache_seed,cf431cfa3383,Sticker | luken (Holo) | Cologne 2026,luken (Holo),Holo,https://csgoskins.gg/items/sticker-luken-holo-cologne-2026,ok,1.06,1.16,1.45,CSGOSkins,CSGOSkins
2026-06-02T17:25:36Z,1780421136,cache_seed,1a0dbab1074d,Sticker | snow (Holo) | Cologne 2026,snow (Holo),Holo,https://csgoskins.gg/items/sticker-snow-holo-cologne-2026,ok,1.48,1.81,1.48,CSGOSkins,CSGOSkins
2026-06-02T17:25:21Z,1780421121,cache_seed,d094547efbc4,Sticker | magixx (Holo) | Cologne 2026,magixx (Holo),Holo,https://csgoskins.gg/items/sticker-magixx-holo-cologne-2026,ok,5.7,6.5,7.2,CSGOSkins,CSGOSkins
2026-06-02T17:25:13Z,1780421113,cache_seed,44ca76730013,Sticker | Jimpphat (Holo) | Cologne 2026,Jimpphat (Holo),Holo,https://csgoskins.gg/items/sticker-jimpphat-holo-cologne-2026,ok,1.48,3.56,1.48,CSGOSkins,CSGOSkins
2026-06-02T17:25:29Z,1780421129,cache_seed,aee9395eed4a,Sticker | npl (Holo) | Cologne 2026,npl (Holo),Holo,https://csgoskins.gg/items/sticker-npl-holo-cologne-2026,ok,1.18,1.65,1.34,CSGOSkins,CSGOSkins
2026-06-02T17:02:39Z,1780419759,cache_seed,211ef42add7d,Sticker | EmiliaQAQ (Holo) | Cologne 2026,EmiliaQAQ (Holo),Holo,https://csgoskins.gg/items/sticker-emiliaqaq-holo-cologne-2026,ok,1.51,2.43,2.13,SkinSniper,UUSkins
2026-06-02T17:25:13Z,1780421113,cache_seed,1290d50e45f8,Sticker | Jee (Holo) | Cologne 2026,Jee (Holo),Holo,https://csgoskins.gg/items/sticker-jee-holo-cologne-2026,ok,3.29,4.95,3.92,CSGOSkins,CSGOSkins
2026-06-02T17:33:33Z,1780421613,cache_seed,af6606bbdb1d,Sticker | YEKINDAR (Holo) | Cologne 2026,YEKINDAR (Holo),Holo,https://csgoskins.gg/items/sticker-yekindar-holo-cologne-2026,ok,2.67,3.37,2.67,CSGOSkins,CSGOSkins
2026-06-02T17:25:23Z,1780421123,cache_seed,f6fbab9c6f78,Sticker | maxxkor (Holo) | Cologne 2026,maxxkor (Holo),Holo,https://csgoskins.gg/items/sticker-maxxkor-holo-cologne-2026,ok,1.11,1.63,1.11,CSGOSkins,CSGOSkins
2026-06-02T17:33:35Z,1780421615,cache_seed,64e54357c17d,Sticker | zont1x (Holo) | Cologne 2026,zont1x (Holo),Holo,https://csgoskins.gg/items/sticker-zont1x-holo-cologne-2026,ok,4.4,4.85,4.4,SkinSniper,UUSkins
2026-06-02T17:02:29Z,1780419749,cache_seed,bec2fa69e575,Sticker | 910 (Holo) | Cologne 2026,910 (Holo),Holo,https://csgoskins.gg/items/sticker-910-holo-cologne-2026,ok,4.85,4.85,5.14,CSGOSkins,CSGOSkins
2026-06-02T17:33:45Z,1780421625,cache_seed,41a467e12b24,Sticker | Aurora (Foil) | Cologne 2026,Aurora (Foil),Foil,https://csgoskins.gg/items/sticker-aurora-foil-cologne-2026,ok,2.39,233.12,2.93,CSGOSkins,CSGOSkins
2026-06-02T17:37:33Z,1780421853,cache_seed,88e647818814,Sticker | 9z Team (Foil) | Cologne 2026,9z Team (Foil),Foil,https://csgoskins.gg/items/sticker-9z-team-foil-cologne-2026,ok,2.0,2.0,443.61,CSGOSkins,CSGOSkins
2026-05-31T04:41:31Z,1780202491,cache_seed,a262f8451bfa,Sticker | BIG | Cologne 2026,BIG,Paper,https://csgoskins.gg/items/sticker-big-cologne-2026,ok,0.21,,,,
2026-06-02T17:38:18Z,1780421898,cache_seed,9f93a72de966,Sticker | Monte (Foil) | Cologne 2026,Monte (Foil),Foil,https://csgoskins.gg/items/sticker-monte-foil-cologne-2026,ok,5.3,5.3,,SkinSniper,
2026-06-02T17:38:05Z,1780421885,cache_seed,e4b03e3900f5,Sticker | Liazz (Foil) | Cologne 2026,Liazz (Foil),Foil,https://csgoskins.gg/items/sticker-liazz-foil-cologne-2026,ok,4.64,5.2,,SkinSniper,
2026-05-31T04:35:48Z,1780202148,cache_seed,2686a2e354c2,Sticker | 9z Team | Cologne 2026,9z Team,Paper,https://csgoskins.gg/items/sticker-9z-team-cologne-2026,ok,0.29,,,,
2026-05-31T04:42:40Z,1780202560,cache_seed,437d7fce6d6d,Sticker | M80 | Cologne 2026,M80,Paper,https://csgoskins.gg/items/sticker-m80-cologne-2026,ok,0.21,,,,
2026-05-31T04:41:23Z,1780202483,cache_seed,102ac6a48cb6,Sticker | Astralis | Cologne 2026,Astralis,Paper,https://csgoskins.gg/items/sticker-astralis-cologne-2026,ok,0.43,,,,
2026-05-31T04:42:39Z,1780202559,cache_seed,38ecaa59308d,Sticker | Lynn Vision | Cologne 2026,Lynn Vision,Paper,https://csgoskins.gg/items/sticker-lynn-vision-cologne-2026,ok,0.28,,,,
2026-06-02T17:37:58Z,1780421878,cache_seed,ec5cb54d79b4,Sticker | jks (Foil) | Cologne 2026,jks (Foil),Foil,https://csgoskins.gg/items/sticker-jks-foil-cologne-2026,ok,0.96,1.16,13.15,CSGOSkins,CSGOSkins
2026-05-31T04:41:26Z,1780202486,cache_seed,6b37b08c1192,Sticker | B8 | Cologne 2026,B8,Paper,https://csgoskins.gg/items/sticker-b8-cologne-2026,ok,0.12,,,,
2026-06-01T06:02:22Z,1780293742,cache_seed,abe33284f7e2,Sticker | TjP (Foil) | Cologne 2026,TjP (Foil),Foil,https://csgoskins.gg/items/sticker-tjp-foil-cologne-2026,ok,1.1,,,,
2026-06-02T17:37:57Z,1780421877,cache_seed,adf2be02ba2a,Sticker | Jee (Foil) | Cologne 2026,Jee (Foil),Foil,https://csgoskins.gg/items/sticker-jee-foil-cologne-2026,ok,1.1,22.15,1.48,CSGOSkins,CSGOSkins
2026-05-31T04:41:45Z,1780202505,cache_seed,bb6bafd604a1,Sticker | donk (Gold) | Cologne 2026,donk (Gold),Gold,https://csgoskins.gg/items/sticker-donk-gold-cologne-2026,ok,142.51,,,,
2026-05-31T04:42:55Z,1780202575,cache_seed,f5be20e84f35,Sticker | mzinho | Cologne 2026,mzinho,Paper,https://csgoskins.gg/items/sticker-mzinho-cologne-2026,ok,0.11,,,,
2026-06-02T17:34:05Z,1780421645,cache_seed,bc2996d26f5d,Sticker | FlyQuest (Foil) | Cologne 2026,FlyQuest (Foil),Foil,https://csgoskins.gg/items/sticker-flyquest-foil-cologne-2026,ok,3.74,3.93,4.29,CSGOSkins,CSGOSkins
2026-05-31T04:43:55Z,1780202635,cache_seed,bcddf0c78209,Sticker | XANTARES | Cologne 2026,XANTARES,Paper,https://csgoskins.gg/items/sticker-xantares-cologne-2026,ok,0.22,,,,
2026-05-31T04:41:36Z,1780202496,cache_seed,3579df2bea80,Sticker | C4LLM3SU3 | Cologne 2026,C4LLM3SU3,Paper,https://csgoskins.gg/items/sticker-c4llm3su3-cologne-2026,ok,0.11,,,,
2026-05-31T04:41:24Z,1780202484,cache_seed,15ee8e255dfd,Sticker | Aurora | Cologne 2026,Aurora,Paper,https://csgoskins.gg/items/sticker-aurora-cologne-2026,ok,0.3,,,,
2026-05-31T04:42:00Z,1780202520,cache_seed,b17dac08b47b,Sticker | G2 esports (Gold) | Cologne 2026,G2 esports (Gold),Gold,https://csgoskins.gg/items/sticker-g2-esports-gold-cologne-2026,ok,44.95,,,,
2026-06-02T17:34:06Z,1780421646,cache_seed,104578d789bb,Sticker | FUT (Foil) | Cologne 2026,FUT (Foil),Foil,https://csgoskins.gg/items/sticker-fut-foil-cologne-2026,ok,1.86,1.86,,CSGOSkins,
2026-06-02T17:33:59Z,1780421639,cache_seed,ae629b668f04,Sticker | dumau (Foil) | Cologne 2026,dumau (Foil),Foil,https://csgoskins.gg/items/sticker-dumau-foil-cologne-2026,ok,3.81,3.81,,SkinSniper,
2026-05-31T04:43:50Z,1780202630,cache_seed,43b48896f04c,Sticker | w0nderful | Cologne 2026,w0nderful,Paper,https://csgoskins.gg/items/sticker-w0nderful-cologne-2026,ok,0.22,,,,
2026-05-31T04:36:03Z,1780202163,cache_seed,c0716389d1c2,Sticker | Monte | Cologne 2026,Monte,Paper,https://csgoskins.gg/items/sticker-monte-cologne-2026,ok,0.28,,,,
2026-06-02T17:34:01Z,1780421641,cache_seed,19255c4e4238,Sticker | EmiliaQAQ (Foil) | Cologne 2026,EmiliaQAQ (Foil),Foil,https://csgoskins.gg/items/sticker-emiliaqaq-foil-cologne-2026,ok,0.79,1.45,0.89,CSGOSkins,CSGOSkins
2026-05-31T04:42:03Z,1780202523,cache_seed,4c5e3a5b589e,Sticker | GamerLegion | Cologne 2026,GamerLegion,Paper,https://csgoskins.gg/items/sticker-gamerlegion-cologne-2026,ok,0.32,,,,
2026-05-31T04:43:18Z,1780202598,cache_seed,2977556e2e70,Sticker | ropz (Gold) | Cologne 2026,ropz (Gold),Gold,https://csgoskins.gg/items/sticker-ropz-gold-cologne-2026,ok,54.24,,,,
2026-05-31T04:36:04Z,1780202164,cache_seed,94b0a837abc1,Sticker | MOUZ | Cologne 2026,MOUZ,Paper,https://csgoskins.gg/items/sticker-mouz-cologne-2026,ok,0.36,,,,
2026-06-02T17:38:19Z,1780421899,cache_seed,dfde99cd8bc1,Sticker | MOUZ (Foil) | Cologne 2026,MOUZ (Foil),Foil,https://csgoskins.gg/items/sticker-mouz-foil-cologne-2026,ok,2.36,4.95,2.36,CSGOSkins,CSGOSkins
2026-05-31T04:43:42Z,1780202622,cache_seed,fb2fb5383aac,Sticker | The Mongolz | Cologne 2026,The Mongolz,Paper,https://csgoskins.gg/items/sticker-the-mongolz-cologne-2026,ok,0.28,,,,
2026-05-31T04:36:10Z,1780202170,cache_seed,b531f9fa28f2,Sticker | tN1R | Cologne 2026,tN1R,Paper,https://csgoskins.gg/items/sticker-tn1r-cologne-2026,ok,0.49,,,,
2026-06-02T17:33:44Z,1780421624,cache_seed,2c7e1e84b436,Sticker | Astralis (Foil) | Cologne 2026,Astralis (Foil),Foil,https://csgoskins.gg/items/sticker-astralis-foil-cologne-2026,ok,2.36,4.74,2.36,CSGOSkins,CSGOSkins
2026-06-02T17:38:10Z,1780421890,cache_seed,bebad909494a,Sticker | M80 (Foil) | Cologne 2026,M80 (Foil),Foil,https://csgoskins.gg/items/sticker-m80-foil-cologne-2026,ok,12.0,12.0,,SkinSniper,
2026-05-31T04:44:08Z,1780202648,cache_seed,d582b5164a85,Sticker | ZywOo (Gold) | Cologne 2026,ZywOo (Gold),Gold,https://csgoskins.gg/items/sticker-zywoo-gold-cologne-2026,ok,70.0,,,,
2026-05-31T04:42:20Z,1780202540,cache_seed,91591813f725,Sticker | JamYoung | Cologne 2026,JamYoung,Paper,https://csgoskins.gg/items/sticker-jamyoung-cologne-2026,ok,0.34,,,,
2026-05-31T04:36:07Z,1780202167,cache_seed,88d9a7fe443f,Sticker | SINNERS | Cologne 2026,SINNERS,Paper,https://csgoskins.gg/items/sticker-sinners-cologne-2026,ok,0.54,,,,
2026-05-31T04:42:00Z,1780202520,cache_seed,24c52fd85720,Sticker | FUT | Cologne 2026,FUT,Paper,https://csgoskins.gg/items/sticker-fut-cologne-2026,ok,0.2,,,,
2026-06-02T17:38:09Z,1780421889,cache_seed,dc2cd9e9bdfd,Sticker | Lynn Vision (Foil) | Cologne 2026,Lynn Vision (Foil),Foil,https://csgoskins.gg/items/sticker-lynn-vision-foil-cologne-2026,ok,1.62,5.0,1.62,CSGOSkins,CSGOSkins
2026-05-31T04:36:10Z,1780202170,cache_seed,8b3a5af52ea5,Sticker | TYLOO | Cologne 2026,TYLOO,Paper,https://csgoskins.gg/items/sticker-tyloo-cologne-2026,ok,0.28,,,,
2026-05-31T04:42:19Z,1780202539,cache_seed,8371d02fb672,Sticker | Jame | Cologne 2026,Jame,Paper,https://csgoskins.gg/items/sticker-jame-cologne-2026,ok,0.15,,,,
2026-05-31T04:43:25Z,1780202605,cache_seed,1a4d4c15f621,Sticker | Snax | Cologne 2026,Snax,Paper,https://csgoskins.gg/items/sticker-snax-cologne-2026,ok,0.24,,,,
2026-06-02T17:37:55Z,1780421875,cache_seed,eb0572b26471,Sticker | Jame (Foil) | Cologne 2026,Jame (Foil),Foil,https://csgoskins.gg/items/sticker-jame-foil-cologne-2026,ok,2.2,2.32,,CSGOSkins,
2026-06-02T17:33:40Z,1780421620,cache_seed,79aadfeaebb2,Sticker | 910 (Foil) | Cologne 2026,910 (Foil),Foil,https://csgoskins.gg/items/sticker-910-foil-cologne-2026,ok,0.74,150.0,0.74,SkinSniper,UUSkins
2026-05-31T04:35:50Z,1780202150,cache_seed,225f6a179d34,Sticker | apEX | Cologne 2026,apEX,Paper,https://csgoskins.gg/items/sticker-apex-cologne-2026,ok,0.27,,,,
2026-06-02T17:38:05Z,1780421885,cache_seed,07132550ab28,Sticker | Legacy (Foil) | Cologne 2026,Legacy (Foil),Foil,https://csgoskins.gg/items/sticker-legacy-foil-cologne-2026,ok,9.37,9.37,,SkinSniper,
2026-06-02T17:34:01Z,1780421641,cache_seed,ea920a2f6bc2,Sticker | Falcons (Foil) | Cologne 2026,Falcons (Foil),Foil,https://csgoskins.gg/items/sticker-falcons-foil-cologne-2026,ok,2.95,3.99,2.95,CSGOSkins,CSGOSkins
2026-06-02T17:33:48Z,1780421628,cache_seed,74054b39ce78,Sticker | BetBoom (Foil) | Cologne 2026,BetBoom (Foil),Foil,https://csgoskins.gg/items/sticker-betboom-foil-cologne-2026,ok,2.34,3.01,2.74,CSGOSkins,CSGOSkins
2026-05-31T04:41:25Z,1780202485,cache_seed,38d6369b4e1d,Sticker | AZUWU | Cologne 2026,AZUWU,Paper,https://csgoskins.gg/items/sticker-azuwu-cologne-2026,ok,0.36,,,,
2026-06-02T17:38:05Z,1780421885,cache_seed,fc03019facb9,Sticker | latto (Foil) | Cologne 2026,latto (Foil),Foil,https://csgoskins.gg/items/sticker-latto-foil-cologne-2026,ok,1.05,4.26,1.48,CSGOSkins,CSGOSkins
2026-06-01T06:02:22Z,1780293742,cache_seed,ac6d06f1c35e,Sticker | tN1R (Foil) | Cologne 2026,tN1R (Foil),Foil,https://csgoskins.gg/items/sticker-tn1r-foil-cologne-2026,ok,1.49,,,,
2026-05-31T04:42:19Z,1780202539,cache_seed,416e1c6ccf6d,Sticker | Jame (Gold) | Cologne 2026,Jame (Gold),Gold,https://csgoskins.gg/items/sticker-jame-gold-cologne-2026,ok,27.77,,,,
2026-06-01T06:02:22Z,1780293742,cache_seed,76c42fc41612,Sticker | The Mongolz (Foil) | Cologne 2026,The Mongolz (Foil),Foil,https://csgoskins.gg/items/sticker-the-mongolz-foil-cologne-2026,ok,3.62,,,,
2026-05-31T04:42:24Z,1780202544,cache_seed,88c307f55561,Sticker | Jimpphat (Gold) | Cologne 2026,Jimpphat (Gold),Gold,https://csgoskins.gg/items/sticker-jimpphat-gold-cologne-2026,ok,9.6,,,,
2026-05-31T04:43:17Z,1780202597,cache_seed,f1ac3106f7e6,Sticker | ropz | Cologne 2026,ropz,Paper,https://csgoskins.gg/items/sticker-ropz-cologne-2026,ok,0.39,,,,
2026-06-01T07:32:21Z,1780299141,cache_seed,e09b47b45184,Sticker | zont1x (Foil) | Cologne 2026,zont1x (Foil),Foil,https://csgoskins.gg/items/sticker-zont1x-foil-cologne-2026,ok,1.61,,,,
2026-05-31T04:41:44Z,1780202504,cache_seed,6ac395db59f0,Sticker | doc (Gold) | Cologne 2026,doc (Gold),Gold,https://csgoskins.gg/items/sticker-doc-gold-cologne-2026,ok,33.07,,,,
2026-06-02T17:38:17Z,1780421897,cache_seed,ba753ea8da51,Sticker | molodoy (Foil) | Cologne 2026,molodoy (Foil),Foil,https://csgoskins.gg/items/sticker-molodoy-foil-cologne-2026,ok,2.67,2.67,4.44,CSGOSkins,CSGOSkins
2026-05-31T04:41:57Z,1780202517,cache_seed,2d624393c51f,Sticker | FlyQuest | Cologne 2026,FlyQuest,Paper,https://csgoskins.gg/items/sticker-flyquest-cologne-2026,ok,0.38,,,,
2026-06-02T18:43:37Z,1780425817,cache_seed,d6e7ab68971f,Sticker | story (Foil) | Cologne 2026,story (Foil),Foil,https://csgoskins.gg/items/sticker-story-foil-cologne-2026,ok,11.66,11.66,,SkinSniper,
2026-06-02T17:33:57Z,1780421637,cache_seed,dc81de69b355,Sticker | dexter (Foil) | Cologne 2026,dexter (Foil),Foil,https://csgoskins.gg/items/sticker-dexter-foil-cologne-2026,ok,4.74,5.18,4.74,CSGOSkins,CSGOSkins
2026-06-02T17:38:21Z,1780421901,cache_seed,651131f2fdbe,Sticker | Natus Vincere (Foil) | Cologne 2026,Natus Vincere (Foil),Foil,https://csgoskins.gg/items/sticker-natus-vincere-foil-cologne-2026,ok,5.0,10.47,22.19,CSGOSkins,CSGOSkins
2026-05-31T04:41:25Z,1780202485,cache_seed,8cc364993fe4,Sticker | AZUWU (Gold) | Cologne 2026,AZUWU (Gold),Gold,https://csgoskins.gg/items/sticker-azuwu-gold-cologne-2026,ok,9.34,,,,
2026-05-31T04:42:39Z,1780202559,cache_seed,af6f70fa3022,Sticker | m0NESY (Gold) | Cologne 2026,m0NESY (Gold),Gold,https://csgoskins.gg/items/sticker-m0nesy-gold-cologne-2026,ok,66.31,,,,
2026-05-31T04:41:36Z,1780202496,cache_seed,e633d2918cbb,Sticker | Bymas (Gold) | Cologne 2026,Bymas (Gold),Gold,https://csgoskins.gg/items/sticker-bymas-gold-cologne-2026,ok,53.56,,,,
2026-06-02T17:38:03Z,1780421883,cache_seed,f7f25c1acad1,Sticker | kyousuke (Foil) | Cologne 2026,kyousuke (Foil),Foil,https://csgoskins.gg/items/sticker-kyousuke-foil-cologne-2026,ok,3.0,3.0,3.7,CSGOSkins,CSGOSkins
2026-06-02T18:08:22Z,1780423702,cache_seed,d6a71d3df32d,Sticker | PARIVISION (Foil) | Cologne 2026,PARIVISION (Foil),Foil,https://csgoskins.gg/items/sticker-parivision-foil-cologne-2026,ok,2.64,5.0,2.64,SkinSniper,UUSkins
2026-06-02T18:08:27Z,1780423707,cache_seed,ec983a46bced,Sticker | ropz (Foil) | Cologne 2026,ropz (Foil),Foil,https://csgoskins.gg/items/sticker-ropz-foil-cologne-2026,ok,4.74,4.74,7.4,SkinSniper,UUSkins
2026-06-02T17:37:55Z,1780421875,cache_seed,97439c796b4d,Sticker | JamYoung (Foil) | Cologne 2026,JamYoung (Foil),Foil,https://csgoskins.gg/items/sticker-jamyoung-foil-cologne-2026,ok,1.87,4.43,2.1,CSGOSkins,CSGOSkins
2026-05-31T04:35:52Z,1780202152,cache_seed,54af4f1973dd,Sticker | Brollan (Gold) | Cologne 2026,Brollan (Gold),Gold,https://csgoskins.gg/items/sticker-brollan-gold-cologne-2026,ok,6.7,,,,
2026-05-31T04:41:39Z,1780202499,cache_seed,722e7386867e,Sticker | cmtry (Gold) | Cologne 2026,cmtry (Gold),Gold,https://csgoskins.gg/items/sticker-cmtry-gold-cologne-2026,ok,13.68,,,,
2026-05-31T04:36:00Z,1780202160,cache_seed,193f2df42bef,Sticker | Krabeni (Gold) | Cologne 2026,Krabeni (Gold),Gold,https://csgoskins.gg/items/sticker-krabeni-gold-cologne-2026,ok,15.71,,,,
2026-05-31T04:42:14Z,1780202534,cache_seed,1407c6ec6804,Sticker | hypex (Gold) | Cologne 2026,hypex (Gold),Gold,https://csgoskins.gg/items/sticker-hypex-gold-cologne-2026,ok,22.16,,,,
2026-06-02T17:33:46Z,1780421626,cache_seed,a2e2ed4f17e5,Sticker | AZUWU (Foil) | Cologne 2026,AZUWU (Foil),Foil,https://csgoskins.gg/items/sticker-azuwu-foil-cologne-2026,ok,1.5,1.89,,SkinSniper,
2026-05-31T04:43:50Z,1780202630,cache_seed,8265f162beaa,Sticker | Vitality (Gold) | Cologne 2026,Vitality (Gold),Gold,https://csgoskins.gg/items/sticker-vitality-gold-cologne-2026,ok,42.83,,,,
2026-06-02T17:38:10Z,1780421890,cache_seed,47c32fcc20f2,Sticker | m0NESY (Foil) | Cologne 2026,m0NESY (Foil),Foil,https://csgoskins.gg/items/sticker-m0nesy-foil-cologne-2026,ok,5.03,6.02,5.03,CSGOSkins,CSGOSkins
2026-06-02T17:33:51Z,1780421631,cache_seed,691a0fb15f89,Sticker | Boombl4 (Foil) | Cologne 2026,Boombl4 (Foil),Foil,https://csgoskins.gg/items/sticker-boombl4-foil-cologne-2026,ok,2.2,7.36,2.92,CSGOSkins,CSGOSkins
2026-05-31T04:35:52Z,1780202152,cache_seed,11d1966b781d,Sticker | br0 (Gold) | Cologne 2026,br0 (Gold),Gold,https://csgoskins.gg/items/sticker-br0-gold-cologne-2026,ok,11.5,,,,
2026-06-02T17:33:59Z,1780421639,cache_seed,4a8d345d54a8,Sticker | donk (Foil) | Cologne 2026,donk (Foil),Foil,https://csgoskins.gg/items/sticker-donk-foil-cologne-2026,ok,5.18,6.05,5.18,CSGOSkins,CSGOSkins
2026-05-31T04:41:23Z,1780202483,cache_seed,f1d121f01b6a,Sticker | Astralis (Gold) | Cologne 2026,Astralis (Gold),Gold,https://csgoskins.gg/items/sticker-astralis-gold-cologne-2026,ok,32.17,,,,
2026-05-31T04:42:00Z,1780202520,cache_seed,cefbfcf491e6,Sticker | FURIA (Gold) | Cologne 2026,FURIA (Gold),Gold,https://csgoskins.gg/items/sticker-furia-gold-cologne-2026,ok,19.32,,,,
2026-05-31T04:43:46Z,1780202626,cache_seed,d5d0acd02c84,Sticker | torzsi (Gold) | Cologne 2026,torzsi (Gold),Gold,https://csgoskins.gg/items/sticker-torzsi-gold-cologne-2026,ok,15.86,,,,
2026-05-31T04:35:48Z,1780202148,cache_seed,bd8640da79f4,Sticker | 9z Team (Gold) | Cologne 2026,9z Team (Gold),Gold,https://csgoskins.gg/items/sticker-9z-team-gold-cologne-2026,ok,45.0,,,,
2026-06-01T06:02:24Z,1780293744,cache_seed,eea4baddf252,Sticker | Vitality (Foil) | Cologne 2026,Vitality (Foil),Foil,https://csgoskins.gg/items/sticker-vitality-foil-cologne-2026,ok,2.93,,,,
2026-05-31T04:41:25Z,1780202485,cache_seed,9f8abee3bd6f,Sticker | Aurora (Gold) | Cologne 2026,Aurora (Gold),Gold,https://csgoskins.gg/items/sticker-aurora-gold-cologne-2026,ok,20.87,,,,
2026-06-02T17:33:43Z,1780421623,cache_seed,d73d7ef6d2f6,Sticker | apEX (Foil) | Cologne 2026,apEX (Foil),Foil,https://csgoskins.gg/items/sticker-apex-foil-cologne-2026,ok,2.8,3.02,,CSGOSkins,
2026-05-31T04:43:39Z,1780202619,cache_seed,249530d20770,Sticker | Team Liquid | Cologne 2026,Team Liquid,Paper,https://csgoskins.gg/items/sticker-team-liquid-cologne-2026,ok,0.49,,,,
2026-05-31T04:43:29Z,1780202609,cache_seed,b15d031b4dad,Sticker | Spinx (Gold) | Cologne 2026,Spinx (Gold),Gold,https://csgoskins.gg/items/sticker-spinx-gold-cologne-2026,ok,9.37,,,,
2026-05-31T04:42:42Z,1780202562,cache_seed,05dadbbaa5b4,Sticker | magixx (Gold) | Cologne 2026,magixx (Gold),Gold,https://csgoskins.gg/items/sticker-magixx-gold-cologne-2026,ok,19.05,,,,
2026-05-31T04:42:55Z,1780202575,cache_seed,9646f2804bb2,Sticker | MOUZ (Gold) | Cologne 2026,MOUZ (Gold),Gold,https://csgoskins.gg/items/sticker-mouz-gold-cologne-2026,ok,45.47,,,,
2026-05-31T04:41:57Z,1780202517,cache_seed,a3e64c10fe35,Sticker | FlameZ (Gold) | Cologne 2026,FlameZ (Gold),Gold,https://csgoskins.gg/items/sticker-flamez-gold-cologne-2026,ok,24.25,,,,
2026-05-31T04:43:02Z,1780202582,cache_seed,48c455daf1ce,Sticker | NiKo (Gold) | Cologne 2026,NiKo (Gold),Gold,https://csgoskins.gg/items/sticker-niko-gold-cologne-2026,ok,66.45,,,,
2026-05-31T04:43:50Z,1780202630,cache_seed,95c8c690e685,Sticker | Vitality | Cologne 2026,Vitality,Paper,https://csgoskins.gg/items/sticker-vitality-cologne-2026,ok,0.38,,,,
2026-06-02T18:08:16Z,1780423696,cache_seed,1d2d7d961eba,Sticker | NiKo (Foil) | Cologne 2026,NiKo (Foil),Foil,https://csgoskins.gg/items/sticker-niko-foil-cologne-2026,ok,4.07,9.32,4.07,SkinSniper,UUSkins
2026-05-31T04:43:54Z,1780202634,cache_seed,3a980a137d68,Sticker | XANTARES (Gold) | Cologne 2026,XANTARES (Gold),Gold,https://csgoskins.gg/items/sticker-xantares-gold-cologne-2026,ok,28.49,,,,
2026-06-01T07:32:18Z,1780299138,cache_seed,3509a8b543cb,Sticker | w0nderful (Foil) | Cologne 2026,w0nderful (Foil),Foil,https://csgoskins.gg/items/sticker-w0nderful-foil-cologne-2026,ok,2.06,,,,
2026-06-02T17:37:52Z,1780421872,cache_seed,7192edcc1ac1,Sticker | IEM (Foil) | Cologne 2026,IEM (Foil),Foil,https://csgoskins.gg/items/sticker-iem-foil-cologne-2026,ok,3.02,12.0,4.12,CSGOSkins,CSGOSkins
2026-05-31T04:42:14Z,1780202534,cache_seed,6a0c44891f5e,Sticker | IEM | Cologne 2026,IEM,Paper,https://csgoskins.gg/items/sticker-iem-cologne-2026,ok,0.69,,,,
2026-05-31T04:42:29Z,1780202549,cache_seed,1ed4f4757fc4,Sticker | kyousuke (Gold) | Cologne 2026,kyousuke (Gold),Gold,https://csgoskins.gg/items/sticker-kyousuke-gold-cologne-2026,ok,98.16,,,,
2026-05-31T04:42:35Z,1780202555,cache_seed,4275cd4de1f0,Sticker | Legacy (Gold) | Cologne 2026,Legacy (Gold),Gold,https://csgoskins.gg/items/sticker-legacy-gold-cologne-2026,ok,32.51,,,,
2026-05-31T04:41:51Z,1780202511,cache_seed,3c7175779353,Sticker | Falcons | Cologne 2026,Falcons,Paper,https://csgoskins.gg/items/sticker-falcons-cologne-2026,ok,0.43,,,,
2026-05-31T04:41:55Z,1780202515,cache_seed,768d67051af2,Sticker | faveN (Gold) | Cologne 2026,faveN (Gold),Gold,https://csgoskins.gg/items/sticker-faven-gold-cologne-2026,ok,16.8,,,,
2026-05-31T04:42:47Z,1780202567,cache_seed,5d26f65d841e,Sticker | max (Gold) | Cologne 2026,max (Gold),Gold,https://csgoskins.gg/items/sticker-max-gold-cologne-2026,ok,21.94,,,,
2026-05-31T04:43:43Z,1780202623,cache_seed,cd45e9ec2b4a,Sticker | The Mongolz (Gold) | Cologne 2026,The Mongolz (Gold),Gold,https://csgoskins.gg/items/sticker-the-mongolz-gold-cologne-2026,ok,43.15,,,,
2026-05-31T04:43:42Z,1780202622,cache_seed,96f170db377f,Sticker | TeSeS (Gold) | Cologne 2026,TeSeS (Gold),Gold,https://csgoskins.gg/items/sticker-teses-gold-cologne-2026,ok,12.98,,,,
2026-05-31T04:35:50Z,1780202150,cache_seed,e0a87d1fe63e,Sticker | apEX (Gold) | Cologne 2026,apEX (Gold),Gold,https://csgoskins.gg/items/sticker-apex-gold-cologne-2026,ok,36.92,,,,
2026-05-31T04:35:48Z,1780202148,cache_seed,438a773f2a7e,Sticker | afro (Gold) | Cologne 2026,afro (Gold),Gold,https://csgoskins.gg/items/sticker-afro-gold-cologne-2026,ok,15.49,,,,
2026-05-31T04:42:43Z,1780202563,cache_seed,1ea7c19612f3,Sticker | MAJ3R (Gold) | Cologne 2026,MAJ3R (Gold),Gold,https://csgoskins.gg/items/sticker-maj3r-gold-cologne-2026,ok,18.53,,,,
2026-05-31T04:43:52Z,1780202632,cache_seed,51cfc7f99c9b,Sticker | Wicadia (Gold) | Cologne 2026,Wicadia (Gold),Gold,https://csgoskins.gg/items/sticker-wicadia-gold-cologne-2026,ok,13.2,,,,
2026-05-31T04:42:00Z,1780202520,cache_seed,e1883de990ac,Sticker | FUT (Gold) | Cologne 2026,FUT (Gold),Gold,https://csgoskins.gg/items/sticker-fut-gold-cologne-2026,ok,26.59,,,,
2026-05-31T04:35:59Z,1780202159,cache_seed,20289bee57ea,Sticker | kl1m (Gold) | Cologne 2026,kl1m (Gold),Gold,https://csgoskins.gg/items/sticker-kl1m-gold-cologne-2026,ok,8.25,,,,
2026-05-31T04:42:33Z,1780202553,cache_seed,78eaece019ed,Sticker | lauNX (Gold) | Cologne 2026,lauNX (Gold),Gold,https://csgoskins.gg/items/sticker-launx-gold-cologne-2026,ok,18.0,,,,
2026-05-31T04:43:11Z,1780202591,cache_seed,26165fb33392,Sticker | PARIVISION (Gold) | Cologne 2026,PARIVISION (Gold),Gold,https://csgoskins.gg/items/sticker-parivision-gold-cologne-2026,ok,13.28,,,,
2026-05-31T04:41:42Z,1780202502,cache_seed,3ed97b70b50a,Sticker | dem0n (Gold) | Cologne 2026,dem0n (Gold),Gold,https://csgoskins.gg/items/sticker-dem0n-gold-cologne-2026,ok,17.17,,,,
2026-05-31T04:43:00Z,1780202580,cache_seed,d6968731345d,Sticker | NertZ (Gold) | Cologne 2026,NertZ (Gold),Gold,https://csgoskins.gg/items/sticker-nertz-gold-cologne-2026,ok,9.89,,,,
2026-05-31T04:42:59Z,1780202579,cache_seed,550efcfec2c3,Sticker | Natus Vincere (Gold) | Cologne 2026,Natus Vincere (Gold),Gold,https://csgoskins.gg/items/sticker-natus-vincere-gold-cologne-2026,ok,64.06,,,,
2026-05-31T04:43:37Z,1780202617,cache_seed,292e3cf42d76,Sticker | tabseN (Gold) | Cologne 2026,tabseN (Gold),Gold,https://csgoskins.gg/items/sticker-tabsen-gold-cologne-2026,ok,26.73,,,,
2026-05-31T04:35:49Z,1780202149,cache_seed,e389ef16ab87,Sticker | Aleksib (Gold) | Cologne 2026,Aleksib (Gold),Gold,https://csgoskins.gg/items/sticker-aleksib-gold-cologne-2026,ok,45.0,,,,
2026-05-31T04:42:12Z,1780202532,cache_seed,74975408f1c3,Sticker | huNter- (Gold) | Cologne 2026,huNter- (Gold),Gold,https://csgoskins.gg/items/sticker-hunter-gold-cologne-2026,ok,11.08,,,,
2026-05-31T04:43:57Z,1780202637,cache_seed,8cbb957b1af8,Sticker | xiELO (Gold) | Cologne 2026,xiELO (Gold),Gold,https://csgoskins.gg/items/sticker-xielo-gold-cologne-2026,ok,11.65,,,,
2026-05-31T04:35:48Z,1780202148,cache_seed,a39a008b90b0,Sticker | 910 (Gold) | Cologne 2026,910 (Gold),Gold,https://csgoskins.gg/items/sticker-910-gold-cologne-2026,ok,32.96,,,,
2026-05-31T04:42:57Z,1780202577,cache_seed,7817f8d7debb,Sticker | Natus Vincere | Cologne 2026,Natus Vincere,Paper,https://csgoskins.gg/items/sticker-natus-vincere-cologne-2026,ok,0.46,,,,
2026-05-31T04:43:59Z,1780202639,cache_seed,ccea5d9f6f1e,Sticker | YEKINDAR (Gold) | Cologne 2026,YEKINDAR (Gold),Gold,https://csgoskins.gg/items/sticker-yekindar-gold-cologne-2026,ok,21.0,,,,
2026-05-31T04:41:25Z,1780202485,cache_seed,94256996c62a,Sticker | b1t (Gold) | Cologne 2026,b1t (Gold),Gold,https://csgoskins.gg/items/sticker-b1t-gold-cologne-2026,ok,36.64,,,,
2026-05-31T04:44:05Z,1780202645,cache_seed,b3d0fdc1c113,Sticker | zorte (Gold) | Cologne 2026,zorte (Gold),Gold,https://csgoskins.gg/items/sticker-zorte-gold-cologne-2026,ok,9.32,,,,
2026-05-31T04:42:28Z,1780202548,cache_seed,1fa062507805,Sticker | kisserek (Gold) | Cologne 2026,kisserek (Gold),Gold,https://csgoskins.gg/items/sticker-kisserek-gold-cologne-2026,ok,18.44,,,,
2026-05-31T04:42:31Z,1780202551,cache_seed,058c1c348b00,Sticker | Lake (Gold) | Cologne 2026,Lake (Gold),Gold,https://csgoskins.gg/items/sticker-lake-gold-cologne-2026,ok,13.2,,,,
2026-05-31T04:43:07Z,1780202587,cache_seed,393b397a45b7,Sticker | NQZ (Gold) | Cologne 2026,NQZ (Gold),Gold,https://csgoskins.gg/items/sticker-nqz-gold-cologne-2026,ok,9.55,,,,
2026-06-02T17:34:02Z,1780421642,cache_seed,4e074dfe3115,Sticker | FalleN (Foil) | Cologne 2026,FalleN (Foil),Foil,https://csgoskins.gg/items/sticker-fallen-foil-cologne-2026,ok,5.87,7.12,,SkinSniper,
2026-05-31T04:43:14Z,1780202594,cache_seed,01f2d78f9f33,Sticker | PR (Gold) | Cologne 2026,PR (Gold),Gold,https://csgoskins.gg/items/sticker-pr-gold-cologne-2026,ok,14.99,,,,
2026-05-31T04:42:53Z,1780202573,cache_seed,5211d2145cf3,Sticker | molodoy (Gold) | Cologne 2026,molodoy (Gold),Gold,https://csgoskins.gg/items/sticker-molodoy-gold-cologne-2026,ok,63.43,,,,
2026-05-31T04:44:03Z,1780202643,cache_seed,2fa0579699d2,Sticker | zont1x (Gold) | Cologne 2026,zont1x (Gold),Gold,https://csgoskins.gg/items/sticker-zont1x-gold-cologne-2026,ok,21.42,,,,
2026-05-31T04:36:03Z,1780202163,cache_seed,7188c9ec9034,Sticker | molodoy | Cologne 2026,molodoy,Paper,https://csgoskins.gg/items/sticker-molodoy-cologne-2026,ok,0.29,,,,
2026-05-31T04:41:22Z,1780202482,cache_seed,075a34287715,Sticker | asap | Cologne 2026,asap,Paper,https://csgoskins.gg/items/sticker-asap-cologne-2026,ok,0.13,,,,
2026-05-31T04:43:23Z,1780202603,cache_seed,6f5f6d6ed9d1,Sticker | sh1ro (Gold) | Cologne 2026,sh1ro (Gold),Gold,https://csgoskins.gg/items/sticker-sh1ro-gold-cologne-2026,ok,15.43,,,,
2026-05-31T04:41:53Z,1780202513,cache_seed,9d8929faa130,Sticker | FalleN (Gold) | Cologne 2026,FalleN (Gold),Gold,https://csgoskins.gg/items/sticker-fallen-gold-cologne-2026,ok,53.4,,,,
2026-05-31T04:36:07Z,1780202167,cache_seed,3e48e233c209,Sticker | SHOCK (Gold) | Cologne 2026,SHOCK (Gold),Gold,https://csgoskins.gg/items/sticker-shock-gold-cologne-2026,ok,27.47,,,,
2026-06-02T19:21:36Z,1780428096,visualize:favorites,224ba8b64dda,Sticker | THUNDERdOWNUNDER (Holo) | Cologne 2026,THUNDERdOWNUNDER (Holo),Holo,https://csgoskins.gg/items/sticker-thunder-downunder-holo-cologne-2026,ok,27.73,,27.73,,UUSkins
2026-06-02T19:21:36Z,1780428096,visualize:favorites,83e4230ec809,Sticker | SINNERS (Holo) | Cologne 2026,SINNERS (Holo),Holo,https://csgoskins.gg/items/sticker-sinners-holo-cologne-2026,ok,10.95,,10.95,,UUSkins
2026-06-02T19:21:39Z,1780428099,visualize:holo,df4337c02c0c,Sticker | latto (Holo) | Cologne 2026,latto (Holo),Holo,https://csgoskins.gg/items/sticker-latto-holo-cologne-2026,ok,3.54,,3.54,,UUSkins
2026-06-02T19:21:39Z,1780428099,visualize:holo,c5891da26931,Sticker | C4LLM3SU3 (Holo) | Cologne 2026,C4LLM3SU3 (Holo),Holo,https://csgoskins.gg/items/sticker-c4llm3su3-holo-cologne-2026,ok,4.97,,4.97,,UUSkins
2026-06-02T19:21:39Z,1780428099,visualize:holo,15d8caaa80ce,Sticker | Bymas (Holo) | Cologne 2026,Bymas (Holo),Holo,https://csgoskins.gg/items/sticker-bymas-holo-cologne-2026,ok,5.18,,5.18,,UUSkins
2026-06-02T19:21:41Z,1780428101,visualize:holo,7bee3667e303,Sticker | v$m (Holo) | Cologne 2026,v$m (Holo),Holo,https://csgoskins.gg/items/sticker-v-m-holo-cologne-2026,ok,1.26,,1.26,,UUSkins
2026-06-02T19:21:45Z,1780428105,visualize:foil,e26e56662131,Sticker | B8 (Foil) | Cologne 2026,B8 (Foil),Foil,https://csgoskins.gg/items/sticker-b8-foil-cologne-2026,ok,1.33,,1.33,,UUSkins
2026-06-02T19:21:50Z,1780428110,visualize:foil,a88af7f9bdb3,Sticker | C4LLM3SU3 (Foil) | Cologne 2026,C4LLM3SU3 (Foil),Foil,https://csgoskins.gg/items/sticker-c4llm3su3-foil-cologne-2026,ok,1.16,,1.16,,UUSkins
2026-06-02T19:21:54Z,1780428114,visualize:foil,f153d652f152,Sticker | FL4MUS (Foil) | Cologne 2026,FL4MUS (Foil),Foil,https://csgoskins.gg/items/sticker-fl4mus-foil-cologne-2026,ok,4.44,,4.44,,UUSkins
2026-06-02T19:21:57Z,1780428117,visualize:foil,fe8833172681,Sticker | Gaimin Gladiators (Foil) | Cologne 2026,Gaimin Gladiators (Foil),Foil,https://csgoskins.gg/items/sticker-gaimin-gladiators-foil-cologne-2026,ok,2.21,,2.21,,UUSkins
2026-06-02T19:21:57Z,1780428117,visualize:foil,4273d9a4814d,Sticker | GamerLegion (Foil) | Cologne 2026,GamerLegion (Foil),Foil,https://csgoskins.gg/items/sticker-gamerlegion-foil-cologne-2026,ok,3.85,,3.85,,UUSkins
2026-06-02T19:22:04Z,1780428124,visualize:foil,6bb79a099d15,Sticker | JBa (Foil) | Cologne 2026,JBa (Foil),Foil,https://csgoskins.gg/items/sticker-jba-foil-cologne-2026,ok,1.19,,1.19,,UUSkins
2026-06-02T19:22:06Z,1780428126,visualize:foil,d07b293c6121,Sticker | JOTA (Foil) | Cologne 2026,JOTA (Foil),Foil,https://csgoskins.gg/items/sticker-jota-foil-cologne-2026,ok,2.96,,2.96,,UUSkins
2026-06-02T19:22:11Z,1780428131,visualize:foil,06d50fb5f9e6,Sticker | magixx (Foil) | Cologne 2026,magixx (Foil),Foil,https://csgoskins.gg/items/sticker-magixx-foil-cologne-2026,ok,5.18,,5.18,,UUSkins
2026-06-02T19:22:13Z,1780428133,visualize:foil,89e70f936625,Sticker | makazze (Foil) | Cologne 2026,makazze (Foil),Foil,https://csgoskins.gg/items/sticker-makazze-foil-cologne-2026,ok,2.5,,2.5,,UUSkins
2026-06-02T19:22:14Z,1780428134,visualize:foil,bfb58325ecc9,Sticker | malbsMd (Foil) | Cologne 2026,malbsMd (Foil),Foil,https://csgoskins.gg/items/sticker-malbsmd-foil-cologne-2026,ok,0.74,,0.74,,UUSkins
2026-06-02T19:22:15Z,1780428135,visualize:foil,8568712d51a9,Sticker | Mercury (Foil) | Cologne 2026,Mercury (Foil),Foil,https://csgoskins.gg/items/sticker-mercury-foil-cologne-2026,ok,1.32,,1.32,,UUSkins
2026-06-02T19:22:18Z,1780428138,visualize:foil,8956bf98f1de,Sticker | Moseyuh (Foil) | Cologne 2026,Moseyuh (Foil),Foil,https://csgoskins.gg/items/sticker-moseyuh-foil-cologne-2026,ok,1.47,,1.47,,UUSkins
2026-06-02T19:22:21Z,1780428141,visualize:foil,b2d054eb1d13,Sticker | nettik (Foil) | Cologne 2026,nettik (Foil),Foil,https://csgoskins.gg/items/sticker-nettik-foil-cologne-2026,ok,0.74,,0.74,,UUSkins
2026-06-02T19:22:23Z,1780428143,visualize:foil,2f4f49f91218,Sticker | npl (Foil) | Cologne 2026,npl (Foil),Foil,https://csgoskins.gg/items/sticker-npl-foil-cologne-2026,ok,1.04,,1.04,,UUSkins
2026-06-02T19:22:31Z,1780428151,visualize:foil,237a2d2f45bc,Sticker | sh1ro (Foil) | Cologne 2026,sh1ro (Foil),Foil,https://csgoskins.gg/items/sticker-sh1ro-foil-cologne-2026,ok,2.96,,2.96,,UUSkins
2026-06-02T19:22:35Z,1780428155,visualize:foil,55e35c8c02ee,Sticker | soulfly (Foil) | Cologne 2026,soulfly (Foil),Foil,https://csgoskins.gg/items/sticker-soulfly-foil-cologne-2026,ok,1.04,,1.04,,UUSkins
2026-06-02T19:22:40Z,1780428160,visualize:foil,76c42fc41612,Sticker | The Mongolz (Foil) | Cologne 2026,The Mongolz (Foil),Foil,https://csgoskins.gg/items/sticker-the-mongolz-foil-cologne-2026,ok,3.3,3.3,5.31,SkinSniper,UUSkins
2026-06-02T19:24:41Z,1780428281,visualize:favorites,83e4230ec809,Sticker | SINNERS (Holo) | Cologne 2026,SINNERS (Holo),Holo,https://csgoskins.gg/items/sticker-sinners-holo-cologne-2026,ok,10.95,,10.95,,UUSkins
2026-06-02T19:24:41Z,1780428281,visualize:favorites,224ba8b64dda,Sticker | THUNDERdOWNUNDER (Holo) | Cologne 2026,THUNDERdOWNUNDER (Holo),Holo,https://csgoskins.gg/items/sticker-thunder-downunder-holo-cologne-2026,ok,27.73,,27.73,,UUSkins
2026-06-02T19:24:44Z,1780428284,visualize:holo,15d8caaa80ce,Sticker | Bymas (Holo) | Cologne 2026,Bymas (Holo),Holo,https://csgoskins.gg/items/sticker-bymas-holo-cologne-2026,ok,5.18,,5.18,,UUSkins
2026-06-02T19:24:44Z,1780428284,visualize:holo,c5891da26931,Sticker | C4LLM3SU3 (Holo) | Cologne 2026,C4LLM3SU3 (Holo),Holo,https://csgoskins.gg/items/sticker-c4llm3su3-holo-cologne-2026,ok,4.97,,4.97,,UUSkins
2026-06-02T19:24:44Z,1780428284,visualize:holo,df4337c02c0c,Sticker | latto (Holo) | Cologne 2026,latto (Holo),Holo,https://csgoskins.gg/items/sticker-latto-holo-cologne-2026,ok,3.54,,3.54,,UUSkins
2026-06-02T19:24:46Z,1780428286,visualize:holo,7bee3667e303,Sticker | v$m (Holo) | Cologne 2026,v$m (Holo),Holo,https://csgoskins.gg/items/sticker-v-m-holo-cologne-2026,ok,1.26,,1.26,,UUSkins
2026-06-02T19:24:50Z,1780428290,visualize:foil,e26e56662131,Sticker | B8 (Foil) | Cologne 2026,B8 (Foil),Foil,https://csgoskins.gg/items/sticker-b8-foil-cologne-2026,ok,1.33,,1.33,,UUSkins
2026-06-02T19:24:55Z,1780428295,visualize:foil,a88af7f9bdb3,Sticker | C4LLM3SU3 (Foil) | Cologne 2026,C4LLM3SU3 (Foil),Foil,https://csgoskins.gg/items/sticker-c4llm3su3-foil-cologne-2026,ok,1.16,,1.16,,UUSkins
2026-06-02T19:24:59Z,1780428299,visualize:foil,f153d652f152,Sticker | FL4MUS (Foil) | Cologne 2026,FL4MUS (Foil),Foil,https://csgoskins.gg/items/sticker-fl4mus-foil-cologne-2026,ok,4.44,,4.44,,UUSkins
2026-06-02T19:25:02Z,1780428302,visualize:foil,fe8833172681,Sticker | Gaimin Gladiators (Foil) | Cologne 2026,Gaimin Gladiators (Foil),Foil,https://csgoskins.gg/items/sticker-gaimin-gladiators-foil-cologne-2026,ok,2.21,,2.21,,UUSkins
2026-06-02T19:25:03Z,1780428303,visualize:foil,4273d9a4814d,Sticker | GamerLegion (Foil) | Cologne 2026,GamerLegion (Foil),Foil,https://csgoskins.gg/items/sticker-gamerlegion-foil-cologne-2026,ok,3.85,,3.85,,UUSkins
2026-06-02T19:25:09Z,1780428309,visualize:foil,6bb79a099d15,Sticker | JBa (Foil) | Cologne 2026,JBa (Foil),Foil,https://csgoskins.gg/items/sticker-jba-foil-cologne-2026,ok,1.19,,1.19,,UUSkins
2026-06-02T19:25:11Z,1780428311,visualize:foil,d07b293c6121,Sticker | JOTA (Foil) | Cologne 2026,JOTA (Foil),Foil,https://csgoskins.gg/items/sticker-jota-foil-cologne-2026,ok,2.96,,2.96,,UUSkins
2026-06-02T19:25:15Z,1780428315,visualize:foil,06d50fb5f9e6,Sticker | magixx (Foil) | Cologne 2026,magixx (Foil),Foil,https://csgoskins.gg/items/sticker-magixx-foil-cologne-2026,ok,5.18,,5.18,,UUSkins
2026-06-02T19:25:17Z,1780428317,visualize:foil,89e70f936625,Sticker | makazze (Foil) | Cologne 2026,makazze (Foil),Foil,https://csgoskins.gg/items/sticker-makazze-foil-cologne-2026,ok,2.5,,2.5,,UUSkins
2026-06-02T19:25:19Z,1780428319,visualize:foil,bfb58325ecc9,Sticker | malbsMd (Foil) | Cologne 2026,malbsMd (Foil),Foil,https://csgoskins.gg/items/sticker-malbsmd-foil-cologne-2026,ok,0.74,,0.74,,UUSkins
2026-06-02T19:25:19Z,1780428319,visualize:foil,8568712d51a9,Sticker | Mercury (Foil) | Cologne 2026,Mercury (Foil),Foil,https://csgoskins.gg/items/sticker-mercury-foil-cologne-2026,ok,1.32,,1.32,,UUSkins
2026-06-02T19:25:23Z,1780428323,visualize:foil,8956bf98f1de,Sticker | Moseyuh (Foil) | Cologne 2026,Moseyuh (Foil),Foil,https://csgoskins.gg/items/sticker-moseyuh-foil-cologne-2026,ok,1.47,,1.47,,UUSkins
2026-06-02T19:25:26Z,1780428326,visualize:foil,b2d054eb1d13,Sticker | nettik (Foil) | Cologne 2026,nettik (Foil),Foil,https://csgoskins.gg/items/sticker-nettik-foil-cologne-2026,ok,0.74,,0.74,,UUSkins
2026-06-02T19:25:28Z,1780428328,visualize:foil,2f4f49f91218,Sticker | npl (Foil) | Cologne 2026,npl (Foil),Foil,https://csgoskins.gg/items/sticker-npl-foil-cologne-2026,ok,1.04,,1.04,,UUSkins
2026-06-02T19:25:35Z,1780428335,visualize:foil,237a2d2f45bc,Sticker | sh1ro (Foil) | Cologne 2026,sh1ro (Foil),Foil,https://csgoskins.gg/items/sticker-sh1ro-foil-cologne-2026,ok,2.96,,2.96,,UUSkins
2026-06-02T19:25:39Z,1780428339,visualize:foil,55e35c8c02ee,Sticker | soulfly (Foil) | Cologne 2026,soulfly (Foil),Foil,https://csgoskins.gg/items/sticker-soulfly-foil-cologne-2026,ok,1.04,,1.04,,UUSkins
2026-06-02T19:25:43Z,1780428343,visualize:foil,b21ab13e44aa,Sticker | THUNDERdOWNUNDER (Foil) | Cologne 2026,THUNDERdOWNUNDER (Foil),Foil,https://csgoskins.gg/items/sticker-thunder-downunder-foil-cologne-2026,ok,6.58,,6.58,,UUSkins
2026-06-02T19:28:45Z,1780428525,visualize:favorites,83e4230ec809,Sticker | SINNERS (Holo) | Cologne 2026,SINNERS (Holo),Holo,https://csgoskins.gg/items/sticker-sinners-holo-cologne-2026,ok,10.95,,10.95,,UUSkins
2026-06-02T19:28:45Z,1780428525,visualize:favorites,224ba8b64dda,Sticker | THUNDERdOWNUNDER (Holo) | Cologne 2026,THUNDERdOWNUNDER (Holo),Holo,https://csgoskins.gg/items/sticker-thunder-downunder-holo-cologne-2026,ok,27.73,,27.73,,UUSkins
2026-06-02T19:41:03Z,1780429263,visualize:favorites,83e4230ec809,Sticker | SINNERS (Holo) | Cologne 2026,SINNERS (Holo),Holo,https://csgoskins.gg/items/sticker-sinners-holo-cologne-2026,ok,10.95,,10.95,,UUSkins
2026-06-02T19:41:03Z,1780429263,visualize:favorites,224ba8b64dda,Sticker | THUNDERdOWNUNDER (Holo) | Cologne 2026,THUNDERdOWNUNDER (Holo),Holo,https://csgoskins.gg/items/sticker-thunder-downunder-holo-cologne-2026,ok,27.73,,27.73,,UUSkins
2026-06-02T19:41:07Z,1780429267,visualize:holo,15d8caaa80ce,Sticker | Bymas (Holo) | Cologne 2026,Bymas (Holo),Holo,https://csgoskins.gg/items/sticker-bymas-holo-cologne-2026,ok,5.18,,5.18,,UUSkins
2026-06-02T19:41:07Z,1780429267,visualize:holo,c5891da26931,Sticker | C4LLM3SU3 (Holo) | Cologne 2026,C4LLM3SU3 (Holo),Holo,https://csgoskins.gg/items/sticker-c4llm3su3-holo-cologne-2026,ok,4.97,,4.97,,UUSkins
2026-06-02T19:41:07Z,1780429267,visualize:holo,df4337c02c0c,Sticker | latto (Holo) | Cologne 2026,latto (Holo),Holo,https://csgoskins.gg/items/sticker-latto-holo-cologne-2026,ok,3.54,,3.54,,UUSkins
2026-06-02T19:41:09Z,1780429269,visualize:holo,7bee3667e303,Sticker | v$m (Holo) | Cologne 2026,v$m (Holo),Holo,https://csgoskins.gg/items/sticker-v-m-holo-cologne-2026,ok,1.26,,1.26,,UUSkins
2026-06-02T19:41:13Z,1780429273,visualize:foil,e26e56662131,Sticker | B8 (Foil) | Cologne 2026,B8 (Foil),Foil,https://csgoskins.gg/items/sticker-b8-foil-cologne-2026,ok,1.33,,1.33,,UUSkins
2026-06-02T19:41:18Z,1780429278,visualize:foil,a88af7f9bdb3,Sticker | C4LLM3SU3 (Foil) | Cologne 2026,C4LLM3SU3 (Foil),Foil,https://csgoskins.gg/items/sticker-c4llm3su3-foil-cologne-2026,ok,1.16,,1.16,,UUSkins
2026-06-02T19:41:20Z,1780429280,visualize:foil,8ac7f4b00ce1,Sticker | dziugss (Foil) | Cologne 2026,dziugss (Foil),Foil,https://csgoskins.gg/items/sticker-dziugss-foil-cologne-2026,ok,100.9,100.9,,SkinSniper,
2026-06-02T19:41:22Z,1780429282,visualize:foil,f153d652f152,Sticker | FL4MUS (Foil) | Cologne 2026,FL4MUS (Foil),Foil,https://csgoskins.gg/items/sticker-fl4mus-foil-cologne-2026,ok,4.44,,4.44,,UUSkins
2026-06-02T19:41:25Z,1780429285,visualize:foil,fe8833172681,Sticker | Gaimin Gladiators (Foil) | Cologne 2026,Gaimin Gladiators (Foil),Foil,https://csgoskins.gg/items/sticker-gaimin-gladiators-foil-cologne-2026,ok,2.21,,2.21,,UUSkins
2026-06-02T19:41:26Z,1780429286,visualize:foil,4273d9a4814d,Sticker | GamerLegion (Foil) | Cologne 2026,GamerLegion (Foil),Foil,https://csgoskins.gg/items/sticker-gamerlegion-foil-cologne-2026,ok,3.85,,3.85,,UUSkins
2026-06-02T19:41:32Z,1780429292,visualize:foil,6bb79a099d15,Sticker | JBa (Foil) | Cologne 2026,JBa (Foil),Foil,https://csgoskins.gg/items/sticker-jba-foil-cologne-2026,ok,1.19,,1.19,,UUSkins
2026-06-02T19:41:34Z,1780429294,visualize:foil,d07b293c6121,Sticker | JOTA (Foil) | Cologne 2026,JOTA (Foil),Foil,https://csgoskins.gg/items/sticker-jota-foil-cologne-2026,ok,2.96,,2.96,,UUSkins
2026-06-02T19:41:39Z,1780429299,visualize:foil,06d50fb5f9e6,Sticker | magixx (Foil) | Cologne 2026,magixx (Foil),Foil,https://csgoskins.gg/items/sticker-magixx-foil-cologne-2026,ok,5.18,,5.18,,UUSkins
2026-06-02T19:41:41Z,1780429301,visualize:foil,89e70f936625,Sticker | makazze (Foil) | Cologne 2026,makazze (Foil),Foil,https://csgoskins.gg/items/sticker-makazze-foil-cologne-2026,ok,2.5,,2.5,,UUSkins
2026-06-02T19:41:41Z,1780429301,visualize:foil,bfb58325ecc9,Sticker | malbsMd (Foil) | Cologne 2026,malbsMd (Foil),Foil,https://csgoskins.gg/items/sticker-malbsmd-foil-cologne-2026,ok,0.74,,0.74,,UUSkins
2026-06-02T19:41:43Z,1780429303,visualize:foil,8568712d51a9,Sticker | Mercury (Foil) | Cologne 2026,Mercury (Foil),Foil,https://csgoskins.gg/items/sticker-mercury-foil-cologne-2026,ok,1.32,,1.32,,UUSkins
2026-06-02T19:41:46Z,1780429306,visualize:foil,8956bf98f1de,Sticker | Moseyuh (Foil) | Cologne 2026,Moseyuh (Foil),Foil,https://csgoskins.gg/items/sticker-moseyuh-foil-cologne-2026,ok,1.47,,1.47,,UUSkins
2026-06-02T19:41:49Z,1780429309,visualize:foil,b2d054eb1d13,Sticker | nettik (Foil) | Cologne 2026,nettik (Foil),Foil,https://csgoskins.gg/items/sticker-nettik-foil-cologne-2026,ok,0.74,,0.74,,UUSkins
2026-06-02T19:41:51Z,1780429311,visualize:foil,2f4f49f91218,Sticker | npl (Foil) | Cologne 2026,npl (Foil),Foil,https://csgoskins.gg/items/sticker-npl-foil-cologne-2026,ok,1.04,,1.04,,UUSkins
2026-06-02T19:41:58Z,1780429318,visualize:foil,237a2d2f45bc,Sticker | sh1ro (Foil) | Cologne 2026,sh1ro (Foil),Foil,https://csgoskins.gg/items/sticker-sh1ro-foil-cologne-2026,ok,2.96,,2.96,,UUSkins
2026-06-02T19:42:04Z,1780429324,visualize:foil,55e35c8c02ee,Sticker | soulfly (Foil) | Cologne 2026,soulfly (Foil),Foil,https://csgoskins.gg/items/sticker-soulfly-foil-cologne-2026,ok,1.04,,1.04,,UUSkins
2026-06-02T19:42:08Z,1780429328,visualize:foil,b21ab13e44aa,Sticker | THUNDERdOWNUNDER (Foil) | Cologne 2026,THUNDERdOWNUNDER (Foil),Foil,https://csgoskins.gg/items/sticker-thunder-downunder-foil-cologne-2026,ok,6.58,,6.58,,UUSkins
2026-06-02T20:15:41Z,1780431341,cache_seed,f81be8cece16,Sticker | S1ren (Holo) | Cologne 2026,S1ren (Holo),Holo,https://csgoskins.gg/items/sticker-s1ren-holo-cologne-2026,ok,5.18,6.3,5.18,SkinSniper,UUSkins
2026-06-02T20:15:40Z,1780431340,cache_seed,548001363495,Sticker | Mercury (Holo) | Cologne 2026,Mercury (Holo),Holo,https://csgoskins.gg/items/sticker-mercury-holo-cologne-2026,ok,2.21,2.87,2.21,CSGOSkins,UUSkins
2026-06-02T20:15:41Z,1780431341,cache_seed,d6ec81bd977b,Sticker | NRG (Holo) | Cologne 2026,NRG (Holo),Holo,https://csgoskins.gg/items/sticker-nrg-holo-cologne-2026,ok,9.73,23.26,9.73,SkinSniper,UUSkins
2026-06-02T20:15:44Z,1780431344,cache_seed,55f0bea61a2c,Sticker | Falcons (Holo) | Cologne 2026,Falcons (Holo),Holo,https://csgoskins.gg/items/sticker-falcons-holo-cologne-2026,ok,22.02,29.57,22.02,SkinSniper,UUSkins
2026-06-02T20:15:44Z,1780431344,cache_seed,0927c21045c2,Sticker | paiN Gaming (Holo) | Cologne 2026,paiN Gaming (Holo),Holo,https://csgoskins.gg/items/sticker-pain-gaming-holo-cologne-2026,ok,4.57,5.95,4.57,SkinSniper,UUSkins
2026-06-02T20:15:44Z,1780431344,cache_seed,ef893d39098d,Sticker | aliStair (Holo) | Cologne 2026,aliStair (Holo),Holo,https://csgoskins.gg/items/sticker-alistair-holo-cologne-2026,ok,2.8,2.8,2.93,SkinSniper,UUSkins
2026-06-02T20:15:46Z,1780431346,cache_seed,3621c3a87cd4,Sticker | Sharks Esports (Holo) | Cologne 2026,Sharks Esports (Holo),Holo,https://csgoskins.gg/items/sticker-sharks-esports-holo-cologne-2026,ok,6.51,10.0,6.51,SkinSniper,UUSkins
2026-06-02T20:15:46Z,1780431346,cache_seed,f30aa8a5b607,Sticker | zorte (Holo) | Cologne 2026,zorte (Holo),Holo,https://csgoskins.gg/items/sticker-zorte-holo-cologne-2026,ok,2.35,5.42,2.35,SkinSniper,UUSkins
2026-06-02T20:15:46Z,1780431346,cache_seed,05e866d13d83,Sticker | BetBoom (Holo) | Cologne 2026,BetBoom (Holo),Holo,https://csgoskins.gg/items/sticker-betboom-holo-cologne-2026,ok,7.69,7.88,7.69,SkinSniper,UUSkins
2026-06-02T20:15:48Z,1780431348,cache_seed,902f2e3f6274,Sticker | Team Liquid (Holo) | Cologne 2026,Team Liquid (Holo),Holo,https://csgoskins.gg/items/sticker-team-liquid-holo-cologne-2026,ok,22.19,46.9,22.19,SkinSniper,UUSkins
2026-06-02T20:15:49Z,1780431349,cache_seed,8df88522d91a,Sticker | TYLOO (Holo) | Cologne 2026,TYLOO (Holo),Holo,https://csgoskins.gg/items/sticker-tyloo-holo-cologne-2026,ok,10.8,13.0,10.8,SkinSniper,UUSkins
2026-06-02T20:15:49Z,1780431349,cache_seed,6442ab880b99,Sticker | gafolo (Holo) | Cologne 2026,gafolo (Holo),Holo,https://csgoskins.gg/items/sticker-gafolo-holo-cologne-2026,ok,1.37,1.37,1.79,CSGOSkins,UUSkins
2026-06-02T20:15:50Z,1780431350,cache_seed,ac189711479a,Sticker | The Mongolz (Holo) | Cologne 2026,The Mongolz (Holo),Holo,https://csgoskins.gg/items/sticker-the-mongolz-holo-cologne-2026,ok,11.5,11.5,11.83,SkinSniper,UUSkins
2026-06-02T20:15:51Z,1780431351,cache_seed,5f780340315c,Sticker | Magnojez (Holo) | Cologne 2026,Magnojez (Holo),Holo,https://csgoskins.gg/items/sticker-magnojez-holo-cologne-2026,ok,4.15,5.57,4.15,SkinSniper,UUSkins
2026-06-02T20:15:51Z,1780431351,cache_seed,a6f5dfa82c23,Sticker | Lynn Vision (Holo) | Cologne 2026,Lynn Vision (Holo),Holo,https://csgoskins.gg/items/sticker-lynn-vision-holo-cologne-2026,ok,6.07,7.53,6.07,SkinSniper,UUSkins
2026-06-02T20:15:52Z,1780431352,cache_seed,0fd07921f22b,Sticker | koala (Holo) | Cologne 2026,koala (Holo),Holo,https://csgoskins.gg/items/sticker-koala-holo-cologne-2026,ok,0.89,2.98,0.89,SkinSniper,UUSkins
2026-06-02T20:15:53Z,1780431353,cache_seed,d2c8126cec6f,Sticker | Liazz (Holo) | Cologne 2026,Liazz (Holo),Holo,https://csgoskins.gg/items/sticker-liazz-holo-cologne-2026,ok,2.67,4.28,2.67,SkinSniper,UUSkins
2026-06-02T20:15:53Z,1780431353,cache_seed,888e02ff13ff,Sticker | FUT (Holo) | Cologne 2026,FUT (Holo),Holo,https://csgoskins.gg/items/sticker-fut-holo-cologne-2026,ok,5.55,5.55,6.5,CSGOSkins,UUSkins
2026-06-02T20:15:54Z,1780431354,cache_seed,d1dda4ae4bf0,Sticker | rdnzao (Holo) | Cologne 2026,rdnzao (Holo),Holo,https://csgoskins.gg/items/sticker-rdnzao-holo-cologne-2026,ok,2.05,2.25,2.05,SkinSniper,UUSkins
2026-06-02T20:15:55Z,1780431355,cache_seed,98bd56df9591,Sticker | Natus Vincere (Holo) | Cologne 2026,Natus Vincere (Holo),Holo,https://csgoskins.gg/items/sticker-natus-vincere-holo-cologne-2026,ok,17.45,55.0,17.45,SkinSniper,UUSkins
2026-06-02T20:15:56Z,1780431356,cache_seed,3292ee18e768,Sticker | PARIVISION (Holo) | Cologne 2026,PARIVISION (Holo),Holo,https://csgoskins.gg/items/sticker-parivision-holo-cologne-2026,ok,6.51,7.23,6.51,SkinSniper,UUSkins
2026-06-02T20:15:56Z,1780431356,cache_seed,03a461d6d761,Sticker | TeSeS (Holo) | Cologne 2026,TeSeS (Holo),Holo,https://csgoskins.gg/items/sticker-teses-holo-cologne-2026,ok,3.55,4.0,3.55,SkinSniper,UUSkins
2026-06-02T20:15:57Z,1780431357,cache_seed,573724344225,Sticker | FlyQuest (Holo) | Cologne 2026,FlyQuest (Holo),Holo,https://csgoskins.gg/items/sticker-flyquest-holo-cologne-2026,ok,11.07,12.56,11.07,SkinSniper,UUSkins
2026-06-02T20:15:58Z,1780431358,cache_seed,39d3a2e2d65e,Sticker | M80 (Holo) | Cologne 2026,M80 (Holo),Holo,https://csgoskins.gg/items/sticker-m80-holo-cologne-2026,ok,6.51,12.99,6.51,SkinSniper,UUSkins
2026-06-02T20:15:58Z,1780431358,cache_seed,83e4230ec809,Sticker | SINNERS (Holo) | Cologne 2026,SINNERS (Holo),Holo,https://csgoskins.gg/items/sticker-sinners-holo-cologne-2026,ok,10.95,,10.95,,UUSkins
2026-06-02T20:15:59Z,1780431359,cache_seed,fd87e12b4306,Sticker | EliGE (Holo) | Cologne 2026,EliGE (Holo),Holo,https://csgoskins.gg/items/sticker-elige-holo-cologne-2026,ok,2.67,6.96,2.67,SkinSniper,UUSkins
2026-06-02T20:16:00Z,1780431360,cache_seed,84bea33324ce,Sticker | Astralis (Holo) | Cologne 2026,Astralis (Holo),Holo,https://csgoskins.gg/items/sticker-astralis-holo-cologne-2026,ok,8.58,15.91,8.58,SkinSniper,UUSkins
2026-06-02T20:16:00Z,1780431360,cache_seed,662a4956f2a0,Sticker | Zero (Holo) | Cologne 2026,Zero (Holo),Holo,https://csgoskins.gg/items/sticker-zero-holo-cologne-2026,ok,3.11,5.85,3.11,SkinSniper,UUSkins
2026-06-02T20:16:02Z,1780431362,cache_seed,5c77121eb587,Sticker | BELCHONOKK (Holo) | Cologne 2026,BELCHONOKK (Holo),Holo,https://csgoskins.gg/items/sticker-belchonokk-holo-cologne-2026,ok,1.04,2.83,1.04,SkinSniper,UUSkins
2026-06-02T20:16:02Z,1780431362,cache_seed,bb7763f5a8e6,Sticker | kyousuke (Holo) | Cologne 2026,kyousuke (Holo),Holo,https://csgoskins.gg/items/sticker-kyousuke-holo-cologne-2026,ok,17.45,19.32,17.45,SkinSniper,UUSkins
2026-06-02T20:16:02Z,1780431362,cache_seed,bc609878776e,Sticker | donk (Holo) | Cologne 2026,donk (Holo),Holo,https://csgoskins.gg/items/sticker-donk-holo-cologne-2026,ok,29.43,34.0,29.43,SkinSniper,UUSkins
2026-06-02T20:16:04Z,1780431364,cache_seed,55ae981c50cf,Sticker | IEM (Holo) | Cologne 2026,IEM (Holo),Holo,https://csgoskins.gg/items/sticker-iem-holo-cologne-2026,ok,11.8,24.25,11.8,SkinSniper,UUSkins
2026-06-02T20:16:05Z,1780431365,cache_seed,f6bb65caa27f,Sticker | Moseyuh (Holo) | Cologne 2026,Moseyuh (Holo),Holo,https://csgoskins.gg/items/sticker-moseyuh-holo-cologne-2026,ok,2.22,4.88,2.22,SkinSniper,UUSkins
2026-06-02T20:16:05Z,1780431365,cache_seed,85bebf40159a,Sticker | Boombl4 (Holo) | Cologne 2026,Boombl4 (Holo),Holo,https://csgoskins.gg/items/sticker-boombl4-holo-cologne-2026,ok,5.01,5.92,5.01,SkinSniper,UUSkins
2026-06-02T20:16:06Z,1780431366,cache_seed,1320996ad66c,Sticker | ultimate (Holo) | Cologne 2026,ultimate (Holo),Holo,https://csgoskins.gg/items/sticker-ultimate-holo-cologne-2026,ok,1.25,1.47,1.25,SkinSniper,UUSkins
2026-06-02T20:16:07Z,1780431367,cache_seed,224ba8b64dda,Sticker | THUNDERdOWNUNDER (Holo) | Cologne 2026,THUNDERdOWNUNDER (Holo),Holo,https://csgoskins.gg/items/sticker-thunder-downunder-holo-cologne-2026,ok,27.66,,27.66,,UUSkins
2026-06-02T20:16:07Z,1780431367,cache_seed,17c4fd194704,Sticker | oSee (Holo) | Cologne 2026,oSee (Holo),Holo,https://csgoskins.gg/items/sticker-osee-holo-cologne-2026,ok,2.19,3.19,2.19,SkinSniper,UUSkins
2026-06-02T20:16:08Z,1780431368,cache_seed,092bb16ad86f,Sticker | TjP (Holo) | Cologne 2026,TjP (Holo),Holo,https://csgoskins.gg/items/sticker-tjp-holo-cologne-2026,ok,3.51,5.9,3.51,SkinSniper,UUSkins
2026-06-02T20:16:09Z,1780431369,cache_seed,277c2f345667,Sticker | asap (Holo) | Cologne 2026,asap (Holo),Holo,https://csgoskins.gg/items/sticker-asap-holo-cologne-2026,ok,11.83,13.52,11.83,SkinSniper,UUSkins
2026-06-02T20:44:07Z,1780433047,visualize:favorites,224ba8b64dda,Sticker | THUNDERdOWNUNDER (Holo) | Cologne 2026,THUNDERdOWNUNDER (Holo),Holo,https://csgoskins.gg/items/sticker-thunder-downunder-holo-cologne-2026,ok,27.66,,27.66,,UUSkins
2026-06-02T20:44:07Z,1780433047,visualize:favorites,83e4230ec809,Sticker | SINNERS (Holo) | Cologne 2026,SINNERS (Holo),Holo,https://csgoskins.gg/items/sticker-sinners-holo-cologne-2026,ok,10.95,,10.95,,UUSkins
2026-06-02T20:44:10Z,1780433050,visualize:holo,c5891da26931,Sticker | C4LLM3SU3 (Holo) | Cologne 2026,C4LLM3SU3 (Holo),Holo,https://csgoskins.gg/items/sticker-c4llm3su3-holo-cologne-2026,ok,4.97,,4.97,,UUSkins
2026-06-02T20:44:10Z,1780433050,visualize:holo,15d8caaa80ce,Sticker | Bymas (Holo) | Cologne 2026,Bymas (Holo),Holo,https://csgoskins.gg/items/sticker-bymas-holo-cologne-2026,ok,5.18,,5.18,,UUSkins
2026-06-02T20:44:10Z,1780433050,visualize:holo,df4337c02c0c,Sticker | latto (Holo) | Cologne 2026,latto (Holo),Holo,https://csgoskins.gg/items/sticker-latto-holo-cologne-2026,ok,3.54,,3.54,,UUSkins
2026-06-02T20:44:12Z,1780433052,visualize:holo,7bee3667e303,Sticker | v$m (Holo) | Cologne 2026,v$m (Holo),Holo,https://csgoskins.gg/items/sticker-v-m-holo-cologne-2026,ok,1.26,,1.26,,UUSkins
2026-06-02T20:44:17Z,1780433057,visualize:foil,e26e56662131,Sticker | B8 (Foil) | Cologne 2026,B8 (Foil),Foil,https://csgoskins.gg/items/sticker-b8-foil-cologne-2026,ok,1.33,,1.33,,UUSkins
2026-06-02T20:44:22Z,1780433062,visualize:foil,a88af7f9bdb3,Sticker | C4LLM3SU3 (Foil) | Cologne 2026,C4LLM3SU3 (Foil),Foil,https://csgoskins.gg/items/sticker-c4llm3su3-foil-cologne-2026,ok,1.16,,1.16,,UUSkins
2026-06-02T20:44:26Z,1780433066,visualize:foil,f153d652f152,Sticker | FL4MUS (Foil) | Cologne 2026,FL4MUS (Foil),Foil,https://csgoskins.gg/items/sticker-fl4mus-foil-cologne-2026,ok,4.44,,4.44,,UUSkins
2026-06-02T20:44:28Z,1780433068,visualize:foil,fe8833172681,Sticker | Gaimin Gladiators (Foil) | Cologne 2026,Gaimin Gladiators (Foil),Foil,https://csgoskins.gg/items/sticker-gaimin-gladiators-foil-cologne-2026,ok,2.21,,2.21,,UUSkins
2026-06-02T20:44:30Z,1780433070,visualize:foil,4273d9a4814d,Sticker | GamerLegion (Foil) | Cologne 2026,GamerLegion (Foil),Foil,https://csgoskins.gg/items/sticker-gamerlegion-foil-cologne-2026,ok,3.85,,3.85,,UUSkins
2026-06-02T20:44:34Z,1780433074,visualize:foil,6857437f27b9,Sticker | insani (Foil) | Cologne 2026,insani (Foil),Foil,https://csgoskins.gg/items/sticker-insani-foil-cologne-2026,ok,1.33,1.33,,SkinSniper,
2026-06-02T20:44:36Z,1780433076,visualize:foil,6bb79a099d15,Sticker | JBa (Foil) | Cologne 2026,JBa (Foil),Foil,https://csgoskins.gg/items/sticker-jba-foil-cologne-2026,ok,1.19,,1.19,,UUSkins
2026-06-02T20:44:38Z,1780433078,visualize:foil,d07b293c6121,Sticker | JOTA (Foil) | Cologne 2026,JOTA (Foil),Foil,https://csgoskins.gg/items/sticker-jota-foil-cologne-2026,ok,2.96,,2.96,,UUSkins
2026-06-02T20:44:43Z,1780433083,visualize:foil,06d50fb5f9e6,Sticker | magixx (Foil) | Cologne 2026,magixx (Foil),Foil,https://csgoskins.gg/items/sticker-magixx-foil-cologne-2026,ok,5.18,,5.18,,UUSkins
2026-06-02T20:44:45Z,1780433085,visualize:foil,89e70f936625,Sticker | makazze (Foil) | Cologne 2026,makazze (Foil),Foil,https://csgoskins.gg/items/sticker-makazze-foil-cologne-2026,ok,2.5,,2.5,,UUSkins
2026-06-02T20:44:45Z,1780433085,visualize:foil,bfb58325ecc9,Sticker | malbsMd (Foil) | Cologne 2026,malbsMd (Foil),Foil,https://csgoskins.gg/items/sticker-malbsmd-foil-cologne-2026,ok,0.74,,0.74,,UUSkins
2026-06-02T20:44:47Z,1780433087,visualize:foil,8568712d51a9,Sticker | Mercury (Foil) | Cologne 2026,Mercury (Foil),Foil,https://csgoskins.gg/items/sticker-mercury-foil-cologne-2026,ok,1.32,,1.32,,UUSkins
2026-06-02T20:44:49Z,1780433089,visualize:foil,8956bf98f1de,Sticker | Moseyuh (Foil) | Cologne 2026,Moseyuh (Foil),Foil,https://csgoskins.gg/items/sticker-moseyuh-foil-cologne-2026,ok,1.47,,1.47,,UUSkins
2026-06-02T20:44:53Z,1780433093,visualize:foil,b2d054eb1d13,Sticker | nettik (Foil) | Cologne 2026,nettik (Foil),Foil,https://csgoskins.gg/items/sticker-nettik-foil-cologne-2026,ok,0.74,,0.74,,UUSkins
2026-06-02T20:44:55Z,1780433095,visualize:foil,2f4f49f91218,Sticker | npl (Foil) | Cologne 2026,npl (Foil),Foil,https://csgoskins.gg/items/sticker-npl-foil-cologne-2026,ok,1.04,,1.04,,UUSkins
2026-06-02T20:45:02Z,1780433102,visualize:foil,237a2d2f45bc,Sticker | sh1ro (Foil) | Cologne 2026,sh1ro (Foil),Foil,https://csgoskins.gg/items/sticker-sh1ro-foil-cologne-2026,ok,2.96,,2.96,,UUSkins
2026-06-02T20:45:07Z,1780433107,visualize:foil,55e35c8c02ee,Sticker | soulfly (Foil) | Cologne 2026,soulfly (Foil),Foil,https://csgoskins.gg/items/sticker-soulfly-foil-cologne-2026,ok,1.04,,1.04,,UUSkins
2026-06-02T20:45:11Z,1780433111,visualize:foil,b21ab13e44aa,Sticker | THUNDERdOWNUNDER (Foil) | Cologne 2026,THUNDERdOWNUNDER (Foil),Foil,https://csgoskins.gg/items/sticker-thunder-downunder-foil-cologne-2026,ok,6.58,,6.58,,UUSkins
2026-06-02T20:45:12Z,1780433112,visualize:foil,ac6d06f1c35e,Sticker | tN1R (Foil) | Cologne 2026,tN1R (Foil),Foil,https://csgoskins.gg/items/sticker-tn1r-foil-cologne-2026,ok,2.36,13.63,2.36,SkinSniper,UUSkins
2026-06-02T21:18:19Z,1780435099,visualize:favorites,224ba8b64dda,Sticker | THUNDERdOWNUNDER (Holo) | Cologne 2026,THUNDERdOWNUNDER (Holo),Holo,https://csgoskins.gg/items/sticker-thunder-downunder-holo-cologne-2026,ok,27.66,,27.66,,UUSkins
2026-06-02T21:18:19Z,1780435099,visualize:favorites,83e4230ec809,Sticker | SINNERS (Holo) | Cologne 2026,SINNERS (Holo),Holo,https://csgoskins.gg/items/sticker-sinners-holo-cologne-2026,ok,10.95,,10.95,,UUSkins
2026-06-02T21:18:22Z,1780435102,visualize:holo,c5891da26931,Sticker | C4LLM3SU3 (Holo) | Cologne 2026,C4LLM3SU3 (Holo),Holo,https://csgoskins.gg/items/sticker-c4llm3su3-holo-cologne-2026,ok,4.97,,4.97,,UUSkins
2026-06-02T21:18:22Z,1780435102,visualize:holo,df4337c02c0c,Sticker | latto (Holo) | Cologne 2026,latto (Holo),Holo,https://csgoskins.gg/items/sticker-latto-holo-cologne-2026,ok,3.54,,3.54,,UUSkins
2026-06-02T21:18:22Z,1780435102,visualize:holo,15d8caaa80ce,Sticker | Bymas (Holo) | Cologne 2026,Bymas (Holo),Holo,https://csgoskins.gg/items/sticker-bymas-holo-cologne-2026,ok,5.18,,5.18,,UUSkins
2026-06-02T21:18:24Z,1780435104,visualize:holo,7bee3667e303,Sticker | v$m (Holo) | Cologne 2026,v$m (Holo),Holo,https://csgoskins.gg/items/sticker-v-m-holo-cologne-2026,ok,1.26,,1.26,,UUSkins
2026-06-02T21:18:27Z,1780435107,visualize:foil,e26e56662131,Sticker | B8 (Foil) | Cologne 2026,B8 (Foil),Foil,https://csgoskins.gg/items/sticker-b8-foil-cologne-2026,ok,1.33,,1.33,,UUSkins
2026-06-02T21:18:32Z,1780435112,visualize:foil,a88af7f9bdb3,Sticker | C4LLM3SU3 (Foil) | Cologne 2026,C4LLM3SU3 (Foil),Foil,https://csgoskins.gg/items/sticker-c4llm3su3-foil-cologne-2026,ok,1.16,,1.16,,UUSkins
2026-06-02T21:18:36Z,1780435116,visualize:foil,f153d652f152,Sticker | FL4MUS (Foil) | Cologne 2026,FL4MUS (Foil),Foil,https://csgoskins.gg/items/sticker-fl4mus-foil-cologne-2026,ok,4.44,,4.44,,UUSkins
2026-06-02T21:18:40Z,1780435120,visualize:foil,4273d9a4814d,Sticker | GamerLegion (Foil) | Cologne 2026,GamerLegion (Foil),Foil,https://csgoskins.gg/items/sticker-gamerlegion-foil-cologne-2026,ok,3.85,,3.85,,UUSkins
2026-06-02T21:18:40Z,1780435120,visualize:foil,fe8833172681,Sticker | Gaimin Gladiators (Foil) | Cologne 2026,Gaimin Gladiators (Foil),Foil,https://csgoskins.gg/items/sticker-gaimin-gladiators-foil-cologne-2026,ok,2.21,,2.21,,UUSkins
2026-06-02T21:18:46Z,1780435126,visualize:foil,6bb79a099d15,Sticker | JBa (Foil) | Cologne 2026,JBa (Foil),Foil,https://csgoskins.gg/items/sticker-jba-foil-cologne-2026,ok,1.19,,1.19,,UUSkins
2026-06-02T21:18:48Z,1780435128,visualize:foil,d07b293c6121,Sticker | JOTA (Foil) | Cologne 2026,JOTA (Foil),Foil,https://csgoskins.gg/items/sticker-jota-foil-cologne-2026,ok,2.96,,2.96,,UUSkins
2026-06-02T21:18:53Z,1780435133,visualize:foil,06d50fb5f9e6,Sticker | magixx (Foil) | Cologne 2026,magixx (Foil),Foil,https://csgoskins.gg/items/sticker-magixx-foil-cologne-2026,ok,5.18,,5.18,,UUSkins
2026-06-02T21:18:55Z,1780435135,visualize:foil,89e70f936625,Sticker | makazze (Foil) | Cologne 2026,makazze (Foil),Foil,https://csgoskins.gg/items/sticker-makazze-foil-cologne-2026,ok,2.5,,2.5,,UUSkins
2026-06-02T21:18:55Z,1780435135,visualize:foil,bfb58325ecc9,Sticker | malbsMd (Foil) | Cologne 2026,malbsMd (Foil),Foil,https://csgoskins.gg/items/sticker-malbsmd-foil-cologne-2026,ok,0.74,,0.74,,UUSkins
2026-06-02T21:18:57Z,1780435137,visualize:foil,8568712d51a9,Sticker | Mercury (Foil) | Cologne 2026,Mercury (Foil),Foil,https://csgoskins.gg/items/sticker-mercury-foil-cologne-2026,ok,1.32,,1.32,,UUSkins
2026-06-02T21:18:59Z,1780435139,visualize:foil,8956bf98f1de,Sticker | Moseyuh (Foil) | Cologne 2026,Moseyuh (Foil),Foil,https://csgoskins.gg/items/sticker-moseyuh-foil-cologne-2026,ok,1.47,,1.47,,UUSkins
2026-06-02T21:19:03Z,1780435143,visualize:foil,b2d054eb1d13,Sticker | nettik (Foil) | Cologne 2026,nettik (Foil),Foil,https://csgoskins.gg/items/sticker-nettik-foil-cologne-2026,ok,0.74,,0.74,,UUSkins
2026-06-02T21:19:05Z,1780435145,visualize:foil,2f4f49f91218,Sticker | npl (Foil) | Cologne 2026,npl (Foil),Foil,https://csgoskins.gg/items/sticker-npl-foil-cologne-2026,ok,1.04,,1.04,,UUSkins
2026-06-02T21:19:11Z,1780435151,visualize:foil,237a2d2f45bc,Sticker | sh1ro (Foil) | Cologne 2026,sh1ro (Foil),Foil,https://csgoskins.gg/items/sticker-sh1ro-foil-cologne-2026,ok,2.96,,2.96,,UUSkins
2026-06-02T21:19:16Z,1780435156,visualize:foil,55e35c8c02ee,Sticker | soulfly (Foil) | Cologne 2026,soulfly (Foil),Foil,https://csgoskins.gg/items/sticker-soulfly-foil-cologne-2026,ok,1.04,,1.04,,UUSkins
2026-06-02T21:19:21Z,1780435161,visualize:foil,b21ab13e44aa,Sticker | THUNDERdOWNUNDER (Foil) | Cologne 2026,THUNDERdOWNUNDER (Foil),Foil,https://csgoskins.gg/items/sticker-thunder-downunder-foil-cologne-2026,ok,6.58,,6.58,,UUSkins
2026-06-02T21:19:23Z,1780435163,visualize:foil,e4cb2a3c2708,Sticker | TYLOO (Foil) | Cologne 2026,TYLOO (Foil),Foil,https://csgoskins.gg/items/sticker-tyloo-foil-cologne-2026,ok,2.96,4.29,2.96,SkinSniper,UUSkins
2026-06-02T21:34:53Z,1780436093,cache_seed,ef893d39098d,Sticker | aliStair (Holo) | Cologne 2026,aliStair (Holo),Holo,https://csgoskins.gg/items/sticker-alistair-holo-cologne-2026,ok,2.8,2.8,2.93,SkinSniper,UUSkins
2026-06-02T21:35:02Z,1780436102,cache_seed,0fd07921f22b,Sticker | koala (Holo) | Cologne 2026,koala (Holo),Holo,https://csgoskins.gg/items/sticker-koala-holo-cologne-2026,ok,0.89,2.98,0.89,SkinSniper,UUSkins
2026-06-02T21:34:50Z,1780436090,cache_seed,f81be8cece16,Sticker | S1ren (Holo) | Cologne 2026,S1ren (Holo),Holo,https://csgoskins.gg/items/sticker-s1ren-holo-cologne-2026,ok,5.18,6.3,5.18,SkinSniper,UUSkins
2026-06-02T21:35:13Z,1780436113,cache_seed,f6bb65caa27f,Sticker | Moseyuh (Holo) | Cologne 2026,Moseyuh (Holo),Holo,https://csgoskins.gg/items/sticker-moseyuh-holo-cologne-2026,ok,2.22,4.88,2.22,SkinSniper,UUSkins
2026-06-02T21:34:50Z,1780436090,cache_seed,548001363495,Sticker | Mercury (Holo) | Cologne 2026,Mercury (Holo),Holo,https://csgoskins.gg/items/sticker-mercury-holo-cologne-2026,ok,2.21,2.87,2.21,CSGOSkins,UUSkins
2026-06-02T21:34:50Z,1780436090,cache_seed,d6ec81bd977b,Sticker | NRG (Holo) | Cologne 2026,NRG (Holo),Holo,https://csgoskins.gg/items/sticker-nrg-holo-cologne-2026,ok,9.73,23.26,9.73,SkinSniper,UUSkins
2026-06-02T21:34:53Z,1780436093,cache_seed,0927c21045c2,Sticker | paiN Gaming (Holo) | Cologne 2026,paiN Gaming (Holo),Holo,https://csgoskins.gg/items/sticker-pain-gaming-holo-cologne-2026,ok,4.59,5.95,4.59,SkinSniper,UUSkins
2026-06-02T21:34:58Z,1780436098,cache_seed,6442ab880b99,Sticker | gafolo (Holo) | Cologne 2026,gafolo (Holo),Holo,https://csgoskins.gg/items/sticker-gafolo-holo-cologne-2026,ok,1.37,1.37,1.79,CSGOSkins,UUSkins
2026-06-02T21:35:09Z,1780436109,cache_seed,83e4230ec809,Sticker | SINNERS (Holo) | Cologne 2026,SINNERS (Holo),Holo,https://csgoskins.gg/items/sticker-sinners-holo-cologne-2026,ok,10.95,,10.95,,UUSkins
2026-06-02T21:34:55Z,1780436095,cache_seed,3621c3a87cd4,Sticker | Sharks Esports (Holo) | Cologne 2026,Sharks Esports (Holo),Holo,https://csgoskins.gg/items/sticker-sharks-esports-holo-cologne-2026,ok,6.51,13.34,6.51,SkinSniper,UUSkins
2026-06-02T21:35:02Z,1780436102,cache_seed,d2c8126cec6f,Sticker | Liazz (Holo) | Cologne 2026,Liazz (Holo),Holo,https://csgoskins.gg/items/sticker-liazz-holo-cologne-2026,ok,2.67,4.28,2.67,SkinSniper,UUSkins
2026-06-02T21:34:53Z,1780436093,cache_seed,55f0bea61a2c,Sticker | Falcons (Holo) | Cologne 2026,Falcons (Holo),Holo,https://csgoskins.gg/items/sticker-falcons-holo-cologne-2026,ok,22.02,29.57,22.02,SkinSniper,UUSkins
2026-06-02T21:34:56Z,1780436096,cache_seed,05e866d13d83,Sticker | BetBoom (Holo) | Cologne 2026,BetBoom (Holo),Holo,https://csgoskins.gg/items/sticker-betboom-holo-cologne-2026,ok,7.5,7.5,7.69,SkinSniper,UUSkins
2026-06-02T21:35:16Z,1780436116,cache_seed,224ba8b64dda,Sticker | THUNDERdOWNUNDER (Holo) | Cologne 2026,THUNDERdOWNUNDER (Holo),Holo,https://csgoskins.gg/items/sticker-thunder-downunder-holo-cologne-2026,ok,27.66,,27.66,,UUSkins
2026-06-02T21:35:09Z,1780436109,cache_seed,fd87e12b4306,Sticker | EliGE (Holo) | Cologne 2026,EliGE (Holo),Holo,https://csgoskins.gg/items/sticker-elige-holo-cologne-2026,ok,2.67,6.96,2.67,SkinSniper,UUSkins
2026-06-02T21:34:58Z,1780436098,cache_seed,902f2e3f6274,Sticker | Team Liquid (Holo) | Cologne 2026,Team Liquid (Holo),Holo,https://csgoskins.gg/items/sticker-team-liquid-holo-cologne-2026,ok,22.19,46.9,22.19,SkinSniper,UUSkins
2026-06-02T21:35:00Z,1780436100,cache_seed,a6f5dfa82c23,Sticker | Lynn Vision (Holo) | Cologne 2026,Lynn Vision (Holo),Holo,https://csgoskins.gg/items/sticker-lynn-vision-holo-cologne-2026,ok,6.07,7.7,6.07,SkinSniper,UUSkins
2026-06-02T21:35:07Z,1780436107,cache_seed,39d3a2e2d65e,Sticker | M80 (Holo) | Cologne 2026,M80 (Holo),Holo,https://csgoskins.gg/items/sticker-m80-holo-cologne-2026,ok,6.6,12.99,6.6,SkinSniper,UUSkins
2026-06-02T21:34:56Z,1780436096,cache_seed,f30aa8a5b607,Sticker | zorte (Holo) | Cologne 2026,zorte (Holo),Holo,https://csgoskins.gg/items/sticker-zorte-holo-cologne-2026,ok,2.35,5.42,2.35,SkinSniper,UUSkins
2026-06-02T21:34:58Z,1780436098,cache_seed,8df88522d91a,Sticker | TYLOO (Holo) | Cologne 2026,TYLOO (Holo),Holo,https://csgoskins.gg/items/sticker-tyloo-holo-cologne-2026,ok,10.8,13.0,10.8,SkinSniper,UUSkins
2026-06-02T21:35:05Z,1780436105,cache_seed,d1dda4ae4bf0,Sticker | rdnzao (Holo) | Cologne 2026,rdnzao (Holo),Holo,https://csgoskins.gg/items/sticker-rdnzao-holo-cologne-2026,ok,2.05,2.25,2.05,SkinSniper,UUSkins
2026-06-02T21:35:07Z,1780436107,cache_seed,03a461d6d761,Sticker | TeSeS (Holo) | Cologne 2026,TeSeS (Holo),Holo,https://csgoskins.gg/items/sticker-teses-holo-cologne-2026,ok,3.55,4.0,3.55,SkinSniper,UUSkins
2026-06-02T21:35:00Z,1780436100,cache_seed,ac189711479a,Sticker | The Mongolz (Holo) | Cologne 2026,The Mongolz (Holo),Holo,https://csgoskins.gg/items/sticker-the-mongolz-holo-cologne-2026,ok,11.5,11.5,11.83,SkinSniper,UUSkins
2026-06-02T21:35:05Z,1780436105,cache_seed,3292ee18e768,Sticker | PARIVISION (Holo) | Cologne 2026,PARIVISION (Holo),Holo,https://csgoskins.gg/items/sticker-parivision-holo-cologne-2026,ok,6.51,7.0,6.51,SkinSniper,UUSkins
2026-06-02T21:35:18Z,1780436118,cache_seed,092bb16ad86f,Sticker | TjP (Holo) | Cologne 2026,TjP (Holo),Holo,https://csgoskins.gg/items/sticker-tjp-holo-cologne-2026,ok,3.51,5.9,3.51,SkinSniper,UUSkins
2026-06-02T21:35:07Z,1780436107,cache_seed,573724344225,Sticker | FlyQuest (Holo) | Cologne 2026,FlyQuest (Holo),Holo,https://csgoskins.gg/items/sticker-flyquest-holo-cologne-2026,ok,11.07,12.56,11.07,SkinSniper,UUSkins
2026-06-02T21:35:11Z,1780436111,cache_seed,5c77121eb587,Sticker | BELCHONOKK (Holo) | Cologne 2026,BELCHONOKK (Holo),Holo,https://csgoskins.gg/items/sticker-belchonokk-holo-cologne-2026,ok,1.04,2.83,1.04,SkinSniper,UUSkins
2026-06-02T21:35:05Z,1780436105,cache_seed,98bd56df9591,Sticker | Natus Vincere (Holo) | Cologne 2026,Natus Vincere (Holo),Holo,https://csgoskins.gg/items/sticker-natus-vincere-holo-cologne-2026,ok,17.45,55.0,17.45,SkinSniper,UUSkins
2026-06-02T21:35:11Z,1780436111,cache_seed,662a4956f2a0,Sticker | Zero (Holo) | Cologne 2026,Zero (Holo),Holo,https://csgoskins.gg/items/sticker-zero-holo-cologne-2026,ok,3.11,5.85,3.11,SkinSniper,UUSkins
2026-06-02T21:35:00Z,1780436100,cache_seed,5f780340315c,Sticker | Magnojez (Holo) | Cologne 2026,Magnojez (Holo),Holo,https://csgoskins.gg/items/sticker-magnojez-holo-cologne-2026,ok,4.15,5.57,4.15,SkinSniper,UUSkins
2026-06-02T21:35:13Z,1780436113,cache_seed,bc609878776e,Sticker | donk (Holo) | Cologne 2026,donk (Holo),Holo,https://csgoskins.gg/items/sticker-donk-holo-cologne-2026,ok,29.43,33.5,29.43,SkinSniper,UUSkins
2026-06-02T21:35:02Z,1780436102,cache_seed,888e02ff13ff,Sticker | FUT (Holo) | Cologne 2026,FUT (Holo),Holo,https://csgoskins.gg/items/sticker-fut-holo-cologne-2026,ok,5.55,5.55,6.5,CSGOSkins,UUSkins
2026-06-02T21:35:09Z,1780436109,cache_seed,84bea33324ce,Sticker | Astralis (Holo) | Cologne 2026,Astralis (Holo),Holo,https://csgoskins.gg/items/sticker-astralis-holo-cologne-2026,ok,8.58,15.9,8.58,SkinSniper,UUSkins
2026-06-02T21:35:11Z,1780436111,cache_seed,bb7763f5a8e6,Sticker | kyousuke (Holo) | Cologne 2026,kyousuke (Holo),Holo,https://csgoskins.gg/items/sticker-kyousuke-holo-cologne-2026,ok,17.45,19.32,17.45,SkinSniper,UUSkins
2026-06-02T21:35:15Z,1780436115,cache_seed,85bebf40159a,Sticker | Boombl4 (Holo) | Cologne 2026,Boombl4 (Holo),Holo,https://csgoskins.gg/items/sticker-boombl4-holo-cologne-2026,ok,5.01,5.92,5.01,SkinSniper,UUSkins
2026-06-02T21:35:16Z,1780436116,cache_seed,1320996ad66c,Sticker | ultimate (Holo) | Cologne 2026,ultimate (Holo),Holo,https://csgoskins.gg/items/sticker-ultimate-holo-cologne-2026,ok,1.25,1.47,1.25,SkinSniper,UUSkins
2026-06-02T21:35:17Z,1780436117,cache_seed,17c4fd194704,Sticker | oSee (Holo) | Cologne 2026,oSee (Holo),Holo,https://csgoskins.gg/items/sticker-osee-holo-cologne-2026,ok,2.19,3.19,2.19,SkinSniper,UUSkins
2026-06-02T21:35:13Z,1780436113,cache_seed,55ae981c50cf,Sticker | IEM (Holo) | Cologne 2026,IEM (Holo),Holo,https://csgoskins.gg/items/sticker-iem-holo-cologne-2026,ok,11.8,33.64,11.8,SkinSniper,UUSkins
2026-06-02T21:35:19Z,1780436119,cache_seed,277c2f345667,Sticker | asap (Holo) | Cologne 2026,asap (Holo),Holo,https://csgoskins.gg/items/sticker-asap-holo-cologne-2026,ok,11.83,13.52,11.83,SkinSniper,UUSkins
2026-06-02T22:02:42Z,1780437762,visualize:favorites,224ba8b64dda,Sticker | THUNDERdOWNUNDER (Holo) | Cologne 2026,THUNDERdOWNUNDER (Holo),Holo,https://csgoskins.gg/items/sticker-thunder-downunder-holo-cologne-2026,ok,27.66,,27.66,,UUSkins
2026-06-02T22:02:42Z,1780437762,visualize:favorites,83e4230ec809,Sticker | SINNERS (Holo) | Cologne 2026,SINNERS (Holo),Holo,https://csgoskins.gg/items/sticker-sinners-holo-cologne-2026,ok,10.95,,10.95,,UUSkins
2026-06-02T22:02:45Z,1780437765,visualize:holo,c5891da26931,Sticker | C4LLM3SU3 (Holo) | Cologne 2026,C4LLM3SU3 (Holo),Holo,https://csgoskins.gg/items/sticker-c4llm3su3-holo-cologne-2026,ok,4.97,,4.97,,UUSkins
2026-06-02T22:02:45Z,1780437765,visualize:holo,df4337c02c0c,Sticker | latto (Holo) | Cologne 2026,latto (Holo),Holo,https://csgoskins.gg/items/sticker-latto-holo-cologne-2026,ok,3.54,,3.54,,UUSkins
2026-06-02T22:02:45Z,1780437765,visualize:holo,15d8caaa80ce,Sticker | Bymas (Holo) | Cologne 2026,Bymas (Holo),Holo,https://csgoskins.gg/items/sticker-bymas-holo-cologne-2026,ok,5.18,,5.18,,UUSkins
2026-06-02T22:02:47Z,1780437767,visualize:holo,7bee3667e303,Sticker | v$m (Holo) | Cologne 2026,v$m (Holo),Holo,https://csgoskins.gg/items/sticker-v-m-holo-cologne-2026,ok,1.26,,1.26,,UUSkins
2026-06-02T22:02:51Z,1780437771,visualize:foil,e26e56662131,Sticker | B8 (Foil) | Cologne 2026,B8 (Foil),Foil,https://csgoskins.gg/items/sticker-b8-foil-cologne-2026,ok,1.33,,1.33,,UUSkins
2026-06-02T22:02:57Z,1780437777,visualize:foil,a88af7f9bdb3,Sticker | C4LLM3SU3 (Foil) | Cologne 2026,C4LLM3SU3 (Foil),Foil,https://csgoskins.gg/items/sticker-c4llm3su3-foil-cologne-2026,ok,1.16,,1.16,,UUSkins
2026-06-02T22:03:00Z,1780437780,visualize:foil,f153d652f152,Sticker | FL4MUS (Foil) | Cologne 2026,FL4MUS (Foil),Foil,https://csgoskins.gg/items/sticker-fl4mus-foil-cologne-2026,ok,4.44,,4.44,,UUSkins
2026-06-02T22:03:03Z,1780437783,visualize:foil,fe8833172681,Sticker | Gaimin Gladiators (Foil) | Cologne 2026,Gaimin Gladiators (Foil),Foil,https://csgoskins.gg/items/sticker-gaimin-gladiators-foil-cologne-2026,ok,2.21,,2.21,,UUSkins
2026-06-02T22:03:04Z,1780437784,visualize:foil,4273d9a4814d,Sticker | GamerLegion (Foil) | Cologne 2026,GamerLegion (Foil),Foil,https://csgoskins.gg/items/sticker-gamerlegion-foil-cologne-2026,ok,3.85,,3.85,,UUSkins
2026-06-02T22:03:09Z,1780437789,visualize:foil,6bb79a099d15,Sticker | JBa (Foil) | Cologne 2026,JBa (Foil),Foil,https://csgoskins.gg/items/sticker-jba-foil-cologne-2026,ok,1.19,,1.19,,UUSkins
2026-06-02T22:03:11Z,1780437791,visualize:foil,d07b293c6121,Sticker | JOTA (Foil) | Cologne 2026,JOTA (Foil),Foil,https://csgoskins.gg/items/sticker-jota-foil-cologne-2026,ok,2.96,,2.96,,UUSkins
2026-06-02T22:03:15Z,1780437795,visualize:foil,06d50fb5f9e6,Sticker | magixx (Foil) | Cologne 2026,magixx (Foil),Foil,https://csgoskins.gg/items/sticker-magixx-foil-cologne-2026,ok,5.18,,5.18,,UUSkins
2026-06-02T22:03:17Z,1780437797,visualize:foil,89e70f936625,Sticker | makazze (Foil) | Cologne 2026,makazze (Foil),Foil,https://csgoskins.gg/items/sticker-makazze-foil-cologne-2026,ok,2.5,,2.5,,UUSkins
2026-06-02T22:03:18Z,1780437798,visualize:foil,bfb58325ecc9,Sticker | malbsMd (Foil) | Cologne 2026,malbsMd (Foil),Foil,https://csgoskins.gg/items/sticker-malbsmd-foil-cologne-2026,ok,0.74,,0.74,,UUSkins
2026-06-02T22:03:19Z,1780437799,visualize:foil,8568712d51a9,Sticker | Mercury (Foil) | Cologne 2026,Mercury (Foil),Foil,https://csgoskins.gg/items/sticker-mercury-foil-cologne-2026,ok,1.32,,1.32,,UUSkins
2026-06-02T22:03:22Z,1780437802,visualize:foil,8956bf98f1de,Sticker | Moseyuh (Foil) | Cologne 2026,Moseyuh (Foil),Foil,https://csgoskins.gg/items/sticker-moseyuh-foil-cologne-2026,ok,1.47,,1.47,,UUSkins
2026-06-02T22:03:25Z,1780437805,visualize:foil,b2d054eb1d13,Sticker | nettik (Foil) | Cologne 2026,nettik (Foil),Foil,https://csgoskins.gg/items/sticker-nettik-foil-cologne-2026,ok,0.74,,0.74,,UUSkins
2026-06-02T22:03:27Z,1780437807,visualize:foil,2f4f49f91218,Sticker | npl (Foil) | Cologne 2026,npl (Foil),Foil,https://csgoskins.gg/items/sticker-npl-foil-cologne-2026,ok,1.04,,1.04,,UUSkins
2026-06-02T22:03:34Z,1780437814,visualize:foil,237a2d2f45bc,Sticker | sh1ro (Foil) | Cologne 2026,sh1ro (Foil),Foil,https://csgoskins.gg/items/sticker-sh1ro-foil-cologne-2026,ok,2.96,,2.96,,UUSkins
2026-06-02T22:03:38Z,1780437818,visualize:foil,55e35c8c02ee,Sticker | soulfly (Foil) | Cologne 2026,soulfly (Foil),Foil,https://csgoskins.gg/items/sticker-soulfly-foil-cologne-2026,ok,1.04,,1.04,,UUSkins
2026-06-02T22:03:42Z,1780437822,visualize:foil,b21ab13e44aa,Sticker | THUNDERdOWNUNDER (Foil) | Cologne 2026,THUNDERdOWNUNDER (Foil),Foil,https://csgoskins.gg/items/sticker-thunder-downunder-foil-cologne-2026,ok,6.58,,6.58,,UUSkins
2026-06-03T04:00:15Z,1780459215,visualize:favorites,83e4230ec809,Sticker | SINNERS (Holo) | Cologne 2026,SINNERS (Holo),Holo,https://csgoskins.gg/items/sticker-sinners-holo-cologne-2026,ok,10.21,,10.21,,UUSkins
2026-06-03T04:00:15Z,1780459215,visualize:favorites,224ba8b64dda,Sticker | THUNDERdOWNUNDER (Holo) | Cologne 2026,THUNDERdOWNUNDER (Holo),Holo,https://csgoskins.gg/items/sticker-thunder-downunder-holo-cologne-2026,ok,26.62,,26.62,,UUSkins
2026-06-03T04:00:18Z,1780459218,visualize:holo,3bbfd6caa311,Sticker | afro (Holo) | Cologne 2026,afro (Holo),Holo,https://csgoskins.gg/items/sticker-afro-holo-cologne-2026,ok,0.89,1.2,0.89,SkinSniper,UUSkins
2026-06-03T04:00:18Z,1780459218,visualize:holo,ce776976702f,Sticker | Aleksib (Holo) | Cologne 2026,Aleksib (Holo),Holo,https://csgoskins.gg/items/sticker-aleksib-holo-cologne-2026,ok,6.0,6.0,12.57,SkinSniper,UUSkins
2026-06-03T04:00:19Z,1780459219,visualize:holo,bec2fa69e575,Sticker | 910 (Holo) | Cologne 2026,910 (Holo),Holo,https://csgoskins.gg/items/sticker-910-holo-cologne-2026,ok,4.84,4.84,5.03,SkinSniper,UUSkins
2026-06-03T04:00:20Z,1780459220,visualize:holo,14bcd12b76fa,Sticker | apEX (Holo) | Cologne 2026,apEX (Holo),Holo,https://csgoskins.gg/items/sticker-apex-holo-cologne-2026,ok,11.69,14.5,11.69,SkinSniper,UUSkins
2026-06-03T04:00:20Z,1780459220,visualize:holo,e3088a331acc,Sticker | alex666 (Holo) | Cologne 2026,alex666 (Holo),Holo,https://csgoskins.gg/items/sticker-alex666-holo-cologne-2026,ok,2.67,3.49,2.67,SkinSniper,UUSkins
2026-06-03T04:00:22Z,1780459222,visualize:holo,6cd76891da90,Sticker | arT (Holo) | Cologne 2026,arT (Holo),Holo,https://csgoskins.gg/items/sticker-art-holo-cologne-2026,ok,2.95,2.95,3.67,SkinSniper,UUSkins
2026-06-03T04:00:22Z,1780459222,visualize:holo,94dac2e78311,Sticker | AZUWU (Holo) | Cologne 2026,AZUWU (Holo),Holo,https://csgoskins.gg/items/sticker-azuwu-holo-cologne-2026,ok,2.81,2.9,2.81,CSGOSkins,UUSkins
2026-06-03T04:00:23Z,1780459223,visualize:holo,9a5eb57807b3,Sticker | b1t (Holo) | Cologne 2026,b1t (Holo),Holo,https://csgoskins.gg/items/sticker-b1t-holo-cologne-2026,ok,7.95,7.95,8.11,SkinSniper,UUSkins
2026-06-03T04:00:25Z,1780459225,visualize:holo,5db395ff0e07,Sticker | biguzera (Holo) | Cologne 2026,biguzera (Holo),Holo,https://csgoskins.gg/items/sticker-biguzera-holo-cologne-2026,ok,0.82,1.72,0.82,SkinSniper,UUSkins
2026-06-03T04:00:25Z,1780459225,visualize:holo,203a65c3dc80,Sticker | beastik (Holo) | Cologne 2026,beastik (Holo),Holo,https://csgoskins.gg/items/sticker-beastik-holo-cologne-2026,ok,1.48,11.64,1.48,SkinSniper,UUSkins
2026-06-03T04:00:26Z,1780459226,visualize:holo,1bb7a99bbead,Sticker | blameF (Holo) | Cologne 2026,blameF (Holo),Holo,https://csgoskins.gg/items/sticker-blamef-holo-cologne-2026,ok,4.0,4.0,5.9,CSGOSkins,UUSkins
2026-06-03T04:00:27Z,1780459227,visualize:holo,03c03bd87eed,Sticker | bLitz (Holo) | Cologne 2026,bLitz (Holo),Holo,https://csgoskins.gg/items/sticker-blitz-holo-cologne-2026,ok,0.98,2.39,0.98,SkinSniper,UUSkins
2026-06-03T04:00:27Z,1780459227,visualize:holo,e8d4a81ec33d,Sticker | brnz4n (Holo) | Cologne 2026,brnz4n (Holo),Holo,https://csgoskins.gg/items/sticker-brnz4n-holo-cologne-2026,ok,2.22,3.0,2.22,CSGOSkins,UUSkins
2026-06-03T04:00:28Z,1780459228,visualize:holo,166ce2b3b8d6,Sticker | Brollan (Holo) | Cologne 2026,Brollan (Holo),Holo,https://csgoskins.gg/items/sticker-brollan-holo-cologne-2026,ok,2.41,6.0,2.41,SkinSniper,UUSkins
2026-06-03T04:00:29Z,1780459229,visualize:holo,15d8caaa80ce,Sticker | Bymas (Holo) | Cologne 2026,Bymas (Holo),Holo,https://csgoskins.gg/items/sticker-bymas-holo-cologne-2026,ok,5.18,,5.18,,UUSkins
2026-06-03T04:00:29Z,1780459229,visualize:holo,c5891da26931,Sticker | C4LLM3SU3 (Holo) | Cologne 2026,C4LLM3SU3 (Holo),Holo,https://csgoskins.gg/items/sticker-c4llm3su3-holo-cologne-2026,ok,5.46,,5.46,,UUSkins
2026-06-03T04:00:31Z,1780459231,visualize:holo,d8eca2f9a89f,Sticker | Chr1zN (Holo) | Cologne 2026,Chr1zN (Holo),Holo,https://csgoskins.gg/items/sticker-chr1zn-holo-cologne-2026,ok,0.67,0.93,0.67,SkinSniper,UUSkins
2026-06-03T04:00:31Z,1780459231,visualize:holo,7e131d00335c,Sticker | cmtry (Holo) | Cologne 2026,cmtry (Holo),Holo,https://csgoskins.gg/items/sticker-cmtry-holo-cologne-2026,ok,1.62,3.24,1.62,SkinSniper,UUSkins
2026-06-03T04:00:31Z,1780459231,visualize:holo,979825ffa1b5,Sticker | cobra (Holo) | Cologne 2026,cobra (Holo),Holo,https://csgoskins.gg/items/sticker-cobra-holo-cologne-2026,ok,2.05,2.16,2.05,SkinSniper,UUSkins
2026-06-03T04:00:33Z,1780459233,visualize:holo,23f5b51544da,Sticker | dem0n (Holo) | Cologne 2026,dem0n (Holo),Holo,https://csgoskins.gg/items/sticker-dem0n-holo-cologne-2026,ok,2.65,2.65,5.18,CSGOSkins,UUSkins
2026-06-03T04:00:33Z,1780459233,visualize:holo,18b7f1599347,Sticker | dgt (Holo) | Cologne 2026,dgt (Holo),Holo,https://csgoskins.gg/items/sticker-dgt-holo-cologne-2026,ok,1.02,1.84,1.02,CSGOSkins,UUSkins
2026-06-03T04:00:33Z,1780459233,visualize:holo,2beada2f6369,Sticker | dumau (Holo) | Cologne 2026,dumau (Holo),Holo,https://csgoskins.gg/items/sticker-dumau-holo-cologne-2026,ok,3.18,4.37,3.18,SkinSniper,UUSkins
2026-06-03T04:00:35Z,1780459235,visualize:holo,da6050cfcdd0,Sticker | esenthial (Holo) | Cologne 2026,esenthial (Holo),Holo,https://csgoskins.gg/items/sticker-esenthial-holo-cologne-2026,ok,0.63,6.07,0.63,SkinSniper,UUSkins
2026-06-03T04:00:35Z,1780459235,visualize:holo,a880c6c0a5dc,Sticker | dziugss (Holo) | Cologne 2026,dziugss (Holo),Holo,https://csgoskins.gg/items/sticker-dziugss-holo-cologne-2026,ok,3.68,4.97,3.68,SkinSniper,UUSkins
2026-06-03T04:00:35Z,1780459235,visualize:holo,3c1b213ef1dd,Sticker | FalleN (Holo) | Cologne 2026,FalleN (Holo),Holo,https://csgoskins.gg/items/sticker-fallen-holo-cologne-2026,ok,20.0,20.0,28.1,SkinSniper,UUSkins
2026-06-03T04:00:36Z,1780459236,visualize:holo,51953c88e439,Sticker | faveN (Holo) | Cologne 2026,faveN (Holo),Holo,https://csgoskins.gg/items/sticker-faven-holo-cologne-2026,ok,0.6,1.02,0.6,SkinSniper,UUSkins
2026-06-03T04:00:37Z,1780459237,visualize:holo,61b8fce18dee,Sticker | felps (Holo) | Cologne 2026,felps (Holo),Holo,https://csgoskins.gg/items/sticker-felps-holo-cologne-2026,ok,0.82,1.34,0.82,CSGOSkins,UUSkins
2026-06-03T04:00:38Z,1780459238,visualize:holo,4231d7fb5568,Sticker | FlameZ (Holo) | Cologne 2026,FlameZ (Holo),Holo,https://csgoskins.gg/items/sticker-flamez-holo-cologne-2026,ok,5.02,15.9,5.02,SkinSniper,UUSkins
2026-06-03T04:00:38Z,1780459238,visualize:holo,a458e8d171c8,Sticker | Gizmy (Holo) | Cologne 2026,Gizmy (Holo),Holo,https://csgoskins.gg/items/sticker-gizmy-holo-cologne-2026,ok,2.81,3.12,2.81,SkinSniper,UUSkins
2026-06-03T04:00:39Z,1780459239,visualize:holo,c2212709e928,Sticker | gr1ks (Holo) | Cologne 2026,gr1ks (Holo),Holo,https://csgoskins.gg/items/sticker-gr1ks-holo-cologne-2026,ok,1.54,1.92,1.54,SkinSniper,UUSkins
2026-06-03T04:00:40Z,1780459240,visualize:holo,b9a9d7eff0ed,Sticker | Grim (Holo) | Cologne 2026,Grim (Holo),Holo,https://csgoskins.gg/items/sticker-grim-holo-cologne-2026,ok,2.36,3.66,2.36,SkinSniper,UUSkins
2026-06-03T04:00:40Z,1780459240,visualize:holo,5682dc6ec471,Sticker | Heavygod (Holo) | Cologne 2026,Heavygod (Holo),Holo,https://csgoskins.gg/items/sticker-heavygod-holo-cologne-2026,ok,2.15,3.49,2.15,SkinSniper,UUSkins
2026-06-03T04:00:41Z,1780459241,visualize:holo,e72e48e9feae,Sticker | HEN1 (Holo) | Cologne 2026,HEN1 (Holo),Holo,https://csgoskins.gg/items/sticker-hen1-holo-cologne-2026,ok,0.89,0.93,0.89,CSGOSkins,UUSkins
2026-06-03T04:00:42Z,1780459242,visualize:holo,21f6fca7b030,Sticker | HUASOPEEK (Holo) | Cologne 2026,HUASOPEEK (Holo),Holo,https://csgoskins.gg/items/sticker-huasopeek-holo-cologne-2026,ok,1.45,2.81,1.45,CSGOSkins,UUSkins
2026-06-03T04:00:42Z,1780459242,visualize:holo,b88168513e1c,Sticker | HooXi (Holo) | Cologne 2026,HooXi (Holo),Holo,https://csgoskins.gg/items/sticker-hooxi-holo-cologne-2026,ok,1.93,2.44,1.93,SkinSniper,UUSkins
2026-06-03T04:00:43Z,1780459243,visualize:holo,29520b418e6a,Sticker | huNter- (Holo) | Cologne 2026,huNter- (Holo),Holo,https://csgoskins.gg/items/sticker-hunter-holo-cologne-2026,ok,1.78,4.1,1.78,SkinSniper,UUSkins
2026-06-03T04:00:44Z,1780459244,visualize:holo,12b57635d456,Sticker | hypex (Holo) | Cologne 2026,hypex (Holo),Holo,https://csgoskins.gg/items/sticker-hypex-holo-cologne-2026,ok,4.75,4.75,98.48,CSGOSkins,UUSkins
2026-06-03T04:00:44Z,1780459244,visualize:holo,6bf3b5527d95,Sticker | iM (Holo) | Cologne 2026,iM (Holo),Holo,https://csgoskins.gg/items/sticker-im-holo-cologne-2026,ok,5.27,6.17,5.27,SkinSniper,CSGOSkins
2026-06-03T04:00:45Z,1780459245,visualize:holo,fd4f18d93e68,Sticker | INS (Holo) | Cologne 2026,INS (Holo),Holo,https://csgoskins.gg/items/sticker-ins-holo-cologne-2026,ok,3.0,4.67,3.0,CSGOSkins,UUSkins
2026-06-03T04:00:46Z,1780459246,visualize:holo,37420b328a4c,Sticker | insani (Holo) | Cologne 2026,insani (Holo),Holo,https://csgoskins.gg/items/sticker-insani-holo-cologne-2026,ok,2.15,23.64,2.15,SkinSniper,UUSkins
2026-06-03T04:00:46Z,1780459246,visualize:holo,67e35c573e3c,Sticker | jabbi (Holo) | Cologne 2026,jabbi (Holo),Holo,https://csgoskins.gg/items/sticker-jabbi-holo-cologne-2026,ok,1.03,1.31,1.03,CSGOSkins,UUSkins
2026-06-03T04:00:47Z,1780459247,visualize:holo,a34eeed32d24,Sticker | JBa (Holo) | Cologne 2026,JBa (Holo),Holo,https://csgoskins.gg/items/sticker-jba-holo-cologne-2026,ok,2.65,8.59,2.65,SkinSniper,UUSkins
2026-06-03T04:00:48Z,1780459248,visualize:holo,44ca76730013,Sticker | Jimpphat (Holo) | Cologne 2026,Jimpphat (Holo),Holo,https://csgoskins.gg/items/sticker-jimpphat-holo-cologne-2026,ok,1.34,2.46,1.34,SkinSniper,UUSkins
2026-06-03T04:00:48Z,1780459248,visualize:holo,ebfa782fd78c,Sticker | jks (Holo) | Cologne 2026,jks (Holo),Holo,https://csgoskins.gg/items/sticker-jks-holo-cologne-2026,ok,2.66,2.66,2.75,CSGOSkins,UUSkins
2026-06-03T04:00:49Z,1780459249,visualize:holo,3755cf67a42e,Sticker | JOTA (Holo) | Cologne 2026,JOTA (Holo),Holo,https://csgoskins.gg/items/sticker-jota-holo-cologne-2026,ok,0.8,2.0,0.8,SkinSniper,UUSkins
2026-06-03T04:00:50Z,1780459250,visualize:holo,733d5698cf7b,Sticker | kensizor (Holo) | Cologne 2026,kensizor (Holo),Holo,https://csgoskins.gg/items/sticker-kensizor-holo-cologne-2026,ok,0.63,1.3,0.63,SkinSniper,UUSkins
2026-06-03T04:00:50Z,1780459250,visualize:holo,be37e2825846,Sticker | kisserek (Holo) | Cologne 2026,kisserek (Holo),Holo,https://csgoskins.gg/items/sticker-kisserek-holo-cologne-2026,ok,2.21,3.23,2.21,CSGOSkins,UUSkins
2026-06-03T04:00:51Z,1780459251,visualize:holo,219bc61926b3,Sticker | kl1m (Holo) | Cologne 2026,kl1m (Holo),Holo,https://csgoskins.gg/items/sticker-kl1m-holo-cologne-2026,ok,0.68,1.39,0.68,SkinSniper,UUSkins
2026-06-03T04:00:52Z,1780459252,visualize:holo,6558a22d0289,Sticker | KSCERATO (Holo) | Cologne 2026,KSCERATO (Holo),Holo,https://csgoskins.gg/items/sticker-kscerato-holo-cologne-2026,ok,4.54,4.54,5.62,CSGOSkins,UUSkins
2026-06-03T04:00:52Z,1780459252,visualize:holo,7ff540457bc6,Sticker | Krabeni (Holo) | Cologne 2026,Krabeni (Holo),Holo,https://csgoskins.gg/items/sticker-krabeni-holo-cologne-2026,ok,3.26,6.98,3.26,SkinSniper,UUSkins
2026-06-03T04:00:53Z,1780459253,visualize:holo,bf53c370d589,Sticker | Lake (Holo) | Cologne 2026,Lake (Holo),Holo,https://csgoskins.gg/items/sticker-lake-holo-cologne-2026,ok,2.21,2.21,2.22,SkinSniper,UUSkins
2026-06-03T04:00:54Z,1780459254,visualize:holo,df4337c02c0c,Sticker | latto (Holo) | Cologne 2026,latto (Holo),Holo,https://csgoskins.gg/items/sticker-latto-holo-cologne-2026,ok,3.47,,3.47,,UUSkins
2026-06-03T04:00:54Z,1780459254,visualize:holo,69e6746691d9,Sticker | lauNX (Holo) | Cologne 2026,lauNX (Holo),Holo,https://csgoskins.gg/items/sticker-launx-holo-cologne-2026,ok,2.52,8.16,2.52,SkinSniper,UUSkins
2026-06-03T04:00:55Z,1780459255,visualize:holo,f125d4eb0794,Sticker | LNZ (Holo) | Cologne 2026,LNZ (Holo),Holo,https://csgoskins.gg/items/sticker-lnz-holo-cologne-2026,ok,2.21,2.21,2.22,SkinSniper,UUSkins
2026-06-03T04:00:56Z,1780459256,visualize:holo,cf431cfa3383,Sticker | luken (Holo) | Cologne 2026,luken (Holo),Holo,https://csgoskins.gg/items/sticker-luken-holo-cologne-2026,ok,1.0,1.16,1.0,CSGOSkins,UUSkins
2026-06-03T04:00:56Z,1780459256,visualize:holo,9fabe26c4a4e,Sticker | luchov (Holo) | Cologne 2026,luchov (Holo),Holo,https://csgoskins.gg/items/sticker-luchov-holo-cologne-2026,ok,2.22,6.51,2.22,SkinSniper,UUSkins
2026-06-03T04:00:57Z,1780459257,visualize:holo,d094547efbc4,Sticker | magixx (Holo) | Cologne 2026,magixx (Holo),Holo,https://csgoskins.gg/items/sticker-magixx-holo-cologne-2026,ok,6.73,6.73,7.1,SkinSniper,UUSkins
2026-06-03T04:00:58Z,1780459258,visualize:holo,b35f4ae8ea8a,Sticker | MAJ3R (Holo) | Cologne 2026,MAJ3R (Holo),Holo,https://csgoskins.gg/items/sticker-maj3r-holo-cologne-2026,ok,2.22,2.57,2.22,SkinSniper,UUSkins
2026-06-03T04:00:58Z,1780459258,visualize:holo,b8e2b15537e7,Sticker | makazze (Holo) | Cologne 2026,makazze (Holo),Holo,https://csgoskins.gg/items/sticker-makazze-holo-cologne-2026,ok,6.64,8.52,6.64,SkinSniper,UUSkins
2026-06-03T04:00:59Z,1780459259,visualize:holo,a9aaec797076,Sticker | MATYS (Holo) | Cologne 2026,MATYS (Holo),Holo,https://csgoskins.gg/items/sticker-matys-holo-cologne-2026,ok,0.83,1.2,0.83,CSGOSkins,UUSkins
2026-06-03T04:01:00Z,1780459260,visualize:holo,66809379e100,Sticker | max (Holo) | Cologne 2026,max (Holo),Holo,https://csgoskins.gg/items/sticker-max-holo-cologne-2026,ok,1.45,2.2,1.45,SkinSniper,UUSkins
2026-06-03T04:01:00Z,1780459260,visualize:holo,41426f5df707,Sticker | meyern (Holo) | Cologne 2026,meyern (Holo),Holo,https://csgoskins.gg/items/sticker-meyern-holo-cologne-2026,ok,1.19,2.75,1.19,SkinSniper,UUSkins
2026-06-03T04:01:01Z,1780459261,visualize:holo,702a0cf78ccb,Sticker | mezii (Holo) | Cologne 2026,mezii (Holo),Holo,https://csgoskins.gg/items/sticker-mezii-holo-cologne-2026,ok,4.07,5.83,4.07,SkinSniper,UUSkins
2026-06-03T04:01:02Z,1780459262,visualize:holo,31ca721a58ac,Sticker | MoDo (Holo) | Cologne 2026,MoDo (Holo),Holo,https://csgoskins.gg/items/sticker-modo-holo-cologne-2026,ok,2.81,3.23,2.81,SkinSniper,UUSkins
2026-06-03T04:01:03Z,1780459263,visualize:holo,3334feb2b451,Sticker | molodoy (Holo) | Cologne 2026,molodoy (Holo),Holo,https://csgoskins.gg/items/sticker-molodoy-holo-cologne-2026,ok,7.38,7.95,7.38,SkinSniper,UUSkins
2026-06-03T04:01:03Z,1780459263,visualize:holo,4447477e3233,Sticker | mzinho (Holo) | Cologne 2026,mzinho (Holo),Holo,https://csgoskins.gg/items/sticker-mzinho-holo-cologne-2026,ok,3.85,4.41,3.85,CSGOSkins,UUSkins
2026-06-03T04:01:04Z,1780459264,visualize:holo,4347e69a4401,Sticker | n1ssim (Holo) | Cologne 2026,n1ssim (Holo),Holo,https://csgoskins.gg/items/sticker-n1ssim-holo-cologne-2026,ok,1.14,7.89,1.14,SkinSniper,UUSkins
2026-06-03T04:01:05Z,1780459265,visualize:holo,02fb80662708,Sticker | NEKiZ (Holo) | Cologne 2026,NEKiZ (Holo),Holo,https://csgoskins.gg/items/sticker-nekiz-holo-cologne-2026,ok,0.89,10.47,0.89,SkinSniper,UUSkins
2026-06-03T04:01:05Z,1780459265,visualize:holo,c2e9aa00d482,Sticker | NertZ (Holo) | Cologne 2026,NertZ (Holo),Holo,https://csgoskins.gg/items/sticker-nertz-holo-cologne-2026,ok,1.03,3.14,1.03,SkinSniper,UUSkins
2026-06-03T04:01:06Z,1780459266,visualize:holo,d2ad79f22e88,Sticker | nettik (Holo) | Cologne 2026,nettik (Holo),Holo,https://csgoskins.gg/items/sticker-nettik-holo-cologne-2026,ok,0.88,1.2,0.88,SkinSniper,UUSkins
2026-06-03T04:01:07Z,1780459267,visualize:holo,6693d515667b,Sticker | nilo (Holo) | Cologne 2026,nilo (Holo),Holo,https://csgoskins.gg/items/sticker-nilo-holo-cologne-2026,ok,1.13,1.13,1.41,CSGOSkins,UUSkins
2026-06-03T04:01:07Z,1780459267,visualize:holo,5f9d3cc637ec,Sticker | nitr0 (Holo) | Cologne 2026,nitr0 (Holo),Holo,https://csgoskins.gg/items/sticker-nitr0-holo-cologne-2026,ok,1.03,1.71,1.03,SkinSniper,UUSkins
2026-06-03T04:01:08Z,1780459268,visualize:holo,eea8643255d8,Sticker | nota (Holo) | Cologne 2026,nota (Holo),Holo,https://csgoskins.gg/items/sticker-nota-holo-cologne-2026,ok,1.03,1.75,1.03,SkinSniper,UUSkins
2026-06-03T04:01:09Z,1780459269,visualize:holo,aee9395eed4a,Sticker | npl (Holo) | Cologne 2026,npl (Holo),Holo,https://csgoskins.gg/items/sticker-npl-holo-cologne-2026,ok,1.48,1.65,1.48,CSGOSkins,UUSkins
2026-06-03T04:01:09Z,1780459269,visualize:holo,35b3d81216b4,Sticker | NQZ (Holo) | Cologne 2026,NQZ (Holo),Holo,https://csgoskins.gg/items/sticker-nqz-holo-cologne-2026,ok,0.74,1.95,0.74,SkinSniper,UUSkins
2026-06-03T04:01:10Z,1780459270,visualize:holo,e8cb256de763,Sticker | phzy (Holo) | Cologne 2026,phzy (Holo),Holo,https://csgoskins.gg/items/sticker-phzy-holo-cologne-2026,ok,1.93,2.0,1.93,SkinSniper,UUSkins
2026-06-03T04:01:11Z,1780459271,visualize:holo,550b4c150435,Sticker | piriajr (Holo) | Cologne 2026,piriajr (Holo),Holo,https://csgoskins.gg/items/sticker-piriajr-holo-cologne-2026,ok,0.59,0.85,0.59,SkinSniper,UUSkins
2026-06-03T04:01:11Z,1780459271,visualize:holo,57d3174cfb58,Sticker | PR (Holo) | Cologne 2026,PR (Holo),Holo,https://csgoskins.gg/items/sticker-pr-holo-cologne-2026,ok,3.09,3.77,3.09,CSGOSkins,UUSkins
2026-06-03T04:01:12Z,1780459272,visualize:holo,8bab08a231c3,Sticker | Rainwaker (Holo) | Cologne 2026,Rainwaker (Holo),Holo,https://csgoskins.gg/items/sticker-rainwaker-holo-cologne-2026,ok,1.96,1.96,4.29,SkinSniper,UUSkins
2026-06-03T04:01:13Z,1780459273,visualize:holo,4090be90c061,Sticker | REZ (Holo) | Cologne 2026,REZ (Holo),Holo,https://csgoskins.gg/items/sticker-rez-holo-cologne-2026,ok,2.37,3.78,2.37,CSGOSkins,UUSkins
2026-06-03T04:01:13Z,1780459273,visualize:holo,a7f3f3368d42,Sticker | s1zzi (Holo) | Cologne 2026,s1zzi (Holo),Holo,https://csgoskins.gg/items/sticker-s1zzi-holo-cologne-2026,ok,1.48,2.0,1.48,CSGOSkins,UUSkins
2026-06-03T04:01:14Z,1780459274,visualize:holo,a9b056dde0aa,Sticker | saadzin (Holo) | Cologne 2026,saadzin (Holo),Holo,https://csgoskins.gg/items/sticker-saadzin-holo-cologne-2026,ok,1.04,1.15,1.04,CSGOSkins,UUSkins
2026-06-03T04:01:15Z,1780459275,visualize:holo,47073ff8e45d,Sticker | sh1ro (Holo) | Cologne 2026,sh1ro (Holo),Holo,https://csgoskins.gg/items/sticker-sh1ro-holo-cologne-2026,ok,5.12,10.46,5.12,SkinSniper,UUSkins
2026-06-03T04:01:15Z,1780459275,visualize:holo,075a909343de,Sticker | SHOCK (Holo) | Cologne 2026,SHOCK (Holo),Holo,https://csgoskins.gg/items/sticker-shock-holo-cologne-2026,ok,2.69,6.14,2.69,SkinSniper,UUSkins
2026-06-03T04:01:16Z,1780459276,visualize:holo,b451c6c7bd98,Sticker | siuhy (Holo) | Cologne 2026,siuhy (Holo),Holo,https://csgoskins.gg/items/sticker-siuhy-holo-cologne-2026,ok,1.08,2.02,1.08,SkinSniper,UUSkins
2026-06-03T04:01:17Z,1780459277,visualize:holo,2e6721826ab3,Sticker | slaxz- (Holo) | Cologne 2026,slaxz- (Holo),Holo,https://csgoskins.gg/items/sticker-slaxz-holo-cologne-2026,ok,1.48,2.74,1.48,SkinSniper,UUSkins
2026-06-03T04:01:19Z,1780459279,visualize:holo,1a0dbab1074d,Sticker | snow (Holo) | Cologne 2026,snow (Holo),Holo,https://csgoskins.gg/items/sticker-snow-holo-cologne-2026,ok,1.34,1.81,1.34,CSGOSkins,UUSkins
2026-06-02T22:15:02Z,1780438502,cache_seed,f6bb65caa27f,Sticker | Moseyuh (Holo) | Cologne 2026,Moseyuh (Holo),Holo,https://csgoskins.gg/items/sticker-moseyuh-holo-cologne-2026,ok,2.22,4.88,2.22,SkinSniper,UUSkins
2026-06-02T22:14:59Z,1780438499,cache_seed,0fd07921f22b,Sticker | koala (Holo) | Cologne 2026,koala (Holo),Holo,https://csgoskins.gg/items/sticker-koala-holo-cologne-2026,ok,0.89,2.98,0.89,SkinSniper,UUSkins
2026-06-02T22:15:02Z,1780438502,cache_seed,548001363495,Sticker | Mercury (Holo) | Cologne 2026,Mercury (Holo),Holo,https://csgoskins.gg/items/sticker-mercury-holo-cologne-2026,ok,2.21,2.87,2.21,CSGOSkins,UUSkins
2026-06-02T22:15:04Z,1780438504,cache_seed,0927c21045c2,Sticker | paiN Gaming (Holo) | Cologne 2026,paiN Gaming (Holo),Holo,https://csgoskins.gg/items/sticker-pain-gaming-holo-cologne-2026,ok,4.59,5.95,4.59,SkinSniper,UUSkins
2026-06-02T22:15:04Z,1780438504,cache_seed,7aad5666deed,Sticker | Legacy (Holo) | Cologne 2026,Legacy (Holo),Holo,https://csgoskins.gg/items/sticker-legacy-holo-cologne-2026,ok,6.91,11.99,6.91,SkinSniper,UUSkins
2026-06-02T22:15:09Z,1780438509,cache_seed,abe272caf8fe,Sticker | ryu (Holo) | Cologne 2026,ryu (Holo),Holo,https://csgoskins.gg/items/sticker-ryu-holo-cologne-2026,ok,1.7,1.7,2.78,SkinSniper,UUSkins
2026-06-02T22:15:18Z,1780438518,cache_seed,a6f5dfa82c23,Sticker | Lynn Vision (Holo) | Cologne 2026,Lynn Vision (Holo),Holo,https://csgoskins.gg/items/sticker-lynn-vision-holo-cologne-2026,ok,6.07,7.7,6.07,SkinSniper,UUSkins
2026-06-02T22:15:06Z,1780438506,cache_seed,91f1a6b88f72,Sticker | MIBR (Holo) | Cologne 2026,MIBR (Holo),Holo,https://csgoskins.gg/items/sticker-mibr-holo-cologne-2026,ok,3.69,3.83,3.69,SkinSniper,UUSkins
2026-06-02T22:15:23Z,1780438523,cache_seed,497d22fda716,Sticker | doc (Holo) | Cologne 2026,doc (Holo),Holo,https://csgoskins.gg/items/sticker-doc-holo-cologne-2026,ok,2.3,2.3,3.35,CSGOSkins,UUSkins
2026-06-02T22:15:22Z,1780438522,cache_seed,d1dda4ae4bf0,Sticker | rdnzao (Holo) | Cologne 2026,rdnzao (Holo),Holo,https://csgoskins.gg/items/sticker-rdnzao-holo-cologne-2026,ok,2.05,2.25,2.05,SkinSniper,UUSkins
2026-06-02T22:15:10Z,1780438510,cache_seed,8cddaf065473,Sticker | Aurora (Holo) | Cologne 2026,Aurora (Holo),Holo,https://csgoskins.gg/items/sticker-aurora-holo-cologne-2026,ok,5.62,6.85,5.62,SkinSniper,UUSkins
2026-06-02T22:15:18Z,1780438518,cache_seed,902f2e3f6274,Sticker | Team Liquid (Holo) | Cologne 2026,Team Liquid (Holo),Holo,https://csgoskins.gg/items/sticker-team-liquid-holo-cologne-2026,ok,22.19,46.9,22.19,SkinSniper,UUSkins
2026-06-02T22:15:02Z,1780438502,cache_seed,d6ec81bd977b,Sticker | NRG (Holo) | Cologne 2026,NRG (Holo),Holo,https://csgoskins.gg/items/sticker-nrg-holo-cologne-2026,ok,9.73,23.26,9.73,SkinSniper,UUSkins
2026-06-02T22:15:23Z,1780438523,cache_seed,03a461d6d761,Sticker | TeSeS (Holo) | Cologne 2026,TeSeS (Holo),Holo,https://csgoskins.gg/items/sticker-teses-holo-cologne-2026,ok,3.55,4.0,3.55,SkinSniper,UUSkins
2026-06-02T22:15:20Z,1780438520,cache_seed,666f5b8f180f,Sticker | Gaimin Gladiators (Holo) | Cologne 2026,Gaimin Gladiators (Holo),Holo,https://csgoskins.gg/items/sticker-gaimin-gladiators-holo-cologne-2026,ok,4.72,10.34,4.72,SkinSniper,UUSkins
2026-06-02T22:15:25Z,1780438525,cache_seed,3292ee18e768,Sticker | PARIVISION (Holo) | Cologne 2026,PARIVISION (Holo),Holo,https://csgoskins.gg/items/sticker-parivision-holo-cologne-2026,ok,6.51,6.97,6.51,SkinSniper,UUSkins
2026-06-02T22:15:25Z,1780438525,cache_seed,ac189711479a,Sticker | The Mongolz (Holo) | Cologne 2026,The Mongolz (Holo),Holo,https://csgoskins.gg/items/sticker-the-mongolz-holo-cologne-2026,ok,11.72,11.72,11.83,SkinSniper,UUSkins
2026-06-02T22:15:20Z,1780438520,cache_seed,f30aa8a5b607,Sticker | zorte (Holo) | Cologne 2026,zorte (Holo),Holo,https://csgoskins.gg/items/sticker-zorte-holo-cologne-2026,ok,2.35,5.42,2.35,SkinSniper,UUSkins
2026-06-02T22:15:17Z,1780438517,cache_seed,fd87e12b4306,Sticker | EliGE (Holo) | Cologne 2026,EliGE (Holo),Holo,https://csgoskins.gg/items/sticker-elige-holo-cologne-2026,ok,2.67,6.96,2.67,SkinSniper,UUSkins
2026-06-02T22:15:14Z,1780438514,cache_seed,08012c24edef,Sticker | 9z Team (Holo) | Cologne 2026,9z Team (Holo),Holo,https://csgoskins.gg/items/sticker-9z-team-holo-cologne-2026,ok,4.62,6.85,4.62,SkinSniper,UUSkins
2026-06-02T22:15:14Z,1780438514,cache_seed,b970a24dac58,Sticker | G2 esports (Holo) | Cologne 2026,G2 esports (Holo),Holo,https://csgoskins.gg/items/sticker-g2-esports-holo-cologne-2026,ok,5.17,5.38,5.17,CSGOSkins,UUSkins
2026-06-02T22:15:05Z,1780438505,cache_seed,6442ab880b99,Sticker | gafolo (Holo) | Cologne 2026,gafolo (Holo),Holo,https://csgoskins.gg/items/sticker-gafolo-holo-cologne-2026,ok,1.37,1.37,1.79,CSGOSkins,UUSkins
2026-06-02T22:15:21Z,1780438521,cache_seed,8df88522d91a,Sticker | TYLOO (Holo) | Cologne 2026,TYLOO (Holo),Holo,https://csgoskins.gg/items/sticker-tyloo-holo-cologne-2026,ok,10.8,13.0,10.8,SkinSniper,UUSkins
2026-06-02T22:15:12Z,1780438512,cache_seed,55f0bea61a2c,Sticker | Falcons (Holo) | Cologne 2026,Falcons (Holo),Holo,https://csgoskins.gg/items/sticker-falcons-holo-cologne-2026,ok,21.94,29.57,21.94,SkinSniper,UUSkins
2026-06-02T22:15:09Z,1780438509,cache_seed,3023673eb5a8,Sticker | m0NESY (Holo) | Cologne 2026,m0NESY (Holo),Holo,https://csgoskins.gg/items/sticker-m0nesy-holo-cologne-2026,ok,19.23,28.74,19.23,SkinSniper,UUSkins
2026-06-02T22:15:42Z,1780438542,cache_seed,888e02ff13ff,Sticker | FUT (Holo) | Cologne 2026,FUT (Holo),Holo,https://csgoskins.gg/items/sticker-fut-holo-cologne-2026,ok,5.55,5.55,6.5,CSGOSkins,UUSkins
2026-06-02T22:15:34Z,1780438534,cache_seed,5c77121eb587,Sticker | BELCHONOKK (Holo) | Cologne 2026,BELCHONOKK (Holo),Holo,https://csgoskins.gg/items/sticker-belchonokk-holo-cologne-2026,ok,1.04,2.83,1.04,SkinSniper,UUSkins
2026-06-02T22:15:29Z,1780438529,cache_seed,dd37bc13bea6,Sticker | ropz (Holo) | Cologne 2026,ropz (Holo),Holo,https://csgoskins.gg/items/sticker-ropz-holo-cologne-2026,ok,24.4,40.0,24.4,CSGOSkins,UUSkins
2026-06-02T22:15:10Z,1780438510,cache_seed,3621c3a87cd4,Sticker | Sharks Esports (Holo) | Cologne 2026,Sharks Esports (Holo),Holo,https://csgoskins.gg/items/sticker-sharks-esports-holo-cologne-2026,ok,6.51,13.34,6.51,SkinSniper,UUSkins
2026-06-02T22:15:42Z,1780438542,cache_seed,84bea33324ce,Sticker | Astralis (Holo) | Cologne 2026,Astralis (Holo),Holo,https://csgoskins.gg/items/sticker-astralis-holo-cologne-2026,ok,8.58,15.37,8.58,SkinSniper,UUSkins
2026-06-02T22:15:16Z,1780438516,cache_seed,c7c168af76bb,Sticker | xiELO (Holo) | Cologne 2026,xiELO (Holo),Holo,https://csgoskins.gg/items/sticker-xielo-holo-cologne-2026,ok,1.04,1.39,1.04,SkinSniper,UUSkins
2026-06-02T22:15:19Z,1780438519,cache_seed,39d3a2e2d65e,Sticker | M80 (Holo) | Cologne 2026,M80 (Holo),Holo,https://csgoskins.gg/items/sticker-m80-holo-cologne-2026,ok,6.6,12.99,6.6,SkinSniper,UUSkins
2026-06-02T22:15:14Z,1780438514,cache_seed,05e866d13d83,Sticker | BetBoom (Holo) | Cologne 2026,BetBoom (Holo),Holo,https://csgoskins.gg/items/sticker-betboom-holo-cologne-2026,ok,7.5,7.5,7.68,SkinSniper,UUSkins
2026-06-02T22:15:07Z,1780438507,cache_seed,a4a3936c731b,Sticker | MOUZ (Holo) | Cologne 2026,MOUZ (Holo),Holo,https://csgoskins.gg/items/sticker-mouz-holo-cologne-2026,ok,9.39,11.5,9.39,SkinSniper,UUSkins
2026-06-02T22:15:36Z,1780438536,cache_seed,662a4956f2a0,Sticker | Zero (Holo) | Cologne 2026,Zero (Holo),Holo,https://csgoskins.gg/items/sticker-zero-holo-cologne-2026,ok,3.11,5.85,3.11,SkinSniper,UUSkins
2026-06-02T22:15:31Z,1780438531,cache_seed,23c660a4589d,Sticker | z4KR (Holo) | Cologne 2026,z4KR (Holo),Holo,https://csgoskins.gg/items/sticker-z4kr-holo-cologne-2026,ok,1.9,3.69,1.9,SkinSniper,UUSkins
2026-06-02T22:15:27Z,1780438527,cache_seed,092bb16ad86f,Sticker | TjP (Holo) | Cologne 2026,TjP (Holo),Holo,https://csgoskins.gg/items/sticker-tjp-holo-cologne-2026,ok,3.51,5.9,3.51,SkinSniper,UUSkins
2026-06-02T22:15:31Z,1780438531,cache_seed,f77e24374b2b,Sticker | FURIA (Holo) | Cologne 2026,FURIA (Holo),Holo,https://csgoskins.gg/items/sticker-furia-holo-cologne-2026,ok,14.64,17.82,14.64,SkinSniper,UUSkins
2026-06-02T22:14:59Z,1780438499,cache_seed,ef893d39098d,Sticker | aliStair (Holo) | Cologne 2026,aliStair (Holo),Holo,https://csgoskins.gg/items/sticker-alistair-holo-cologne-2026,ok,2.8,2.8,2.93,SkinSniper,UUSkins
2026-06-02T22:15:12Z,1780438512,cache_seed,d2c8126cec6f,Sticker | Liazz (Holo) | Cologne 2026,Liazz (Holo),Holo,https://csgoskins.gg/items/sticker-liazz-holo-cologne-2026,ok,2.67,3.38,2.67,SkinSniper,UUSkins
2026-06-02T22:15:44Z,1780438544,cache_seed,bb7763f5a8e6,Sticker | kyousuke (Holo) | Cologne 2026,kyousuke (Holo),Holo,https://csgoskins.gg/items/sticker-kyousuke-holo-cologne-2026,ok,17.45,19.32,17.45,SkinSniper,UUSkins
2026-06-02T22:15:33Z,1780438533,cache_seed,573724344225,Sticker | FlyQuest (Holo) | Cologne 2026,FlyQuest (Holo),Holo,https://csgoskins.gg/items/sticker-flyquest-holo-cologne-2026,ok,11.07,12.56,11.07,SkinSniper,UUSkins
2026-06-02T22:15:37Z,1780438537,cache_seed,14697964ea54,Sticker | NiKo (Holo) | Cologne 2026,NiKo (Holo),Holo,https://csgoskins.gg/items/sticker-niko-holo-cologne-2026,ok,12.85,25.0,12.85,CSGOSkins,UUSkins
2026-06-02T22:15:27Z,1780438527,cache_seed,97fa3a994577,Sticker | B8 (Holo) | Cologne 2026,B8 (Holo),Holo,https://csgoskins.gg/items/sticker-b8-holo-cologne-2026,ok,4.72,6.99,4.72,SkinSniper,UUSkins
2026-06-02T22:15:27Z,1780438527,cache_seed,1290d50e45f8,Sticker | Jee (Holo) | Cologne 2026,Jee (Holo),Holo,https://csgoskins.gg/items/sticker-jee-holo-cologne-2026,ok,3.59,4.95,3.59,SkinSniper,UUSkins
2026-06-02T22:15:36Z,1780438536,cache_seed,d3de56fb6253,Sticker | FL4MUS (Holo) | Cologne 2026,FL4MUS (Holo),Holo,https://csgoskins.gg/items/sticker-fl4mus-holo-cologne-2026,ok,1.76,5.31,1.76,SkinSniper,UUSkins
2026-06-02T22:15:07Z,1780438507,cache_seed,396de15d3b80,Sticker | HEROIC (Holo) | Cologne 2026,HEROIC (Holo),Holo,https://csgoskins.gg/items/sticker-heroic-holo-cologne-2026,ok,4.12,6.95,4.12,SkinSniper,UUSkins
2026-06-02T22:15:40Z,1780438540,cache_seed,fae9152c9494,Sticker | Monte (Holo) | Cologne 2026,Monte (Holo),Holo,https://csgoskins.gg/items/sticker-monte-holo-cologne-2026,ok,5.33,10.78,5.33,SkinSniper,UUSkins
2026-06-02T22:15:40Z,1780438540,cache_seed,5f780340315c,Sticker | Magnojez (Holo) | Cologne 2026,Magnojez (Holo),Holo,https://csgoskins.gg/items/sticker-magnojez-holo-cologne-2026,ok,4.15,5.57,4.15,SkinSniper,UUSkins
2026-06-02T22:15:42Z,1780438542,cache_seed,cb066e4e5b7e,Sticker | BIG (Holo) | Cologne 2026,BIG (Holo),Holo,https://csgoskins.gg/items/sticker-big-holo-cologne-2026,ok,4.88,7.95,4.88,SkinSniper,UUSkins
2026-06-02T22:15:38Z,1780438538,cache_seed,aacac2361330,Sticker | JamYoung (Holo) | Cologne 2026,JamYoung (Holo),Holo,https://csgoskins.gg/items/sticker-jamyoung-holo-cologne-2026,ok,6.46,12.74,6.46,SkinSniper,UUSkins
2026-06-02T22:15:29Z,1780438529,cache_seed,29fd6c914915,Sticker | s1n (Holo) | Cologne 2026,s1n (Holo),Holo,https://csgoskins.gg/items/sticker-s1n-holo-cologne-2026,ok,1.41,2.46,1.41,SkinSniper,UUSkins
2026-06-02T22:14:59Z,1780438499,cache_seed,f81be8cece16,Sticker | S1ren (Holo) | Cologne 2026,S1ren (Holo),Holo,https://csgoskins.gg/items/sticker-s1ren-holo-cologne-2026,ok,5.18,6.3,5.18,SkinSniper,UUSkins
2026-06-02T22:15:44Z,1780438544,cache_seed,51ce27fe1b8c,Sticker | Vitality (Holo) | Cologne 2026,Vitality (Holo),Holo,https://csgoskins.gg/items/sticker-vitality-holo-cologne-2026,ok,19.15,53.67,19.15,SkinSniper,UUSkins
2026-06-02T22:15:12Z,1780438512,cache_seed,3b77bff2c945,Sticker | br0 (Holo) | Cologne 2026,br0 (Holo),Holo,https://csgoskins.gg/items/sticker-br0-holo-cologne-2026,ok,2.67,2.96,2.67,SkinSniper,UUSkins
2026-06-02T22:15:31Z,1780438531,cache_seed,f6fbab9c6f78,Sticker | maxxkor (Holo) | Cologne 2026,maxxkor (Holo),Holo,https://csgoskins.gg/items/sticker-maxxkor-holo-cologne-2026,ok,1.03,1.59,1.03,SkinSniper,UUSkins
2026-06-02T22:15:33Z,1780438533,cache_seed,98bd56df9591,Sticker | Natus Vincere (Holo) | Cologne 2026,Natus Vincere (Holo),Holo,https://csgoskins.gg/items/sticker-natus-vincere-holo-cologne-2026,ok,17.45,55.0,17.45,SkinSniper,UUSkins
2026-06-02T22:15:46Z,1780438546,cache_seed,7663d56a8dea,Sticker | NAF (Holo) | Cologne 2026,NAF (Holo),Holo,https://csgoskins.gg/items/sticker-naf-holo-cologne-2026,ok,1.94,2.25,1.94,SkinSniper,UUSkins
2026-06-02T22:15:46Z,1780438546,cache_seed,85bebf40159a,Sticker | Boombl4 (Holo) | Cologne 2026,Boombl4 (Holo),Holo,https://csgoskins.gg/items/sticker-boombl4-holo-cologne-2026,ok,5.01,5.92,5.01,SkinSniper,UUSkins
2026-06-02T22:15:29Z,1780438529,cache_seed,bd59bc928757,Sticker | GamerLegion (Holo) | Cologne 2026,GamerLegion (Holo),Holo,https://csgoskins.gg/items/sticker-gamerlegion-holo-cologne-2026,ok,10.95,14.99,10.95,SkinSniper,UUSkins
2026-06-02T22:15:48Z,1780438548,cache_seed,6ea183add0ef,Sticker | Jame (Holo) | Cologne 2026,Jame (Holo),Holo,https://csgoskins.gg/items/sticker-jame-holo-cologne-2026,ok,5.46,5.81,5.46,SkinSniper,UUSkins
2026-06-02T22:15:49Z,1780438549,cache_seed,17c4fd194704,Sticker | oSee (Holo) | Cologne 2026,oSee (Holo),Holo,https://csgoskins.gg/items/sticker-osee-holo-cologne-2026,ok,2.19,3.19,2.19,SkinSniper,UUSkins
2026-06-02T22:15:35Z,1780438535,cache_seed,9f3fa39ccc21,Sticker | malbsMd (Holo) | Cologne 2026,malbsMd (Holo),Holo,https://csgoskins.gg/items/sticker-malbsmd-holo-cologne-2026,ok,1.04,1.59,1.04,SkinSniper,UUSkins
2026-06-02T22:15:44Z,1780438544,cache_seed,5a2393e5fa57,Sticker | ZywOo (Holo) | Cologne 2026,ZywOo (Holo),Holo,https://csgoskins.gg/items/sticker-zywoo-holo-cologne-2026,ok,24.4,55.0,24.4,SkinSniper,UUSkins
2026-06-02T22:15:40Z,1780438540,cache_seed,bc609878776e,Sticker | donk (Holo) | Cologne 2026,donk (Holo),Holo,https://csgoskins.gg/items/sticker-donk-holo-cologne-2026,ok,33.5,33.5,35.49,SkinSniper,UUSkins
2026-06-02T22:15:48Z,1780438548,cache_seed,1320996ad66c,Sticker | ultimate (Holo) | Cologne 2026,ultimate (Holo),Holo,https://csgoskins.gg/items/sticker-ultimate-holo-cologne-2026,ok,1.25,1.45,1.25,SkinSniper,UUSkins
2026-06-02T22:15:50Z,1780438550,cache_seed,55ae981c50cf,Sticker | IEM (Holo) | Cologne 2026,IEM (Holo),Holo,https://csgoskins.gg/items/sticker-iem-holo-cologne-2026,ok,11.8,24.25,11.8,SkinSniper,UUSkins
2026-06-02T22:15:25Z,1780438525,cache_seed,cc8283a1d435,Sticker | Team Spirit (Holo) | Cologne 2026,Team Spirit (Holo),Holo,https://csgoskins.gg/items/sticker-team-spirit-holo-cologne-2026,ok,27.86,35.0,27.86,SkinSniper,UUSkins
2026-06-02T22:15:51Z,1780438551,cache_seed,1ed34275b90e,Sticker | kyxsan (Holo) | Cologne 2026,kyxsan (Holo),Holo,https://csgoskins.gg/items/sticker-kyxsan-holo-cologne-2026,ok,3.41,10.0,3.41,SkinSniper,UUSkins
2026-06-02T22:15:52Z,1780438552,cache_seed,277c2f345667,Sticker | asap (Holo) | Cologne 2026,asap (Holo),Holo,https://csgoskins.gg/items/sticker-asap-holo-cologne-2026,ok,11.83,13.52,11.83,SkinSniper,UUSkins
2026-06-02T22:15:52Z,1780438552,cache_seed,211ef42add7d,Sticker | EmiliaQAQ (Holo) | Cologne 2026,EmiliaQAQ (Holo),Holo,https://csgoskins.gg/items/sticker-emiliaqaq-holo-cologne-2026,ok,2.12,2.43,2.12,SkinSniper,UUSkins
2026-06-02T22:15:47Z,1780438547,cache_seed,fcb303a6898e,Sticker | JDC (Holo) | Cologne 2026,JDC (Holo),Holo,https://csgoskins.gg/items/sticker-jdc-holo-cologne-2026,ok,3.48,20.5,3.48,SkinSniper,UUSkins
2026-06-02T22:15:38Z,1780438538,cache_seed,03fffdf9d165,Sticker | dexter (Holo) | Cologne 2026,dexter (Holo),Holo,https://csgoskins.gg/items/sticker-dexter-holo-cologne-2026,ok,12.5,18.0,12.5,CSGOSkins,UUSkins
2026-06-03T04:02:03Z,1780459323,api,f6bb65caa27f,Sticker | Moseyuh (Holo) | Cologne 2026,Moseyuh (Holo),Holo,https://csgoskins.gg/items/sticker-moseyuh-holo-cologne-2026,ok,2.22,4.88,2.22,SkinSniper,UUSkins
2026-06-03T04:02:03Z,1780459323,api,0fd07921f22b,Sticker | koala (Holo) | Cologne 2026,koala (Holo),Holo,https://csgoskins.gg/items/sticker-koala-holo-cologne-2026,ok,0.89,3.32,0.89,SkinSniper,UUSkins
2026-06-03T04:02:03Z,1780459323,api,548001363495,Sticker | Mercury (Holo) | Cologne 2026,Mercury (Holo),Holo,https://csgoskins.gg/items/sticker-mercury-holo-cologne-2026,ok,2.07,2.87,2.07,CSGOSkins,UUSkins
2026-06-03T04:02:05Z,1780459325,api,0927c21045c2,Sticker | paiN Gaming (Holo) | Cologne 2026,paiN Gaming (Holo),Holo,https://csgoskins.gg/items/sticker-pain-gaming-holo-cologne-2026,ok,3.7,5.95,3.7,SkinSniper,UUSkins
2026-06-03T04:02:05Z,1780459325,api,abe272caf8fe,Sticker | ryu (Holo) | Cologne 2026,ryu (Holo),Holo,https://csgoskins.gg/items/sticker-ryu-holo-cologne-2026,ok,1.7,1.7,2.77,SkinSniper,UUSkins
2026-06-03T04:02:05Z,1780459325,api,7aad5666deed,Sticker | Legacy (Holo) | Cologne 2026,Legacy (Holo),Holo,https://csgoskins.gg/items/sticker-legacy-holo-cologne-2026,ok,5.92,11.99,5.92,SkinSniper,UUSkins
2026-06-03T04:02:07Z,1780459327,api,a6f5dfa82c23,Sticker | Lynn Vision (Holo) | Cologne 2026,Lynn Vision (Holo),Holo,https://csgoskins.gg/items/sticker-lynn-vision-holo-cologne-2026,ok,5.62,7.7,5.62,SkinSniper,UUSkins
2026-06-03T04:02:07Z,1780459327,api,91f1a6b88f72,Sticker | MIBR (Holo) | Cologne 2026,MIBR (Holo),Holo,https://csgoskins.gg/items/sticker-mibr-holo-cologne-2026,ok,3.18,3.83,3.18,SkinSniper,UUSkins
2026-06-03T04:02:07Z,1780459327,api,497d22fda716,Sticker | doc (Holo) | Cologne 2026,doc (Holo),Holo,https://csgoskins.gg/items/sticker-doc-holo-cologne-2026,ok,2.3,2.3,2.95,CSGOSkins,UUSkins
2026-06-03T04:02:09Z,1780459329,api,d1dda4ae4bf0,Sticker | rdnzao (Holo) | Cologne 2026,rdnzao (Holo),Holo,https://csgoskins.gg/items/sticker-rdnzao-holo-cologne-2026,ok,2.05,2.25,2.05,SkinSniper,UUSkins
2026-06-03T04:02:09Z,1780459329,api,902f2e3f6274,Sticker | Team Liquid (Holo) | Cologne 2026,Team Liquid (Holo),Holo,https://csgoskins.gg/items/sticker-team-liquid-holo-cologne-2026,ok,19.89,46.9,19.89,SkinSniper,UUSkins
2026-06-03T04:02:09Z,1780459329,api,8cddaf065473,Sticker | Aurora (Holo) | Cologne 2026,Aurora (Holo),Holo,https://csgoskins.gg/items/sticker-aurora-holo-cologne-2026,ok,5.48,6.85,5.48,SkinSniper,UUSkins
2026-06-03T04:02:11Z,1780459331,api,83e4230ec809,Sticker | SINNERS (Holo) | Cologne 2026,SINNERS (Holo),Holo,https://csgoskins.gg/items/sticker-sinners-holo-cologne-2026,ok,10.21,,10.21,,UUSkins
2026-06-03T04:02:11Z,1780459331,api,d6ec81bd977b,Sticker | NRG (Holo) | Cologne 2026,NRG (Holo),Holo,https://csgoskins.gg/items/sticker-nrg-holo-cologne-2026,ok,8.86,23.0,8.86,SkinSniper,UUSkins
2026-06-03T04:02:11Z,1780459331,api,03a461d6d761,Sticker | TeSeS (Holo) | Cologne 2026,TeSeS (Holo),Holo,https://csgoskins.gg/items/sticker-teses-holo-cologne-2026,ok,3.58,4.0,3.58,SkinSniper,UUSkins
2026-06-03T04:02:13Z,1780459333,api,666f5b8f180f,Sticker | Gaimin Gladiators (Holo) | Cologne 2026,Gaimin Gladiators (Holo),Holo,https://csgoskins.gg/items/sticker-gaimin-gladiators-holo-cologne-2026,ok,4.59,10.0,4.59,SkinSniper,UUSkins
2026-06-03T04:02:13Z,1780459333,api,3292ee18e768,Sticker | PARIVISION (Holo) | Cologne 2026,PARIVISION (Holo),Holo,https://csgoskins.gg/items/sticker-parivision-holo-cologne-2026,ok,6.48,18.04,6.48,SkinSniper,UUSkins
2026-06-03T04:02:13Z,1780459333,api,ac189711479a,Sticker | The Mongolz (Holo) | Cologne 2026,The Mongolz (Holo),Holo,https://csgoskins.gg/items/sticker-the-mongolz-holo-cologne-2026,ok,11.72,11.72,11.82,SkinSniper,UUSkins
2026-06-03T04:02:15Z,1780459335,api,fd87e12b4306,Sticker | EliGE (Holo) | Cologne 2026,EliGE (Holo),Holo,https://csgoskins.gg/items/sticker-elige-holo-cologne-2026,ok,2.67,6.97,2.67,SkinSniper,UUSkins
2026-06-03T04:02:16Z,1780459336,api,08012c24edef,Sticker | 9z Team (Holo) | Cologne 2026,9z Team (Holo),Holo,https://csgoskins.gg/items/sticker-9z-team-holo-cologne-2026,ok,4.44,13.91,4.44,SkinSniper,UUSkins
2026-06-03T04:02:15Z,1780459335,api,f30aa8a5b607,Sticker | zorte (Holo) | Cologne 2026,zorte (Holo),Holo,https://csgoskins.gg/items/sticker-zorte-holo-cologne-2026,ok,2.35,5.42,2.35,SkinSniper,UUSkins
2026-06-03T04:02:18Z,1780459338,api,6442ab880b99,Sticker | gafolo (Holo) | Cologne 2026,gafolo (Holo),Holo,https://csgoskins.gg/items/sticker-gafolo-holo-cologne-2026,ok,1.37,1.37,1.79,CSGOSkins,UUSkins
2026-06-03T04:02:18Z,1780459338,api,8df88522d91a,Sticker | TYLOO (Holo) | Cologne 2026,TYLOO (Holo),Holo,https://csgoskins.gg/items/sticker-tyloo-holo-cologne-2026,ok,10.34,12.49,10.34,SkinSniper,UUSkins
2026-06-03T04:02:18Z,1780459338,api,b970a24dac58,Sticker | G2 esports (Holo) | Cologne 2026,G2 esports (Holo),Holo,https://csgoskins.gg/items/sticker-g2-esports-holo-cologne-2026,ok,4.57,5.38,4.57,CSGOSkins,UUSkins
2026-06-03T04:02:20Z,1780459340,api,3023673eb5a8,Sticker | m0NESY (Holo) | Cologne 2026,m0NESY (Holo),Holo,https://csgoskins.gg/items/sticker-m0nesy-holo-cologne-2026,ok,19.89,28.74,19.89,SkinSniper,UUSkins
2026-06-03T04:02:20Z,1780459340,api,55f0bea61a2c,Sticker | Falcons (Holo) | Cologne 2026,Falcons (Holo),Holo,https://csgoskins.gg/items/sticker-falcons-holo-cologne-2026,ok,20.93,28.79,20.93,SkinSniper,UUSkins
2026-06-03T04:02:20Z,1780459340,api,888e02ff13ff,Sticker | FUT (Holo) | Cologne 2026,FUT (Holo),Holo,https://csgoskins.gg/items/sticker-fut-holo-cologne-2026,ok,5.55,5.55,6.2,CSGOSkins,UUSkins
2026-06-03T04:02:22Z,1780459342,api,5c77121eb587,Sticker | BELCHONOKK (Holo) | Cologne 2026,BELCHONOKK (Holo),Holo,https://csgoskins.gg/items/sticker-belchonokk-holo-cologne-2026,ok,1.04,2.83,1.04,SkinSniper,UUSkins
2026-06-03T04:02:22Z,1780459342,api,dd37bc13bea6,Sticker | ropz (Holo) | Cologne 2026,ropz (Holo),Holo,https://csgoskins.gg/items/sticker-ropz-holo-cologne-2026,ok,24.18,29.99,24.18,SkinSniper,UUSkins
2026-06-03T04:02:22Z,1780459342,api,3621c3a87cd4,Sticker | Sharks Esports (Holo) | Cologne 2026,Sharks Esports (Holo),Holo,https://csgoskins.gg/items/sticker-sharks-esports-holo-cologne-2026,ok,6.14,13.34,6.14,SkinSniper,UUSkins
2026-06-03T04:02:24Z,1780459344,api,c7c168af76bb,Sticker | xiELO (Holo) | Cologne 2026,xiELO (Holo),Holo,https://csgoskins.gg/items/sticker-xielo-holo-cologne-2026,ok,1.04,1.39,1.04,SkinSniper,UUSkins
2026-06-03T04:02:24Z,1780459344,api,84bea33324ce,Sticker | Astralis (Holo) | Cologne 2026,Astralis (Holo),Holo,https://csgoskins.gg/items/sticker-astralis-holo-cologne-2026,ok,7.84,15.9,7.84,SkinSniper,UUSkins
2026-06-03T04:02:24Z,1780459344,api,39d3a2e2d65e,Sticker | M80 (Holo) | Cologne 2026,M80 (Holo),Holo,https://csgoskins.gg/items/sticker-m80-holo-cologne-2026,ok,6.22,12.99,6.22,SkinSniper,UUSkins
2026-06-03T04:02:26Z,1780459346,api,05e866d13d83,Sticker | BetBoom (Holo) | Cologne 2026,BetBoom (Holo),Holo,https://csgoskins.gg/items/sticker-betboom-holo-cologne-2026,ok,7.32,12.99,7.32,SkinSniper,UUSkins
2026-06-03T04:02:26Z,1780459346,api,a4a3936c731b,Sticker | MOUZ (Holo) | Cologne 2026,MOUZ (Holo),Holo,https://csgoskins.gg/items/sticker-mouz-holo-cologne-2026,ok,9.29,13.69,9.29,SkinSniper,UUSkins
2026-06-03T04:02:26Z,1780459346,api,662a4956f2a0,Sticker | Zero (Holo) | Cologne 2026,Zero (Holo),Holo,https://csgoskins.gg/items/sticker-zero-holo-cologne-2026,ok,3.11,5.85,3.11,SkinSniper,UUSkins
2026-06-03T04:02:28Z,1780459348,api,23c660a4589d,Sticker | z4KR (Holo) | Cologne 2026,z4KR (Holo),Holo,https://csgoskins.gg/items/sticker-z4kr-holo-cologne-2026,ok,1.85,3.69,1.85,SkinSniper,UUSkins
2026-06-03T04:02:28Z,1780459348,api,092bb16ad86f,Sticker | TjP (Holo) | Cologne 2026,TjP (Holo),Holo,https://csgoskins.gg/items/sticker-tjp-holo-cologne-2026,ok,3.26,5.9,3.26,SkinSniper,UUSkins
2026-06-03T04:02:28Z,1780459348,api,f77e24374b2b,Sticker | FURIA (Holo) | Cologne 2026,FURIA (Holo),Holo,https://csgoskins.gg/items/sticker-furia-holo-cologne-2026,ok,14.63,18.0,14.63,SkinSniper,UUSkins
2026-06-03T04:02:30Z,1780459350,api,ef893d39098d,Sticker | aliStair (Holo) | Cologne 2026,aliStair (Holo),Holo,https://csgoskins.gg/items/sticker-alistair-holo-cologne-2026,ok,2.93,4.3,2.93,SkinSniper,UUSkins
2026-06-03T04:02:30Z,1780459350,api,d2c8126cec6f,Sticker | Liazz (Holo) | Cologne 2026,Liazz (Holo),Holo,https://csgoskins.gg/items/sticker-liazz-holo-cologne-2026,ok,2.87,3.38,2.87,SkinSniper,UUSkins
2026-06-03T04:02:30Z,1780459350,api,bb7763f5a8e6,Sticker | kyousuke (Holo) | Cologne 2026,kyousuke (Holo),Holo,https://csgoskins.gg/items/sticker-kyousuke-holo-cologne-2026,ok,17.45,44.73,17.45,SkinSniper,UUSkins
2026-06-03T04:02:32Z,1780459352,api,573724344225,Sticker | FlyQuest (Holo) | Cologne 2026,FlyQuest (Holo),Holo,https://csgoskins.gg/items/sticker-flyquest-holo-cologne-2026,ok,10.8,19.22,10.8,SkinSniper,UUSkins
2026-06-03T04:02:32Z,1780459352,api,97fa3a994577,Sticker | B8 (Holo) | Cologne 2026,B8 (Holo),Holo,https://csgoskins.gg/items/sticker-b8-holo-cologne-2026,ok,4.71,7.0,4.71,SkinSniper,UUSkins
2026-06-03T04:02:32Z,1780459352,api,14697964ea54,Sticker | NiKo (Holo) | Cologne 2026,NiKo (Holo),Holo,https://csgoskins.gg/items/sticker-niko-holo-cologne-2026,ok,12.83,25.0,12.83,CSGOSkins,UUSkins
2026-06-03T04:02:34Z,1780459354,api,1290d50e45f8,Sticker | Jee (Holo) | Cologne 2026,Jee (Holo),Holo,https://csgoskins.gg/items/sticker-jee-holo-cologne-2026,ok,3.41,4.95,3.41,SkinSniper,UUSkins
2026-06-03T04:02:35Z,1780459355,api,d3de56fb6253,Sticker | FL4MUS (Holo) | Cologne 2026,FL4MUS (Holo),Holo,https://csgoskins.gg/items/sticker-fl4mus-holo-cologne-2026,ok,1.76,5.31,1.76,SkinSniper,UUSkins
2026-06-03T04:02:35Z,1780459355,api,396de15d3b80,Sticker | HEROIC (Holo) | Cologne 2026,HEROIC (Holo),Holo,https://csgoskins.gg/items/sticker-heroic-holo-cologne-2026,ok,3.55,6.95,3.55,SkinSniper,UUSkins
2026-06-03T04:02:36Z,1780459356,api,224ba8b64dda,Sticker | THUNDERdOWNUNDER (Holo) | Cologne 2026,THUNDERdOWNUNDER (Holo),Holo,https://csgoskins.gg/items/sticker-thunder-downunder-holo-cologne-2026,ok,26.62,,26.62,,UUSkins
2026-06-03T04:02:37Z,1780459357,api,5f780340315c,Sticker | Magnojez (Holo) | Cologne 2026,Magnojez (Holo),Holo,https://csgoskins.gg/items/sticker-magnojez-holo-cologne-2026,ok,4.15,5.57,4.15,SkinSniper,UUSkins
2026-06-03T04:02:37Z,1780459357,api,fae9152c9494,Sticker | Monte (Holo) | Cologne 2026,Monte (Holo),Holo,https://csgoskins.gg/items/sticker-monte-holo-cologne-2026,ok,5.18,10.78,5.18,SkinSniper,UUSkins
2026-06-03T04:02:38Z,1780459358,api,cb066e4e5b7e,Sticker | BIG (Holo) | Cologne 2026,BIG (Holo),Holo,https://csgoskins.gg/items/sticker-big-holo-cologne-2026,ok,4.15,7.9,4.15,SkinSniper,UUSkins
2026-06-03T04:02:39Z,1780459359,api,aacac2361330,Sticker | JamYoung (Holo) | Cologne 2026,JamYoung (Holo),Holo,https://csgoskins.gg/items/sticker-jamyoung-holo-cologne-2026,ok,5.45,12.5,5.45,SkinSniper,UUSkins
2026-06-03T04:02:39Z,1780459359,api,29fd6c914915,Sticker | s1n (Holo) | Cologne 2026,s1n (Holo),Holo,https://csgoskins.gg/items/sticker-s1n-holo-cologne-2026,ok,1.34,2.46,1.34,SkinSniper,UUSkins
2026-06-03T04:02:40Z,1780459360,api,f81be8cece16,Sticker | S1ren (Holo) | Cologne 2026,S1ren (Holo),Holo,https://csgoskins.gg/items/sticker-s1ren-holo-cologne-2026,ok,5.18,6.3,5.18,SkinSniper,UUSkins
2026-06-03T04:02:41Z,1780459361,api,3b77bff2c945,Sticker | br0 (Holo) | Cologne 2026,br0 (Holo),Holo,https://csgoskins.gg/items/sticker-br0-holo-cologne-2026,ok,2.67,2.96,2.67,SkinSniper,UUSkins
2026-06-03T04:02:41Z,1780459361,api,51ce27fe1b8c,Sticker | Vitality (Holo) | Cologne 2026,Vitality (Holo),Holo,https://csgoskins.gg/items/sticker-vitality-holo-cologne-2026,ok,17.97,30.13,17.97,SkinSniper,UUSkins
2026-06-03T04:02:42Z,1780459362,api,f6fbab9c6f78,Sticker | maxxkor (Holo) | Cologne 2026,maxxkor (Holo),Holo,https://csgoskins.gg/items/sticker-maxxkor-holo-cologne-2026,ok,1.02,1.59,1.02,SkinSniper,UUSkins
2026-06-03T04:02:43Z,1780459363,api,98bd56df9591,Sticker | Natus Vincere (Holo) | Cologne 2026,Natus Vincere (Holo),Holo,https://csgoskins.gg/items/sticker-natus-vincere-holo-cologne-2026,ok,15.97,17.3,15.97,SkinSniper,UUSkins
2026-06-03T04:02:43Z,1780459363,api,7663d56a8dea,Sticker | NAF (Holo) | Cologne 2026,NAF (Holo),Holo,https://csgoskins.gg/items/sticker-naf-holo-cologne-2026,ok,1.91,2.21,1.91,SkinSniper,UUSkins
2026-06-03T04:02:45Z,1780459365,api,85bebf40159a,Sticker | Boombl4 (Holo) | Cologne 2026,Boombl4 (Holo),Holo,https://csgoskins.gg/items/sticker-boombl4-holo-cologne-2026,ok,5.0,5.07,5.0,SkinSniper,UUSkins
2026-06-03T04:02:45Z,1780459365,api,bd59bc928757,Sticker | GamerLegion (Holo) | Cologne 2026,GamerLegion (Holo),Holo,https://csgoskins.gg/items/sticker-gamerlegion-holo-cologne-2026,ok,10.89,14.92,10.89,SkinSniper,UUSkins
2026-06-03T04:02:45Z,1780459365,api,6ea183add0ef,Sticker | Jame (Holo) | Cologne 2026,Jame (Holo),Holo,https://csgoskins.gg/items/sticker-jame-holo-cologne-2026,ok,4.44,5.81,4.44,SkinSniper,UUSkins
2026-06-03T04:02:47Z,1780459367,api,17c4fd194704,Sticker | oSee (Holo) | Cologne 2026,oSee (Holo),Holo,https://csgoskins.gg/items/sticker-osee-holo-cologne-2026,ok,2.08,3.19,2.08,SkinSniper,UUSkins
2026-06-03T04:02:47Z,1780459367,api,9f3fa39ccc21,Sticker | malbsMd (Holo) | Cologne 2026,malbsMd (Holo),Holo,https://csgoskins.gg/items/sticker-malbsmd-holo-cologne-2026,ok,1.04,1.58,1.04,SkinSniper,UUSkins
2026-06-03T04:02:47Z,1780459367,api,5a2393e5fa57,Sticker | ZywOo (Holo) | Cologne 2026,ZywOo (Holo),Holo,https://csgoskins.gg/items/sticker-zywoo-holo-cologne-2026,ok,23.66,55.0,23.66,SkinSniper,UUSkins
2026-06-03T04:02:49Z,1780459369,api,1320996ad66c,Sticker | ultimate (Holo) | Cologne 2026,ultimate (Holo),Holo,https://csgoskins.gg/items/sticker-ultimate-holo-cologne-2026,ok,1.24,1.45,1.24,SkinSniper,UUSkins
2026-06-03T04:02:49Z,1780459369,api,bc609878776e,Sticker | donk (Holo) | Cologne 2026,donk (Holo),Holo,https://csgoskins.gg/items/sticker-donk-holo-cologne-2026,ok,34.01,55.0,34.01,SkinSniper,UUSkins
2026-06-03T04:02:49Z,1780459369,api,55ae981c50cf,Sticker | IEM (Holo) | Cologne 2026,IEM (Holo),Holo,https://csgoskins.gg/items/sticker-iem-holo-cologne-2026,ok,11.69,24.25,11.69,SkinSniper,UUSkins
2026-06-03T04:02:51Z,1780459371,api,cc8283a1d435,Sticker | Team Spirit (Holo) | Cologne 2026,Team Spirit (Holo),Holo,https://csgoskins.gg/items/sticker-team-spirit-holo-cologne-2026,ok,26.4,34.56,26.4,SkinSniper,UUSkins
2026-06-03T04:02:51Z,1780459371,api,1ed34275b90e,Sticker | kyxsan (Holo) | Cologne 2026,kyxsan (Holo),Holo,https://csgoskins.gg/items/sticker-kyxsan-holo-cologne-2026,ok,3.26,10.0,3.26,SkinSniper,UUSkins
2026-06-03T04:02:51Z,1780459371,api,277c2f345667,Sticker | asap (Holo) | Cologne 2026,asap (Holo),Holo,https://csgoskins.gg/items/sticker-asap-holo-cologne-2026,ok,11.82,13.5,11.82,SkinSniper,UUSkins
2026-06-03T04:02:53Z,1780459373,api,211ef42add7d,Sticker | EmiliaQAQ (Holo) | Cologne 2026,EmiliaQAQ (Holo),Holo,https://csgoskins.gg/items/sticker-emiliaqaq-holo-cologne-2026,ok,2.06,5.75,2.06,SkinSniper,UUSkins
2026-06-03T04:02:53Z,1780459373,api,fcb303a6898e,Sticker | JDC (Holo) | Cologne 2026,JDC (Holo),Holo,https://csgoskins.gg/items/sticker-jdc-holo-cologne-2026,ok,3.11,20.5,3.11,SkinSniper,UUSkins
2026-06-03T04:02:53Z,1780459373,api,03fffdf9d165,Sticker | dexter (Holo) | Cologne 2026,dexter (Holo),Holo,https://csgoskins.gg/items/sticker-dexter-holo-cologne-2026,ok,11.82,20.0,11.82,SkinSniper,UUSkins
2026-06-03T04:33:14Z,1780461194,visualize:favorites,ef893d39098d,Sticker | aliStair (Holo) | Cologne 2026,aliStair (Holo),Holo,https://csgoskins.gg/items/sticker-alistair-holo-cologne-2026,ok,2.93,4.3,2.93,SkinSniper,UUSkins
2026-06-03T04:33:14Z,1780461194,visualize:favorites,277c2f345667,Sticker | asap (Holo) | Cologne 2026,asap (Holo),Holo,https://csgoskins.gg/items/sticker-asap-holo-cologne-2026,ok,11.82,13.5,11.82,SkinSniper,UUSkins
2026-06-03T04:33:14Z,1780461194,visualize:favorites,08012c24edef,Sticker | 9z Team (Holo) | Cologne 2026,9z Team (Holo),Holo,https://csgoskins.gg/items/sticker-9z-team-holo-cologne-2026,ok,4.44,13.91,4.44,SkinSniper,UUSkins
2026-06-03T04:33:18Z,1780461198,visualize:favorites,8cddaf065473,Sticker | Aurora (Holo) | Cologne 2026,Aurora (Holo),Holo,https://csgoskins.gg/items/sticker-aurora-holo-cologne-2026,ok,5.48,6.85,5.48,SkinSniper,UUSkins
2026-06-03T04:33:18Z,1780461198,visualize:favorites,97fa3a994577,Sticker | B8 (Holo) | Cologne 2026,B8 (Holo),Holo,https://csgoskins.gg/items/sticker-b8-holo-cologne-2026,ok,4.71,7.0,4.71,SkinSniper,UUSkins
2026-06-03T04:33:18Z,1780461198,visualize:favorites,84bea33324ce,Sticker | Astralis (Holo) | Cologne 2026,Astralis (Holo),Holo,https://csgoskins.gg/items/sticker-astralis-holo-cologne-2026,ok,7.84,15.9,7.84,SkinSniper,UUSkins
2026-06-03T04:33:20Z,1780461200,visualize:favorites,cb066e4e5b7e,Sticker | BIG (Holo) | Cologne 2026,BIG (Holo),Holo,https://csgoskins.gg/items/sticker-big-holo-cologne-2026,ok,4.15,7.9,4.15,SkinSniper,UUSkins
2026-06-03T04:33:20Z,1780461200,visualize:favorites,5c77121eb587,Sticker | BELCHONOKK (Holo) | Cologne 2026,BELCHONOKK (Holo),Holo,https://csgoskins.gg/items/sticker-belchonokk-holo-cologne-2026,ok,1.04,2.83,1.04,SkinSniper,UUSkins
2026-06-03T04:33:20Z,1780461200,visualize:favorites,05e866d13d83,Sticker | BetBoom (Holo) | Cologne 2026,BetBoom (Holo),Holo,https://csgoskins.gg/items/sticker-betboom-holo-cologne-2026,ok,7.25,12.99,7.25,SkinSniper,UUSkins
2026-06-03T04:33:22Z,1780461202,visualize:favorites,85bebf40159a,Sticker | Boombl4 (Holo) | Cologne 2026,Boombl4 (Holo),Holo,https://csgoskins.gg/items/sticker-boombl4-holo-cologne-2026,ok,5.0,5.07,5.0,SkinSniper,UUSkins
2026-06-03T04:33:23Z,1780461203,visualize:favorites,03fffdf9d165,Sticker | dexter (Holo) | Cologne 2026,dexter (Holo),Holo,https://csgoskins.gg/items/sticker-dexter-holo-cologne-2026,ok,11.82,20.0,11.82,SkinSniper,UUSkins
2026-06-03T04:33:23Z,1780461203,visualize:favorites,3b77bff2c945,Sticker | br0 (Holo) | Cologne 2026,br0 (Holo),Holo,https://csgoskins.gg/items/sticker-br0-holo-cologne-2026,ok,2.67,2.96,2.67,SkinSniper,UUSkins
2026-06-03T04:33:24Z,1780461204,visualize:favorites,497d22fda716,Sticker | doc (Holo) | Cologne 2026,doc (Holo),Holo,https://csgoskins.gg/items/sticker-doc-holo-cologne-2026,ok,2.3,2.3,2.95,CSGOSkins,UUSkins
2026-06-03T04:33:25Z,1780461205,visualize:favorites,bc609878776e,Sticker | donk (Holo) | Cologne 2026,donk (Holo),Holo,https://csgoskins.gg/items/sticker-donk-holo-cologne-2026,ok,33.28,55.0,33.28,SkinSniper,UUSkins
2026-06-03T04:33:25Z,1780461205,visualize:favorites,fd87e12b4306,Sticker | EliGE (Holo) | Cologne 2026,EliGE (Holo),Holo,https://csgoskins.gg/items/sticker-elige-holo-cologne-2026,ok,2.67,6.97,2.67,SkinSniper,UUSkins
2026-06-03T04:33:26Z,1780461206,visualize:favorites,211ef42add7d,Sticker | EmiliaQAQ (Holo) | Cologne 2026,EmiliaQAQ (Holo),Holo,https://csgoskins.gg/items/sticker-emiliaqaq-holo-cologne-2026,ok,2.05,5.75,2.05,SkinSniper,UUSkins
2026-06-03T04:33:27Z,1780461207,visualize:favorites,55f0bea61a2c,Sticker | Falcons (Holo) | Cologne 2026,Falcons (Holo),Holo,https://csgoskins.gg/items/sticker-falcons-holo-cologne-2026,ok,20.93,28.79,20.93,SkinSniper,UUSkins
2026-06-03T04:33:28Z,1780461208,visualize:favorites,d3de56fb6253,Sticker | FL4MUS (Holo) | Cologne 2026,FL4MUS (Holo),Holo,https://csgoskins.gg/items/sticker-fl4mus-holo-cologne-2026,ok,1.76,5.31,1.76,SkinSniper,UUSkins
2026-06-03T04:33:28Z,1780461208,visualize:favorites,573724344225,Sticker | FlyQuest (Holo) | Cologne 2026,FlyQuest (Holo),Holo,https://csgoskins.gg/items/sticker-flyquest-holo-cologne-2026,ok,10.36,19.22,10.36,SkinSniper,UUSkins
2026-06-03T04:33:29Z,1780461209,visualize:favorites,f77e24374b2b,Sticker | FURIA (Holo) | Cologne 2026,FURIA (Holo),Holo,https://csgoskins.gg/items/sticker-furia-holo-cologne-2026,ok,14.5,18.0,14.5,SkinSniper,UUSkins
2026-06-03T04:33:30Z,1780461210,visualize:favorites,888e02ff13ff,Sticker | FUT (Holo) | Cologne 2026,FUT (Holo),Holo,https://csgoskins.gg/items/sticker-fut-holo-cologne-2026,ok,5.55,5.55,6.2,CSGOSkins,UUSkins
2026-06-03T04:33:30Z,1780461210,visualize:favorites,b970a24dac58,Sticker | G2 esports (Holo) | Cologne 2026,G2 esports (Holo),Holo,https://csgoskins.gg/items/sticker-g2-esports-holo-cologne-2026,ok,4.57,5.38,4.57,CSGOSkins,UUSkins
2026-06-03T04:33:31Z,1780461211,visualize:favorites,6442ab880b99,Sticker | gafolo (Holo) | Cologne 2026,gafolo (Holo),Holo,https://csgoskins.gg/items/sticker-gafolo-holo-cologne-2026,ok,1.37,1.37,1.79,CSGOSkins,UUSkins
2026-06-03T04:33:32Z,1780461212,visualize:favorites,666f5b8f180f,Sticker | Gaimin Gladiators (Holo) | Cologne 2026,Gaimin Gladiators (Holo),Holo,https://csgoskins.gg/items/sticker-gaimin-gladiators-holo-cologne-2026,ok,4.57,10.0,4.57,SkinSniper,UUSkins
2026-06-03T04:33:32Z,1780461212,visualize:favorites,bd59bc928757,Sticker | GamerLegion (Holo) | Cologne 2026,GamerLegion (Holo),Holo,https://csgoskins.gg/items/sticker-gamerlegion-holo-cologne-2026,ok,10.89,14.92,10.89,SkinSniper,UUSkins
2026-06-03T04:33:33Z,1780461213,visualize:favorites,396de15d3b80,Sticker | HEROIC (Holo) | Cologne 2026,HEROIC (Holo),Holo,https://csgoskins.gg/items/sticker-heroic-holo-cologne-2026,ok,3.55,6.95,3.55,SkinSniper,UUSkins
2026-06-03T04:33:34Z,1780461214,visualize:favorites,55ae981c50cf,Sticker | IEM (Holo) | Cologne 2026,IEM (Holo),Holo,https://csgoskins.gg/items/sticker-iem-holo-cologne-2026,ok,11.1,25.62,11.1,SkinSniper,UUSkins
2026-06-03T04:33:34Z,1780461214,visualize:favorites,6ea183add0ef,Sticker | Jame (Holo) | Cologne 2026,Jame (Holo),Holo,https://csgoskins.gg/items/sticker-jame-holo-cologne-2026,ok,4.44,5.81,4.44,SkinSniper,UUSkins
2026-06-03T04:33:35Z,1780461215,visualize:favorites,aacac2361330,Sticker | JamYoung (Holo) | Cologne 2026,JamYoung (Holo),Holo,https://csgoskins.gg/items/sticker-jamyoung-holo-cologne-2026,ok,5.45,12.5,5.45,SkinSniper,UUSkins
2026-06-03T04:33:36Z,1780461216,visualize:favorites,fcb303a6898e,Sticker | JDC (Holo) | Cologne 2026,JDC (Holo),Holo,https://csgoskins.gg/items/sticker-jdc-holo-cologne-2026,ok,3.11,20.5,3.11,SkinSniper,UUSkins
2026-06-03T04:33:36Z,1780461216,visualize:favorites,1290d50e45f8,Sticker | Jee (Holo) | Cologne 2026,Jee (Holo),Holo,https://csgoskins.gg/items/sticker-jee-holo-cologne-2026,ok,3.41,4.95,3.41,SkinSniper,UUSkins
2026-06-03T04:33:37Z,1780461217,visualize:favorites,0fd07921f22b,Sticker | koala (Holo) | Cologne 2026,koala (Holo),Holo,https://csgoskins.gg/items/sticker-koala-holo-cologne-2026,ok,0.89,3.32,0.89,SkinSniper,UUSkins
2026-06-03T04:33:38Z,1780461218,visualize:favorites,bb7763f5a8e6,Sticker | kyousuke (Holo) | Cologne 2026,kyousuke (Holo),Holo,https://csgoskins.gg/items/sticker-kyousuke-holo-cologne-2026,ok,17.45,44.73,17.45,SkinSniper,UUSkins
2026-06-03T04:33:38Z,1780461218,visualize:favorites,1ed34275b90e,Sticker | kyxsan (Holo) | Cologne 2026,kyxsan (Holo),Holo,https://csgoskins.gg/items/sticker-kyxsan-holo-cologne-2026,ok,3.26,10.0,3.26,SkinSniper,UUSkins
2026-06-03T04:33:39Z,1780461219,visualize:favorites,7aad5666deed,Sticker | Legacy (Holo) | Cologne 2026,Legacy (Holo),Holo,https://csgoskins.gg/items/sticker-legacy-holo-cologne-2026,ok,6.66,11.99,6.66,SkinSniper,UUSkins
2026-06-03T04:33:40Z,1780461220,visualize:favorites,d2c8126cec6f,Sticker | Liazz (Holo) | Cologne 2026,Liazz (Holo),Holo,https://csgoskins.gg/items/sticker-liazz-holo-cologne-2026,ok,2.87,3.38,2.87,SkinSniper,UUSkins
2026-06-03T04:33:40Z,1780461220,visualize:favorites,a6f5dfa82c23,Sticker | Lynn Vision (Holo) | Cologne 2026,Lynn Vision (Holo),Holo,https://csgoskins.gg/items/sticker-lynn-vision-holo-cologne-2026,ok,5.89,7.7,5.89,SkinSniper,UUSkins
2026-06-03T04:33:41Z,1780461221,visualize:favorites,3023673eb5a8,Sticker | m0NESY (Holo) | Cologne 2026,m0NESY (Holo),Holo,https://csgoskins.gg/items/sticker-m0nesy-holo-cologne-2026,ok,19.89,28.74,19.89,SkinSniper,UUSkins
2026-06-03T04:33:42Z,1780461222,visualize:favorites,39d3a2e2d65e,Sticker | M80 (Holo) | Cologne 2026,M80 (Holo),Holo,https://csgoskins.gg/items/sticker-m80-holo-cologne-2026,ok,6.22,12.99,6.22,SkinSniper,UUSkins
2026-06-03T04:33:42Z,1780461222,visualize:favorites,5f780340315c,Sticker | Magnojez (Holo) | Cologne 2026,Magnojez (Holo),Holo,https://csgoskins.gg/items/sticker-magnojez-holo-cologne-2026,ok,4.15,5.57,4.15,SkinSniper,UUSkins
2026-06-03T04:33:43Z,1780461223,visualize:favorites,9f3fa39ccc21,Sticker | malbsMd (Holo) | Cologne 2026,malbsMd (Holo),Holo,https://csgoskins.gg/items/sticker-malbsmd-holo-cologne-2026,ok,1.04,1.58,1.04,SkinSniper,UUSkins
2026-06-03T04:33:44Z,1780461224,visualize:favorites,f6fbab9c6f78,Sticker | maxxkor (Holo) | Cologne 2026,maxxkor (Holo),Holo,https://csgoskins.gg/items/sticker-maxxkor-holo-cologne-2026,ok,1.02,1.59,1.02,SkinSniper,UUSkins
2026-06-03T04:33:44Z,1780461224,visualize:favorites,548001363495,Sticker | Mercury (Holo) | Cologne 2026,Mercury (Holo),Holo,https://csgoskins.gg/items/sticker-mercury-holo-cologne-2026,ok,2.07,2.87,2.07,CSGOSkins,UUSkins
2026-06-03T04:33:45Z,1780461225,visualize:favorites,91f1a6b88f72,Sticker | MIBR (Holo) | Cologne 2026,MIBR (Holo),Holo,https://csgoskins.gg/items/sticker-mibr-holo-cologne-2026,ok,3.18,3.83,3.18,SkinSniper,UUSkins
2026-06-03T04:33:46Z,1780461226,visualize:favorites,fae9152c9494,Sticker | Monte (Holo) | Cologne 2026,Monte (Holo),Holo,https://csgoskins.gg/items/sticker-monte-holo-cologne-2026,ok,5.18,10.78,5.18,SkinSniper,UUSkins
2026-06-03T04:33:46Z,1780461226,visualize:favorites,f6bb65caa27f,Sticker | Moseyuh (Holo) | Cologne 2026,Moseyuh (Holo),Holo,https://csgoskins.gg/items/sticker-moseyuh-holo-cologne-2026,ok,2.22,4.88,2.22,SkinSniper,UUSkins
2026-06-03T04:33:47Z,1780461227,visualize:favorites,a4a3936c731b,Sticker | MOUZ (Holo) | Cologne 2026,MOUZ (Holo),Holo,https://csgoskins.gg/items/sticker-mouz-holo-cologne-2026,ok,9.29,13.69,9.29,SkinSniper,UUSkins
2026-06-03T04:33:48Z,1780461228,visualize:favorites,7663d56a8dea,Sticker | NAF (Holo) | Cologne 2026,NAF (Holo),Holo,https://csgoskins.gg/items/sticker-naf-holo-cologne-2026,ok,1.9,2.21,1.9,SkinSniper,UUSkins
2026-06-03T04:33:48Z,1780461228,visualize:favorites,98bd56df9591,Sticker | Natus Vincere (Holo) | Cologne 2026,Natus Vincere (Holo),Holo,https://csgoskins.gg/items/sticker-natus-vincere-holo-cologne-2026,ok,15.97,17.3,15.97,SkinSniper,UUSkins
2026-06-03T04:33:49Z,1780461229,visualize:favorites,14697964ea54,Sticker | NiKo (Holo) | Cologne 2026,NiKo (Holo),Holo,https://csgoskins.gg/items/sticker-niko-holo-cologne-2026,ok,12.57,25.0,12.57,CSGOSkins,UUSkins
2026-06-03T04:33:50Z,1780461230,visualize:favorites,d6ec81bd977b,Sticker | NRG (Holo) | Cologne 2026,NRG (Holo),Holo,https://csgoskins.gg/items/sticker-nrg-holo-cologne-2026,ok,8.86,23.0,8.86,SkinSniper,UUSkins
2026-06-03T04:33:51Z,1780461231,visualize:favorites,17c4fd194704,Sticker | oSee (Holo) | Cologne 2026,oSee (Holo),Holo,https://csgoskins.gg/items/sticker-osee-holo-cologne-2026,ok,2.08,3.19,2.08,SkinSniper,UUSkins
2026-06-03T04:33:52Z,1780461232,visualize:favorites,0927c21045c2,Sticker | paiN Gaming (Holo) | Cologne 2026,paiN Gaming (Holo),Holo,https://csgoskins.gg/items/sticker-pain-gaming-holo-cologne-2026,ok,4.29,5.95,4.29,SkinSniper,UUSkins
2026-06-03T04:33:52Z,1780461232,visualize:favorites,3292ee18e768,Sticker | PARIVISION (Holo) | Cologne 2026,PARIVISION (Holo),Holo,https://csgoskins.gg/items/sticker-parivision-holo-cologne-2026,ok,6.36,6.54,6.36,SkinSniper,UUSkins
2026-06-03T04:33:53Z,1780461233,visualize:favorites,d1dda4ae4bf0,Sticker | rdnzao (Holo) | Cologne 2026,rdnzao (Holo),Holo,https://csgoskins.gg/items/sticker-rdnzao-holo-cologne-2026,ok,2.05,2.25,2.05,SkinSniper,UUSkins
2026-06-03T04:33:54Z,1780461234,visualize:favorites,dd37bc13bea6,Sticker | ropz (Holo) | Cologne 2026,ropz (Holo),Holo,https://csgoskins.gg/items/sticker-ropz-holo-cologne-2026,ok,24.11,29.99,24.11,SkinSniper,UUSkins
2026-06-03T04:33:54Z,1780461234,visualize:favorites,abe272caf8fe,Sticker | ryu (Holo) | Cologne 2026,ryu (Holo),Holo,https://csgoskins.gg/items/sticker-ryu-holo-cologne-2026,ok,1.7,1.7,2.77,SkinSniper,UUSkins
2026-06-03T04:33:55Z,1780461235,visualize:favorites,29fd6c914915,Sticker | s1n (Holo) | Cologne 2026,s1n (Holo),Holo,https://csgoskins.gg/items/sticker-s1n-holo-cologne-2026,ok,1.34,2.46,1.34,SkinSniper,UUSkins
2026-06-03T04:33:56Z,1780461236,visualize:favorites,f81be8cece16,Sticker | S1ren (Holo) | Cologne 2026,S1ren (Holo),Holo,https://csgoskins.gg/items/sticker-s1ren-holo-cologne-2026,ok,5.18,6.3,5.18,SkinSniper,UUSkins
2026-06-03T04:33:56Z,1780461236,visualize:favorites,3621c3a87cd4,Sticker | Sharks Esports (Holo) | Cologne 2026,Sharks Esports (Holo),Holo,https://csgoskins.gg/items/sticker-sharks-esports-holo-cologne-2026,ok,6.14,13.34,6.14,SkinSniper,UUSkins
2026-06-03T04:33:57Z,1780461237,visualize:favorites,83e4230ec809,Sticker | SINNERS (Holo) | Cologne 2026,SINNERS (Holo),Holo,https://csgoskins.gg/items/sticker-sinners-holo-cologne-2026,ok,10.21,,10.21,,UUSkins
2026-06-03T04:33:58Z,1780461238,visualize:favorites,902f2e3f6274,Sticker | Team Liquid (Holo) | Cologne 2026,Team Liquid (Holo),Holo,https://csgoskins.gg/items/sticker-team-liquid-holo-cologne-2026,ok,21.15,46.9,21.15,SkinSniper,UUSkins
2026-06-03T04:33:58Z,1780461238,visualize:favorites,cc8283a1d435,Sticker | Team Spirit (Holo) | Cologne 2026,Team Spirit (Holo),Holo,https://csgoskins.gg/items/sticker-team-spirit-holo-cologne-2026,ok,26.4,34.56,26.4,SkinSniper,UUSkins
2026-06-03T04:33:59Z,1780461239,visualize:favorites,03a461d6d761,Sticker | TeSeS (Holo) | Cologne 2026,TeSeS (Holo),Holo,https://csgoskins.gg/items/sticker-teses-holo-cologne-2026,ok,3.58,4.0,3.58,SkinSniper,UUSkins
2026-06-03T04:34:00Z,1780461240,visualize:favorites,ac189711479a,Sticker | The Mongolz (Holo) | Cologne 2026,The Mongolz (Holo),Holo,https://csgoskins.gg/items/sticker-the-mongolz-holo-cologne-2026,ok,10.36,11.72,10.36,SkinSniper,UUSkins
2026-06-03T04:34:00Z,1780461240,visualize:favorites,224ba8b64dda,Sticker | THUNDERdOWNUNDER (Holo) | Cologne 2026,THUNDERdOWNUNDER (Holo),Holo,https://csgoskins.gg/items/sticker-thunder-downunder-holo-cologne-2026,ok,26.84,,26.84,,UUSkins
2026-06-03T04:34:01Z,1780461241,visualize:favorites,092bb16ad86f,Sticker | TjP (Holo) | Cologne 2026,TjP (Holo),Holo,https://csgoskins.gg/items/sticker-tjp-holo-cologne-2026,ok,3.26,5.9,3.26,SkinSniper,UUSkins
2026-06-03T04:34:02Z,1780461242,visualize:favorites,8df88522d91a,Sticker | TYLOO (Holo) | Cologne 2026,TYLOO (Holo),Holo,https://csgoskins.gg/items/sticker-tyloo-holo-cologne-2026,ok,10.33,12.49,10.33,SkinSniper,UUSkins
2026-06-03T04:34:02Z,1780461242,visualize:favorites,1320996ad66c,Sticker | ultimate (Holo) | Cologne 2026,ultimate (Holo),Holo,https://csgoskins.gg/items/sticker-ultimate-holo-cologne-2026,ok,1.24,1.45,1.24,SkinSniper,UUSkins
2026-06-03T04:34:03Z,1780461243,visualize:favorites,51ce27fe1b8c,Sticker | Vitality (Holo) | Cologne 2026,Vitality (Holo),Holo,https://csgoskins.gg/items/sticker-vitality-holo-cologne-2026,ok,17.97,30.13,17.97,SkinSniper,UUSkins
2026-06-03T04:34:04Z,1780461244,visualize:favorites,c7c168af76bb,Sticker | xiELO (Holo) | Cologne 2026,xiELO (Holo),Holo,https://csgoskins.gg/items/sticker-xielo-holo-cologne-2026,ok,1.04,1.39,1.04,SkinSniper,UUSkins
2026-06-03T04:34:04Z,1780461244,visualize:favorites,23c660a4589d,Sticker | z4KR (Holo) | Cologne 2026,z4KR (Holo),Holo,https://csgoskins.gg/items/sticker-z4kr-holo-cologne-2026,ok,1.85,3.69,1.85,SkinSniper,UUSkins
2026-06-03T04:34:05Z,1780461245,visualize:favorites,662a4956f2a0,Sticker | Zero (Holo) | Cologne 2026,Zero (Holo),Holo,https://csgoskins.gg/items/sticker-zero-holo-cologne-2026,ok,3.11,5.85,3.11,SkinSniper,UUSkins
2026-06-03T04:34:06Z,1780461246,visualize:favorites,f30aa8a5b607,Sticker | zorte (Holo) | Cologne 2026,zorte (Holo),Holo,https://csgoskins.gg/items/sticker-zorte-holo-cologne-2026,ok,2.35,5.42,2.35,SkinSniper,UUSkins
2026-06-03T04:34:07Z,1780461247,visualize:favorites,5a2393e5fa57,Sticker | ZywOo (Holo) | Cologne 2026,ZywOo (Holo),Holo,https://csgoskins.gg/items/sticker-zywoo-holo-cologne-2026,ok,23.59,55.0,23.59,SkinSniper,UUSkins
2026-06-03T04:34:09Z,1780461249,visualize:holo,c5891da26931,Sticker | C4LLM3SU3 (Holo) | Cologne 2026,C4LLM3SU3 (Holo),Holo,https://csgoskins.gg/items/sticker-c4llm3su3-holo-cologne-2026,ok,5.46,,5.46,,UUSkins
2026-06-03T04:34:09Z,1780461249,visualize:holo,df4337c02c0c,Sticker | latto (Holo) | Cologne 2026,latto (Holo),Holo,https://csgoskins.gg/items/sticker-latto-holo-cologne-2026,ok,3.47,,3.47,,UUSkins
2026-06-03T04:34:09Z,1780461249,visualize:holo,15d8caaa80ce,Sticker | Bymas (Holo) | Cologne 2026,Bymas (Holo),Holo,https://csgoskins.gg/items/sticker-bymas-holo-cologne-2026,ok,5.18,,5.18,,UUSkins
2026-06-03T04:34:11Z,1780461251,visualize:holo,544ae10f8ab7,Sticker | Sonic (Holo) | Cologne 2026,Sonic (Holo),Holo,https://csgoskins.gg/items/sticker-sonic-holo-cologne-2026,ok,1.48,1.81,1.48,CSGOSkins,UUSkins
2026-06-03T04:34:11Z,1780461251,visualize:holo,45e196aeba6d,Sticker | soulfly (Holo) | Cologne 2026,soulfly (Holo),Holo,https://csgoskins.gg/items/sticker-soulfly-holo-cologne-2026,ok,2.3,2.3,3.66,CSGOSkins,UUSkins
2026-06-03T04:34:13Z,1780461253,visualize:holo,405a78af157f,Sticker | Spinx (Holo) | Cologne 2026,Spinx (Holo),Holo,https://csgoskins.gg/items/sticker-spinx-holo-cologne-2026,ok,1.17,1.97,1.17,SkinSniper,UUSkins
2026-06-03T04:34:13Z,1780461253,visualize:holo,bfa02a5b46ee,Sticker | Staehr (Holo) | Cologne 2026,Staehr (Holo),Holo,https://csgoskins.gg/items/sticker-staehr-holo-cologne-2026,ok,2.39,2.39,2.67,SkinSniper,UUSkins
2026-06-03T04:34:13Z,1780461253,visualize:holo,9a006c9cb356,Sticker | Starry (Holo) | Cologne 2026,Starry (Holo),Holo,https://csgoskins.gg/items/sticker-starry-holo-cologne-2026,ok,1.78,2.52,1.78,SkinSniper,UUSkins
2026-06-03T04:34:15Z,1780461255,visualize:holo,b5c6cecb62ff,Sticker | story (Holo) | Cologne 2026,story (Holo),Holo,https://csgoskins.gg/items/sticker-story-holo-cologne-2026,ok,1.41,2.56,1.41,SkinSniper,UUSkins
2026-06-03T04:34:15Z,1780461255,visualize:holo,138ac1260144,Sticker | stressarN (Holo) | Cologne 2026,stressarN (Holo),Holo,https://csgoskins.gg/items/sticker-stressarn-holo-cologne-2026,ok,5.41,5.41,11.1,SkinSniper,UUSkins
2026-06-03T04:34:15Z,1780461255,visualize:holo,12408adf6590,Sticker | SunPayus (Holo) | Cologne 2026,SunPayus (Holo),Holo,https://csgoskins.gg/items/sticker-sunpayus-holo-cologne-2026,ok,1.63,2.66,1.63,SkinSniper,UUSkins
2026-06-03T04:34:17Z,1780461257,visualize:holo,7bdf0081d3af,Sticker | Swisher (Holo) | Cologne 2026,Swisher (Holo),Holo,https://csgoskins.gg/items/sticker-swisher-holo-cologne-2026,ok,2.76,7.99,2.76,SkinSniper,UUSkins
2026-06-03T04:34:17Z,1780461257,visualize:holo,50b92fa89ce5,Sticker | tabseN (Holo) | Cologne 2026,tabseN (Holo),Holo,https://csgoskins.gg/items/sticker-tabsen-holo-cologne-2026,ok,2.78,5.0,2.78,SkinSniper,UUSkins
2026-06-03T04:34:17Z,1780461257,visualize:holo,71164cb04456,Sticker | susp (Holo) | Cologne 2026,susp (Holo),Holo,https://csgoskins.gg/items/sticker-susp-holo-cologne-2026,ok,0.75,1.25,0.75,SkinSniper,UUSkins
2026-06-03T04:42:19Z,1780461739,visualize:favorites,ef893d39098d,Sticker | aliStair (Holo) | Cologne 2026,aliStair (Holo),Holo,https://csgoskins.gg/items/sticker-alistair-holo-cologne-2026,ok,2.93,4.3,2.93,SkinSniper,UUSkins
2026-06-03T04:42:19Z,1780461739,visualize:favorites,08012c24edef,Sticker | 9z Team (Holo) | Cologne 2026,9z Team (Holo),Holo,https://csgoskins.gg/items/sticker-9z-team-holo-cologne-2026,ok,4.44,13.91,4.44,SkinSniper,UUSkins
2026-06-03T04:42:19Z,1780461739,visualize:favorites,277c2f345667,Sticker | asap (Holo) | Cologne 2026,asap (Holo),Holo,https://csgoskins.gg/items/sticker-asap-holo-cologne-2026,ok,11.82,13.5,11.82,SkinSniper,UUSkins
2026-06-03T04:42:22Z,1780461742,visualize:favorites,84bea33324ce,Sticker | Astralis (Holo) | Cologne 2026,Astralis (Holo),Holo,https://csgoskins.gg/items/sticker-astralis-holo-cologne-2026,ok,7.84,15.9,7.84,SkinSniper,UUSkins
2026-06-03T04:42:22Z,1780461742,visualize:favorites,8cddaf065473,Sticker | Aurora (Holo) | Cologne 2026,Aurora (Holo),Holo,https://csgoskins.gg/items/sticker-aurora-holo-cologne-2026,ok,5.48,6.85,5.48,SkinSniper,UUSkins
2026-06-03T04:42:22Z,1780461742,visualize:favorites,97fa3a994577,Sticker | B8 (Holo) | Cologne 2026,B8 (Holo),Holo,https://csgoskins.gg/items/sticker-b8-holo-cologne-2026,ok,4.71,7.0,4.71,SkinSniper,UUSkins
2026-06-03T04:42:24Z,1780461744,visualize:favorites,5c77121eb587,Sticker | BELCHONOKK (Holo) | Cologne 2026,BELCHONOKK (Holo),Holo,https://csgoskins.gg/items/sticker-belchonokk-holo-cologne-2026,ok,1.04,2.83,1.04,SkinSniper,UUSkins
2026-06-03T04:42:24Z,1780461744,visualize:favorites,05e866d13d83,Sticker | BetBoom (Holo) | Cologne 2026,BetBoom (Holo),Holo,https://csgoskins.gg/items/sticker-betboom-holo-cologne-2026,ok,7.25,12.99,7.25,SkinSniper,UUSkins
2026-06-03T04:42:25Z,1780461745,visualize:favorites,cb066e4e5b7e,Sticker | BIG (Holo) | Cologne 2026,BIG (Holo),Holo,https://csgoskins.gg/items/sticker-big-holo-cologne-2026,ok,4.15,7.9,4.15,SkinSniper,UUSkins
2026-06-03T04:42:26Z,1780461746,visualize:favorites,85bebf40159a,Sticker | Boombl4 (Holo) | Cologne 2026,Boombl4 (Holo),Holo,https://csgoskins.gg/items/sticker-boombl4-holo-cologne-2026,ok,5.0,5.07,5.0,SkinSniper,UUSkins
2026-06-03T04:42:26Z,1780461746,visualize:favorites,3b77bff2c945,Sticker | br0 (Holo) | Cologne 2026,br0 (Holo),Holo,https://csgoskins.gg/items/sticker-br0-holo-cologne-2026,ok,2.67,2.96,2.67,SkinSniper,UUSkins
2026-06-03T04:42:27Z,1780461747,visualize:favorites,03fffdf9d165,Sticker | dexter (Holo) | Cologne 2026,dexter (Holo),Holo,https://csgoskins.gg/items/sticker-dexter-holo-cologne-2026,ok,11.82,20.0,11.82,SkinSniper,UUSkins
2026-06-03T04:42:28Z,1780461748,visualize:favorites,497d22fda716,Sticker | doc (Holo) | Cologne 2026,doc (Holo),Holo,https://csgoskins.gg/items/sticker-doc-holo-cologne-2026,ok,2.3,2.3,2.95,CSGOSkins,UUSkins
2026-06-03T04:42:28Z,1780461748,visualize:favorites,bc609878776e,Sticker | donk (Holo) | Cologne 2026,donk (Holo),Holo,https://csgoskins.gg/items/sticker-donk-holo-cologne-2026,ok,32.54,55.0,32.54,SkinSniper,UUSkins
2026-06-03T04:42:29Z,1780461749,visualize:favorites,fd87e12b4306,Sticker | EliGE (Holo) | Cologne 2026,EliGE (Holo),Holo,https://csgoskins.gg/items/sticker-elige-holo-cologne-2026,ok,3.7,6.97,3.7,SkinSniper,UUSkins
2026-06-03T04:42:31Z,1780461751,visualize:favorites,55f0bea61a2c,Sticker | Falcons (Holo) | Cologne 2026,Falcons (Holo),Holo,https://csgoskins.gg/items/sticker-falcons-holo-cologne-2026,ok,20.93,28.79,20.93,SkinSniper,UUSkins
2026-06-03T04:42:30Z,1780461750,visualize:favorites,211ef42add7d,Sticker | EmiliaQAQ (Holo) | Cologne 2026,EmiliaQAQ (Holo),Holo,https://csgoskins.gg/items/sticker-emiliaqaq-holo-cologne-2026,ok,2.05,5.75,2.05,SkinSniper,UUSkins
2026-06-03T04:42:31Z,1780461751,visualize:favorites,d3de56fb6253,Sticker | FL4MUS (Holo) | Cologne 2026,FL4MUS (Holo),Holo,https://csgoskins.gg/items/sticker-fl4mus-holo-cologne-2026,ok,1.76,5.31,1.76,SkinSniper,UUSkins
2026-06-03T04:42:32Z,1780461752,visualize:favorites,f77e24374b2b,Sticker | FURIA (Holo) | Cologne 2026,FURIA (Holo),Holo,https://csgoskins.gg/items/sticker-furia-holo-cologne-2026,ok,14.5,17.92,14.5,SkinSniper,UUSkins
2026-06-03T04:42:32Z,1780461752,visualize:favorites,573724344225,Sticker | FlyQuest (Holo) | Cologne 2026,FlyQuest (Holo),Holo,https://csgoskins.gg/items/sticker-flyquest-holo-cologne-2026,ok,10.36,19.22,10.36,SkinSniper,UUSkins
2026-06-03T04:42:34Z,1780461754,visualize:favorites,888e02ff13ff,Sticker | FUT (Holo) | Cologne 2026,FUT (Holo),Holo,https://csgoskins.gg/items/sticker-fut-holo-cologne-2026,ok,5.55,5.55,6.14,CSGOSkins,UUSkins
2026-06-03T04:42:34Z,1780461754,visualize:favorites,b970a24dac58,Sticker | G2 esports (Holo) | Cologne 2026,G2 esports (Holo),Holo,https://csgoskins.gg/items/sticker-g2-esports-holo-cologne-2026,ok,4.57,5.38,4.57,CSGOSkins,UUSkins
2026-06-03T04:42:35Z,1780461755,visualize:favorites,6442ab880b99,Sticker | gafolo (Holo) | Cologne 2026,gafolo (Holo),Holo,https://csgoskins.gg/items/sticker-gafolo-holo-cologne-2026,ok,1.37,1.37,1.79,CSGOSkins,UUSkins
2026-06-03T04:42:36Z,1780461756,visualize:favorites,666f5b8f180f,Sticker | Gaimin Gladiators (Holo) | Cologne 2026,Gaimin Gladiators (Holo),Holo,https://csgoskins.gg/items/sticker-gaimin-gladiators-holo-cologne-2026,ok,4.56,10.0,4.56,SkinSniper,UUSkins
2026-06-03T04:42:36Z,1780461756,visualize:favorites,bd59bc928757,Sticker | GamerLegion (Holo) | Cologne 2026,GamerLegion (Holo),Holo,https://csgoskins.gg/items/sticker-gamerlegion-holo-cologne-2026,ok,10.89,14.92,10.89,SkinSniper,UUSkins
2026-06-03T04:42:37Z,1780461757,visualize:favorites,396de15d3b80,Sticker | HEROIC (Holo) | Cologne 2026,HEROIC (Holo),Holo,https://csgoskins.gg/items/sticker-heroic-holo-cologne-2026,ok,3.55,6.95,3.55,SkinSniper,UUSkins
2026-06-03T04:42:37Z,1780461757,visualize:favorites,55ae981c50cf,Sticker | IEM (Holo) | Cologne 2026,IEM (Holo),Holo,https://csgoskins.gg/items/sticker-iem-holo-cologne-2026,ok,11.1,25.62,11.1,SkinSniper,UUSkins
2026-06-03T04:42:38Z,1780461758,visualize:favorites,6ea183add0ef,Sticker | Jame (Holo) | Cologne 2026,Jame (Holo),Holo,https://csgoskins.gg/items/sticker-jame-holo-cologne-2026,ok,4.44,5.81,4.44,SkinSniper,UUSkins
2026-06-03T04:42:39Z,1780461759,visualize:favorites,aacac2361330,Sticker | JamYoung (Holo) | Cologne 2026,JamYoung (Holo),Holo,https://csgoskins.gg/items/sticker-jamyoung-holo-cologne-2026,ok,5.43,12.5,5.43,SkinSniper,UUSkins
2026-06-03T04:42:39Z,1780461759,visualize:favorites,fcb303a6898e,Sticker | JDC (Holo) | Cologne 2026,JDC (Holo),Holo,https://csgoskins.gg/items/sticker-jdc-holo-cologne-2026,ok,3.11,20.5,3.11,SkinSniper,UUSkins
2026-06-03T04:42:40Z,1780461760,visualize:favorites,1290d50e45f8,Sticker | Jee (Holo) | Cologne 2026,Jee (Holo),Holo,https://csgoskins.gg/items/sticker-jee-holo-cologne-2026,ok,3.41,4.95,3.41,SkinSniper,UUSkins
2026-06-03T04:42:41Z,1780461761,visualize:favorites,0fd07921f22b,Sticker | koala (Holo) | Cologne 2026,koala (Holo),Holo,https://csgoskins.gg/items/sticker-koala-holo-cologne-2026,ok,0.89,3.32,0.89,SkinSniper,UUSkins
2026-06-03T04:42:42Z,1780461762,visualize:favorites,bb7763f5a8e6,Sticker | kyousuke (Holo) | Cologne 2026,kyousuke (Holo),Holo,https://csgoskins.gg/items/sticker-kyousuke-holo-cologne-2026,ok,17.45,44.73,17.45,SkinSniper,UUSkins
2026-06-03T04:42:42Z,1780461762,visualize:favorites,1ed34275b90e,Sticker | kyxsan (Holo) | Cologne 2026,kyxsan (Holo),Holo,https://csgoskins.gg/items/sticker-kyxsan-holo-cologne-2026,ok,3.26,10.0,3.26,SkinSniper,UUSkins
2026-06-03T04:42:43Z,1780461763,visualize:favorites,7aad5666deed,Sticker | Legacy (Holo) | Cologne 2026,Legacy (Holo),Holo,https://csgoskins.gg/items/sticker-legacy-holo-cologne-2026,ok,6.66,11.99,6.66,SkinSniper,UUSkins
2026-06-03T04:42:44Z,1780461764,visualize:favorites,d2c8126cec6f,Sticker | Liazz (Holo) | Cologne 2026,Liazz (Holo),Holo,https://csgoskins.gg/items/sticker-liazz-holo-cologne-2026,ok,2.87,3.38,2.87,SkinSniper,UUSkins
2026-06-03T04:42:44Z,1780461764,visualize:favorites,a6f5dfa82c23,Sticker | Lynn Vision (Holo) | Cologne 2026,Lynn Vision (Holo),Holo,https://csgoskins.gg/items/sticker-lynn-vision-holo-cologne-2026,ok,5.89,7.7,5.89,SkinSniper,UUSkins
2026-06-03T04:42:45Z,1780461765,visualize:favorites,3023673eb5a8,Sticker | m0NESY (Holo) | Cologne 2026,m0NESY (Holo),Holo,https://csgoskins.gg/items/sticker-m0nesy-holo-cologne-2026,ok,19.89,28.74,19.89,SkinSniper,UUSkins
2026-06-03T04:42:46Z,1780461766,visualize:favorites,39d3a2e2d65e,Sticker | M80 (Holo) | Cologne 2026,M80 (Holo),Holo,https://csgoskins.gg/items/sticker-m80-holo-cologne-2026,ok,6.22,12.99,6.22,SkinSniper,UUSkins
2026-06-03T04:42:46Z,1780461766,visualize:favorites,5f780340315c,Sticker | Magnojez (Holo) | Cologne 2026,Magnojez (Holo),Holo,https://csgoskins.gg/items/sticker-magnojez-holo-cologne-2026,ok,4.15,5.57,4.15,SkinSniper,UUSkins
2026-06-03T04:42:47Z,1780461767,visualize:favorites,9f3fa39ccc21,Sticker | malbsMd (Holo) | Cologne 2026,malbsMd (Holo),Holo,https://csgoskins.gg/items/sticker-malbsmd-holo-cologne-2026,ok,1.04,1.58,1.04,SkinSniper,UUSkins
2026-06-03T04:42:48Z,1780461768,visualize:favorites,548001363495,Sticker | Mercury (Holo) | Cologne 2026,Mercury (Holo),Holo,https://csgoskins.gg/items/sticker-mercury-holo-cologne-2026,ok,2.07,2.87,2.07,CSGOSkins,UUSkins
2026-06-03T04:42:48Z,1780461768,visualize:favorites,f6fbab9c6f78,Sticker | maxxkor (Holo) | Cologne 2026,maxxkor (Holo),Holo,https://csgoskins.gg/items/sticker-maxxkor-holo-cologne-2026,ok,1.02,1.59,1.02,SkinSniper,UUSkins
2026-06-03T04:42:49Z,1780461769,visualize:favorites,91f1a6b88f72,Sticker | MIBR (Holo) | Cologne 2026,MIBR (Holo),Holo,https://csgoskins.gg/items/sticker-mibr-holo-cologne-2026,ok,3.18,3.83,3.18,SkinSniper,UUSkins
2026-06-03T04:42:50Z,1780461770,visualize:favorites,fae9152c9494,Sticker | Monte (Holo) | Cologne 2026,Monte (Holo),Holo,https://csgoskins.gg/items/sticker-monte-holo-cologne-2026,ok,5.18,6.0,5.18,SkinSniper,UUSkins
2026-06-03T04:42:50Z,1780461770,visualize:favorites,f6bb65caa27f,Sticker | Moseyuh (Holo) | Cologne 2026,Moseyuh (Holo),Holo,https://csgoskins.gg/items/sticker-moseyuh-holo-cologne-2026,ok,2.22,4.88,2.22,SkinSniper,UUSkins
2026-06-03T04:42:52Z,1780461772,visualize:favorites,7663d56a8dea,Sticker | NAF (Holo) | Cologne 2026,NAF (Holo),Holo,https://csgoskins.gg/items/sticker-naf-holo-cologne-2026,ok,1.9,2.21,1.9,SkinSniper,UUSkins
2026-06-03T04:42:52Z,1780461772,visualize:favorites,a4a3936c731b,Sticker | MOUZ (Holo) | Cologne 2026,MOUZ (Holo),Holo,https://csgoskins.gg/items/sticker-mouz-holo-cologne-2026,ok,9.29,13.69,9.29,SkinSniper,UUSkins
2026-06-03T04:42:52Z,1780461772,visualize:favorites,98bd56df9591,Sticker | Natus Vincere (Holo) | Cologne 2026,Natus Vincere (Holo),Holo,https://csgoskins.gg/items/sticker-natus-vincere-holo-cologne-2026,ok,15.97,17.3,15.97,SkinSniper,UUSkins
2026-06-03T04:42:54Z,1780461774,visualize:favorites,14697964ea54,Sticker | NiKo (Holo) | Cologne 2026,NiKo (Holo),Holo,https://csgoskins.gg/items/sticker-niko-holo-cologne-2026,ok,12.57,25.0,12.57,CSGOSkins,UUSkins
2026-06-03T04:42:54Z,1780461774,visualize:favorites,d6ec81bd977b,Sticker | NRG (Holo) | Cologne 2026,NRG (Holo),Holo,https://csgoskins.gg/items/sticker-nrg-holo-cologne-2026,ok,8.86,23.0,8.86,SkinSniper,UUSkins
2026-06-03T04:42:54Z,1780461774,visualize:favorites,17c4fd194704,Sticker | oSee (Holo) | Cologne 2026,oSee (Holo),Holo,https://csgoskins.gg/items/sticker-osee-holo-cologne-2026,ok,2.08,3.19,2.08,SkinSniper,UUSkins
2026-06-03T04:42:56Z,1780461776,visualize:favorites,0927c21045c2,Sticker | paiN Gaming (Holo) | Cologne 2026,paiN Gaming (Holo),Holo,https://csgoskins.gg/items/sticker-pain-gaming-holo-cologne-2026,ok,4.29,5.95,4.29,SkinSniper,UUSkins
2026-06-03T04:42:56Z,1780461776,visualize:favorites,d1dda4ae4bf0,Sticker | rdnzao (Holo) | Cologne 2026,rdnzao (Holo),Holo,https://csgoskins.gg/items/sticker-rdnzao-holo-cologne-2026,ok,2.03,2.25,2.03,SkinSniper,UUSkins
2026-06-03T04:42:56Z,1780461776,visualize:favorites,3292ee18e768,Sticker | PARIVISION (Holo) | Cologne 2026,PARIVISION (Holo),Holo,https://csgoskins.gg/items/sticker-parivision-holo-cologne-2026,ok,6.36,6.54,6.36,SkinSniper,UUSkins
2026-06-03T04:42:58Z,1780461778,visualize:favorites,dd37bc13bea6,Sticker | ropz (Holo) | Cologne 2026,ropz (Holo),Holo,https://csgoskins.gg/items/sticker-ropz-holo-cologne-2026,ok,24.11,29.99,24.11,SkinSniper,UUSkins
2026-06-03T04:42:58Z,1780461778,visualize:favorites,abe272caf8fe,Sticker | ryu (Holo) | Cologne 2026,ryu (Holo),Holo,https://csgoskins.gg/items/sticker-ryu-holo-cologne-2026,ok,1.7,1.7,2.77,SkinSniper,UUSkins
2026-06-03T04:42:58Z,1780461778,visualize:favorites,29fd6c914915,Sticker | s1n (Holo) | Cologne 2026,s1n (Holo),Holo,https://csgoskins.gg/items/sticker-s1n-holo-cologne-2026,ok,1.34,2.46,1.34,SkinSniper,UUSkins
2026-06-03T04:43:00Z,1780461780,visualize:favorites,f81be8cece16,Sticker | S1ren (Holo) | Cologne 2026,S1ren (Holo),Holo,https://csgoskins.gg/items/sticker-s1ren-holo-cologne-2026,ok,5.18,6.3,5.18,SkinSniper,UUSkins
2026-06-03T04:43:00Z,1780461780,visualize:favorites,3621c3a87cd4,Sticker | Sharks Esports (Holo) | Cologne 2026,Sharks Esports (Holo),Holo,https://csgoskins.gg/items/sticker-sharks-esports-holo-cologne-2026,ok,6.14,13.34,6.14,SkinSniper,UUSkins
2026-06-03T04:43:01Z,1780461781,visualize:favorites,83e4230ec809,Sticker | SINNERS (Holo) | Cologne 2026,SINNERS (Holo),Holo,https://csgoskins.gg/items/sticker-sinners-holo-cologne-2026,ok,10.21,,10.21,,UUSkins
2026-06-03T04:43:02Z,1780461782,visualize:favorites,902f2e3f6274,Sticker | Team Liquid (Holo) | Cologne 2026,Team Liquid (Holo),Holo,https://csgoskins.gg/items/sticker-team-liquid-holo-cologne-2026,ok,21.0,46.9,21.0,SkinSniper,UUSkins
2026-06-03T04:43:02Z,1780461782,visualize:favorites,cc8283a1d435,Sticker | Team Spirit (Holo) | Cologne 2026,Team Spirit (Holo),Holo,https://csgoskins.gg/items/sticker-team-spirit-holo-cologne-2026,ok,26.4,34.56,26.4,SkinSniper,UUSkins
2026-06-03T04:43:03Z,1780461783,visualize:favorites,03a461d6d761,Sticker | TeSeS (Holo) | Cologne 2026,TeSeS (Holo),Holo,https://csgoskins.gg/items/sticker-teses-holo-cologne-2026,ok,3.58,4.0,3.58,SkinSniper,UUSkins
2026-06-03T04:43:04Z,1780461784,visualize:favorites,ac189711479a,Sticker | The Mongolz (Holo) | Cologne 2026,The Mongolz (Holo),Holo,https://csgoskins.gg/items/sticker-the-mongolz-holo-cologne-2026,ok,10.36,11.72,10.36,SkinSniper,UUSkins
2026-06-03T04:43:05Z,1780461785,visualize:favorites,224ba8b64dda,Sticker | THUNDERdOWNUNDER (Holo) | Cologne 2026,THUNDERdOWNUNDER (Holo),Holo,https://csgoskins.gg/items/sticker-thunder-downunder-holo-cologne-2026,ok,26.84,,26.84,,UUSkins
2026-06-03T04:43:05Z,1780461785,visualize:favorites,092bb16ad86f,Sticker | TjP (Holo) | Cologne 2026,TjP (Holo),Holo,https://csgoskins.gg/items/sticker-tjp-holo-cologne-2026,ok,3.26,5.9,3.26,SkinSniper,UUSkins
2026-06-03T04:43:06Z,1780461786,visualize:favorites,8df88522d91a,Sticker | TYLOO (Holo) | Cologne 2026,TYLOO (Holo),Holo,https://csgoskins.gg/items/sticker-tyloo-holo-cologne-2026,ok,10.33,12.49,10.33,SkinSniper,UUSkins
2026-06-03T04:43:07Z,1780461787,visualize:favorites,1320996ad66c,Sticker | ultimate (Holo) | Cologne 2026,ultimate (Holo),Holo,https://csgoskins.gg/items/sticker-ultimate-holo-cologne-2026,ok,1.24,1.45,1.24,SkinSniper,UUSkins
2026-06-03T04:43:08Z,1780461788,visualize:favorites,51ce27fe1b8c,Sticker | Vitality (Holo) | Cologne 2026,Vitality (Holo),Holo,https://csgoskins.gg/items/sticker-vitality-holo-cologne-2026,ok,17.97,30.13,17.97,SkinSniper,UUSkins
2026-06-03T04:43:08Z,1780461788,visualize:favorites,c7c168af76bb,Sticker | xiELO (Holo) | Cologne 2026,xiELO (Holo),Holo,https://csgoskins.gg/items/sticker-xielo-holo-cologne-2026,ok,1.04,1.39,1.04,SkinSniper,UUSkins
2026-06-03T04:43:09Z,1780461789,visualize:favorites,23c660a4589d,Sticker | z4KR (Holo) | Cologne 2026,z4KR (Holo),Holo,https://csgoskins.gg/items/sticker-z4kr-holo-cologne-2026,ok,1.85,3.69,1.85,SkinSniper,UUSkins
2026-06-03T04:43:10Z,1780461790,visualize:favorites,662a4956f2a0,Sticker | Zero (Holo) | Cologne 2026,Zero (Holo),Holo,https://csgoskins.gg/items/sticker-zero-holo-cologne-2026,ok,3.11,5.85,3.11,SkinSniper,UUSkins
2026-06-03T04:43:11Z,1780461791,visualize:favorites,f30aa8a5b607,Sticker | zorte (Holo) | Cologne 2026,zorte (Holo),Holo,https://csgoskins.gg/items/sticker-zorte-holo-cologne-2026,ok,2.35,5.42,2.35,SkinSniper,UUSkins
2026-06-03T04:43:11Z,1780461791,visualize:favorites,5a2393e5fa57,Sticker | ZywOo (Holo) | Cologne 2026,ZywOo (Holo),Holo,https://csgoskins.gg/items/sticker-zywoo-holo-cologne-2026,ok,23.59,55.0,23.59,SkinSniper,UUSkins
2026-06-03T04:43:13Z,1780461793,visualize:holo,c5891da26931,Sticker | C4LLM3SU3 (Holo) | Cologne 2026,C4LLM3SU3 (Holo),Holo,https://csgoskins.gg/items/sticker-c4llm3su3-holo-cologne-2026,ok,5.46,,5.46,,UUSkins
2026-06-03T04:43:13Z,1780461793,visualize:holo,15d8caaa80ce,Sticker | Bymas (Holo) | Cologne 2026,Bymas (Holo),Holo,https://csgoskins.gg/items/sticker-bymas-holo-cologne-2026,ok,5.18,,5.18,,UUSkins
2026-06-03T04:43:13Z,1780461793,visualize:holo,df4337c02c0c,Sticker | latto (Holo) | Cologne 2026,latto (Holo),Holo,https://csgoskins.gg/items/sticker-latto-holo-cologne-2026,ok,3.47,,3.47,,UUSkins
2026-06-03T04:43:15Z,1780461795,visualize:holo,9da702349de3,Sticker | Tauson (Holo) | Cologne 2026,Tauson (Holo),Holo,https://csgoskins.gg/items/sticker-tauson-holo-cologne-2026,ok,1.63,3.57,1.63,CSGOSkins,UUSkins
2026-06-03T04:43:15Z,1780461795,visualize:holo,221339480a0d,Sticker | Techno4K (Holo) | Cologne 2026,Techno4K (Holo),Holo,https://csgoskins.gg/items/sticker-techno4k-holo-cologne-2026,ok,1.93,3.18,1.93,SkinSniper,UUSkins
2026-06-03T04:43:17Z,1780461797,visualize:holo,7bee3667e303,Sticker | v$m (Holo) | Cologne 2026,v$m (Holo),Holo,https://csgoskins.gg/items/sticker-v-m-holo-cologne-2026,ok,1.17,,1.17,,UUSkins
2026-06-03T04:43:17Z,1780461797,visualize:holo,8c9210f50ee7,Sticker | tN1R (Holo) | Cologne 2026,tN1R (Holo),Holo,https://csgoskins.gg/items/sticker-tn1r-holo-cologne-2026,ok,5.48,36.0,5.48,SkinSniper,UUSkins
2026-06-03T04:43:17Z,1780461797,visualize:holo,51d1af996c24,Sticker | torzsi (Holo) | Cologne 2026,torzsi (Holo),Holo,https://csgoskins.gg/items/sticker-torzsi-holo-cologne-2026,ok,3.23,5.82,3.23,SkinSniper,UUSkins
2026-06-03T04:43:19Z,1780461799,visualize:holo,136899b68f76,Sticker | venomzera (Holo) | Cologne 2026,venomzera (Holo),Holo,https://csgoskins.gg/items/sticker-venomzera-holo-cologne-2026,ok,0.82,0.97,0.82,SkinSniper,UUSkins
2026-06-03T04:43:19Z,1780461799,visualize:holo,ae428a1d0652,Sticker | vexite (Holo) | Cologne 2026,vexite (Holo),Holo,https://csgoskins.gg/items/sticker-vexite-holo-cologne-2026,ok,1.26,1.34,1.26,SkinSniper,UUSkins
2026-06-03T04:43:19Z,1780461799,visualize:holo,8b9bc79bb35e,Sticker | w0nderful (Holo) | Cologne 2026,w0nderful (Holo),Holo,https://csgoskins.gg/items/sticker-w0nderful-holo-cologne-2026,ok,6.69,11.62,6.69,SkinSniper,UUSkins
2026-06-03T04:43:21Z,1780461801,visualize:holo,a629e9d0693b,Sticker | westmelon (Holo) | Cologne 2026,westmelon (Holo),Holo,https://csgoskins.gg/items/sticker-westmelon-holo-cologne-2026,ok,1.43,1.52,1.43,SkinSniper,UUSkins
2026-06-03T04:43:21Z,1780461801,visualize:holo,a1993e086d7b,Sticker | Wicadia (Holo) | Cologne 2026,Wicadia (Holo),Holo,https://csgoskins.gg/items/sticker-wicadia-holo-cologne-2026,ok,1.37,1.37,1.78,CSGOSkins,UUSkins
2026-06-03T04:43:21Z,1780461801,visualize:holo,ba3501298cb9,Sticker | woxic (Holo) | Cologne 2026,woxic (Holo),Holo,https://csgoskins.gg/items/sticker-woxic-holo-cologne-2026,ok,2.65,4.95,2.65,SkinSniper,UUSkins
2026-06-03T23:45:09Z,1780530309,api,f6bb65caa27f,Sticker | Moseyuh (Holo) | Cologne 2026,Moseyuh (Holo),Holo,https://csgoskins.gg/items/sticker-moseyuh-holo-cologne-2026,ok,2.72,3.95,2.72,SkinSniper,UUSkins
2026-06-03T23:45:09Z,1780530309,api,548001363495,Sticker | Mercury (Holo) | Cologne 2026,Mercury (Holo),Holo,https://csgoskins.gg/items/sticker-mercury-holo-cologne-2026,ok,2.06,3.95,2.06,SkinSniper,UUSkins
2026-06-03T23:45:09Z,1780530309,api,0fd07921f22b,Sticker | koala (Holo) | Cologne 2026,koala (Holo),Holo,https://csgoskins.gg/items/sticker-koala-holo-cologne-2026,ok,1.47,3.32,1.47,SkinSniper,UUSkins
2026-06-03T23:45:12Z,1780530312,api,7aad5666deed,Sticker | Legacy (Holo) | Cologne 2026,Legacy (Holo),Holo,https://csgoskins.gg/items/sticker-legacy-holo-cologne-2026,ok,6.22,11.99,6.22,SkinSniper,UUSkins
2026-06-03T23:45:12Z,1780530312,api,0927c21045c2,Sticker | paiN Gaming (Holo) | Cologne 2026,paiN Gaming (Holo),Holo,https://csgoskins.gg/items/sticker-pain-gaming-holo-cologne-2026,ok,4.17,4.6,4.17,SkinSniper,UUSkins
2026-06-03T23:45:12Z,1780530312,api,abe272caf8fe,Sticker | ryu (Holo) | Cologne 2026,ryu (Holo),Holo,https://csgoskins.gg/items/sticker-ryu-holo-cologne-2026,ok,1.7,1.7,2.73,SkinSniper,UUSkins
2026-06-03T23:45:14Z,1780530314,api,a6f5dfa82c23,Sticker | Lynn Vision (Holo) | Cologne 2026,Lynn Vision (Holo),Holo,https://csgoskins.gg/items/sticker-lynn-vision-holo-cologne-2026,ok,6.22,6.75,6.22,SkinSniper,UUSkins
2026-06-03T23:45:15Z,1780530315,api,91f1a6b88f72,Sticker | MIBR (Holo) | Cologne 2026,MIBR (Holo),Holo,https://csgoskins.gg/items/sticker-mibr-holo-cologne-2026,ok,3.32,3.7,3.32,SkinSniper,UUSkins
2026-06-03T23:45:15Z,1780530315,api,497d22fda716,Sticker | doc (Holo) | Cologne 2026,doc (Holo),Holo,https://csgoskins.gg/items/sticker-doc-holo-cologne-2026,ok,2.8,4.43,2.8,SkinSniper,UUSkins
2026-06-03T23:45:16Z,1780530316,api,d1dda4ae4bf0,Sticker | rdnzao (Holo) | Cologne 2026,rdnzao (Holo),Holo,https://csgoskins.gg/items/sticker-rdnzao-holo-cologne-2026,ok,1.93,2.25,1.93,SkinSniper,UUSkins
2026-06-03T23:45:17Z,1780530317,api,8cddaf065473,Sticker | Aurora (Holo) | Cologne 2026,Aurora (Holo),Holo,https://csgoskins.gg/items/sticker-aurora-holo-cologne-2026,ok,5.14,7.3,5.14,SkinSniper,UUSkins
2026-06-03T23:45:17Z,1780530317,api,902f2e3f6274,Sticker | Team Liquid (Holo) | Cologne 2026,Team Liquid (Holo),Holo,https://csgoskins.gg/items/sticker-team-liquid-holo-cologne-2026,ok,16.71,46.9,16.71,SkinSniper,UUSkins
2026-06-03T23:45:18Z,1780530318,api,83e4230ec809,Sticker | SINNERS (Holo) | Cologne 2026,SINNERS (Holo),Holo,https://csgoskins.gg/items/sticker-sinners-holo-cologne-2026,ok,8.66,,8.66,,UUSkins
2026-06-03T23:45:19Z,1780530319,api,d6ec81bd977b,Sticker | NRG (Holo) | Cologne 2026,NRG (Holo),Holo,https://csgoskins.gg/items/sticker-nrg-holo-cologne-2026,ok,7.99,23.0,7.99,SkinSniper,UUSkins
2026-06-03T23:45:19Z,1780530319,api,03a461d6d761,Sticker | TeSeS (Holo) | Cologne 2026,TeSeS (Holo),Holo,https://csgoskins.gg/items/sticker-teses-holo-cologne-2026,ok,3.76,5.45,3.76,SkinSniper,UUSkins
2026-06-03T23:45:20Z,1780530320,api,666f5b8f180f,Sticker | Gaimin Gladiators (Holo) | Cologne 2026,Gaimin Gladiators (Holo),Holo,https://csgoskins.gg/items/sticker-gaimin-gladiators-holo-cologne-2026,ok,4.29,10.34,4.29,SkinSniper,UUSkins
2026-06-03T23:45:21Z,1780530321,api,3292ee18e768,Sticker | PARIVISION (Holo) | Cologne 2026,PARIVISION (Holo),Holo,https://csgoskins.gg/items/sticker-parivision-holo-cologne-2026,ok,5.83,18.04,5.83,SkinSniper,UUSkins
2026-06-03T23:45:21Z,1780530321,api,ac189711479a,Sticker | The Mongolz (Holo) | Cologne 2026,The Mongolz (Holo),Holo,https://csgoskins.gg/items/sticker-the-mongolz-holo-cologne-2026,ok,10.36,11.72,10.36,SkinSniper,UUSkins
2026-06-03T23:45:22Z,1780530322,api,f30aa8a5b607,Sticker | zorte (Holo) | Cologne 2026,zorte (Holo),Holo,https://csgoskins.gg/items/sticker-zorte-holo-cologne-2026,ok,1.91,5.42,1.91,SkinSniper,UUSkins
2026-06-03T23:45:23Z,1780530323,api,fd87e12b4306,Sticker | EliGE (Holo) | Cologne 2026,EliGE (Holo),Holo,https://csgoskins.gg/items/sticker-elige-holo-cologne-2026,ok,3.69,8.1,3.69,SkinSniper,UUSkins
2026-06-03T23:45:23Z,1780530323,api,08012c24edef,Sticker | 9z Team (Holo) | Cologne 2026,9z Team (Holo),Holo,https://csgoskins.gg/items/sticker-9z-team-holo-cologne-2026,ok,4.15,5.0,4.15,SkinSniper,UUSkins
2026-06-03T23:45:24Z,1780530324,api,b970a24dac58,Sticker | G2 esports (Holo) | Cologne 2026,G2 esports (Holo),Holo,https://csgoskins.gg/items/sticker-g2-esports-holo-cologne-2026,ok,4.44,5.38,4.44,CSGOSkins,UUSkins
2026-06-03T23:45:25Z,1780530325,api,6442ab880b99,Sticker | gafolo (Holo) | Cologne 2026,gafolo (Holo),Holo,https://csgoskins.gg/items/sticker-gafolo-holo-cologne-2026,ok,1.04,1.37,1.04,CSGOSkins,UUSkins
2026-06-03T23:45:25Z,1780530325,api,8df88522d91a,Sticker | TYLOO (Holo) | Cologne 2026,TYLOO (Holo),Holo,https://csgoskins.gg/items/sticker-tyloo-holo-cologne-2026,ok,8.95,11.4,8.95,SkinSniper,UUSkins
2026-06-03T23:45:26Z,1780530326,api,55f0bea61a2c,Sticker | Falcons (Holo) | Cologne 2026,Falcons (Holo),Holo,https://csgoskins.gg/items/sticker-falcons-holo-cologne-2026,ok,21.45,27.24,21.45,SkinSniper,UUSkins
2026-06-03T23:45:27Z,1780530327,api,3023673eb5a8,Sticker | m0NESY (Holo) | Cologne 2026,m0NESY (Holo),Holo,https://csgoskins.gg/items/sticker-m0nesy-holo-cologne-2026,ok,18.49,26.97,18.49,SkinSniper,UUSkins
2026-06-03T23:45:27Z,1780530327,api,888e02ff13ff,Sticker | FUT (Holo) | Cologne 2026,FUT (Holo),Holo,https://csgoskins.gg/items/sticker-fut-holo-cologne-2026,ok,5.48,8.0,5.48,SkinSniper,UUSkins
2026-06-03T23:45:28Z,1780530328,api,5c77121eb587,Sticker | BELCHONOKK (Holo) | Cologne 2026,BELCHONOKK (Holo),Holo,https://csgoskins.gg/items/sticker-belchonokk-holo-cologne-2026,ok,1.01,2.83,1.01,SkinSniper,UUSkins
2026-06-03T23:45:29Z,1780530329,api,dd37bc13bea6,Sticker | ropz (Holo) | Cologne 2026,ropz (Holo),Holo,https://csgoskins.gg/items/sticker-ropz-holo-cologne-2026,ok,23.29,29.99,23.29,SkinSniper,UUSkins
2026-06-03T23:45:29Z,1780530329,api,3621c3a87cd4,Sticker | Sharks Esports (Holo) | Cologne 2026,Sharks Esports (Holo),Holo,https://csgoskins.gg/items/sticker-sharks-esports-holo-cologne-2026,ok,5.59,13.34,5.59,SkinSniper,UUSkins
2026-06-03T23:45:30Z,1780530330,api,84bea33324ce,Sticker | Astralis (Holo) | Cologne 2026,Astralis (Holo),Holo,https://csgoskins.gg/items/sticker-astralis-holo-cologne-2026,ok,6.22,9.02,6.22,SkinSniper,UUSkins
2026-06-03T23:45:31Z,1780530331,api,39d3a2e2d65e,Sticker | M80 (Holo) | Cologne 2026,M80 (Holo),Holo,https://csgoskins.gg/items/sticker-m80-holo-cologne-2026,ok,6.22,12.99,6.22,SkinSniper,UUSkins
2026-06-03T23:45:31Z,1780530331,api,c7c168af76bb,Sticker | xiELO (Holo) | Cologne 2026,xiELO (Holo),Holo,https://csgoskins.gg/items/sticker-xielo-holo-cologne-2026,ok,1.06,2.03,1.06,SkinSniper,UUSkins
2026-06-03T23:45:32Z,1780530332,api,05e866d13d83,Sticker | BetBoom (Holo) | Cologne 2026,BetBoom (Holo),Holo,https://csgoskins.gg/items/sticker-betboom-holo-cologne-2026,ok,6.5,7.36,6.5,SkinSniper,UUSkins
2026-06-03T23:45:33Z,1780530333,api,a4a3936c731b,Sticker | MOUZ (Holo) | Cologne 2026,MOUZ (Holo),Holo,https://csgoskins.gg/items/sticker-mouz-holo-cologne-2026,ok,7.99,10.74,7.99,SkinSniper,UUSkins
2026-06-03T23:45:33Z,1780530333,api,662a4956f2a0,Sticker | Zero (Holo) | Cologne 2026,Zero (Holo),Holo,https://csgoskins.gg/items/sticker-zero-holo-cologne-2026,ok,3.68,20.0,3.68,SkinSniper,UUSkins
2026-06-03T23:45:34Z,1780530334,api,23c660a4589d,Sticker | z4KR (Holo) | Cologne 2026,z4KR (Holo),Holo,https://csgoskins.gg/items/sticker-z4kr-holo-cologne-2026,ok,2.24,3.69,2.24,SkinSniper,UUSkins
2026-06-03T23:45:35Z,1780530335,api,f77e24374b2b,Sticker | FURIA (Holo) | Cologne 2026,FURIA (Holo),Holo,https://csgoskins.gg/items/sticker-furia-holo-cologne-2026,ok,13.61,23.65,13.61,SkinSniper,UUSkins
2026-06-03T23:45:35Z,1780530335,api,092bb16ad86f,Sticker | TjP (Holo) | Cologne 2026,TjP (Holo),Holo,https://csgoskins.gg/items/sticker-tjp-holo-cologne-2026,ok,2.96,10.53,2.96,SkinSniper,UUSkins
2026-06-03T23:45:36Z,1780530336,api,ef893d39098d,Sticker | aliStair (Holo) | Cologne 2026,aliStair (Holo),Holo,https://csgoskins.gg/items/sticker-alistair-holo-cologne-2026,ok,2.12,3.56,2.12,SkinSniper,UUSkins
2026-06-03T23:45:37Z,1780530337,api,d2c8126cec6f,Sticker | Liazz (Holo) | Cologne 2026,Liazz (Holo),Holo,https://csgoskins.gg/items/sticker-liazz-holo-cologne-2026,ok,2.67,3.67,2.67,SkinSniper,UUSkins
2026-06-03T23:45:38Z,1780530338,api,573724344225,Sticker | FlyQuest (Holo) | Cologne 2026,FlyQuest (Holo),Holo,https://csgoskins.gg/items/sticker-flyquest-holo-cologne-2026,ok,8.71,10.39,8.71,SkinSniper,UUSkins
2026-06-03T23:45:37Z,1780530337,api,bb7763f5a8e6,Sticker | kyousuke (Holo) | Cologne 2026,kyousuke (Holo),Holo,https://csgoskins.gg/items/sticker-kyousuke-holo-cologne-2026,ok,15.38,44.73,15.38,SkinSniper,UUSkins
2026-06-03T23:45:39Z,1780530339,api,14697964ea54,Sticker | NiKo (Holo) | Cologne 2026,NiKo (Holo),Holo,https://csgoskins.gg/items/sticker-niko-holo-cologne-2026,ok,12.28,25.0,12.28,CSGOSkins,UUSkins
2026-06-03T23:45:40Z,1780530340,api,97fa3a994577,Sticker | B8 (Holo) | Cologne 2026,B8 (Holo),Holo,https://csgoskins.gg/items/sticker-b8-holo-cologne-2026,ok,4.41,6.0,4.41,SkinSniper,UUSkins
2026-06-03T23:45:40Z,1780530340,api,1290d50e45f8,Sticker | Jee (Holo) | Cologne 2026,Jee (Holo),Holo,https://csgoskins.gg/items/sticker-jee-holo-cologne-2026,ok,3.2,4.95,3.2,SkinSniper,UUSkins
2026-06-03T23:45:41Z,1780530341,api,d3de56fb6253,Sticker | FL4MUS (Holo) | Cologne 2026,FL4MUS (Holo),Holo,https://csgoskins.gg/items/sticker-fl4mus-holo-cologne-2026,ok,2.12,6.55,2.12,SkinSniper,UUSkins
2026-06-03T23:45:42Z,1780530342,api,396de15d3b80,Sticker | HEROIC (Holo) | Cologne 2026,HEROIC (Holo),Holo,https://csgoskins.gg/items/sticker-heroic-holo-cologne-2026,ok,3.55,3.8,3.55,SkinSniper,UUSkins
2026-06-03T23:45:43Z,1780530343,api,224ba8b64dda,Sticker | THUNDERdOWNUNDER (Holo) | Cologne 2026,THUNDERdOWNUNDER (Holo),Holo,https://csgoskins.gg/items/sticker-thunder-downunder-holo-cologne-2026,ok,23.37,,23.37,,UUSkins
2026-06-03T23:45:43Z,1780530343,api,fae9152c9494,Sticker | Monte (Holo) | Cologne 2026,Monte (Holo),Holo,https://csgoskins.gg/items/sticker-monte-holo-cologne-2026,ok,4.28,5.75,4.28,SkinSniper,UUSkins
2026-06-03T23:45:44Z,1780530344,api,5f780340315c,Sticker | Magnojez (Holo) | Cologne 2026,Magnojez (Holo),Holo,https://csgoskins.gg/items/sticker-magnojez-holo-cologne-2026,ok,3.59,5.57,3.59,SkinSniper,UUSkins
2026-06-03T23:45:45Z,1780530345,api,cb066e4e5b7e,Sticker | BIG (Holo) | Cologne 2026,BIG (Holo),Holo,https://csgoskins.gg/items/sticker-big-holo-cologne-2026,ok,3.79,5.75,3.79,SkinSniper,UUSkins
2026-06-03T23:45:45Z,1780530345,api,aacac2361330,Sticker | JamYoung (Holo) | Cologne 2026,JamYoung (Holo),Holo,https://csgoskins.gg/items/sticker-jamyoung-holo-cologne-2026,ok,4.43,6.76,4.43,SkinSniper,UUSkins
2026-06-03T23:45:46Z,1780530346,api,29fd6c914915,Sticker | s1n (Holo) | Cologne 2026,s1n (Holo),Holo,https://csgoskins.gg/items/sticker-s1n-holo-cologne-2026,ok,0.98,2.46,0.98,SkinSniper,UUSkins
2026-06-03T23:45:47Z,1780530347,api,f81be8cece16,Sticker | S1ren (Holo) | Cologne 2026,S1ren (Holo),Holo,https://csgoskins.gg/items/sticker-s1ren-holo-cologne-2026,ok,5.18,5.52,5.18,SkinSniper,UUSkins
2026-06-03T23:45:47Z,1780530347,api,51ce27fe1b8c,Sticker | Vitality (Holo) | Cologne 2026,Vitality (Holo),Holo,https://csgoskins.gg/items/sticker-vitality-holo-cologne-2026,ok,18.93,53.67,18.93,SkinSniper,UUSkins
2026-06-03T23:45:48Z,1780530348,api,3b77bff2c945,Sticker | br0 (Holo) | Cologne 2026,br0 (Holo),Holo,https://csgoskins.gg/items/sticker-br0-holo-cologne-2026,ok,2.67,2.96,2.67,SkinSniper,UUSkins
2026-06-03T23:45:49Z,1780530349,api,f6fbab9c6f78,Sticker | maxxkor (Holo) | Cologne 2026,maxxkor (Holo),Holo,https://csgoskins.gg/items/sticker-maxxkor-holo-cologne-2026,ok,1.01,1.59,1.01,SkinSniper,UUSkins
2026-06-03T23:45:49Z,1780530349,api,98bd56df9591,Sticker | Natus Vincere (Holo) | Cologne 2026,Natus Vincere (Holo),Holo,https://csgoskins.gg/items/sticker-natus-vincere-holo-cologne-2026,ok,15.53,25.0,15.53,SkinSniper,UUSkins
2026-06-03T23:45:50Z,1780530350,api,7663d56a8dea,Sticker | NAF (Holo) | Cologne 2026,NAF (Holo),Holo,https://csgoskins.gg/items/sticker-naf-holo-cologne-2026,ok,1.76,2.21,1.76,SkinSniper,UUSkins
2026-06-03T23:45:51Z,1780530351,api,bd59bc928757,Sticker | GamerLegion (Holo) | Cologne 2026,GamerLegion (Holo),Holo,https://csgoskins.gg/items/sticker-gamerlegion-holo-cologne-2026,ok,8.73,13.0,8.73,SkinSniper,UUSkins
2026-06-03T23:45:51Z,1780530351,api,85bebf40159a,Sticker | Boombl4 (Holo) | Cologne 2026,Boombl4 (Holo),Holo,https://csgoskins.gg/items/sticker-boombl4-holo-cologne-2026,ok,4.99,20.0,4.99,SkinSniper,UUSkins
2026-06-03T23:45:52Z,1780530352,api,6ea183add0ef,Sticker | Jame (Holo) | Cologne 2026,Jame (Holo),Holo,https://csgoskins.gg/items/sticker-jame-holo-cologne-2026,ok,4.43,5.82,4.43,SkinSniper,UUSkins
2026-06-03T23:45:53Z,1780530353,api,9f3fa39ccc21,Sticker | malbsMd (Holo) | Cologne 2026,malbsMd (Holo),Holo,https://csgoskins.gg/items/sticker-malbsmd-holo-cologne-2026,ok,1.31,1.33,1.31,SkinSniper,UUSkins
2026-06-03T23:45:53Z,1780530353,api,17c4fd194704,Sticker | oSee (Holo) | Cologne 2026,oSee (Holo),Holo,https://csgoskins.gg/items/sticker-osee-holo-cologne-2026,ok,1.99,3.19,1.99,SkinSniper,UUSkins
2026-06-03T23:45:54Z,1780530354,api,5a2393e5fa57,Sticker | ZywOo (Holo) | Cologne 2026,ZywOo (Holo),Holo,https://csgoskins.gg/items/sticker-zywoo-holo-cologne-2026,ok,23.66,30.0,23.66,SkinSniper,UUSkins
2026-06-03T23:45:55Z,1780530355,api,bc609878776e,Sticker | donk (Holo) | Cologne 2026,donk (Holo),Holo,https://csgoskins.gg/items/sticker-donk-holo-cologne-2026,ok,30.47,32.76,30.47,SkinSniper,UUSkins
2026-06-03T23:45:55Z,1780530355,api,1320996ad66c,Sticker | ultimate (Holo) | Cologne 2026,ultimate (Holo),Holo,https://csgoskins.gg/items/sticker-ultimate-holo-cologne-2026,ok,1.16,2.4,1.16,SkinSniper,UUSkins
2026-06-03T23:45:56Z,1780530356,api,55ae981c50cf,Sticker | IEM (Holo) | Cologne 2026,IEM (Holo),Holo,https://csgoskins.gg/items/sticker-iem-holo-cologne-2026,ok,10.36,25.62,10.36,SkinSniper,UUSkins
2026-06-03T23:45:57Z,1780530357,api,cc8283a1d435,Sticker | Team Spirit (Holo) | Cologne 2026,Team Spirit (Holo),Holo,https://csgoskins.gg/items/sticker-team-spirit-holo-cologne-2026,ok,23.74,34.56,23.74,SkinSniper,UUSkins
2026-06-03T23:45:57Z,1780530357,api,1ed34275b90e,Sticker | kyxsan (Holo) | Cologne 2026,kyxsan (Holo),Holo,https://csgoskins.gg/items/sticker-kyxsan-holo-cologne-2026,ok,3.21,10.0,3.21,SkinSniper,UUSkins
2026-06-03T23:45:58Z,1780530358,api,277c2f345667,Sticker | asap (Holo) | Cologne 2026,asap (Holo),Holo,https://csgoskins.gg/items/sticker-asap-holo-cologne-2026,ok,7.4,13.5,7.4,SkinSniper,UUSkins
2026-06-03T23:45:59Z,1780530359,api,211ef42add7d,Sticker | EmiliaQAQ (Holo) | Cologne 2026,EmiliaQAQ (Holo),Holo,https://csgoskins.gg/items/sticker-emiliaqaq-holo-cologne-2026,ok,1.88,5.75,1.88,SkinSniper,UUSkins
2026-06-03T23:45:59Z,1780530359,api,fcb303a6898e,Sticker | JDC (Holo) | Cologne 2026,JDC (Holo),Holo,https://csgoskins.gg/items/sticker-jdc-holo-cologne-2026,ok,2.84,20.5,2.84,SkinSniper,UUSkins
2026-06-03T23:46:00Z,1780530360,api,03fffdf9d165,Sticker | dexter (Holo) | Cologne 2026,dexter (Holo),Holo,https://csgoskins.gg/items/sticker-dexter-holo-cologne-2026,ok,11.83,15.14,11.83,SkinSniper,UUSkins
2026-06-03T23:49:41Z,1780530581,visualize:favorites,08012c24edef,Sticker | 9z Team (Holo) | Cologne 2026,9z Team (Holo),Holo,https://csgoskins.gg/items/sticker-9z-team-holo-cologne-2026,ok,4.15,5.0,4.15,SkinSniper,UUSkins
2026-06-03T23:49:41Z,1780530581,visualize:favorites,277c2f345667,Sticker | asap (Holo) | Cologne 2026,asap (Holo),Holo,https://csgoskins.gg/items/sticker-asap-holo-cologne-2026,ok,7.4,13.5,7.4,SkinSniper,UUSkins
2026-06-03T23:49:42Z,1780530582,visualize:favorites,ef893d39098d,Sticker | aliStair (Holo) | Cologne 2026,aliStair (Holo),Holo,https://csgoskins.gg/items/sticker-alistair-holo-cologne-2026,ok,2.12,3.56,2.12,SkinSniper,UUSkins
2026-06-03T23:49:45Z,1780530585,visualize:favorites,97fa3a994577,Sticker | B8 (Holo) | Cologne 2026,B8 (Holo),Holo,https://csgoskins.gg/items/sticker-b8-holo-cologne-2026,ok,4.41,6.0,4.41,SkinSniper,UUSkins
2026-06-03T23:49:44Z,1780530584,visualize:favorites,84bea33324ce,Sticker | Astralis (Holo) | Cologne 2026,Astralis (Holo),Holo,https://csgoskins.gg/items/sticker-astralis-holo-cologne-2026,ok,6.22,9.02,6.22,SkinSniper,UUSkins
2026-06-03T23:49:44Z,1780530584,visualize:favorites,8cddaf065473,Sticker | Aurora (Holo) | Cologne 2026,Aurora (Holo),Holo,https://csgoskins.gg/items/sticker-aurora-holo-cologne-2026,ok,5.14,7.3,5.14,SkinSniper,UUSkins
2026-06-03T23:49:47Z,1780530587,visualize:favorites,5c77121eb587,Sticker | BELCHONOKK (Holo) | Cologne 2026,BELCHONOKK (Holo),Holo,https://csgoskins.gg/items/sticker-belchonokk-holo-cologne-2026,ok,1.01,2.83,1.01,SkinSniper,UUSkins
2026-06-03T23:49:47Z,1780530587,visualize:favorites,05e866d13d83,Sticker | BetBoom (Holo) | Cologne 2026,BetBoom (Holo),Holo,https://csgoskins.gg/items/sticker-betboom-holo-cologne-2026,ok,6.5,7.36,6.5,SkinSniper,UUSkins
2026-06-03T23:49:48Z,1780530588,visualize:favorites,cb066e4e5b7e,Sticker | BIG (Holo) | Cologne 2026,BIG (Holo),Holo,https://csgoskins.gg/items/sticker-big-holo-cologne-2026,ok,3.79,5.75,3.79,SkinSniper,UUSkins
2026-06-03T23:49:49Z,1780530589,visualize:favorites,85bebf40159a,Sticker | Boombl4 (Holo) | Cologne 2026,Boombl4 (Holo),Holo,https://csgoskins.gg/items/sticker-boombl4-holo-cologne-2026,ok,4.99,20.0,4.99,SkinSniper,UUSkins
2026-06-03T23:49:49Z,1780530589,visualize:favorites,3b77bff2c945,Sticker | br0 (Holo) | Cologne 2026,br0 (Holo),Holo,https://csgoskins.gg/items/sticker-br0-holo-cologne-2026,ok,2.67,2.96,2.67,SkinSniper,UUSkins
2026-06-03T23:49:50Z,1780530590,visualize:favorites,03fffdf9d165,Sticker | dexter (Holo) | Cologne 2026,dexter (Holo),Holo,https://csgoskins.gg/items/sticker-dexter-holo-cologne-2026,ok,11.83,15.14,11.83,SkinSniper,UUSkins
2026-06-03T23:49:51Z,1780530591,visualize:favorites,497d22fda716,Sticker | doc (Holo) | Cologne 2026,doc (Holo),Holo,https://csgoskins.gg/items/sticker-doc-holo-cologne-2026,ok,2.8,4.43,2.8,SkinSniper,UUSkins
2026-06-03T23:49:51Z,1780530591,visualize:favorites,bc609878776e,Sticker | donk (Holo) | Cologne 2026,donk (Holo),Holo,https://csgoskins.gg/items/sticker-donk-holo-cologne-2026,ok,30.47,32.76,30.47,SkinSniper,UUSkins
2026-06-03T23:49:52Z,1780530592,visualize:favorites,fd87e12b4306,Sticker | EliGE (Holo) | Cologne 2026,EliGE (Holo),Holo,https://csgoskins.gg/items/sticker-elige-holo-cologne-2026,ok,3.69,8.1,3.69,SkinSniper,UUSkins
2026-06-03T23:49:53Z,1780530593,visualize:favorites,211ef42add7d,Sticker | EmiliaQAQ (Holo) | Cologne 2026,EmiliaQAQ (Holo),Holo,https://csgoskins.gg/items/sticker-emiliaqaq-holo-cologne-2026,ok,1.88,5.75,1.88,SkinSniper,UUSkins
2026-06-03T23:49:54Z,1780530594,visualize:favorites,d3de56fb6253,Sticker | FL4MUS (Holo) | Cologne 2026,FL4MUS (Holo),Holo,https://csgoskins.gg/items/sticker-fl4mus-holo-cologne-2026,ok,2.12,6.55,2.12,SkinSniper,UUSkins
2026-06-03T23:49:54Z,1780530594,visualize:favorites,55f0bea61a2c,Sticker | Falcons (Holo) | Cologne 2026,Falcons (Holo),Holo,https://csgoskins.gg/items/sticker-falcons-holo-cologne-2026,ok,23.22,27.24,23.22,SkinSniper,UUSkins
2026-06-03T23:49:55Z,1780530595,visualize:favorites,573724344225,Sticker | FlyQuest (Holo) | Cologne 2026,FlyQuest (Holo),Holo,https://csgoskins.gg/items/sticker-flyquest-holo-cologne-2026,ok,8.29,10.39,8.29,SkinSniper,UUSkins
2026-06-03T23:49:56Z,1780530596,visualize:favorites,888e02ff13ff,Sticker | FUT (Holo) | Cologne 2026,FUT (Holo),Holo,https://csgoskins.gg/items/sticker-fut-holo-cologne-2026,ok,5.48,8.0,5.48,SkinSniper,UUSkins
2026-06-03T23:49:56Z,1780530596,visualize:favorites,f77e24374b2b,Sticker | FURIA (Holo) | Cologne 2026,FURIA (Holo),Holo,https://csgoskins.gg/items/sticker-furia-holo-cologne-2026,ok,13.61,23.65,13.61,SkinSniper,UUSkins
2026-06-03T23:49:57Z,1780530597,visualize:favorites,b970a24dac58,Sticker | G2 esports (Holo) | Cologne 2026,G2 esports (Holo),Holo,https://csgoskins.gg/items/sticker-g2-esports-holo-cologne-2026,ok,4.44,5.38,4.44,CSGOSkins,UUSkins
2026-06-03T23:49:58Z,1780530598,visualize:favorites,6442ab880b99,Sticker | gafolo (Holo) | Cologne 2026,gafolo (Holo),Holo,https://csgoskins.gg/items/sticker-gafolo-holo-cologne-2026,ok,1.01,1.37,1.01,CSGOSkins,UUSkins
2026-06-03T23:49:58Z,1780530598,visualize:favorites,666f5b8f180f,Sticker | Gaimin Gladiators (Holo) | Cologne 2026,Gaimin Gladiators (Holo),Holo,https://csgoskins.gg/items/sticker-gaimin-gladiators-holo-cologne-2026,ok,4.29,10.34,4.29,SkinSniper,UUSkins
2026-06-03T23:49:59Z,1780530599,visualize:favorites,bd59bc928757,Sticker | GamerLegion (Holo) | Cologne 2026,GamerLegion (Holo),Holo,https://csgoskins.gg/items/sticker-gamerlegion-holo-cologne-2026,ok,8.73,13.0,8.73,SkinSniper,UUSkins
2026-06-03T23:50:00Z,1780530600,visualize:favorites,396de15d3b80,Sticker | HEROIC (Holo) | Cologne 2026,HEROIC (Holo),Holo,https://csgoskins.gg/items/sticker-heroic-holo-cologne-2026,ok,3.55,3.8,3.55,SkinSniper,UUSkins
2026-06-03T23:50:00Z,1780530600,visualize:favorites,55ae981c50cf,Sticker | IEM (Holo) | Cologne 2026,IEM (Holo),Holo,https://csgoskins.gg/items/sticker-iem-holo-cologne-2026,ok,10.36,25.62,10.36,SkinSniper,UUSkins
2026-06-03T23:50:01Z,1780530601,visualize:favorites,6ea183add0ef,Sticker | Jame (Holo) | Cologne 2026,Jame (Holo),Holo,https://csgoskins.gg/items/sticker-jame-holo-cologne-2026,ok,4.43,5.82,4.43,SkinSniper,UUSkins
2026-06-03T23:50:02Z,1780530602,visualize:favorites,aacac2361330,Sticker | JamYoung (Holo) | Cologne 2026,JamYoung (Holo),Holo,https://csgoskins.gg/items/sticker-jamyoung-holo-cologne-2026,ok,4.43,6.76,4.43,SkinSniper,UUSkins
2026-06-03T23:50:02Z,1780530602,visualize:favorites,fcb303a6898e,Sticker | JDC (Holo) | Cologne 2026,JDC (Holo),Holo,https://csgoskins.gg/items/sticker-jdc-holo-cologne-2026,ok,2.84,20.5,2.84,SkinSniper,UUSkins
2026-06-03T23:50:03Z,1780530603,visualize:favorites,1290d50e45f8,Sticker | Jee (Holo) | Cologne 2026,Jee (Holo),Holo,https://csgoskins.gg/items/sticker-jee-holo-cologne-2026,ok,3.11,4.95,3.11,SkinSniper,UUSkins
2026-06-03T23:50:04Z,1780530604,visualize:favorites,0fd07921f22b,Sticker | koala (Holo) | Cologne 2026,koala (Holo),Holo,https://csgoskins.gg/items/sticker-koala-holo-cologne-2026,ok,1.47,3.32,1.47,SkinSniper,UUSkins
2026-06-03T23:50:04Z,1780530604,visualize:favorites,bb7763f5a8e6,Sticker | kyousuke (Holo) | Cologne 2026,kyousuke (Holo),Holo,https://csgoskins.gg/items/sticker-kyousuke-holo-cologne-2026,ok,15.38,44.73,15.38,SkinSniper,UUSkins
2026-06-03T23:50:05Z,1780530605,visualize:favorites,1ed34275b90e,Sticker | kyxsan (Holo) | Cologne 2026,kyxsan (Holo),Holo,https://csgoskins.gg/items/sticker-kyxsan-holo-cologne-2026,ok,3.21,10.0,3.21,SkinSniper,UUSkins
2026-06-03T23:50:06Z,1780530606,visualize:favorites,7aad5666deed,Sticker | Legacy (Holo) | Cologne 2026,Legacy (Holo),Holo,https://csgoskins.gg/items/sticker-legacy-holo-cologne-2026,ok,6.22,11.99,6.22,SkinSniper,UUSkins
2026-06-03T23:50:06Z,1780530606,visualize:favorites,d2c8126cec6f,Sticker | Liazz (Holo) | Cologne 2026,Liazz (Holo),Holo,https://csgoskins.gg/items/sticker-liazz-holo-cologne-2026,ok,2.67,3.67,2.67,SkinSniper,UUSkins
2026-06-03T23:50:07Z,1780530607,visualize:favorites,a6f5dfa82c23,Sticker | Lynn Vision (Holo) | Cologne 2026,Lynn Vision (Holo),Holo,https://csgoskins.gg/items/sticker-lynn-vision-holo-cologne-2026,ok,6.22,6.75,6.22,SkinSniper,UUSkins
2026-06-03T23:50:08Z,1780530608,visualize:favorites,3023673eb5a8,Sticker | m0NESY (Holo) | Cologne 2026,m0NESY (Holo),Holo,https://csgoskins.gg/items/sticker-m0nesy-holo-cologne-2026,ok,18.49,26.97,18.49,SkinSniper,UUSkins
2026-06-03T23:50:08Z,1780530608,visualize:favorites,39d3a2e2d65e,Sticker | M80 (Holo) | Cologne 2026,M80 (Holo),Holo,https://csgoskins.gg/items/sticker-m80-holo-cologne-2026,ok,6.22,12.99,6.22,SkinSniper,UUSkins
2026-06-03T23:50:09Z,1780530609,visualize:favorites,5f780340315c,Sticker | Magnojez (Holo) | Cologne 2026,Magnojez (Holo),Holo,https://csgoskins.gg/items/sticker-magnojez-holo-cologne-2026,ok,3.55,5.57,3.55,SkinSniper,UUSkins
2026-06-03T23:50:10Z,1780530610,visualize:favorites,9f3fa39ccc21,Sticker | malbsMd (Holo) | Cologne 2026,malbsMd (Holo),Holo,https://csgoskins.gg/items/sticker-malbsmd-holo-cologne-2026,ok,1.31,1.33,1.31,SkinSniper,UUSkins
2026-06-03T23:50:10Z,1780530610,visualize:favorites,f6fbab9c6f78,Sticker | maxxkor (Holo) | Cologne 2026,maxxkor (Holo),Holo,https://csgoskins.gg/items/sticker-maxxkor-holo-cologne-2026,ok,1.01,1.59,1.01,SkinSniper,UUSkins
2026-06-03T23:50:12Z,1780530612,visualize:favorites,548001363495,Sticker | Mercury (Holo) | Cologne 2026,Mercury (Holo),Holo,https://csgoskins.gg/items/sticker-mercury-holo-cologne-2026,ok,2.06,3.95,2.06,SkinSniper,UUSkins
2026-06-03T23:50:12Z,1780530612,visualize:favorites,91f1a6b88f72,Sticker | MIBR (Holo) | Cologne 2026,MIBR (Holo),Holo,https://csgoskins.gg/items/sticker-mibr-holo-cologne-2026,ok,3.32,3.7,3.32,SkinSniper,UUSkins
2026-06-03T23:50:12Z,1780530612,visualize:favorites,fae9152c9494,Sticker | Monte (Holo) | Cologne 2026,Monte (Holo),Holo,https://csgoskins.gg/items/sticker-monte-holo-cologne-2026,ok,4.28,5.75,4.28,SkinSniper,UUSkins
2026-06-03T23:50:14Z,1780530614,visualize:favorites,f6bb65caa27f,Sticker | Moseyuh (Holo) | Cologne 2026,Moseyuh (Holo),Holo,https://csgoskins.gg/items/sticker-moseyuh-holo-cologne-2026,ok,2.72,3.95,2.72,SkinSniper,UUSkins
2026-06-03T23:50:14Z,1780530614,visualize:favorites,a4a3936c731b,Sticker | MOUZ (Holo) | Cologne 2026,MOUZ (Holo),Holo,https://csgoskins.gg/items/sticker-mouz-holo-cologne-2026,ok,7.99,10.74,7.99,SkinSniper,UUSkins
2026-06-03T23:50:14Z,1780530614,visualize:favorites,7663d56a8dea,Sticker | NAF (Holo) | Cologne 2026,NAF (Holo),Holo,https://csgoskins.gg/items/sticker-naf-holo-cologne-2026,ok,1.76,2.21,1.76,SkinSniper,UUSkins
2026-06-03T23:50:16Z,1780530616,visualize:favorites,14697964ea54,Sticker | NiKo (Holo) | Cologne 2026,NiKo (Holo),Holo,https://csgoskins.gg/items/sticker-niko-holo-cologne-2026,ok,12.28,25.0,12.28,CSGOSkins,UUSkins
2026-06-03T23:50:16Z,1780530616,visualize:favorites,98bd56df9591,Sticker | Natus Vincere (Holo) | Cologne 2026,Natus Vincere (Holo),Holo,https://csgoskins.gg/items/sticker-natus-vincere-holo-cologne-2026,ok,15.53,25.0,15.53,SkinSniper,UUSkins
2026-06-03T23:50:16Z,1780530616,visualize:favorites,d6ec81bd977b,Sticker | NRG (Holo) | Cologne 2026,NRG (Holo),Holo,https://csgoskins.gg/items/sticker-nrg-holo-cologne-2026,ok,7.99,23.0,7.99,SkinSniper,UUSkins
2026-06-03T23:50:17Z,1780530617,visualize:favorites,17c4fd194704,Sticker | oSee (Holo) | Cologne 2026,oSee (Holo),Holo,https://csgoskins.gg/items/sticker-osee-holo-cologne-2026,ok,1.99,3.19,1.99,SkinSniper,UUSkins
2026-06-03T23:50:18Z,1780530618,visualize:favorites,0927c21045c2,Sticker | paiN Gaming (Holo) | Cologne 2026,paiN Gaming (Holo),Holo,https://csgoskins.gg/items/sticker-pain-gaming-holo-cologne-2026,ok,4.17,4.6,4.17,SkinSniper,UUSkins
2026-06-03T23:50:18Z,1780530618,visualize:favorites,3292ee18e768,Sticker | PARIVISION (Holo) | Cologne 2026,PARIVISION (Holo),Holo,https://csgoskins.gg/items/sticker-parivision-holo-cologne-2026,ok,5.83,18.04,5.83,SkinSniper,UUSkins
2026-06-03T23:50:20Z,1780530620,visualize:favorites,d1dda4ae4bf0,Sticker | rdnzao (Holo) | Cologne 2026,rdnzao (Holo),Holo,https://csgoskins.gg/items/sticker-rdnzao-holo-cologne-2026,ok,1.93,2.25,1.93,SkinSniper,UUSkins
2026-06-03T23:50:20Z,1780530620,visualize:favorites,dd37bc13bea6,Sticker | ropz (Holo) | Cologne 2026,ropz (Holo),Holo,https://csgoskins.gg/items/sticker-ropz-holo-cologne-2026,ok,23.22,29.99,23.22,SkinSniper,UUSkins
2026-06-03T23:50:20Z,1780530620,visualize:favorites,abe272caf8fe,Sticker | ryu (Holo) | Cologne 2026,ryu (Holo),Holo,https://csgoskins.gg/items/sticker-ryu-holo-cologne-2026,ok,1.7,1.7,2.73,SkinSniper,UUSkins
2026-06-03T23:50:22Z,1780530622,visualize:favorites,f81be8cece16,Sticker | S1ren (Holo) | Cologne 2026,S1ren (Holo),Holo,https://csgoskins.gg/items/sticker-s1ren-holo-cologne-2026,ok,5.18,5.52,5.18,SkinSniper,UUSkins
2026-06-03T23:50:22Z,1780530622,visualize:favorites,29fd6c914915,Sticker | s1n (Holo) | Cologne 2026,s1n (Holo),Holo,https://csgoskins.gg/items/sticker-s1n-holo-cologne-2026,ok,0.98,2.46,0.98,SkinSniper,UUSkins
2026-06-03T23:50:22Z,1780530622,visualize:favorites,3621c3a87cd4,Sticker | Sharks Esports (Holo) | Cologne 2026,Sharks Esports (Holo),Holo,https://csgoskins.gg/items/sticker-sharks-esports-holo-cologne-2026,ok,5.59,13.34,5.59,SkinSniper,UUSkins
2026-06-03T23:50:24Z,1780530624,visualize:favorites,83e4230ec809,Sticker | SINNERS (Holo) | Cologne 2026,SINNERS (Holo),Holo,https://csgoskins.gg/items/sticker-sinners-holo-cologne-2026,ok,8.66,,8.66,,UUSkins
2026-06-03T23:50:25Z,1780530625,visualize:favorites,902f2e3f6274,Sticker | Team Liquid (Holo) | Cologne 2026,Team Liquid (Holo),Holo,https://csgoskins.gg/items/sticker-team-liquid-holo-cologne-2026,ok,15.97,46.9,15.97,SkinSniper,UUSkins
2026-06-03T23:50:25Z,1780530625,visualize:favorites,cc8283a1d435,Sticker | Team Spirit (Holo) | Cologne 2026,Team Spirit (Holo),Holo,https://csgoskins.gg/items/sticker-team-spirit-holo-cologne-2026,ok,23.74,34.56,23.74,SkinSniper,UUSkins
2026-06-03T23:50:26Z,1780530626,visualize:favorites,03a461d6d761,Sticker | TeSeS (Holo) | Cologne 2026,TeSeS (Holo),Holo,https://csgoskins.gg/items/sticker-teses-holo-cologne-2026,ok,3.76,5.45,3.76,SkinSniper,UUSkins
2026-06-03T23:50:27Z,1780530627,visualize:favorites,224ba8b64dda,Sticker | THUNDERdOWNUNDER (Holo) | Cologne 2026,THUNDERdOWNUNDER (Holo),Holo,https://csgoskins.gg/items/sticker-thunder-downunder-holo-cologne-2026,ok,23.37,,23.37,,UUSkins
2026-06-03T23:50:27Z,1780530627,visualize:favorites,ac189711479a,Sticker | The Mongolz (Holo) | Cologne 2026,The Mongolz (Holo),Holo,https://csgoskins.gg/items/sticker-the-mongolz-holo-cologne-2026,ok,10.36,11.72,10.36,SkinSniper,UUSkins
2026-06-03T23:50:28Z,1780530628,visualize:favorites,092bb16ad86f,Sticker | TjP (Holo) | Cologne 2026,TjP (Holo),Holo,https://csgoskins.gg/items/sticker-tjp-holo-cologne-2026,ok,2.96,10.53,2.96,SkinSniper,UUSkins
2026-06-03T23:50:29Z,1780530629,visualize:favorites,8df88522d91a,Sticker | TYLOO (Holo) | Cologne 2026,TYLOO (Holo),Holo,https://csgoskins.gg/items/sticker-tyloo-holo-cologne-2026,ok,8.95,11.4,8.95,SkinSniper,UUSkins
2026-06-03T23:50:29Z,1780530629,visualize:favorites,1320996ad66c,Sticker | ultimate (Holo) | Cologne 2026,ultimate (Holo),Holo,https://csgoskins.gg/items/sticker-ultimate-holo-cologne-2026,ok,1.16,2.4,1.16,SkinSniper,UUSkins
2026-06-03T23:50:30Z,1780530630,visualize:favorites,51ce27fe1b8c,Sticker | Vitality (Holo) | Cologne 2026,Vitality (Holo),Holo,https://csgoskins.gg/items/sticker-vitality-holo-cologne-2026,ok,18.93,53.67,18.93,SkinSniper,UUSkins
2026-06-03T23:50:31Z,1780530631,visualize:favorites,c7c168af76bb,Sticker | xiELO (Holo) | Cologne 2026,xiELO (Holo),Holo,https://csgoskins.gg/items/sticker-xielo-holo-cologne-2026,ok,1.06,2.03,1.06,SkinSniper,UUSkins
2026-06-03T23:50:31Z,1780530631,visualize:favorites,23c660a4589d,Sticker | z4KR (Holo) | Cologne 2026,z4KR (Holo),Holo,https://csgoskins.gg/items/sticker-z4kr-holo-cologne-2026,ok,2.24,3.69,2.24,SkinSniper,UUSkins
2026-06-03T23:50:32Z,1780530632,visualize:favorites,662a4956f2a0,Sticker | Zero (Holo) | Cologne 2026,Zero (Holo),Holo,https://csgoskins.gg/items/sticker-zero-holo-cologne-2026,ok,3.68,20.0,3.68,SkinSniper,UUSkins
2026-06-03T23:50:33Z,1780530633,visualize:favorites,f30aa8a5b607,Sticker | zorte (Holo) | Cologne 2026,zorte (Holo),Holo,https://csgoskins.gg/items/sticker-zorte-holo-cologne-2026,ok,1.91,5.42,1.91,SkinSniper,UUSkins
2026-06-03T23:50:33Z,1780530633,visualize:favorites,5a2393e5fa57,Sticker | ZywOo (Holo) | Cologne 2026,ZywOo (Holo),Holo,https://csgoskins.gg/items/sticker-zywoo-holo-cologne-2026,ok,23.66,30.0,23.66,SkinSniper,UUSkins
2026-06-03T23:50:36Z,1780530636,visualize:holo,bec2fa69e575,Sticker | 910 (Holo) | Cologne 2026,910 (Holo),Holo,https://csgoskins.gg/items/sticker-910-holo-cologne-2026,ok,4.42,4.83,4.42,SkinSniper,UUSkins
2026-06-03T23:50:36Z,1780530636,visualize:holo,ce776976702f,Sticker | Aleksib (Holo) | Cologne 2026,Aleksib (Holo),Holo,https://csgoskins.gg/items/sticker-aleksib-holo-cologne-2026,ok,6.0,6.0,12.57,SkinSniper,UUSkins
2026-06-03T23:50:36Z,1780530636,visualize:holo,3bbfd6caa311,Sticker | afro (Holo) | Cologne 2026,afro (Holo),Holo,https://csgoskins.gg/items/sticker-afro-holo-cologne-2026,ok,0.89,4.65,0.89,SkinSniper,UUSkins
2026-06-03T23:50:38Z,1780530638,visualize:holo,e3088a331acc,Sticker | alex666 (Holo) | Cologne 2026,alex666 (Holo),Holo,https://csgoskins.gg/items/sticker-alex666-holo-cologne-2026,ok,2.78,3.49,2.78,SkinSniper,UUSkins
2026-06-03T23:50:38Z,1780530638,visualize:holo,14bcd12b76fa,Sticker | apEX (Holo) | Cologne 2026,apEX (Holo),Holo,https://csgoskins.gg/items/sticker-apex-holo-cologne-2026,ok,11.1,11.59,11.1,SkinSniper,UUSkins
2026-06-03T23:50:38Z,1780530638,visualize:holo,6cd76891da90,Sticker | arT (Holo) | Cologne 2026,arT (Holo),Holo,https://csgoskins.gg/items/sticker-art-holo-cologne-2026,ok,3.66,8.0,3.66,SkinSniper,UUSkins
2026-06-03T23:50:40Z,1780530640,visualize:holo,94dac2e78311,Sticker | AZUWU (Holo) | Cologne 2026,AZUWU (Holo),Holo,https://csgoskins.gg/items/sticker-azuwu-holo-cologne-2026,ok,2.81,2.87,2.81,SkinSniper,UUSkins
2026-06-03T23:50:40Z,1780530640,visualize:holo,9a5eb57807b3,Sticker | b1t (Holo) | Cologne 2026,b1t (Holo),Holo,https://csgoskins.gg/items/sticker-b1t-holo-cologne-2026,ok,7.53,7.69,7.53,SkinSniper,UUSkins
2026-06-03T23:50:40Z,1780530640,visualize:holo,203a65c3dc80,Sticker | beastik (Holo) | Cologne 2026,beastik (Holo),Holo,https://csgoskins.gg/items/sticker-beastik-holo-cologne-2026,ok,1.48,11.64,1.48,SkinSniper,UUSkins
2026-06-03T23:50:42Z,1780530642,visualize:holo,5db395ff0e07,Sticker | biguzera (Holo) | Cologne 2026,biguzera (Holo),Holo,https://csgoskins.gg/items/sticker-biguzera-holo-cologne-2026,ok,0.88,1.72,0.88,SkinSniper,UUSkins
2026-06-03T23:50:42Z,1780530642,visualize:holo,1bb7a99bbead,Sticker | blameF (Holo) | Cologne 2026,blameF (Holo),Holo,https://csgoskins.gg/items/sticker-blamef-holo-cologne-2026,ok,4.0,4.0,5.9,CSGOSkins,UUSkins
2026-06-03T23:50:42Z,1780530642,visualize:holo,03c03bd87eed,Sticker | bLitz (Holo) | Cologne 2026,bLitz (Holo),Holo,https://csgoskins.gg/items/sticker-blitz-holo-cologne-2026,ok,0.89,2.39,0.89,SkinSniper,UUSkins
2026-06-03T23:50:45Z,1780530645,visualize:holo,e8d4a81ec33d,Sticker | brnz4n (Holo) | Cologne 2026,brnz4n (Holo),Holo,https://csgoskins.gg/items/sticker-brnz4n-holo-cologne-2026,ok,1.85,3.0,1.85,CSGOSkins,UUSkins
2026-06-03T23:50:45Z,1780530645,visualize:holo,166ce2b3b8d6,Sticker | Brollan (Holo) | Cologne 2026,Brollan (Holo),Holo,https://csgoskins.gg/items/sticker-brollan-holo-cologne-2026,ok,1.61,5.79,1.61,SkinSniper,UUSkins
2026-06-03T23:50:45Z,1780530645,visualize:holo,15d8caaa80ce,Sticker | Bymas (Holo) | Cologne 2026,Bymas (Holo),Holo,https://csgoskins.gg/items/sticker-bymas-holo-cologne-2026,ok,7.37,,7.37,,UUSkins
2026-06-04T00:24:04Z,1780532644,visualize:favorites,ef893d39098d,Sticker | aliStair (Holo) | Cologne 2026,aliStair (Holo),Holo,https://csgoskins.gg/items/sticker-alistair-holo-cologne-2026,ok,2.1,3.56,2.1,SkinSniper,UUSkins
2026-06-04T00:24:04Z,1780532644,visualize:favorites,277c2f345667,Sticker | asap (Holo) | Cologne 2026,asap (Holo),Holo,https://csgoskins.gg/items/sticker-asap-holo-cologne-2026,ok,7.4,13.5,7.4,SkinSniper,UUSkins
2026-06-04T00:24:04Z,1780532644,visualize:favorites,08012c24edef,Sticker | 9z Team (Holo) | Cologne 2026,9z Team (Holo),Holo,https://csgoskins.gg/items/sticker-9z-team-holo-cologne-2026,ok,4.15,5.0,4.15,SkinSniper,UUSkins
2026-06-04T00:24:07Z,1780532647,visualize:favorites,84bea33324ce,Sticker | Astralis (Holo) | Cologne 2026,Astralis (Holo),Holo,https://csgoskins.gg/items/sticker-astralis-holo-cologne-2026,ok,6.07,9.02,6.07,SkinSniper,UUSkins
2026-06-04T00:24:08Z,1780532648,visualize:favorites,97fa3a994577,Sticker | B8 (Holo) | Cologne 2026,B8 (Holo),Holo,https://csgoskins.gg/items/sticker-b8-holo-cologne-2026,ok,4.41,6.0,4.41,SkinSniper,UUSkins
2026-06-04T00:24:08Z,1780532648,visualize:favorites,8cddaf065473,Sticker | Aurora (Holo) | Cologne 2026,Aurora (Holo),Holo,https://csgoskins.gg/items/sticker-aurora-holo-cologne-2026,ok,5.14,7.3,5.14,SkinSniper,UUSkins
2026-06-04T00:24:09Z,1780532649,visualize:favorites,5c77121eb587,Sticker | BELCHONOKK (Holo) | Cologne 2026,BELCHONOKK (Holo),Holo,https://csgoskins.gg/items/sticker-belchonokk-holo-cologne-2026,ok,1.01,2.83,1.01,SkinSniper,UUSkins
2026-06-04T00:24:10Z,1780532650,visualize:favorites,05e866d13d83,Sticker | BetBoom (Holo) | Cologne 2026,BetBoom (Holo),Holo,https://csgoskins.gg/items/sticker-betboom-holo-cologne-2026,ok,6.48,7.36,6.48,SkinSniper,UUSkins
2026-06-04T00:24:11Z,1780532651,visualize:favorites,cb066e4e5b7e,Sticker | BIG (Holo) | Cologne 2026,BIG (Holo),Holo,https://csgoskins.gg/items/sticker-big-holo-cologne-2026,ok,3.79,5.75,3.79,SkinSniper,UUSkins
2026-06-04T00:24:11Z,1780532651,visualize:favorites,85bebf40159a,Sticker | Boombl4 (Holo) | Cologne 2026,Boombl4 (Holo),Holo,https://csgoskins.gg/items/sticker-boombl4-holo-cologne-2026,ok,4.99,20.0,4.99,SkinSniper,UUSkins
2026-06-04T00:24:12Z,1780532652,visualize:favorites,3b77bff2c945,Sticker | br0 (Holo) | Cologne 2026,br0 (Holo),Holo,https://csgoskins.gg/items/sticker-br0-holo-cologne-2026,ok,2.67,2.96,2.67,SkinSniper,UUSkins
2026-06-04T00:24:13Z,1780532653,visualize:favorites,497d22fda716,Sticker | doc (Holo) | Cologne 2026,doc (Holo),Holo,https://csgoskins.gg/items/sticker-doc-holo-cologne-2026,ok,2.8,4.43,2.8,SkinSniper,UUSkins
2026-06-04T00:24:13Z,1780532653,visualize:favorites,03fffdf9d165,Sticker | dexter (Holo) | Cologne 2026,dexter (Holo),Holo,https://csgoskins.gg/items/sticker-dexter-holo-cologne-2026,ok,11.83,15.14,11.83,SkinSniper,UUSkins
2026-06-04T00:24:14Z,1780532654,visualize:favorites,bc609878776e,Sticker | donk (Holo) | Cologne 2026,donk (Holo),Holo,https://csgoskins.gg/items/sticker-donk-holo-cologne-2026,ok,30.39,32.76,30.39,SkinSniper,UUSkins
2026-06-04T00:24:15Z,1780532655,visualize:favorites,fd87e12b4306,Sticker | EliGE (Holo) | Cologne 2026,EliGE (Holo),Holo,https://csgoskins.gg/items/sticker-elige-holo-cologne-2026,ok,3.69,8.1,3.69,SkinSniper,UUSkins
2026-06-04T00:24:15Z,1780532655,visualize:favorites,211ef42add7d,Sticker | EmiliaQAQ (Holo) | Cologne 2026,EmiliaQAQ (Holo),Holo,https://csgoskins.gg/items/sticker-emiliaqaq-holo-cologne-2026,ok,1.88,5.75,1.88,SkinSniper,UUSkins
2026-06-04T00:24:16Z,1780532656,visualize:favorites,55f0bea61a2c,Sticker | Falcons (Holo) | Cologne 2026,Falcons (Holo),Holo,https://csgoskins.gg/items/sticker-falcons-holo-cologne-2026,ok,23.22,27.24,23.22,SkinSniper,UUSkins
2026-06-04T00:24:17Z,1780532657,visualize:favorites,d3de56fb6253,Sticker | FL4MUS (Holo) | Cologne 2026,FL4MUS (Holo),Holo,https://csgoskins.gg/items/sticker-fl4mus-holo-cologne-2026,ok,2.0,6.55,2.0,SkinSniper,UUSkins
2026-06-04T00:24:18Z,1780532658,visualize:favorites,573724344225,Sticker | FlyQuest (Holo) | Cologne 2026,FlyQuest (Holo),Holo,https://csgoskins.gg/items/sticker-flyquest-holo-cologne-2026,ok,8.29,10.39,8.29,SkinSniper,UUSkins
2026-06-04T00:24:19Z,1780532659,visualize:favorites,f77e24374b2b,Sticker | FURIA (Holo) | Cologne 2026,FURIA (Holo),Holo,https://csgoskins.gg/items/sticker-furia-holo-cologne-2026,ok,13.61,23.65,13.61,SkinSniper,UUSkins
2026-06-04T00:24:19Z,1780532659,visualize:favorites,888e02ff13ff,Sticker | FUT (Holo) | Cologne 2026,FUT (Holo),Holo,https://csgoskins.gg/items/sticker-fut-holo-cologne-2026,ok,5.62,8.0,5.62,SkinSniper,UUSkins
2026-06-04T00:24:20Z,1780532660,visualize:favorites,b970a24dac58,Sticker | G2 esports (Holo) | Cologne 2026,G2 esports (Holo),Holo,https://csgoskins.gg/items/sticker-g2-esports-holo-cologne-2026,ok,4.44,5.38,4.44,CSGOSkins,UUSkins
2026-06-04T00:24:21Z,1780532661,visualize:favorites,6442ab880b99,Sticker | gafolo (Holo) | Cologne 2026,gafolo (Holo),Holo,https://csgoskins.gg/items/sticker-gafolo-holo-cologne-2026,ok,1.01,1.37,1.01,CSGOSkins,UUSkins
2026-06-04T00:24:21Z,1780532661,visualize:favorites,666f5b8f180f,Sticker | Gaimin Gladiators (Holo) | Cologne 2026,Gaimin Gladiators (Holo),Holo,https://csgoskins.gg/items/sticker-gaimin-gladiators-holo-cologne-2026,ok,4.29,10.34,4.29,SkinSniper,UUSkins
2026-06-04T00:24:22Z,1780532662,visualize:favorites,bd59bc928757,Sticker | GamerLegion (Holo) | Cologne 2026,GamerLegion (Holo),Holo,https://csgoskins.gg/items/sticker-gamerlegion-holo-cologne-2026,ok,8.73,13.0,8.73,SkinSniper,UUSkins
2026-06-04T00:24:23Z,1780532663,visualize:favorites,396de15d3b80,Sticker | HEROIC (Holo) | Cologne 2026,HEROIC (Holo),Holo,https://csgoskins.gg/items/sticker-heroic-holo-cologne-2026,ok,3.55,3.8,3.55,SkinSniper,UUSkins
2026-06-04T00:24:23Z,1780532663,visualize:favorites,55ae981c50cf,Sticker | IEM (Holo) | Cologne 2026,IEM (Holo),Holo,https://csgoskins.gg/items/sticker-iem-holo-cologne-2026,ok,10.36,25.62,10.36,SkinSniper,UUSkins
2026-06-04T00:24:24Z,1780532664,visualize:favorites,6ea183add0ef,Sticker | Jame (Holo) | Cologne 2026,Jame (Holo),Holo,https://csgoskins.gg/items/sticker-jame-holo-cologne-2026,ok,4.37,5.82,4.37,SkinSniper,UUSkins
2026-06-04T00:24:25Z,1780532665,visualize:favorites,aacac2361330,Sticker | JamYoung (Holo) | Cologne 2026,JamYoung (Holo),Holo,https://csgoskins.gg/items/sticker-jamyoung-holo-cologne-2026,ok,5.09,6.76,5.09,SkinSniper,UUSkins
2026-06-04T00:24:25Z,1780532665,visualize:favorites,fcb303a6898e,Sticker | JDC (Holo) | Cologne 2026,JDC (Holo),Holo,https://csgoskins.gg/items/sticker-jdc-holo-cologne-2026,ok,2.84,20.5,2.84,SkinSniper,UUSkins
2026-06-04T00:24:26Z,1780532666,visualize:favorites,1290d50e45f8,Sticker | Jee (Holo) | Cologne 2026,Jee (Holo),Holo,https://csgoskins.gg/items/sticker-jee-holo-cologne-2026,ok,3.18,4.95,3.18,SkinSniper,UUSkins
2026-06-04T00:24:27Z,1780532667,visualize:favorites,0fd07921f22b,Sticker | koala (Holo) | Cologne 2026,koala (Holo),Holo,https://csgoskins.gg/items/sticker-koala-holo-cologne-2026,ok,0.89,3.32,0.89,SkinSniper,UUSkins
2026-06-04T00:24:27Z,1780532667,visualize:favorites,bb7763f5a8e6,Sticker | kyousuke (Holo) | Cologne 2026,kyousuke (Holo),Holo,https://csgoskins.gg/items/sticker-kyousuke-holo-cologne-2026,ok,15.24,44.73,15.24,SkinSniper,UUSkins
2026-06-04T00:24:28Z,1780532668,visualize:favorites,1ed34275b90e,Sticker | kyxsan (Holo) | Cologne 2026,kyxsan (Holo),Holo,https://csgoskins.gg/items/sticker-kyxsan-holo-cologne-2026,ok,3.21,10.0,3.21,SkinSniper,UUSkins
2026-06-04T00:24:29Z,1780532669,visualize:favorites,7aad5666deed,Sticker | Legacy (Holo) | Cologne 2026,Legacy (Holo),Holo,https://csgoskins.gg/items/sticker-legacy-holo-cologne-2026,ok,6.22,11.99,6.22,SkinSniper,UUSkins
2026-06-04T00:24:29Z,1780532669,visualize:favorites,d2c8126cec6f,Sticker | Liazz (Holo) | Cologne 2026,Liazz (Holo),Holo,https://csgoskins.gg/items/sticker-liazz-holo-cologne-2026,ok,2.67,3.67,2.67,SkinSniper,UUSkins
2026-06-04T00:24:30Z,1780532670,visualize:favorites,a6f5dfa82c23,Sticker | Lynn Vision (Holo) | Cologne 2026,Lynn Vision (Holo),Holo,https://csgoskins.gg/items/sticker-lynn-vision-holo-cologne-2026,ok,6.22,6.75,6.22,SkinSniper,UUSkins
2026-06-04T00:24:31Z,1780532671,visualize:favorites,3023673eb5a8,Sticker | m0NESY (Holo) | Cologne 2026,m0NESY (Holo),Holo,https://csgoskins.gg/items/sticker-m0nesy-holo-cologne-2026,ok,18.49,26.97,18.49,SkinSniper,UUSkins
2026-06-04T00:24:31Z,1780532671,visualize:favorites,39d3a2e2d65e,Sticker | M80 (Holo) | Cologne 2026,M80 (Holo),Holo,https://csgoskins.gg/items/sticker-m80-holo-cologne-2026,ok,6.22,12.99,6.22,SkinSniper,UUSkins
2026-06-04T00:24:32Z,1780532672,visualize:favorites,5f780340315c,Sticker | Magnojez (Holo) | Cologne 2026,Magnojez (Holo),Holo,https://csgoskins.gg/items/sticker-magnojez-holo-cologne-2026,ok,3.55,5.57,3.55,SkinSniper,UUSkins
2026-06-04T00:24:33Z,1780532673,visualize:favorites,9f3fa39ccc21,Sticker | malbsMd (Holo) | Cologne 2026,malbsMd (Holo),Holo,https://csgoskins.gg/items/sticker-malbsmd-holo-cologne-2026,ok,1.31,1.33,1.31,SkinSniper,UUSkins
2026-06-04T00:24:33Z,1780532673,visualize:favorites,f6fbab9c6f78,Sticker | maxxkor (Holo) | Cologne 2026,maxxkor (Holo),Holo,https://csgoskins.gg/items/sticker-maxxkor-holo-cologne-2026,ok,1.01,1.59,1.01,SkinSniper,UUSkins
2026-06-04T00:24:34Z,1780532674,visualize:favorites,548001363495,Sticker | Mercury (Holo) | Cologne 2026,Mercury (Holo),Holo,https://csgoskins.gg/items/sticker-mercury-holo-cologne-2026,ok,2.06,3.95,2.06,SkinSniper,UUSkins
2026-06-04T00:24:35Z,1780532675,visualize:favorites,91f1a6b88f72,Sticker | MIBR (Holo) | Cologne 2026,MIBR (Holo),Holo,https://csgoskins.gg/items/sticker-mibr-holo-cologne-2026,ok,3.32,3.7,3.32,SkinSniper,UUSkins
2026-06-04T00:24:35Z,1780532675,visualize:favorites,fae9152c9494,Sticker | Monte (Holo) | Cologne 2026,Monte (Holo),Holo,https://csgoskins.gg/items/sticker-monte-holo-cologne-2026,ok,4.15,5.75,4.15,SkinSniper,UUSkins
2026-06-04T00:24:36Z,1780532676,visualize:favorites,f6bb65caa27f,Sticker | Moseyuh (Holo) | Cologne 2026,Moseyuh (Holo),Holo,https://csgoskins.gg/items/sticker-moseyuh-holo-cologne-2026,ok,2.72,3.95,2.72,SkinSniper,UUSkins
2026-06-04T00:24:37Z,1780532677,visualize:favorites,a4a3936c731b,Sticker | MOUZ (Holo) | Cologne 2026,MOUZ (Holo),Holo,https://csgoskins.gg/items/sticker-mouz-holo-cologne-2026,ok,7.84,10.74,7.84,SkinSniper,UUSkins
2026-06-04T00:24:38Z,1780532678,visualize:favorites,7663d56a8dea,Sticker | NAF (Holo) | Cologne 2026,NAF (Holo),Holo,https://csgoskins.gg/items/sticker-naf-holo-cologne-2026,ok,1.78,2.21,1.78,SkinSniper,UUSkins
2026-06-04T00:24:39Z,1780532679,visualize:favorites,98bd56df9591,Sticker | Natus Vincere (Holo) | Cologne 2026,Natus Vincere (Holo),Holo,https://csgoskins.gg/items/sticker-natus-vincere-holo-cologne-2026,ok,15.53,25.0,15.53,SkinSniper,UUSkins
2026-06-04T00:24:39Z,1780532679,visualize:favorites,14697964ea54,Sticker | NiKo (Holo) | Cologne 2026,NiKo (Holo),Holo,https://csgoskins.gg/items/sticker-niko-holo-cologne-2026,ok,12.28,25.0,12.28,CSGOSkins,UUSkins
2026-06-04T00:24:40Z,1780532680,visualize:favorites,d6ec81bd977b,Sticker | NRG (Holo) | Cologne 2026,NRG (Holo),Holo,https://csgoskins.gg/items/sticker-nrg-holo-cologne-2026,ok,7.99,23.0,7.99,SkinSniper,UUSkins
2026-06-04T00:24:41Z,1780532681,visualize:favorites,17c4fd194704,Sticker | oSee (Holo) | Cologne 2026,oSee (Holo),Holo,https://csgoskins.gg/items/sticker-osee-holo-cologne-2026,ok,1.99,3.19,1.99,SkinSniper,UUSkins
2026-06-04T00:24:41Z,1780532681,visualize:favorites,0927c21045c2,Sticker | paiN Gaming (Holo) | Cologne 2026,paiN Gaming (Holo),Holo,https://csgoskins.gg/items/sticker-pain-gaming-holo-cologne-2026,ok,4.17,4.6,4.17,SkinSniper,UUSkins
2026-06-04T00:24:42Z,1780532682,visualize:favorites,3292ee18e768,Sticker | PARIVISION (Holo) | Cologne 2026,PARIVISION (Holo),Holo,https://csgoskins.gg/items/sticker-parivision-holo-cologne-2026,ok,5.9,18.04,5.9,SkinSniper,UUSkins
2026-06-04T00:24:43Z,1780532683,visualize:favorites,d1dda4ae4bf0,Sticker | rdnzao (Holo) | Cologne 2026,rdnzao (Holo),Holo,https://csgoskins.gg/items/sticker-rdnzao-holo-cologne-2026,ok,1.93,2.25,1.93,SkinSniper,UUSkins
2026-06-04T00:24:43Z,1780532683,visualize:favorites,dd37bc13bea6,Sticker | ropz (Holo) | Cologne 2026,ropz (Holo),Holo,https://csgoskins.gg/items/sticker-ropz-holo-cologne-2026,ok,23.22,29.99,23.22,SkinSniper,UUSkins
2026-06-04T00:24:44Z,1780532684,visualize:favorites,abe272caf8fe,Sticker | ryu (Holo) | Cologne 2026,ryu (Holo),Holo,https://csgoskins.gg/items/sticker-ryu-holo-cologne-2026,ok,1.7,1.7,2.73,SkinSniper,UUSkins
2026-06-04T00:24:45Z,1780532685,visualize:favorites,29fd6c914915,Sticker | s1n (Holo) | Cologne 2026,s1n (Holo),Holo,https://csgoskins.gg/items/sticker-s1n-holo-cologne-2026,ok,0.98,2.46,0.98,SkinSniper,UUSkins
2026-06-04T00:24:45Z,1780532685,visualize:favorites,f81be8cece16,Sticker | S1ren (Holo) | Cologne 2026,S1ren (Holo),Holo,https://csgoskins.gg/items/sticker-s1ren-holo-cologne-2026,ok,5.18,5.52,5.18,SkinSniper,UUSkins
2026-06-04T00:24:46Z,1780532686,visualize:favorites,3621c3a87cd4,Sticker | Sharks Esports (Holo) | Cologne 2026,Sharks Esports (Holo),Holo,https://csgoskins.gg/items/sticker-sharks-esports-holo-cologne-2026,ok,6.14,13.34,6.14,SkinSniper,UUSkins
2026-06-04T00:24:47Z,1780532687,visualize:favorites,83e4230ec809,Sticker | SINNERS (Holo) | Cologne 2026,SINNERS (Holo),Holo,https://csgoskins.gg/items/sticker-sinners-holo-cologne-2026,ok,8.66,,8.66,,UUSkins
2026-06-04T00:24:47Z,1780532687,visualize:favorites,902f2e3f6274,Sticker | Team Liquid (Holo) | Cologne 2026,Team Liquid (Holo),Holo,https://csgoskins.gg/items/sticker-team-liquid-holo-cologne-2026,ok,16.1,46.9,16.1,SkinSniper,UUSkins
2026-06-04T00:24:48Z,1780532688,visualize:favorites,cc8283a1d435,Sticker | Team Spirit (Holo) | Cologne 2026,Team Spirit (Holo),Holo,https://csgoskins.gg/items/sticker-team-spirit-holo-cologne-2026,ok,23.66,34.56,23.66,SkinSniper,UUSkins
2026-06-04T00:24:49Z,1780532689,visualize:favorites,03a461d6d761,Sticker | TeSeS (Holo) | Cologne 2026,TeSeS (Holo),Holo,https://csgoskins.gg/items/sticker-teses-holo-cologne-2026,ok,3.76,5.45,3.76,SkinSniper,UUSkins
2026-06-04T00:24:49Z,1780532689,visualize:favorites,ac189711479a,Sticker | The Mongolz (Holo) | Cologne 2026,The Mongolz (Holo),Holo,https://csgoskins.gg/items/sticker-the-mongolz-holo-cologne-2026,ok,10.36,11.72,10.36,SkinSniper,UUSkins
2026-06-04T00:24:50Z,1780532690,visualize:favorites,224ba8b64dda,Sticker | THUNDERdOWNUNDER (Holo) | Cologne 2026,THUNDERdOWNUNDER (Holo),Holo,https://csgoskins.gg/items/sticker-thunder-downunder-holo-cologne-2026,ok,23.37,,23.37,,UUSkins
2026-06-04T00:24:51Z,1780532691,visualize:favorites,092bb16ad86f,Sticker | TjP (Holo) | Cologne 2026,TjP (Holo),Holo,https://csgoskins.gg/items/sticker-tjp-holo-cologne-2026,ok,2.96,10.53,2.96,SkinSniper,UUSkins
2026-06-04T00:24:51Z,1780532691,visualize:favorites,8df88522d91a,Sticker | TYLOO (Holo) | Cologne 2026,TYLOO (Holo),Holo,https://csgoskins.gg/items/sticker-tyloo-holo-cologne-2026,ok,8.95,11.4,8.95,SkinSniper,UUSkins
2026-06-04T00:24:52Z,1780532692,visualize:favorites,1320996ad66c,Sticker | ultimate (Holo) | Cologne 2026,ultimate (Holo),Holo,https://csgoskins.gg/items/sticker-ultimate-holo-cologne-2026,ok,1.16,2.4,1.16,SkinSniper,UUSkins
2026-06-04T00:24:53Z,1780532693,visualize:favorites,51ce27fe1b8c,Sticker | Vitality (Holo) | Cologne 2026,Vitality (Holo),Holo,https://csgoskins.gg/items/sticker-vitality-holo-cologne-2026,ok,18.93,53.67,18.93,SkinSniper,UUSkins
2026-06-04T00:24:53Z,1780532693,visualize:favorites,c7c168af76bb,Sticker | xiELO (Holo) | Cologne 2026,xiELO (Holo),Holo,https://csgoskins.gg/items/sticker-xielo-holo-cologne-2026,ok,1.06,2.03,1.06,SkinSniper,UUSkins
2026-06-04T00:24:54Z,1780532694,visualize:favorites,23c660a4589d,Sticker | z4KR (Holo) | Cologne 2026,z4KR (Holo),Holo,https://csgoskins.gg/items/sticker-z4kr-holo-cologne-2026,ok,2.22,3.69,2.22,SkinSniper,UUSkins
2026-06-04T00:24:55Z,1780532695,visualize:favorites,662a4956f2a0,Sticker | Zero (Holo) | Cologne 2026,Zero (Holo),Holo,https://csgoskins.gg/items/sticker-zero-holo-cologne-2026,ok,3.67,20.0,3.67,SkinSniper,UUSkins
2026-06-04T00:24:55Z,1780532695,visualize:favorites,f30aa8a5b607,Sticker | zorte (Holo) | Cologne 2026,zorte (Holo),Holo,https://csgoskins.gg/items/sticker-zorte-holo-cologne-2026,ok,1.91,5.42,1.91,SkinSniper,UUSkins
2026-06-04T00:24:56Z,1780532696,visualize:favorites,5a2393e5fa57,Sticker | ZywOo (Holo) | Cologne 2026,ZywOo (Holo),Holo,https://csgoskins.gg/items/sticker-zywoo-holo-cologne-2026,ok,23.37,30.0,23.37,SkinSniper,UUSkins
2026-06-04T00:24:58Z,1780532698,visualize:holo,d8eca2f9a89f,Sticker | Chr1zN (Holo) | Cologne 2026,Chr1zN (Holo),Holo,https://csgoskins.gg/items/sticker-chr1zn-holo-cologne-2026,ok,0.6,0.91,0.6,SkinSniper,UUSkins
2026-06-04T00:24:58Z,1780532698,visualize:holo,15d8caaa80ce,Sticker | Bymas (Holo) | Cologne 2026,Bymas (Holo),Holo,https://csgoskins.gg/items/sticker-bymas-holo-cologne-2026,ok,7.37,,7.37,,UUSkins
2026-06-04T00:24:58Z,1780532698,visualize:holo,c5891da26931,Sticker | C4LLM3SU3 (Holo) | Cologne 2026,C4LLM3SU3 (Holo),Holo,https://csgoskins.gg/items/sticker-c4llm3su3-holo-cologne-2026,ok,5.49,,5.49,,UUSkins
2026-06-04T00:25:00Z,1780532700,visualize:holo,7e131d00335c,Sticker | cmtry (Holo) | Cologne 2026,cmtry (Holo),Holo,https://csgoskins.gg/items/sticker-cmtry-holo-cologne-2026,ok,1.54,3.24,1.54,SkinSniper,UUSkins
2026-06-04T00:25:00Z,1780532700,visualize:holo,979825ffa1b5,Sticker | cobra (Holo) | Cologne 2026,cobra (Holo),Holo,https://csgoskins.gg/items/sticker-cobra-holo-cologne-2026,ok,1.54,10.14,1.54,SkinSniper,UUSkins
2026-06-04T00:25:00Z,1780532700,visualize:holo,23f5b51544da,Sticker | dem0n (Holo) | Cologne 2026,dem0n (Holo),Holo,https://csgoskins.gg/items/sticker-dem0n-holo-cologne-2026,ok,4.25,4.95,4.25,SkinSniper,UUSkins
2026-06-04T00:25:02Z,1780532702,visualize:holo,18b7f1599347,Sticker | dgt (Holo) | Cologne 2026,dgt (Holo),Holo,https://csgoskins.gg/items/sticker-dgt-holo-cologne-2026,ok,1.02,1.84,1.02,SkinSniper,UUSkins
2026-06-04T00:25:02Z,1780532702,visualize:holo,2beada2f6369,Sticker | dumau (Holo) | Cologne 2026,dumau (Holo),Holo,https://csgoskins.gg/items/sticker-dumau-holo-cologne-2026,ok,3.05,8.16,3.05,SkinSniper,UUSkins
2026-06-04T00:25:02Z,1780532702,visualize:holo,a880c6c0a5dc,Sticker | dziugss (Holo) | Cologne 2026,dziugss (Holo),Holo,https://csgoskins.gg/items/sticker-dziugss-holo-cologne-2026,ok,3.68,5.09,3.68,SkinSniper,UUSkins
2026-06-04T00:25:04Z,1780532704,visualize:holo,da6050cfcdd0,Sticker | esenthial (Holo) | Cologne 2026,esenthial (Holo),Holo,https://csgoskins.gg/items/sticker-esenthial-holo-cologne-2026,ok,0.62,6.07,0.62,SkinSniper,UUSkins
2026-06-04T00:25:04Z,1780532704,visualize:holo,3c1b213ef1dd,Sticker | FalleN (Holo) | Cologne 2026,FalleN (Holo),Holo,https://csgoskins.gg/items/sticker-fallen-holo-cologne-2026,ok,20.0,20.0,23.66,SkinSniper,UUSkins
2026-06-04T00:25:04Z,1780532704,visualize:holo,51953c88e439,Sticker | faveN (Holo) | Cologne 2026,faveN (Holo),Holo,https://csgoskins.gg/items/sticker-faven-holo-cologne-2026,ok,0.6,1.02,0.6,SkinSniper,UUSkins
2026-06-04T00:25:06Z,1780532706,visualize:holo,61b8fce18dee,Sticker | felps (Holo) | Cologne 2026,felps (Holo),Holo,https://csgoskins.gg/items/sticker-felps-holo-cologne-2026,ok,0.82,1.34,0.82,CSGOSkins,UUSkins
2026-06-04T00:25:07Z,1780532707,visualize:holo,4231d7fb5568,Sticker | FlameZ (Holo) | Cologne 2026,FlameZ (Holo),Holo,https://csgoskins.gg/items/sticker-flamez-holo-cologne-2026,ok,5.0,15.9,5.0,SkinSniper,UUSkins
2026-06-04T00:25:07Z,1780532707,visualize:holo,a458e8d171c8,Sticker | Gizmy (Holo) | Cologne 2026,Gizmy (Holo),Holo,https://csgoskins.gg/items/sticker-gizmy-holo-cologne-2026,ok,2.67,3.12,2.67,SkinSniper,UUSkins
2026-06-04T00:31:20Z,1780533080,api,83e4230ec809,Sticker | SINNERS (Holo) | Cologne 2026,SINNERS (Holo),Holo,https://csgoskins.gg/items/sticker-sinners-holo-cologne-2026,ok,8.66,,8.66,,UUSkins
2026-06-04T00:59:46Z,1780534786,visualize:favorites,08012c24edef,Sticker | 9z Team (Holo) | Cologne 2026,9z Team (Holo),Holo,https://csgoskins.gg/items/sticker-9z-team-holo-cologne-2026,ok,4.17,5.0,4.17,SkinSniper,UUSkins
2026-06-04T00:59:47Z,1780534787,visualize:favorites,ef893d39098d,Sticker | aliStair (Holo) | Cologne 2026,aliStair (Holo),Holo,https://csgoskins.gg/items/sticker-alistair-holo-cologne-2026,ok,2.1,3.56,2.1,SkinSniper,UUSkins
2026-06-04T00:59:47Z,1780534787,visualize:favorites,277c2f345667,Sticker | asap (Holo) | Cologne 2026,asap (Holo),Holo,https://csgoskins.gg/items/sticker-asap-holo-cologne-2026,ok,7.4,13.5,7.4,SkinSniper,UUSkins
2026-06-04T00:59:49Z,1780534789,visualize:favorites,84bea33324ce,Sticker | Astralis (Holo) | Cologne 2026,Astralis (Holo),Holo,https://csgoskins.gg/items/sticker-astralis-holo-cologne-2026,ok,6.07,9.02,6.07,SkinSniper,UUSkins
2026-06-04T00:59:50Z,1780534790,visualize:favorites,8cddaf065473,Sticker | Aurora (Holo) | Cologne 2026,Aurora (Holo),Holo,https://csgoskins.gg/items/sticker-aurora-holo-cologne-2026,ok,5.03,6.28,5.03,SkinSniper,UUSkins
2026-06-04T00:59:50Z,1780534790,visualize:favorites,97fa3a994577,Sticker | B8 (Holo) | Cologne 2026,B8 (Holo),Holo,https://csgoskins.gg/items/sticker-b8-holo-cologne-2026,ok,4.41,6.0,4.41,SkinSniper,UUSkins
2026-06-04T00:59:51Z,1780534791,visualize:favorites,5c77121eb587,Sticker | BELCHONOKK (Holo) | Cologne 2026,BELCHONOKK (Holo),Holo,https://csgoskins.gg/items/sticker-belchonokk-holo-cologne-2026,ok,0.96,2.83,0.96,SkinSniper,UUSkins
2026-06-04T00:59:52Z,1780534792,visualize:favorites,05e866d13d83,Sticker | BetBoom (Holo) | Cologne 2026,BetBoom (Holo),Holo,https://csgoskins.gg/items/sticker-betboom-holo-cologne-2026,ok,6.48,7.36,6.48,SkinSniper,UUSkins
2026-06-04T00:59:53Z,1780534793,visualize:favorites,cb066e4e5b7e,Sticker | BIG (Holo) | Cologne 2026,BIG (Holo),Holo,https://csgoskins.gg/items/sticker-big-holo-cologne-2026,ok,3.79,5.75,3.79,SkinSniper,UUSkins
2026-06-04T00:59:53Z,1780534793,visualize:favorites,85bebf40159a,Sticker | Boombl4 (Holo) | Cologne 2026,Boombl4 (Holo),Holo,https://csgoskins.gg/items/sticker-boombl4-holo-cologne-2026,ok,4.99,20.0,4.99,SkinSniper,UUSkins
2026-06-04T00:59:54Z,1780534794,visualize:favorites,3b77bff2c945,Sticker | br0 (Holo) | Cologne 2026,br0 (Holo),Holo,https://csgoskins.gg/items/sticker-br0-holo-cologne-2026,ok,2.67,2.96,2.67,SkinSniper,UUSkins
2026-06-04T00:59:55Z,1780534795,visualize:favorites,497d22fda716,Sticker | doc (Holo) | Cologne 2026,doc (Holo),Holo,https://csgoskins.gg/items/sticker-doc-holo-cologne-2026,ok,2.8,4.43,2.8,SkinSniper,UUSkins
2026-06-04T00:59:55Z,1780534795,visualize:favorites,03fffdf9d165,Sticker | dexter (Holo) | Cologne 2026,dexter (Holo),Holo,https://csgoskins.gg/items/sticker-dexter-holo-cologne-2026,ok,11.83,15.14,11.83,SkinSniper,UUSkins
2026-06-04T00:59:56Z,1780534796,visualize:favorites,bc609878776e,Sticker | donk (Holo) | Cologne 2026,donk (Holo),Holo,https://csgoskins.gg/items/sticker-donk-holo-cologne-2026,ok,30.32,32.76,30.32,SkinSniper,UUSkins
2026-06-04T00:59:57Z,1780534797,visualize:favorites,fd87e12b4306,Sticker | EliGE (Holo) | Cologne 2026,EliGE (Holo),Holo,https://csgoskins.gg/items/sticker-elige-holo-cologne-2026,ok,2.96,8.1,2.96,SkinSniper,UUSkins
2026-06-04T00:59:57Z,1780534797,visualize:favorites,211ef42add7d,Sticker | EmiliaQAQ (Holo) | Cologne 2026,EmiliaQAQ (Holo),Holo,https://csgoskins.gg/items/sticker-emiliaqaq-holo-cologne-2026,ok,1.88,5.75,1.88,SkinSniper,UUSkins
2026-06-04T00:59:58Z,1780534798,visualize:favorites,55f0bea61a2c,Sticker | Falcons (Holo) | Cologne 2026,Falcons (Holo),Holo,https://csgoskins.gg/items/sticker-falcons-holo-cologne-2026,ok,23.22,27.24,23.22,SkinSniper,UUSkins
2026-06-04T00:59:59Z,1780534799,visualize:favorites,d3de56fb6253,Sticker | FL4MUS (Holo) | Cologne 2026,FL4MUS (Holo),Holo,https://csgoskins.gg/items/sticker-fl4mus-holo-cologne-2026,ok,2.0,6.55,2.0,SkinSniper,UUSkins
2026-06-04T00:59:59Z,1780534799,visualize:favorites,573724344225,Sticker | FlyQuest (Holo) | Cologne 2026,FlyQuest (Holo),Holo,https://csgoskins.gg/items/sticker-flyquest-holo-cologne-2026,ok,8.68,10.39,8.68,SkinSniper,UUSkins
2026-06-04T01:00:00Z,1780534800,visualize:favorites,f77e24374b2b,Sticker | FURIA (Holo) | Cologne 2026,FURIA (Holo),Holo,https://csgoskins.gg/items/sticker-furia-holo-cologne-2026,ok,13.9,23.65,13.9,SkinSniper,UUSkins
2026-06-04T01:00:01Z,1780534801,visualize:favorites,888e02ff13ff,Sticker | FUT (Holo) | Cologne 2026,FUT (Holo),Holo,https://csgoskins.gg/items/sticker-fut-holo-cologne-2026,ok,5.62,8.0,5.62,SkinSniper,UUSkins
2026-06-04T01:00:01Z,1780534801,visualize:favorites,b970a24dac58,Sticker | G2 esports (Holo) | Cologne 2026,G2 esports (Holo),Holo,https://csgoskins.gg/items/sticker-g2-esports-holo-cologne-2026,ok,4.44,5.38,4.44,CSGOSkins,UUSkins
2026-06-04T01:00:02Z,1780534802,visualize:favorites,6442ab880b99,Sticker | gafolo (Holo) | Cologne 2026,gafolo (Holo),Holo,https://csgoskins.gg/items/sticker-gafolo-holo-cologne-2026,ok,1.01,1.37,1.01,CSGOSkins,UUSkins
2026-06-04T01:00:03Z,1780534803,visualize:favorites,666f5b8f180f,Sticker | Gaimin Gladiators (Holo) | Cologne 2026,Gaimin Gladiators (Holo),Holo,https://csgoskins.gg/items/sticker-gaimin-gladiators-holo-cologne-2026,ok,4.28,10.34,4.28,SkinSniper,UUSkins
2026-06-04T01:00:03Z,1780534803,visualize:favorites,bd59bc928757,Sticker | GamerLegion (Holo) | Cologne 2026,GamerLegion (Holo),Holo,https://csgoskins.gg/items/sticker-gamerlegion-holo-cologne-2026,ok,8.71,13.0,8.71,SkinSniper,UUSkins
2026-06-04T01:00:04Z,1780534804,visualize:favorites,396de15d3b80,Sticker | HEROIC (Holo) | Cologne 2026,HEROIC (Holo),Holo,https://csgoskins.gg/items/sticker-heroic-holo-cologne-2026,ok,3.55,3.8,3.55,SkinSniper,UUSkins
2026-06-04T01:00:05Z,1780534805,visualize:favorites,6ea183add0ef,Sticker | Jame (Holo) | Cologne 2026,Jame (Holo),Holo,https://csgoskins.gg/items/sticker-jame-holo-cologne-2026,ok,4.37,5.82,4.37,SkinSniper,UUSkins
2026-06-04T01:00:05Z,1780534805,visualize:favorites,55ae981c50cf,Sticker | IEM (Holo) | Cologne 2026,IEM (Holo),Holo,https://csgoskins.gg/items/sticker-iem-holo-cologne-2026,ok,10.93,25.62,10.93,SkinSniper,UUSkins
2026-06-04T01:00:06Z,1780534806,visualize:favorites,aacac2361330,Sticker | JamYoung (Holo) | Cologne 2026,JamYoung (Holo),Holo,https://csgoskins.gg/items/sticker-jamyoung-holo-cologne-2026,ok,5.08,6.76,5.08,SkinSniper,UUSkins
2026-06-04T01:00:07Z,1780534807,visualize:favorites,fcb303a6898e,Sticker | JDC (Holo) | Cologne 2026,JDC (Holo),Holo,https://csgoskins.gg/items/sticker-jdc-holo-cologne-2026,ok,2.84,20.5,2.84,SkinSniper,UUSkins
2026-06-04T01:00:07Z,1780534807,visualize:favorites,1290d50e45f8,Sticker | Jee (Holo) | Cologne 2026,Jee (Holo),Holo,https://csgoskins.gg/items/sticker-jee-holo-cologne-2026,ok,3.18,4.95,3.18,SkinSniper,UUSkins
2026-06-04T01:00:09Z,1780534809,visualize:favorites,0fd07921f22b,Sticker | koala (Holo) | Cologne 2026,koala (Holo),Holo,https://csgoskins.gg/items/sticker-koala-holo-cologne-2026,ok,0.89,3.32,0.89,SkinSniper,UUSkins
2026-06-04T01:00:10Z,1780534810,visualize:favorites,bb7763f5a8e6,Sticker | kyousuke (Holo) | Cologne 2026,kyousuke (Holo),Holo,https://csgoskins.gg/items/sticker-kyousuke-holo-cologne-2026,ok,15.24,44.73,15.24,SkinSniper,UUSkins
2026-06-04T01:00:10Z,1780534810,visualize:favorites,1ed34275b90e,Sticker | kyxsan (Holo) | Cologne 2026,kyxsan (Holo),Holo,https://csgoskins.gg/items/sticker-kyxsan-holo-cologne-2026,ok,3.21,10.0,3.21,SkinSniper,UUSkins
2026-06-04T01:00:11Z,1780534811,visualize:favorites,7aad5666deed,Sticker | Legacy (Holo) | Cologne 2026,Legacy (Holo),Holo,https://csgoskins.gg/items/sticker-legacy-holo-cologne-2026,ok,6.22,11.99,6.22,SkinSniper,UUSkins
2026-06-04T01:00:12Z,1780534812,visualize:favorites,d2c8126cec6f,Sticker | Liazz (Holo) | Cologne 2026,Liazz (Holo),Holo,https://csgoskins.gg/items/sticker-liazz-holo-cologne-2026,ok,2.67,3.67,2.67,SkinSniper,UUSkins
2026-06-04T01:00:12Z,1780534812,visualize:favorites,a6f5dfa82c23,Sticker | Lynn Vision (Holo) | Cologne 2026,Lynn Vision (Holo),Holo,https://csgoskins.gg/items/sticker-lynn-vision-holo-cologne-2026,ok,6.22,6.75,6.22,SkinSniper,UUSkins
2026-06-04T01:00:14Z,1780534814,visualize:favorites,3023673eb5a8,Sticker | m0NESY (Holo) | Cologne 2026,m0NESY (Holo),Holo,https://csgoskins.gg/items/sticker-m0nesy-holo-cologne-2026,ok,18.34,26.97,18.34,SkinSniper,UUSkins
2026-06-04T01:00:14Z,1780534814,visualize:favorites,39d3a2e2d65e,Sticker | M80 (Holo) | Cologne 2026,M80 (Holo),Holo,https://csgoskins.gg/items/sticker-m80-holo-cologne-2026,ok,6.22,12.99,6.22,SkinSniper,UUSkins
2026-06-04T01:00:14Z,1780534814,visualize:favorites,5f780340315c,Sticker | Magnojez (Holo) | Cologne 2026,Magnojez (Holo),Holo,https://csgoskins.gg/items/sticker-magnojez-holo-cologne-2026,ok,3.55,5.57,3.55,SkinSniper,UUSkins
2026-06-04T01:00:16Z,1780534816,visualize:favorites,9f3fa39ccc21,Sticker | malbsMd (Holo) | Cologne 2026,malbsMd (Holo),Holo,https://csgoskins.gg/items/sticker-malbsmd-holo-cologne-2026,ok,1.31,1.33,1.31,SkinSniper,UUSkins
2026-06-04T01:00:16Z,1780534816,visualize:favorites,f6fbab9c6f78,Sticker | maxxkor (Holo) | Cologne 2026,maxxkor (Holo),Holo,https://csgoskins.gg/items/sticker-maxxkor-holo-cologne-2026,ok,1.01,1.63,1.01,SkinSniper,UUSkins
2026-06-04T01:00:17Z,1780534817,visualize:favorites,548001363495,Sticker | Mercury (Holo) | Cologne 2026,Mercury (Holo),Holo,https://csgoskins.gg/items/sticker-mercury-holo-cologne-2026,ok,2.06,3.95,2.06,SkinSniper,UUSkins
2026-06-04T01:00:18Z,1780534818,visualize:favorites,91f1a6b88f72,Sticker | MIBR (Holo) | Cologne 2026,MIBR (Holo),Holo,https://csgoskins.gg/items/sticker-mibr-holo-cologne-2026,ok,3.32,3.7,3.32,SkinSniper,UUSkins
2026-06-04T01:00:18Z,1780534818,visualize:favorites,fae9152c9494,Sticker | Monte (Holo) | Cologne 2026,Monte (Holo),Holo,https://csgoskins.gg/items/sticker-monte-holo-cologne-2026,ok,4.28,5.75,4.28,SkinSniper,UUSkins
2026-06-04T01:00:19Z,1780534819,visualize:favorites,f6bb65caa27f,Sticker | Moseyuh (Holo) | Cologne 2026,Moseyuh (Holo),Holo,https://csgoskins.gg/items/sticker-moseyuh-holo-cologne-2026,ok,2.72,3.95,2.72,SkinSniper,UUSkins
2026-06-04T01:00:20Z,1780534820,visualize:favorites,7663d56a8dea,Sticker | NAF (Holo) | Cologne 2026,NAF (Holo),Holo,https://csgoskins.gg/items/sticker-naf-holo-cologne-2026,ok,1.78,2.21,1.78,SkinSniper,UUSkins
2026-06-04T01:00:20Z,1780534820,visualize:favorites,a4a3936c731b,Sticker | MOUZ (Holo) | Cologne 2026,MOUZ (Holo),Holo,https://csgoskins.gg/items/sticker-mouz-holo-cologne-2026,ok,7.83,10.74,7.83,SkinSniper,UUSkins
2026-06-04T01:00:21Z,1780534821,visualize:favorites,98bd56df9591,Sticker | Natus Vincere (Holo) | Cologne 2026,Natus Vincere (Holo),Holo,https://csgoskins.gg/items/sticker-natus-vincere-holo-cologne-2026,ok,15.53,25.0,15.53,SkinSniper,UUSkins
2026-06-04T01:00:22Z,1780534822,visualize:favorites,14697964ea54,Sticker | NiKo (Holo) | Cologne 2026,NiKo (Holo),Holo,https://csgoskins.gg/items/sticker-niko-holo-cologne-2026,ok,12.25,25.0,12.25,CSGOSkins,UUSkins
2026-06-04T01:00:22Z,1780534822,visualize:favorites,d6ec81bd977b,Sticker | NRG (Holo) | Cologne 2026,NRG (Holo),Holo,https://csgoskins.gg/items/sticker-nrg-holo-cologne-2026,ok,7.99,23.0,7.99,SkinSniper,UUSkins
2026-06-04T01:00:23Z,1780534823,visualize:favorites,17c4fd194704,Sticker | oSee (Holo) | Cologne 2026,oSee (Holo),Holo,https://csgoskins.gg/items/sticker-osee-holo-cologne-2026,ok,1.99,3.19,1.99,SkinSniper,UUSkins
2026-06-04T01:00:24Z,1780534824,visualize:favorites,0927c21045c2,Sticker | paiN Gaming (Holo) | Cologne 2026,paiN Gaming (Holo),Holo,https://csgoskins.gg/items/sticker-pain-gaming-holo-cologne-2026,ok,4.17,4.6,4.17,SkinSniper,UUSkins
2026-06-04T01:00:24Z,1780534824,visualize:favorites,3292ee18e768,Sticker | PARIVISION (Holo) | Cologne 2026,PARIVISION (Holo),Holo,https://csgoskins.gg/items/sticker-parivision-holo-cologne-2026,ok,5.9,18.04,5.9,SkinSniper,UUSkins
2026-06-04T01:00:25Z,1780534825,visualize:favorites,d1dda4ae4bf0,Sticker | rdnzao (Holo) | Cologne 2026,rdnzao (Holo),Holo,https://csgoskins.gg/items/sticker-rdnzao-holo-cologne-2026,ok,1.93,2.25,1.93,SkinSniper,UUSkins
2026-06-04T01:00:26Z,1780534826,visualize:favorites,dd37bc13bea6,Sticker | ropz (Holo) | Cologne 2026,ropz (Holo),Holo,https://csgoskins.gg/items/sticker-ropz-holo-cologne-2026,ok,23.22,29.99,23.22,SkinSniper,UUSkins
2026-06-04T01:00:26Z,1780534826,visualize:favorites,abe272caf8fe,Sticker | ryu (Holo) | Cologne 2026,ryu (Holo),Holo,https://csgoskins.gg/items/sticker-ryu-holo-cologne-2026,ok,1.7,1.7,2.73,SkinSniper,UUSkins
2026-06-04T01:00:27Z,1780534827,visualize:favorites,29fd6c914915,Sticker | s1n (Holo) | Cologne 2026,s1n (Holo),Holo,https://csgoskins.gg/items/sticker-s1n-holo-cologne-2026,ok,0.98,2.46,0.98,SkinSniper,UUSkins
2026-06-04T01:00:28Z,1780534828,visualize:favorites,f81be8cece16,Sticker | S1ren (Holo) | Cologne 2026,S1ren (Holo),Holo,https://csgoskins.gg/items/sticker-s1ren-holo-cologne-2026,ok,5.18,5.52,5.18,SkinSniper,UUSkins
2026-06-04T01:00:28Z,1780534828,visualize:favorites,3621c3a87cd4,Sticker | Sharks Esports (Holo) | Cologne 2026,Sharks Esports (Holo),Holo,https://csgoskins.gg/items/sticker-sharks-esports-holo-cologne-2026,ok,6.14,13.34,6.14,SkinSniper,UUSkins
2026-06-04T01:00:29Z,1780534829,visualize:favorites,83e4230ec809,Sticker | SINNERS (Holo) | Cologne 2026,SINNERS (Holo),Holo,https://csgoskins.gg/items/sticker-sinners-holo-cologne-2026,ok,8.66,,8.66,,UUSkins
2026-06-04T01:00:30Z,1780534830,visualize:favorites,902f2e3f6274,Sticker | Team Liquid (Holo) | Cologne 2026,Team Liquid (Holo),Holo,https://csgoskins.gg/items/sticker-team-liquid-holo-cologne-2026,ok,16.03,46.9,16.03,SkinSniper,UUSkins
2026-06-04T01:00:30Z,1780534830,visualize:favorites,cc8283a1d435,Sticker | Team Spirit (Holo) | Cologne 2026,Team Spirit (Holo),Holo,https://csgoskins.gg/items/sticker-team-spirit-holo-cologne-2026,ok,23.66,34.56,23.66,SkinSniper,UUSkins
2026-06-04T01:00:31Z,1780534831,visualize:favorites,03a461d6d761,Sticker | TeSeS (Holo) | Cologne 2026,TeSeS (Holo),Holo,https://csgoskins.gg/items/sticker-teses-holo-cologne-2026,ok,3.76,5.45,3.76,SkinSniper,UUSkins
2026-06-04T01:00:32Z,1780534832,visualize:favorites,ac189711479a,Sticker | The Mongolz (Holo) | Cologne 2026,The Mongolz (Holo),Holo,https://csgoskins.gg/items/sticker-the-mongolz-holo-cologne-2026,ok,11.72,11.72,11.82,SkinSniper,UUSkins
2026-06-04T01:00:32Z,1780534832,visualize:favorites,224ba8b64dda,Sticker | THUNDERdOWNUNDER (Holo) | Cologne 2026,THUNDERdOWNUNDER (Holo),Holo,https://csgoskins.gg/items/sticker-thunder-downunder-holo-cologne-2026,ok,23.44,,23.44,,UUSkins
2026-06-04T01:00:33Z,1780534833,visualize:favorites,092bb16ad86f,Sticker | TjP (Holo) | Cologne 2026,TjP (Holo),Holo,https://csgoskins.gg/items/sticker-tjp-holo-cologne-2026,ok,2.95,10.53,2.95,SkinSniper,UUSkins
2026-06-04T01:00:34Z,1780534834,visualize:favorites,8df88522d91a,Sticker | TYLOO (Holo) | Cologne 2026,TYLOO (Holo),Holo,https://csgoskins.gg/items/sticker-tyloo-holo-cologne-2026,ok,8.95,11.4,8.95,SkinSniper,UUSkins
2026-06-04T01:00:34Z,1780534834,visualize:favorites,1320996ad66c,Sticker | ultimate (Holo) | Cologne 2026,ultimate (Holo),Holo,https://csgoskins.gg/items/sticker-ultimate-holo-cologne-2026,ok,1.16,2.4,1.16,SkinSniper,UUSkins
2026-06-04T01:00:35Z,1780534835,visualize:favorites,51ce27fe1b8c,Sticker | Vitality (Holo) | Cologne 2026,Vitality (Holo),Holo,https://csgoskins.gg/items/sticker-vitality-holo-cologne-2026,ok,18.93,53.67,18.93,SkinSniper,UUSkins
2026-06-04T01:00:36Z,1780534836,visualize:favorites,c7c168af76bb,Sticker | xiELO (Holo) | Cologne 2026,xiELO (Holo),Holo,https://csgoskins.gg/items/sticker-xielo-holo-cologne-2026,ok,1.06,2.03,1.06,SkinSniper,UUSkins
2026-06-04T01:00:36Z,1780534836,visualize:favorites,23c660a4589d,Sticker | z4KR (Holo) | Cologne 2026,z4KR (Holo),Holo,https://csgoskins.gg/items/sticker-z4kr-holo-cologne-2026,ok,2.22,3.69,2.22,SkinSniper,UUSkins
2026-06-04T01:00:37Z,1780534837,visualize:favorites,662a4956f2a0,Sticker | Zero (Holo) | Cologne 2026,Zero (Holo),Holo,https://csgoskins.gg/items/sticker-zero-holo-cologne-2026,ok,3.67,20.0,3.67,SkinSniper,UUSkins
2026-06-04T01:00:38Z,1780534838,visualize:favorites,f30aa8a5b607,Sticker | zorte (Holo) | Cologne 2026,zorte (Holo),Holo,https://csgoskins.gg/items/sticker-zorte-holo-cologne-2026,ok,1.89,5.42,1.89,SkinSniper,UUSkins
2026-06-04T01:00:38Z,1780534838,visualize:favorites,5a2393e5fa57,Sticker | ZywOo (Holo) | Cologne 2026,ZywOo (Holo),Holo,https://csgoskins.gg/items/sticker-zywoo-holo-cologne-2026,ok,23.37,30.0,23.37,SkinSniper,UUSkins
2026-06-04T01:00:41Z,1780534841,visualize:holo,15d8caaa80ce,Sticker | Bymas (Holo) | Cologne 2026,Bymas (Holo),Holo,https://csgoskins.gg/items/sticker-bymas-holo-cologne-2026,ok,7.37,,7.37,,UUSkins
2026-06-04T01:00:41Z,1780534841,visualize:holo,c5891da26931,Sticker | C4LLM3SU3 (Holo) | Cologne 2026,C4LLM3SU3 (Holo),Holo,https://csgoskins.gg/items/sticker-c4llm3su3-holo-cologne-2026,ok,5.49,,5.49,,UUSkins
2026-06-04T01:00:41Z,1780534841,visualize:holo,c2212709e928,Sticker | gr1ks (Holo) | Cologne 2026,gr1ks (Holo),Holo,https://csgoskins.gg/items/sticker-gr1ks-holo-cologne-2026,ok,1.53,1.92,1.53,SkinSniper,UUSkins
2026-06-04T01:00:43Z,1780534843,visualize:holo,5682dc6ec471,Sticker | Heavygod (Holo) | Cologne 2026,Heavygod (Holo),Holo,https://csgoskins.gg/items/sticker-heavygod-holo-cologne-2026,ok,2.09,3.49,2.09,SkinSniper,UUSkins
2026-06-04T01:00:43Z,1780534843,visualize:holo,b9a9d7eff0ed,Sticker | Grim (Holo) | Cologne 2026,Grim (Holo),Holo,https://csgoskins.gg/items/sticker-grim-holo-cologne-2026,ok,1.63,3.66,1.63,SkinSniper,UUSkins
2026-06-04T01:00:44Z,1780534844,visualize:holo,e72e48e9feae,Sticker | HEN1 (Holo) | Cologne 2026,HEN1 (Holo),Holo,https://csgoskins.gg/items/sticker-hen1-holo-cologne-2026,ok,0.89,0.93,0.89,CSGOSkins,UUSkins
2026-06-04T01:00:45Z,1780534845,visualize:holo,b88168513e1c,Sticker | HooXi (Holo) | Cologne 2026,HooXi (Holo),Holo,https://csgoskins.gg/items/sticker-hooxi-holo-cologne-2026,ok,1.78,2.46,1.78,SkinSniper,UUSkins
2026-06-04T01:00:45Z,1780534845,visualize:holo,21f6fca7b030,Sticker | HUASOPEEK (Holo) | Cologne 2026,HUASOPEEK (Holo),Holo,https://csgoskins.gg/items/sticker-huasopeek-holo-cologne-2026,ok,1.47,2.81,1.47,CSGOSkins,UUSkins
2026-06-04T01:00:46Z,1780534846,visualize:holo,29520b418e6a,Sticker | huNter- (Holo) | Cologne 2026,huNter- (Holo),Holo,https://csgoskins.gg/items/sticker-hunter-holo-cologne-2026,ok,1.76,5.43,1.76,SkinSniper,UUSkins
2026-06-04T01:00:47Z,1780534847,visualize:holo,6bf3b5527d95,Sticker | iM (Holo) | Cologne 2026,iM (Holo),Holo,https://csgoskins.gg/items/sticker-im-holo-cologne-2026,ok,5.27,16.93,5.27,SkinSniper,CSGOSkins
2026-06-04T01:00:48Z,1780534848,visualize:holo,fd4f18d93e68,Sticker | INS (Holo) | Cologne 2026,INS (Holo),Holo,https://csgoskins.gg/items/sticker-ins-holo-cologne-2026,ok,2.99,4.67,2.99,CSGOSkins,UUSkins
2026-06-04T01:00:49Z,1780534849,visualize:holo,37420b328a4c,Sticker | insani (Holo) | Cologne 2026,insani (Holo),Holo,https://csgoskins.gg/items/sticker-insani-holo-cologne-2026,ok,2.4,3.4,2.4,SkinSniper,UUSkins
2026-06-04T01:00:49Z,1780534849,visualize:holo,67e35c573e3c,Sticker | jabbi (Holo) | Cologne 2026,jabbi (Holo),Holo,https://csgoskins.gg/items/sticker-jabbi-holo-cologne-2026,ok,1.31,1.31,2.21,CSGOSkins,UUSkins
2026-06-04T01:00:50Z,1780534850,visualize:holo,a34eeed32d24,Sticker | JBa (Holo) | Cologne 2026,JBa (Holo),Holo,https://csgoskins.gg/items/sticker-jba-holo-cologne-2026,ok,2.35,8.59,2.35,SkinSniper,UUSkins
2026-06-04T06:26:04Z,1780554364,visualize:favorites,ef893d39098d,Sticker | aliStair (Holo) | Cologne 2026,aliStair (Holo),Holo,https://csgoskins.gg/items/sticker-alistair-holo-cologne-2026,ok,2.1,4.24,2.1,SkinSniper,UUSkins
2026-06-04T06:26:04Z,1780554364,visualize:favorites,08012c24edef,Sticker | 9z Team (Holo) | Cologne 2026,9z Team (Holo),Holo,https://csgoskins.gg/items/sticker-9z-team-holo-cologne-2026,ok,4.14,5.0,4.14,SkinSniper,UUSkins
2026-06-04T06:26:04Z,1780554364,visualize:favorites,277c2f345667,Sticker | asap (Holo) | Cologne 2026,asap (Holo),Holo,https://csgoskins.gg/items/sticker-asap-holo-cologne-2026,ok,7.38,13.5,7.38,SkinSniper,UUSkins
2026-06-04T06:26:07Z,1780554367,visualize:favorites,84bea33324ce,Sticker | Astralis (Holo) | Cologne 2026,Astralis (Holo),Holo,https://csgoskins.gg/items/sticker-astralis-holo-cologne-2026,ok,5.88,9.02,5.88,SkinSniper,UUSkins
2026-06-04T06:26:08Z,1780554368,visualize:favorites,97fa3a994577,Sticker | B8 (Holo) | Cologne 2026,B8 (Holo),Holo,https://csgoskins.gg/items/sticker-b8-holo-cologne-2026,ok,4.4,7.16,4.4,SkinSniper,UUSkins
2026-06-04T06:26:08Z,1780554368,visualize:favorites,8cddaf065473,Sticker | Aurora (Holo) | Cologne 2026,Aurora (Holo),Holo,https://csgoskins.gg/items/sticker-aurora-holo-cologne-2026,ok,5.02,5.72,5.02,SkinSniper,UUSkins
2026-06-04T06:26:09Z,1780554369,visualize:favorites,5c77121eb587,Sticker | BELCHONOKK (Holo) | Cologne 2026,BELCHONOKK (Holo),Holo,https://csgoskins.gg/items/sticker-belchonokk-holo-cologne-2026,ok,0.96,1.56,0.96,SkinSniper,UUSkins
2026-06-04T06:26:11Z,1780554371,visualize:favorites,cb066e4e5b7e,Sticker | BIG (Holo) | Cologne 2026,BIG (Holo),Holo,https://csgoskins.gg/items/sticker-big-holo-cologne-2026,ok,3.7,5.75,3.7,SkinSniper,UUSkins
2026-06-04T06:26:11Z,1780554371,visualize:favorites,05e866d13d83,Sticker | BetBoom (Holo) | Cologne 2026,BetBoom (Holo),Holo,https://csgoskins.gg/items/sticker-betboom-holo-cologne-2026,ok,6.28,7.36,6.28,SkinSniper,UUSkins
2026-06-04T06:26:12Z,1780554372,visualize:favorites,85bebf40159a,Sticker | Boombl4 (Holo) | Cologne 2026,Boombl4 (Holo),Holo,https://csgoskins.gg/items/sticker-boombl4-holo-cologne-2026,ok,4.88,20.0,4.88,SkinSniper,UUSkins
2026-06-04T06:26:13Z,1780554373,visualize:favorites,3b77bff2c945,Sticker | br0 (Holo) | Cologne 2026,br0 (Holo),Holo,https://csgoskins.gg/items/sticker-br0-holo-cologne-2026,ok,2.66,2.96,2.66,SkinSniper,UUSkins
2026-06-04T06:26:13Z,1780554373,visualize:favorites,03fffdf9d165,Sticker | dexter (Holo) | Cologne 2026,dexter (Holo),Holo,https://csgoskins.gg/items/sticker-dexter-holo-cologne-2026,ok,11.08,15.06,11.08,SkinSniper,UUSkins
2026-06-04T06:26:14Z,1780554374,visualize:favorites,497d22fda716,Sticker | doc (Holo) | Cologne 2026,doc (Holo),Holo,https://csgoskins.gg/items/sticker-doc-holo-cologne-2026,ok,2.59,4.43,2.59,SkinSniper,UUSkins
2026-06-04T06:26:15Z,1780554375,visualize:favorites,bc609878776e,Sticker | donk (Holo) | Cologne 2026,donk (Holo),Holo,https://csgoskins.gg/items/sticker-donk-holo-cologne-2026,ok,29.46,32.76,29.46,SkinSniper,UUSkins
2026-06-04T06:26:15Z,1780554375,visualize:favorites,fd87e12b4306,Sticker | EliGE (Holo) | Cologne 2026,EliGE (Holo),Holo,https://csgoskins.gg/items/sticker-elige-holo-cologne-2026,ok,3.68,8.1,3.68,SkinSniper,UUSkins
2026-06-04T06:26:16Z,1780554376,visualize:favorites,211ef42add7d,Sticker | EmiliaQAQ (Holo) | Cologne 2026,EmiliaQAQ (Holo),Holo,https://csgoskins.gg/items/sticker-emiliaqaq-holo-cologne-2026,ok,1.92,5.75,1.92,SkinSniper,UUSkins
2026-06-04T06:26:17Z,1780554377,visualize:favorites,55f0bea61a2c,Sticker | Falcons (Holo) | Cologne 2026,Falcons (Holo),Holo,https://csgoskins.gg/items/sticker-falcons-holo-cologne-2026,ok,22.15,26.99,22.15,SkinSniper,UUSkins
2026-06-04T06:26:17Z,1780554377,visualize:favorites,d3de56fb6253,Sticker | FL4MUS (Holo) | Cologne 2026,FL4MUS (Holo),Holo,https://csgoskins.gg/items/sticker-fl4mus-holo-cologne-2026,ok,2.0,6.55,2.0,SkinSniper,UUSkins
2026-06-04T06:26:18Z,1780554378,visualize:favorites,573724344225,Sticker | FlyQuest (Holo) | Cologne 2026,FlyQuest (Holo),Holo,https://csgoskins.gg/items/sticker-flyquest-holo-cologne-2026,ok,8.66,10.39,8.66,SkinSniper,UUSkins
2026-06-04T06:26:19Z,1780554379,visualize:favorites,f77e24374b2b,Sticker | FURIA (Holo) | Cologne 2026,FURIA (Holo),Holo,https://csgoskins.gg/items/sticker-furia-holo-cologne-2026,ok,13.29,23.65,13.29,SkinSniper,UUSkins
2026-06-04T06:26:19Z,1780554379,visualize:favorites,888e02ff13ff,Sticker | FUT (Holo) | Cologne 2026,FUT (Holo),Holo,https://csgoskins.gg/items/sticker-fut-holo-cologne-2026,ok,5.47,8.0,5.47,SkinSniper,UUSkins
2026-06-04T06:26:20Z,1780554380,visualize:favorites,b970a24dac58,Sticker | G2 esports (Holo) | Cologne 2026,G2 esports (Holo),Holo,https://csgoskins.gg/items/sticker-g2-esports-holo-cologne-2026,ok,4.42,5.38,4.42,CSGOSkins,UUSkins
2026-06-04T06:26:21Z,1780554381,visualize:favorites,6442ab880b99,Sticker | gafolo (Holo) | Cologne 2026,gafolo (Holo),Holo,https://csgoskins.gg/items/sticker-gafolo-holo-cologne-2026,ok,1.0,1.37,1.0,CSGOSkins,UUSkins
2026-06-04T06:26:22Z,1780554382,visualize:favorites,666f5b8f180f,Sticker | Gaimin Gladiators (Holo) | Cologne 2026,Gaimin Gladiators (Holo),Holo,https://csgoskins.gg/items/sticker-gaimin-gladiators-holo-cologne-2026,ok,4.23,10.34,4.23,SkinSniper,UUSkins
2026-06-04T06:26:23Z,1780554383,visualize:favorites,bd59bc928757,Sticker | GamerLegion (Holo) | Cologne 2026,GamerLegion (Holo),Holo,https://csgoskins.gg/items/sticker-gamerlegion-holo-cologne-2026,ok,8.55,12.0,8.55,SkinSniper,UUSkins
2026-06-04T06:26:23Z,1780554383,visualize:favorites,396de15d3b80,Sticker | HEROIC (Holo) | Cologne 2026,HEROIC (Holo),Holo,https://csgoskins.gg/items/sticker-heroic-holo-cologne-2026,ok,3.53,3.8,3.53,SkinSniper,UUSkins
2026-06-04T06:26:24Z,1780554384,visualize:favorites,55ae981c50cf,Sticker | IEM (Holo) | Cologne 2026,IEM (Holo),Holo,https://csgoskins.gg/items/sticker-iem-holo-cologne-2026,ok,11.77,25.62,11.77,SkinSniper,UUSkins
2026-06-04T06:26:26Z,1780554386,visualize:favorites,aacac2361330,Sticker | JamYoung (Holo) | Cologne 2026,JamYoung (Holo),Holo,https://csgoskins.gg/items/sticker-jamyoung-holo-cologne-2026,ok,5.01,6.76,5.01,SkinSniper,UUSkins
2026-06-04T06:26:25Z,1780554385,visualize:favorites,6ea183add0ef,Sticker | Jame (Holo) | Cologne 2026,Jame (Holo),Holo,https://csgoskins.gg/items/sticker-jame-holo-cologne-2026,ok,4.3,5.82,4.3,SkinSniper,UUSkins
2026-06-04T06:26:26Z,1780554386,visualize:favorites,fcb303a6898e,Sticker | JDC (Holo) | Cologne 2026,JDC (Holo),Holo,https://csgoskins.gg/items/sticker-jdc-holo-cologne-2026,ok,2.81,20.5,2.81,SkinSniper,UUSkins
2026-06-04T06:26:28Z,1780554388,visualize:favorites,1290d50e45f8,Sticker | Jee (Holo) | Cologne 2026,Jee (Holo),Holo,https://csgoskins.gg/items/sticker-jee-holo-cologne-2026,ok,3.09,4.95,3.09,SkinSniper,UUSkins
2026-06-04T06:26:28Z,1780554388,visualize:favorites,0fd07921f22b,Sticker | koala (Holo) | Cologne 2026,koala (Holo),Holo,https://csgoskins.gg/items/sticker-koala-holo-cologne-2026,ok,0.99,3.32,0.99,SkinSniper,UUSkins
2026-06-04T06:26:28Z,1780554388,visualize:favorites,bb7763f5a8e6,Sticker | kyousuke (Holo) | Cologne 2026,kyousuke (Holo),Holo,https://csgoskins.gg/items/sticker-kyousuke-holo-cologne-2026,ok,15.36,44.73,15.36,SkinSniper,UUSkins
2026-06-04T06:26:30Z,1780554390,visualize:favorites,1ed34275b90e,Sticker | kyxsan (Holo) | Cologne 2026,kyxsan (Holo),Holo,https://csgoskins.gg/items/sticker-kyxsan-holo-cologne-2026,ok,3.11,10.0,3.11,SkinSniper,UUSkins
2026-06-04T06:26:30Z,1780554390,visualize:favorites,7aad5666deed,Sticker | Legacy (Holo) | Cologne 2026,Legacy (Holo),Holo,https://csgoskins.gg/items/sticker-legacy-holo-cologne-2026,ok,5.91,11.99,5.91,SkinSniper,UUSkins
2026-06-04T06:26:30Z,1780554390,visualize:favorites,d2c8126cec6f,Sticker | Liazz (Holo) | Cologne 2026,Liazz (Holo),Holo,https://csgoskins.gg/items/sticker-liazz-holo-cologne-2026,ok,2.66,3.67,2.66,SkinSniper,UUSkins
2026-06-04T06:26:32Z,1780554392,visualize:favorites,a6f5dfa82c23,Sticker | Lynn Vision (Holo) | Cologne 2026,Lynn Vision (Holo),Holo,https://csgoskins.gg/items/sticker-lynn-vision-holo-cologne-2026,ok,6.59,6.75,6.59,SkinSniper,UUSkins
2026-06-04T06:26:32Z,1780554392,visualize:favorites,3023673eb5a8,Sticker | m0NESY (Holo) | Cologne 2026,m0NESY (Holo),Holo,https://csgoskins.gg/items/sticker-m0nesy-holo-cologne-2026,ok,18.01,26.97,18.01,SkinSniper,UUSkins
2026-06-04T06:26:33Z,1780554393,visualize:favorites,39d3a2e2d65e,Sticker | M80 (Holo) | Cologne 2026,M80 (Holo),Holo,https://csgoskins.gg/items/sticker-m80-holo-cologne-2026,ok,6.03,12.99,6.03,SkinSniper,UUSkins
2026-06-04T06:26:34Z,1780554394,visualize:favorites,5f780340315c,Sticker | Magnojez (Holo) | Cologne 2026,Magnojez (Holo),Holo,https://csgoskins.gg/items/sticker-magnojez-holo-cologne-2026,ok,3.55,5.57,3.55,SkinSniper,UUSkins
2026-06-04T06:26:34Z,1780554394,visualize:favorites,9f3fa39ccc21,Sticker | malbsMd (Holo) | Cologne 2026,malbsMd (Holo),Holo,https://csgoskins.gg/items/sticker-malbsmd-holo-cologne-2026,ok,0.99,1.35,0.99,SkinSniper,UUSkins
2026-06-04T06:26:36Z,1780554396,visualize:favorites,f6fbab9c6f78,Sticker | maxxkor (Holo) | Cologne 2026,maxxkor (Holo),Holo,https://csgoskins.gg/items/sticker-maxxkor-holo-cologne-2026,ok,0.96,1.63,0.96,SkinSniper,UUSkins
2026-06-04T06:26:36Z,1780554396,visualize:favorites,548001363495,Sticker | Mercury (Holo) | Cologne 2026,Mercury (Holo),Holo,https://csgoskins.gg/items/sticker-mercury-holo-cologne-2026,ok,1.91,3.85,1.91,SkinSniper,UUSkins
2026-06-04T06:26:36Z,1780554396,visualize:favorites,91f1a6b88f72,Sticker | MIBR (Holo) | Cologne 2026,MIBR (Holo),Holo,https://csgoskins.gg/items/sticker-mibr-holo-cologne-2026,ok,3.3,3.7,3.3,SkinSniper,UUSkins
2026-06-04T06:26:38Z,1780554398,visualize:favorites,fae9152c9494,Sticker | Monte (Holo) | Cologne 2026,Monte (Holo),Holo,https://csgoskins.gg/items/sticker-monte-holo-cologne-2026,ok,4.21,5.65,4.21,SkinSniper,UUSkins
2026-06-04T06:26:38Z,1780554398,visualize:favorites,f6bb65caa27f,Sticker | Moseyuh (Holo) | Cologne 2026,Moseyuh (Holo),Holo,https://csgoskins.gg/items/sticker-moseyuh-holo-cologne-2026,ok,2.71,3.95,2.71,SkinSniper,UUSkins
2026-06-04T06:26:38Z,1780554398,visualize:favorites,a4a3936c731b,Sticker | MOUZ (Holo) | Cologne 2026,MOUZ (Holo),Holo,https://csgoskins.gg/items/sticker-mouz-holo-cologne-2026,ok,7.37,10.74,7.37,SkinSniper,UUSkins
2026-06-04T06:26:40Z,1780554400,visualize:favorites,7663d56a8dea,Sticker | NAF (Holo) | Cologne 2026,NAF (Holo),Holo,https://csgoskins.gg/items/sticker-naf-holo-cologne-2026,ok,1.75,2.21,1.75,SkinSniper,UUSkins
2026-06-04T06:26:41Z,1780554401,visualize:favorites,98bd56df9591,Sticker | Natus Vincere (Holo) | Cologne 2026,Natus Vincere (Holo),Holo,https://csgoskins.gg/items/sticker-natus-vincere-holo-cologne-2026,ok,14.77,25.0,14.77,SkinSniper,UUSkins
2026-06-04T06:26:41Z,1780554401,visualize:favorites,14697964ea54,Sticker | NiKo (Holo) | Cologne 2026,NiKo (Holo),Holo,https://csgoskins.gg/items/sticker-niko-holo-cologne-2026,ok,12.04,25.0,12.04,CSGOSkins,UUSkins
2026-06-04T06:26:42Z,1780554402,visualize:favorites,d6ec81bd977b,Sticker | NRG (Holo) | Cologne 2026,NRG (Holo),Holo,https://csgoskins.gg/items/sticker-nrg-holo-cologne-2026,ok,7.98,13.77,7.98,SkinSniper,UUSkins
2026-06-04T06:26:43Z,1780554403,visualize:favorites,17c4fd194704,Sticker | oSee (Holo) | Cologne 2026,oSee (Holo),Holo,https://csgoskins.gg/items/sticker-osee-holo-cologne-2026,ok,1.91,3.19,1.91,SkinSniper,UUSkins
2026-06-04T06:26:43Z,1780554403,visualize:favorites,0927c21045c2,Sticker | paiN Gaming (Holo) | Cologne 2026,paiN Gaming (Holo),Holo,https://csgoskins.gg/items/sticker-pain-gaming-holo-cologne-2026,ok,4.14,4.6,4.14,SkinSniper,UUSkins
2026-06-04T06:26:44Z,1780554404,visualize:favorites,3292ee18e768,Sticker | PARIVISION (Holo) | Cologne 2026,PARIVISION (Holo),Holo,https://csgoskins.gg/items/sticker-parivision-holo-cologne-2026,ok,5.75,18.04,5.75,SkinSniper,UUSkins
2026-06-04T06:26:45Z,1780554405,visualize:favorites,dd37bc13bea6,Sticker | ropz (Holo) | Cologne 2026,ropz (Holo),Holo,https://csgoskins.gg/items/sticker-ropz-holo-cologne-2026,ok,20.67,29.99,20.67,SkinSniper,UUSkins
2026-06-04T06:26:45Z,1780554405,visualize:favorites,d1dda4ae4bf0,Sticker | rdnzao (Holo) | Cologne 2026,rdnzao (Holo),Holo,https://csgoskins.gg/items/sticker-rdnzao-holo-cologne-2026,ok,1.48,2.25,1.48,SkinSniper,UUSkins
2026-06-04T06:26:47Z,1780554407,visualize:favorites,abe272caf8fe,Sticker | ryu (Holo) | Cologne 2026,ryu (Holo),Holo,https://csgoskins.gg/items/sticker-ryu-holo-cologne-2026,ok,1.7,1.7,2.66,SkinSniper,UUSkins
2026-06-04T06:26:47Z,1780554407,visualize:favorites,f81be8cece16,Sticker | S1ren (Holo) | Cologne 2026,S1ren (Holo),Holo,https://csgoskins.gg/items/sticker-s1ren-holo-cologne-2026,ok,5.17,5.52,5.17,SkinSniper,UUSkins
2026-06-04T06:26:47Z,1780554407,visualize:favorites,29fd6c914915,Sticker | s1n (Holo) | Cologne 2026,s1n (Holo),Holo,https://csgoskins.gg/items/sticker-s1n-holo-cologne-2026,ok,1.33,2.46,1.33,SkinSniper,UUSkins
2026-06-04T06:26:49Z,1780554409,visualize:favorites,3621c3a87cd4,Sticker | Sharks Esports (Holo) | Cologne 2026,Sharks Esports (Holo),Holo,https://csgoskins.gg/items/sticker-sharks-esports-holo-cologne-2026,ok,5.9,13.34,5.9,SkinSniper,UUSkins
2026-06-04T06:26:49Z,1780554409,visualize:favorites,83e4230ec809,Sticker | SINNERS (Holo) | Cologne 2026,SINNERS (Holo),Holo,https://csgoskins.gg/items/sticker-sinners-holo-cologne-2026,ok,10.34,,10.34,,UUSkins
2026-06-04T06:26:49Z,1780554409,visualize:favorites,902f2e3f6274,Sticker | Team Liquid (Holo) | Cologne 2026,Team Liquid (Holo),Holo,https://csgoskins.gg/items/sticker-team-liquid-holo-cologne-2026,ok,16.17,46.9,16.17,SkinSniper,UUSkins
2026-06-04T06:26:51Z,1780554411,visualize:favorites,cc8283a1d435,Sticker | Team Spirit (Holo) | Cologne 2026,Team Spirit (Holo),Holo,https://csgoskins.gg/items/sticker-team-spirit-holo-cologne-2026,ok,23.55,34.56,23.55,SkinSniper,UUSkins
2026-06-04T06:26:51Z,1780554411,visualize:favorites,03a461d6d761,Sticker | TeSeS (Holo) | Cologne 2026,TeSeS (Holo),Holo,https://csgoskins.gg/items/sticker-teses-holo-cologne-2026,ok,3.75,5.45,3.75,SkinSniper,UUSkins
2026-06-04T06:26:52Z,1780554412,visualize:favorites,ac189711479a,Sticker | The Mongolz (Holo) | Cologne 2026,The Mongolz (Holo),Holo,https://csgoskins.gg/items/sticker-the-mongolz-holo-cologne-2026,ok,11.72,11.72,22.15,SkinSniper,UUSkins
2026-06-04T06:26:53Z,1780554413,visualize:favorites,224ba8b64dda,Sticker | THUNDERdOWNUNDER (Holo) | Cologne 2026,THUNDERdOWNUNDER (Holo),Holo,https://csgoskins.gg/items/sticker-thunder-downunder-holo-cologne-2026,ok,23.55,,23.55,,UUSkins
2026-06-04T06:26:53Z,1780554413,visualize:favorites,092bb16ad86f,Sticker | TjP (Holo) | Cologne 2026,TjP (Holo),Holo,https://csgoskins.gg/items/sticker-tjp-holo-cologne-2026,ok,3.11,10.53,3.11,SkinSniper,UUSkins
2026-06-04T06:26:54Z,1780554414,visualize:favorites,8df88522d91a,Sticker | TYLOO (Holo) | Cologne 2026,TYLOO (Holo),Holo,https://csgoskins.gg/items/sticker-tyloo-holo-cologne-2026,ok,8.85,10.53,8.85,SkinSniper,UUSkins
2026-06-04T06:26:55Z,1780554415,visualize:favorites,1320996ad66c,Sticker | ultimate (Holo) | Cologne 2026,ultimate (Holo),Holo,https://csgoskins.gg/items/sticker-ultimate-holo-cologne-2026,ok,1.19,2.4,1.19,SkinSniper,UUSkins
2026-06-04T06:26:56Z,1780554416,visualize:favorites,51ce27fe1b8c,Sticker | Vitality (Holo) | Cologne 2026,Vitality (Holo),Holo,https://csgoskins.gg/items/sticker-vitality-holo-cologne-2026,ok,20.52,53.67,20.52,SkinSniper,UUSkins
2026-06-04T06:26:56Z,1780554416,visualize:favorites,c7c168af76bb,Sticker | xiELO (Holo) | Cologne 2026,xiELO (Holo),Holo,https://csgoskins.gg/items/sticker-xielo-holo-cologne-2026,ok,1.06,2.03,1.06,SkinSniper,UUSkins
2026-06-04T06:26:57Z,1780554417,visualize:favorites,23c660a4589d,Sticker | z4KR (Holo) | Cologne 2026,z4KR (Holo),Holo,https://csgoskins.gg/items/sticker-z4kr-holo-cologne-2026,ok,2.51,4.33,2.51,SkinSniper,UUSkins
2026-06-04T06:26:58Z,1780554418,visualize:favorites,662a4956f2a0,Sticker | Zero (Holo) | Cologne 2026,Zero (Holo),Holo,https://csgoskins.gg/items/sticker-zero-holo-cologne-2026,ok,3.72,3.72,3.78,SkinSniper,UUSkins
2026-06-04T06:26:58Z,1780554418,visualize:favorites,f30aa8a5b607,Sticker | zorte (Holo) | Cologne 2026,zorte (Holo),Holo,https://csgoskins.gg/items/sticker-zorte-holo-cologne-2026,ok,1.78,5.42,1.78,SkinSniper,UUSkins
2026-06-04T06:26:59Z,1780554419,visualize:favorites,5a2393e5fa57,Sticker | ZywOo (Holo) | Cologne 2026,ZywOo (Holo),Holo,https://csgoskins.gg/items/sticker-zywoo-holo-cologne-2026,ok,22.59,30.0,22.59,SkinSniper,UUSkins
2026-06-04T06:27:02Z,1780554422,visualize:holo,ce776976702f,Sticker | Aleksib (Holo) | Cologne 2026,Aleksib (Holo),Holo,https://csgoskins.gg/items/sticker-aleksib-holo-cologne-2026,ok,6.0,6.0,12.55,SkinSniper,UUSkins
2026-06-04T06:27:02Z,1780554422,visualize:holo,3bbfd6caa311,Sticker | afro (Holo) | Cologne 2026,afro (Holo),Holo,https://csgoskins.gg/items/sticker-afro-holo-cologne-2026,ok,0.87,3.5,0.87,SkinSniper,UUSkins
2026-06-04T06:27:02Z,1780554422,visualize:holo,bec2fa69e575,Sticker | 910 (Holo) | Cologne 2026,910 (Holo),Holo,https://csgoskins.gg/items/sticker-910-holo-cologne-2026,ok,4.83,4.83,5.02,SkinSniper,UUSkins
2026-06-04T06:27:04Z,1780554424,visualize:holo,14bcd12b76fa,Sticker | apEX (Holo) | Cologne 2026,apEX (Holo),Holo,https://csgoskins.gg/items/sticker-apex-holo-cologne-2026,ok,10.78,11.59,10.78,SkinSniper,UUSkins
2026-06-04T06:27:04Z,1780554424,visualize:holo,6cd76891da90,Sticker | arT (Holo) | Cologne 2026,arT (Holo),Holo,https://csgoskins.gg/items/sticker-art-holo-cologne-2026,ok,2.46,8.0,2.46,SkinSniper,UUSkins
2026-06-04T06:27:04Z,1780554424,visualize:holo,e3088a331acc,Sticker | alex666 (Holo) | Cologne 2026,alex666 (Holo),Holo,https://csgoskins.gg/items/sticker-alex666-holo-cologne-2026,ok,2.78,3.49,2.78,SkinSniper,UUSkins
2026-06-04T06:27:06Z,1780554426,visualize:holo,9a5eb57807b3,Sticker | b1t (Holo) | Cologne 2026,b1t (Holo),Holo,https://csgoskins.gg/items/sticker-b1t-holo-cologne-2026,ok,7.24,7.69,7.24,SkinSniper,UUSkins
2026-06-04T06:27:06Z,1780554426,visualize:holo,94dac2e78311,Sticker | AZUWU (Holo) | Cologne 2026,AZUWU (Holo),Holo,https://csgoskins.gg/items/sticker-azuwu-holo-cologne-2026,ok,2.81,2.87,2.81,SkinSniper,UUSkins
2026-06-04T06:27:06Z,1780554426,visualize:holo,203a65c3dc80,Sticker | beastik (Holo) | Cologne 2026,beastik (Holo),Holo,https://csgoskins.gg/items/sticker-beastik-holo-cologne-2026,ok,1.47,11.64,1.47,SkinSniper,UUSkins
2026-06-04T06:27:08Z,1780554428,visualize:holo,1bb7a99bbead,Sticker | blameF (Holo) | Cologne 2026,blameF (Holo),Holo,https://csgoskins.gg/items/sticker-blamef-holo-cologne-2026,ok,4.0,4.0,4.42,CSGOSkins,UUSkins
2026-06-04T06:27:08Z,1780554428,visualize:holo,03c03bd87eed,Sticker | bLitz (Holo) | Cologne 2026,bLitz (Holo),Holo,https://csgoskins.gg/items/sticker-blitz-holo-cologne-2026,ok,0.82,2.39,0.82,SkinSniper,UUSkins
2026-06-04T06:27:08Z,1780554428,visualize:holo,5db395ff0e07,Sticker | biguzera (Holo) | Cologne 2026,biguzera (Holo),Holo,https://csgoskins.gg/items/sticker-biguzera-holo-cologne-2026,ok,0.82,1.72,0.82,SkinSniper,UUSkins
2026-06-04T06:27:10Z,1780554430,visualize:holo,e8d4a81ec33d,Sticker | brnz4n (Holo) | Cologne 2026,brnz4n (Holo),Holo,https://csgoskins.gg/items/sticker-brnz4n-holo-cologne-2026,ok,1.81,3.0,1.81,CSGOSkins,UUSkins
2026-06-04T06:27:11Z,1780554431,visualize:holo,15d8caaa80ce,Sticker | Bymas (Holo) | Cologne 2026,Bymas (Holo),Holo,https://csgoskins.gg/items/sticker-bymas-holo-cologne-2026,ok,5.91,,5.91,,UUSkins
2026-06-04T06:27:11Z,1780554431,visualize:holo,166ce2b3b8d6,Sticker | Brollan (Holo) | Cologne 2026,Brollan (Holo),Holo,https://csgoskins.gg/items/sticker-brollan-holo-cologne-2026,ok,1.6,2.0,1.6,SkinSniper,UUSkins
2026-06-04T07:00:37Z,1780556437,visualize:favorites,08012c24edef,Sticker | 9z Team (Holo) | Cologne 2026,9z Team (Holo),Holo,https://csgoskins.gg/items/sticker-9z-team-holo-cologne-2026,ok,4.14,5.0,4.14,SkinSniper,UUSkins
2026-06-04T07:00:37Z,1780556437,visualize:favorites,277c2f345667,Sticker | asap (Holo) | Cologne 2026,asap (Holo),Holo,https://csgoskins.gg/items/sticker-asap-holo-cologne-2026,ok,7.38,13.5,7.38,SkinSniper,UUSkins
2026-06-04T07:00:37Z,1780556437,visualize:favorites,ef893d39098d,Sticker | aliStair (Holo) | Cologne 2026,aliStair (Holo),Holo,https://csgoskins.gg/items/sticker-alistair-holo-cologne-2026,ok,2.1,4.24,2.1,SkinSniper,UUSkins
2026-06-04T07:00:40Z,1780556440,visualize:favorites,84bea33324ce,Sticker | Astralis (Holo) | Cologne 2026,Astralis (Holo),Holo,https://csgoskins.gg/items/sticker-astralis-holo-cologne-2026,ok,5.88,9.02,5.88,SkinSniper,UUSkins
2026-06-04T07:00:40Z,1780556440,visualize:favorites,8cddaf065473,Sticker | Aurora (Holo) | Cologne 2026,Aurora (Holo),Holo,https://csgoskins.gg/items/sticker-aurora-holo-cologne-2026,ok,5.02,6.18,5.02,SkinSniper,UUSkins
2026-06-04T07:00:40Z,1780556440,visualize:favorites,97fa3a994577,Sticker | B8 (Holo) | Cologne 2026,B8 (Holo),Holo,https://csgoskins.gg/items/sticker-b8-holo-cologne-2026,ok,4.4,6.38,4.4,SkinSniper,UUSkins
2026-06-04T07:00:42Z,1780556442,visualize:favorites,5c77121eb587,Sticker | BELCHONOKK (Holo) | Cologne 2026,BELCHONOKK (Holo),Holo,https://csgoskins.gg/items/sticker-belchonokk-holo-cologne-2026,ok,0.96,1.56,0.96,SkinSniper,UUSkins
2026-06-04T07:00:42Z,1780556442,visualize:favorites,05e866d13d83,Sticker | BetBoom (Holo) | Cologne 2026,BetBoom (Holo),Holo,https://csgoskins.gg/items/sticker-betboom-holo-cologne-2026,ok,6.28,7.36,6.28,SkinSniper,UUSkins
2026-06-04T07:00:43Z,1780556443,visualize:favorites,cb066e4e5b7e,Sticker | BIG (Holo) | Cologne 2026,BIG (Holo),Holo,https://csgoskins.gg/items/sticker-big-holo-cologne-2026,ok,3.7,5.75,3.7,SkinSniper,UUSkins
2026-06-04T07:00:44Z,1780556444,visualize:favorites,85bebf40159a,Sticker | Boombl4 (Holo) | Cologne 2026,Boombl4 (Holo),Holo,https://csgoskins.gg/items/sticker-boombl4-holo-cologne-2026,ok,4.88,20.0,4.88,SkinSniper,UUSkins
2026-06-04T07:00:44Z,1780556444,visualize:favorites,3b77bff2c945,Sticker | br0 (Holo) | Cologne 2026,br0 (Holo),Holo,https://csgoskins.gg/items/sticker-br0-holo-cologne-2026,ok,2.66,2.96,2.66,SkinSniper,UUSkins
2026-06-04T07:00:45Z,1780556445,visualize:favorites,03fffdf9d165,Sticker | dexter (Holo) | Cologne 2026,dexter (Holo),Holo,https://csgoskins.gg/items/sticker-dexter-holo-cologne-2026,ok,11.08,15.06,11.08,SkinSniper,UUSkins
2026-06-04T07:00:46Z,1780556446,visualize:favorites,497d22fda716,Sticker | doc (Holo) | Cologne 2026,doc (Holo),Holo,https://csgoskins.gg/items/sticker-doc-holo-cologne-2026,ok,2.59,4.43,2.59,SkinSniper,UUSkins
2026-06-04T07:00:47Z,1780556447,visualize:favorites,bc609878776e,Sticker | donk (Holo) | Cologne 2026,donk (Holo),Holo,https://csgoskins.gg/items/sticker-donk-holo-cologne-2026,ok,29.46,32.76,29.46,SkinSniper,UUSkins
2026-06-04T07:00:47Z,1780556447,visualize:favorites,fd87e12b4306,Sticker | EliGE (Holo) | Cologne 2026,EliGE (Holo),Holo,https://csgoskins.gg/items/sticker-elige-holo-cologne-2026,ok,3.68,8.1,3.68,SkinSniper,UUSkins
2026-06-04T07:00:48Z,1780556448,visualize:favorites,211ef42add7d,Sticker | EmiliaQAQ (Holo) | Cologne 2026,EmiliaQAQ (Holo),Holo,https://csgoskins.gg/items/sticker-emiliaqaq-holo-cologne-2026,ok,1.92,5.75,1.92,SkinSniper,UUSkins
2026-06-04T07:00:49Z,1780556449,visualize:favorites,55f0bea61a2c,Sticker | Falcons (Holo) | Cologne 2026,Falcons (Holo),Holo,https://csgoskins.gg/items/sticker-falcons-holo-cologne-2026,ok,22.15,26.95,22.15,SkinSniper,UUSkins
2026-06-04T07:00:50Z,1780556450,visualize:favorites,d3de56fb6253,Sticker | FL4MUS (Holo) | Cologne 2026,FL4MUS (Holo),Holo,https://csgoskins.gg/items/sticker-fl4mus-holo-cologne-2026,ok,2.0,6.55,2.0,SkinSniper,UUSkins
2026-06-04T07:00:50Z,1780556450,visualize:favorites,573724344225,Sticker | FlyQuest (Holo) | Cologne 2026,FlyQuest (Holo),Holo,https://csgoskins.gg/items/sticker-flyquest-holo-cologne-2026,ok,8.64,10.39,8.64,SkinSniper,UUSkins
2026-06-04T07:00:51Z,1780556451,visualize:favorites,f77e24374b2b,Sticker | FURIA (Holo) | Cologne 2026,FURIA (Holo),Holo,https://csgoskins.gg/items/sticker-furia-holo-cologne-2026,ok,13.59,23.65,13.59,SkinSniper,UUSkins
2026-06-04T07:00:52Z,1780556452,visualize:favorites,888e02ff13ff,Sticker | FUT (Holo) | Cologne 2026,FUT (Holo),Holo,https://csgoskins.gg/items/sticker-fut-holo-cologne-2026,ok,5.47,8.0,5.47,SkinSniper,UUSkins
2026-06-04T07:00:53Z,1780556453,visualize:favorites,6442ab880b99,Sticker | gafolo (Holo) | Cologne 2026,gafolo (Holo),Holo,https://csgoskins.gg/items/sticker-gafolo-holo-cologne-2026,ok,1.0,1.37,1.0,CSGOSkins,UUSkins
2026-06-04T07:00:53Z,1780556453,visualize:favorites,b970a24dac58,Sticker | G2 esports (Holo) | Cologne 2026,G2 esports (Holo),Holo,https://csgoskins.gg/items/sticker-g2-esports-holo-cologne-2026,ok,4.42,5.38,4.42,CSGOSkins,UUSkins
2026-06-04T07:00:54Z,1780556454,visualize:favorites,666f5b8f180f,Sticker | Gaimin Gladiators (Holo) | Cologne 2026,Gaimin Gladiators (Holo),Holo,https://csgoskins.gg/items/sticker-gaimin-gladiators-holo-cologne-2026,ok,4.23,10.34,4.23,SkinSniper,UUSkins
2026-06-04T07:00:55Z,1780556455,visualize:favorites,bd59bc928757,Sticker | GamerLegion (Holo) | Cologne 2026,GamerLegion (Holo),Holo,https://csgoskins.gg/items/sticker-gamerlegion-holo-cologne-2026,ok,8.55,11.9,8.55,SkinSniper,UUSkins
2026-06-04T07:00:55Z,1780556455,visualize:favorites,396de15d3b80,Sticker | HEROIC (Holo) | Cologne 2026,HEROIC (Holo),Holo,https://csgoskins.gg/items/sticker-heroic-holo-cologne-2026,ok,3.53,3.8,3.53,SkinSniper,UUSkins
2026-06-04T07:00:56Z,1780556456,visualize:favorites,55ae981c50cf,Sticker | IEM (Holo) | Cologne 2026,IEM (Holo),Holo,https://csgoskins.gg/items/sticker-iem-holo-cologne-2026,ok,11.77,25.62,11.77,SkinSniper,UUSkins
2026-06-04T07:00:57Z,1780556457,visualize:favorites,6ea183add0ef,Sticker | Jame (Holo) | Cologne 2026,Jame (Holo),Holo,https://csgoskins.gg/items/sticker-jame-holo-cologne-2026,ok,4.26,5.82,4.26,SkinSniper,UUSkins
2026-06-04T07:00:57Z,1780556457,visualize:favorites,aacac2361330,Sticker | JamYoung (Holo) | Cologne 2026,JamYoung (Holo),Holo,https://csgoskins.gg/items/sticker-jamyoung-holo-cologne-2026,ok,5.01,6.76,5.01,SkinSniper,UUSkins
2026-06-04T07:00:57Z,1780556457,visualize:favorites,fcb303a6898e,Sticker | JDC (Holo) | Cologne 2026,JDC (Holo),Holo,https://csgoskins.gg/items/sticker-jdc-holo-cologne-2026,ok,2.8,20.5,2.8,SkinSniper,UUSkins
2026-06-04T07:00:59Z,1780556459,visualize:favorites,0fd07921f22b,Sticker | koala (Holo) | Cologne 2026,koala (Holo),Holo,https://csgoskins.gg/items/sticker-koala-holo-cologne-2026,ok,0.99,3.32,0.99,SkinSniper,UUSkins
2026-06-04T07:00:59Z,1780556459,visualize:favorites,1290d50e45f8,Sticker | Jee (Holo) | Cologne 2026,Jee (Holo),Holo,https://csgoskins.gg/items/sticker-jee-holo-cologne-2026,ok,3.09,4.95,3.09,SkinSniper,UUSkins
2026-06-04T07:01:00Z,1780556460,visualize:favorites,bb7763f5a8e6,Sticker | kyousuke (Holo) | Cologne 2026,kyousuke (Holo),Holo,https://csgoskins.gg/items/sticker-kyousuke-holo-cologne-2026,ok,15.36,44.73,15.36,SkinSniper,UUSkins
2026-06-04T07:01:01Z,1780556461,visualize:favorites,7aad5666deed,Sticker | Legacy (Holo) | Cologne 2026,Legacy (Holo),Holo,https://csgoskins.gg/items/sticker-legacy-holo-cologne-2026,ok,6.03,7.08,6.03,SkinSniper,UUSkins
2026-06-04T07:01:01Z,1780556461,visualize:favorites,1ed34275b90e,Sticker | kyxsan (Holo) | Cologne 2026,kyxsan (Holo),Holo,https://csgoskins.gg/items/sticker-kyxsan-holo-cologne-2026,ok,3.11,10.0,3.11,SkinSniper,UUSkins
2026-06-04T07:01:02Z,1780556462,visualize:favorites,d2c8126cec6f,Sticker | Liazz (Holo) | Cologne 2026,Liazz (Holo),Holo,https://csgoskins.gg/items/sticker-liazz-holo-cologne-2026,ok,2.66,3.67,2.66,SkinSniper,UUSkins
2026-06-04T07:01:03Z,1780556463,visualize:favorites,3023673eb5a8,Sticker | m0NESY (Holo) | Cologne 2026,m0NESY (Holo),Holo,https://csgoskins.gg/items/sticker-m0nesy-holo-cologne-2026,ok,17.94,26.97,17.94,SkinSniper,UUSkins
2026-06-04T07:01:03Z,1780556463,visualize:favorites,a6f5dfa82c23,Sticker | Lynn Vision (Holo) | Cologne 2026,Lynn Vision (Holo),Holo,https://csgoskins.gg/items/sticker-lynn-vision-holo-cologne-2026,ok,6.5,6.75,6.5,SkinSniper,UUSkins
2026-06-04T07:01:04Z,1780556464,visualize:favorites,39d3a2e2d65e,Sticker | M80 (Holo) | Cologne 2026,M80 (Holo),Holo,https://csgoskins.gg/items/sticker-m80-holo-cologne-2026,ok,6.03,12.99,6.03,SkinSniper,UUSkins
2026-06-04T07:01:05Z,1780556465,visualize:favorites,9f3fa39ccc21,Sticker | malbsMd (Holo) | Cologne 2026,malbsMd (Holo),Holo,https://csgoskins.gg/items/sticker-malbsmd-holo-cologne-2026,ok,0.99,1.35,0.99,SkinSniper,UUSkins
2026-06-04T07:01:05Z,1780556465,visualize:favorites,5f780340315c,Sticker | Magnojez (Holo) | Cologne 2026,Magnojez (Holo),Holo,https://csgoskins.gg/items/sticker-magnojez-holo-cologne-2026,ok,3.55,5.57,3.55,SkinSniper,UUSkins
2026-06-04T07:01:06Z,1780556466,visualize:favorites,f6fbab9c6f78,Sticker | maxxkor (Holo) | Cologne 2026,maxxkor (Holo),Holo,https://csgoskins.gg/items/sticker-maxxkor-holo-cologne-2026,ok,0.96,1.63,0.96,SkinSniper,UUSkins
2026-06-04T07:01:07Z,1780556467,visualize:favorites,91f1a6b88f72,Sticker | MIBR (Holo) | Cologne 2026,MIBR (Holo),Holo,https://csgoskins.gg/items/sticker-mibr-holo-cologne-2026,ok,3.3,3.7,3.3,SkinSniper,UUSkins
2026-06-04T07:01:06Z,1780556466,visualize:favorites,548001363495,Sticker | Mercury (Holo) | Cologne 2026,Mercury (Holo),Holo,https://csgoskins.gg/items/sticker-mercury-holo-cologne-2026,ok,1.91,3.85,1.91,SkinSniper,UUSkins
2026-06-04T07:01:07Z,1780556467,visualize:favorites,fae9152c9494,Sticker | Monte (Holo) | Cologne 2026,Monte (Holo),Holo,https://csgoskins.gg/items/sticker-monte-holo-cologne-2026,ok,4.6,5.75,4.6,SkinSniper,UUSkins
2026-06-04T07:01:09Z,1780556469,visualize:favorites,a4a3936c731b,Sticker | MOUZ (Holo) | Cologne 2026,MOUZ (Holo),Holo,https://csgoskins.gg/items/sticker-mouz-holo-cologne-2026,ok,7.37,10.74,7.37,SkinSniper,UUSkins
2026-06-04T07:01:08Z,1780556468,visualize:favorites,f6bb65caa27f,Sticker | Moseyuh (Holo) | Cologne 2026,Moseyuh (Holo),Holo,https://csgoskins.gg/items/sticker-moseyuh-holo-cologne-2026,ok,2.71,3.95,2.71,SkinSniper,UUSkins
2026-06-04T07:01:09Z,1780556469,visualize:favorites,7663d56a8dea,Sticker | NAF (Holo) | Cologne 2026,NAF (Holo),Holo,https://csgoskins.gg/items/sticker-naf-holo-cologne-2026,ok,1.75,2.21,1.75,SkinSniper,UUSkins
2026-06-04T07:01:11Z,1780556471,visualize:favorites,14697964ea54,Sticker | NiKo (Holo) | Cologne 2026,NiKo (Holo),Holo,https://csgoskins.gg/items/sticker-niko-holo-cologne-2026,ok,12.05,25.0,12.05,CSGOSkins,UUSkins
2026-06-04T07:01:10Z,1780556470,visualize:favorites,98bd56df9591,Sticker | Natus Vincere (Holo) | Cologne 2026,Natus Vincere (Holo),Holo,https://csgoskins.gg/items/sticker-natus-vincere-holo-cologne-2026,ok,14.77,25.0,14.77,SkinSniper,UUSkins
2026-06-04T07:01:11Z,1780556471,visualize:favorites,d6ec81bd977b,Sticker | NRG (Holo) | Cologne 2026,NRG (Holo),Holo,https://csgoskins.gg/items/sticker-nrg-holo-cologne-2026,ok,7.98,13.77,7.98,SkinSniper,UUSkins
2026-06-04T07:01:13Z,1780556473,visualize:favorites,0927c21045c2,Sticker | paiN Gaming (Holo) | Cologne 2026,paiN Gaming (Holo),Holo,https://csgoskins.gg/items/sticker-pain-gaming-holo-cologne-2026,ok,4.14,4.6,4.14,SkinSniper,UUSkins
2026-06-04T07:01:12Z,1780556472,visualize:favorites,17c4fd194704,Sticker | oSee (Holo) | Cologne 2026,oSee (Holo),Holo,https://csgoskins.gg/items/sticker-osee-holo-cologne-2026,ok,1.91,3.19,1.91,SkinSniper,UUSkins
2026-06-04T07:01:13Z,1780556473,visualize:favorites,3292ee18e768,Sticker | PARIVISION (Holo) | Cologne 2026,PARIVISION (Holo),Holo,https://csgoskins.gg/items/sticker-parivision-holo-cologne-2026,ok,5.75,18.04,5.75,SkinSniper,UUSkins
2026-06-04T07:01:15Z,1780556475,visualize:favorites,dd37bc13bea6,Sticker | ropz (Holo) | Cologne 2026,ropz (Holo),Holo,https://csgoskins.gg/items/sticker-ropz-holo-cologne-2026,ok,20.67,29.99,20.67,SkinSniper,UUSkins
2026-06-04T07:01:14Z,1780556474,visualize:favorites,d1dda4ae4bf0,Sticker | rdnzao (Holo) | Cologne 2026,rdnzao (Holo),Holo,https://csgoskins.gg/items/sticker-rdnzao-holo-cologne-2026,ok,1.48,2.25,1.48,SkinSniper,UUSkins
2026-06-04T07:01:15Z,1780556475,visualize:favorites,abe272caf8fe,Sticker | ryu (Holo) | Cologne 2026,ryu (Holo),Holo,https://csgoskins.gg/items/sticker-ryu-holo-cologne-2026,ok,1.7,1.7,2.66,SkinSniper,UUSkins
2026-06-04T07:01:16Z,1780556476,visualize:favorites,29fd6c914915,Sticker | s1n (Holo) | Cologne 2026,s1n (Holo),Holo,https://csgoskins.gg/items/sticker-s1n-holo-cologne-2026,ok,1.33,2.46,1.33,SkinSniper,UUSkins
2026-06-04T07:01:16Z,1780556476,visualize:favorites,f81be8cece16,Sticker | S1ren (Holo) | Cologne 2026,S1ren (Holo),Holo,https://csgoskins.gg/items/sticker-s1ren-holo-cologne-2026,ok,5.17,5.52,5.17,SkinSniper,UUSkins
2026-06-04T07:01:17Z,1780556477,visualize:favorites,3621c3a87cd4,Sticker | Sharks Esports (Holo) | Cologne 2026,Sharks Esports (Holo),Holo,https://csgoskins.gg/items/sticker-sharks-esports-holo-cologne-2026,ok,5.9,13.34,5.9,SkinSniper,UUSkins
2026-06-04T07:01:18Z,1780556478,visualize:favorites,83e4230ec809,Sticker | SINNERS (Holo) | Cologne 2026,SINNERS (Holo),Holo,https://csgoskins.gg/items/sticker-sinners-holo-cologne-2026,ok,10.34,,10.34,,UUSkins
2026-06-04T07:01:19Z,1780556479,visualize:favorites,902f2e3f6274,Sticker | Team Liquid (Holo) | Cologne 2026,Team Liquid (Holo),Holo,https://csgoskins.gg/items/sticker-team-liquid-holo-cologne-2026,ok,16.1,46.9,16.1,SkinSniper,UUSkins
2026-06-04T07:01:19Z,1780556479,visualize:favorites,cc8283a1d435,Sticker | Team Spirit (Holo) | Cologne 2026,Team Spirit (Holo),Holo,https://csgoskins.gg/items/sticker-team-spirit-holo-cologne-2026,ok,23.55,34.56,23.55,SkinSniper,UUSkins
2026-06-04T07:01:21Z,1780556481,visualize:favorites,03a461d6d761,Sticker | TeSeS (Holo) | Cologne 2026,TeSeS (Holo),Holo,https://csgoskins.gg/items/sticker-teses-holo-cologne-2026,ok,3.75,5.45,3.75,SkinSniper,UUSkins
2026-06-04T07:01:21Z,1780556481,visualize:favorites,ac189711479a,Sticker | The Mongolz (Holo) | Cologne 2026,The Mongolz (Holo),Holo,https://csgoskins.gg/items/sticker-the-mongolz-holo-cologne-2026,ok,11.72,11.72,22.15,SkinSniper,UUSkins
2026-06-04T07:01:22Z,1780556482,visualize:favorites,224ba8b64dda,Sticker | THUNDERdOWNUNDER (Holo) | Cologne 2026,THUNDERdOWNUNDER (Holo),Holo,https://csgoskins.gg/items/sticker-thunder-downunder-holo-cologne-2026,ok,23.55,,23.55,,UUSkins
2026-06-04T07:01:23Z,1780556483,visualize:favorites,092bb16ad86f,Sticker | TjP (Holo) | Cologne 2026,TjP (Holo),Holo,https://csgoskins.gg/items/sticker-tjp-holo-cologne-2026,ok,3.11,10.53,3.11,SkinSniper,UUSkins
2026-06-04T07:01:23Z,1780556483,visualize:favorites,8df88522d91a,Sticker | TYLOO (Holo) | Cologne 2026,TYLOO (Holo),Holo,https://csgoskins.gg/items/sticker-tyloo-holo-cologne-2026,ok,8.85,11.4,8.85,SkinSniper,UUSkins
2026-06-04T07:01:25Z,1780556485,visualize:favorites,1320996ad66c,Sticker | ultimate (Holo) | Cologne 2026,ultimate (Holo),Holo,https://csgoskins.gg/items/sticker-ultimate-holo-cologne-2026,ok,1.19,2.4,1.19,SkinSniper,UUSkins
2026-06-04T07:01:25Z,1780556485,visualize:favorites,51ce27fe1b8c,Sticker | Vitality (Holo) | Cologne 2026,Vitality (Holo),Holo,https://csgoskins.gg/items/sticker-vitality-holo-cologne-2026,ok,20.52,53.67,20.52,SkinSniper,UUSkins
2026-06-04T07:01:25Z,1780556485,visualize:favorites,c7c168af76bb,Sticker | xiELO (Holo) | Cologne 2026,xiELO (Holo),Holo,https://csgoskins.gg/items/sticker-xielo-holo-cologne-2026,ok,1.05,2.03,1.05,SkinSniper,UUSkins
2026-06-04T07:01:27Z,1780556487,visualize:favorites,23c660a4589d,Sticker | z4KR (Holo) | Cologne 2026,z4KR (Holo),Holo,https://csgoskins.gg/items/sticker-z4kr-holo-cologne-2026,ok,2.44,4.33,2.44,SkinSniper,UUSkins
2026-06-04T07:01:27Z,1780556487,visualize:favorites,662a4956f2a0,Sticker | Zero (Holo) | Cologne 2026,Zero (Holo),Holo,https://csgoskins.gg/items/sticker-zero-holo-cologne-2026,ok,3.99,20.0,3.99,SkinSniper,UUSkins
2026-06-04T07:01:27Z,1780556487,visualize:favorites,f30aa8a5b607,Sticker | zorte (Holo) | Cologne 2026,zorte (Holo),Holo,https://csgoskins.gg/items/sticker-zorte-holo-cologne-2026,ok,1.78,5.42,1.78,SkinSniper,UUSkins
2026-06-04T07:01:29Z,1780556489,visualize:favorites,5a2393e5fa57,Sticker | ZywOo (Holo) | Cologne 2026,ZywOo (Holo),Holo,https://csgoskins.gg/items/sticker-zywoo-holo-cologne-2026,ok,22.44,30.0,22.44,SkinSniper,UUSkins
2026-06-04T07:01:31Z,1780556491,visualize:holo,c5891da26931,Sticker | C4LLM3SU3 (Holo) | Cologne 2026,C4LLM3SU3 (Holo),Holo,https://csgoskins.gg/items/sticker-c4llm3su3-holo-cologne-2026,ok,5.32,,5.32,,UUSkins
2026-06-04T07:01:31Z,1780556491,visualize:holo,d8eca2f9a89f,Sticker | Chr1zN (Holo) | Cologne 2026,Chr1zN (Holo),Holo,https://csgoskins.gg/items/sticker-chr1zn-holo-cologne-2026,ok,0.59,0.91,0.59,SkinSniper,UUSkins
2026-06-04T07:01:31Z,1780556491,visualize:holo,15d8caaa80ce,Sticker | Bymas (Holo) | Cologne 2026,Bymas (Holo),Holo,https://csgoskins.gg/items/sticker-bymas-holo-cologne-2026,ok,5.91,,5.91,,UUSkins
2026-06-04T07:01:33Z,1780556493,visualize:holo,7e131d00335c,Sticker | cmtry (Holo) | Cologne 2026,cmtry (Holo),Holo,https://csgoskins.gg/items/sticker-cmtry-holo-cologne-2026,ok,1.48,2.14,1.48,SkinSniper,UUSkins
2026-06-04T07:01:33Z,1780556493,visualize:holo,23f5b51544da,Sticker | dem0n (Holo) | Cologne 2026,dem0n (Holo),Holo,https://csgoskins.gg/items/sticker-dem0n-holo-cologne-2026,ok,4.24,4.95,4.24,SkinSniper,UUSkins
2026-06-04T07:01:33Z,1780556493,visualize:holo,979825ffa1b5,Sticker | cobra (Holo) | Cologne 2026,cobra (Holo),Holo,https://csgoskins.gg/items/sticker-cobra-holo-cologne-2026,ok,1.47,10.14,1.47,SkinSniper,UUSkins
2026-06-04T07:01:35Z,1780556495,visualize:holo,18b7f1599347,Sticker | dgt (Holo) | Cologne 2026,dgt (Holo),Holo,https://csgoskins.gg/items/sticker-dgt-holo-cologne-2026,ok,1.02,1.84,1.02,SkinSniper,UUSkins
2026-06-04T07:01:35Z,1780556495,visualize:holo,a880c6c0a5dc,Sticker | dziugss (Holo) | Cologne 2026,dziugss (Holo),Holo,https://csgoskins.gg/items/sticker-dziugss-holo-cologne-2026,ok,4.12,5.09,4.12,SkinSniper,UUSkins
2026-06-04T07:01:35Z,1780556495,visualize:holo,2beada2f6369,Sticker | dumau (Holo) | Cologne 2026,dumau (Holo),Holo,https://csgoskins.gg/items/sticker-dumau-holo-cologne-2026,ok,2.51,8.16,2.51,SkinSniper,UUSkins
2026-06-04T07:01:37Z,1780556497,visualize:holo,3c1b213ef1dd,Sticker | FalleN (Holo) | Cologne 2026,FalleN (Holo),Holo,https://csgoskins.gg/items/sticker-fallen-holo-cologne-2026,ok,20.0,20.0,23.62,SkinSniper,UUSkins
2026-06-04T07:01:37Z,1780556497,visualize:holo,da6050cfcdd0,Sticker | esenthial (Holo) | Cologne 2026,esenthial (Holo),Holo,https://csgoskins.gg/items/sticker-esenthial-holo-cologne-2026,ok,0.62,6.07,0.62,SkinSniper,UUSkins
2026-06-04T07:01:38Z,1780556498,visualize:holo,51953c88e439,Sticker | faveN (Holo) | Cologne 2026,faveN (Holo),Holo,https://csgoskins.gg/items/sticker-faven-holo-cologne-2026,ok,0.52,1.02,0.52,SkinSniper,UUSkins
2026-06-04T07:01:40Z,1780556500,visualize:holo,61b8fce18dee,Sticker | felps (Holo) | Cologne 2026,felps (Holo),Holo,https://csgoskins.gg/items/sticker-felps-holo-cologne-2026,ok,0.67,1.34,0.67,CSGOSkins,UUSkins
2026-06-04T07:01:40Z,1780556500,visualize:holo,a458e8d171c8,Sticker | Gizmy (Holo) | Cologne 2026,Gizmy (Holo),Holo,https://csgoskins.gg/items/sticker-gizmy-holo-cologne-2026,ok,2.07,3.12,2.07,SkinSniper,UUSkins
2026-06-04T07:01:40Z,1780556500,visualize:holo,4231d7fb5568,Sticker | FlameZ (Holo) | Cologne 2026,FlameZ (Holo),Holo,https://csgoskins.gg/items/sticker-flamez-holo-cologne-2026,ok,4.49,9.69,4.49,SkinSniper,UUSkins
2026-06-04T07:26:24Z,1780557984,api,17c4fd194704,Sticker | oSee (Holo) | Cologne 2026,oSee (Holo),Holo,https://csgoskins.gg/items/sticker-osee-holo-cologne-2026,ok,1.91,3.19,1.91,SkinSniper,UUSkins
2026-06-04T07:26:24Z,1780557984,api,6442ab880b99,Sticker | gafolo (Holo) | Cologne 2026,gafolo (Holo),Holo,https://csgoskins.gg/items/sticker-gafolo-holo-cologne-2026,ok,1.0,1.37,1.0,CSGOSkins,UUSkins
2026-06-04T07:26:24Z,1780557984,api,f6fbab9c6f78,Sticker | maxxkor (Holo) | Cologne 2026,maxxkor (Holo),Holo,https://csgoskins.gg/items/sticker-maxxkor-holo-cologne-2026,ok,0.96,1.63,0.96,SkinSniper,UUSkins
2026-06-04T07:26:27Z,1780557987,api,dd37bc13bea6,Sticker | ropz (Holo) | Cologne 2026,ropz (Holo),Holo,https://csgoskins.gg/items/sticker-ropz-holo-cologne-2026,ok,20.52,29.99,20.52,SkinSniper,UUSkins
2026-06-04T07:26:27Z,1780557987,api,d1dda4ae4bf0,Sticker | rdnzao (Holo) | Cologne 2026,rdnzao (Holo),Holo,https://csgoskins.gg/items/sticker-rdnzao-holo-cologne-2026,ok,1.48,2.25,1.48,SkinSniper,UUSkins
2026-06-04T07:26:27Z,1780557987,api,f30aa8a5b607,Sticker | zorte (Holo) | Cologne 2026,zorte (Holo),Holo,https://csgoskins.gg/items/sticker-zorte-holo-cologne-2026,ok,1.78,5.42,1.78,SkinSniper,UUSkins
2026-06-04T07:26:29Z,1780557989,api,f77e24374b2b,Sticker | FURIA (Holo) | Cologne 2026,FURIA (Holo),Holo,https://csgoskins.gg/items/sticker-furia-holo-cologne-2026,ok,13.29,23.65,13.29,SkinSniper,UUSkins
2026-06-04T07:26:30Z,1780557990,api,03fffdf9d165,Sticker | dexter (Holo) | Cologne 2026,dexter (Holo),Holo,https://csgoskins.gg/items/sticker-dexter-holo-cologne-2026,ok,11.0,15.06,11.0,SkinSniper,UUSkins
2026-06-04T07:26:30Z,1780557990,api,98bd56df9591,Sticker | Natus Vincere (Holo) | Cologne 2026,Natus Vincere (Holo),Holo,https://csgoskins.gg/items/sticker-natus-vincere-holo-cologne-2026,ok,15.51,25.0,15.51,SkinSniper,UUSkins
2026-06-04T07:26:31Z,1780557991,api,548001363495,Sticker | Mercury (Holo) | Cologne 2026,Mercury (Holo),Holo,https://csgoskins.gg/items/sticker-mercury-holo-cologne-2026,ok,1.91,3.85,1.91,SkinSniper,UUSkins
2026-06-04T07:26:32Z,1780557992,api,ef893d39098d,Sticker | aliStair (Holo) | Cologne 2026,aliStair (Holo),Holo,https://csgoskins.gg/items/sticker-alistair-holo-cologne-2026,ok,2.1,4.24,2.1,SkinSniper,UUSkins
2026-06-04T07:26:32Z,1780557992,api,bd59bc928757,Sticker | GamerLegion (Holo) | Cologne 2026,GamerLegion (Holo),Holo,https://csgoskins.gg/items/sticker-gamerlegion-holo-cologne-2026,ok,8.55,11.9,8.55,SkinSniper,UUSkins
2026-06-04T07:26:33Z,1780557993,api,85bebf40159a,Sticker | Boombl4 (Holo) | Cologne 2026,Boombl4 (Holo),Holo,https://csgoskins.gg/items/sticker-boombl4-holo-cologne-2026,ok,4.88,20.0,4.88,SkinSniper,UUSkins
2026-06-04T07:26:34Z,1780557994,api,23c660a4589d,Sticker | z4KR (Holo) | Cologne 2026,z4KR (Holo),Holo,https://csgoskins.gg/items/sticker-z4kr-holo-cologne-2026,ok,2.18,4.33,2.18,SkinSniper,UUSkins
2026-06-04T07:26:34Z,1780557994,api,662a4956f2a0,Sticker | Zero (Holo) | Cologne 2026,Zero (Holo),Holo,https://csgoskins.gg/items/sticker-zero-holo-cologne-2026,ok,3.99,20.0,3.99,SkinSniper,UUSkins
2026-06-04T07:26:35Z,1780557995,api,c7c168af76bb,Sticker | xiELO (Holo) | Cologne 2026,xiELO (Holo),Holo,https://csgoskins.gg/items/sticker-xielo-holo-cologne-2026,ok,1.05,2.03,1.05,SkinSniper,UUSkins
2026-06-04T07:26:36Z,1780557996,api,888e02ff13ff,Sticker | FUT (Holo) | Cologne 2026,FUT (Holo),Holo,https://csgoskins.gg/items/sticker-fut-holo-cologne-2026,ok,5.47,8.0,5.47,SkinSniper,UUSkins
2026-06-04T07:26:36Z,1780557996,api,3292ee18e768,Sticker | PARIVISION (Holo) | Cologne 2026,PARIVISION (Holo),Holo,https://csgoskins.gg/items/sticker-parivision-holo-cologne-2026,ok,5.75,18.04,5.75,SkinSniper,UUSkins
2026-06-04T07:26:37Z,1780557997,api,a6f5dfa82c23,Sticker | Lynn Vision (Holo) | Cologne 2026,Lynn Vision (Holo),Holo,https://csgoskins.gg/items/sticker-lynn-vision-holo-cologne-2026,ok,6.57,6.75,6.57,SkinSniper,UUSkins
2026-06-04T07:26:38Z,1780557998,api,1ed34275b90e,Sticker | kyxsan (Holo) | Cologne 2026,kyxsan (Holo),Holo,https://csgoskins.gg/items/sticker-kyxsan-holo-cologne-2026,ok,2.74,10.0,2.74,SkinSniper,UUSkins
2026-06-04T07:26:38Z,1780557998,api,b970a24dac58,Sticker | G2 esports (Holo) | Cologne 2026,G2 esports (Holo),Holo,https://csgoskins.gg/items/sticker-g2-esports-holo-cologne-2026,ok,4.42,5.38,4.42,CSGOSkins,UUSkins
2026-06-04T07:26:39Z,1780557999,api,03a461d6d761,Sticker | TeSeS (Holo) | Cologne 2026,TeSeS (Holo),Holo,https://csgoskins.gg/items/sticker-teses-holo-cologne-2026,ok,3.75,5.45,3.75,SkinSniper,UUSkins
2026-06-04T07:26:40Z,1780558000,api,092bb16ad86f,Sticker | TjP (Holo) | Cologne 2026,TjP (Holo),Holo,https://csgoskins.gg/items/sticker-tjp-holo-cologne-2026,ok,3.11,10.53,3.11,SkinSniper,UUSkins
2026-06-04T07:26:40Z,1780558000,api,a4a3936c731b,Sticker | MOUZ (Holo) | Cologne 2026,MOUZ (Holo),Holo,https://csgoskins.gg/items/sticker-mouz-holo-cologne-2026,ok,7.37,10.74,7.37,SkinSniper,UUSkins
2026-06-04T07:26:41Z,1780558001,api,8df88522d91a,Sticker | TYLOO (Holo) | Cologne 2026,TYLOO (Holo),Holo,https://csgoskins.gg/items/sticker-tyloo-holo-cologne-2026,ok,8.83,11.4,8.83,SkinSniper,UUSkins
2026-06-04T07:26:42Z,1780558002,api,0927c21045c2,Sticker | paiN Gaming (Holo) | Cologne 2026,paiN Gaming (Holo),Holo,https://csgoskins.gg/items/sticker-pain-gaming-holo-cologne-2026,ok,4.14,4.6,4.14,SkinSniper,UUSkins
2026-06-04T07:26:42Z,1780558002,api,39d3a2e2d65e,Sticker | M80 (Holo) | Cologne 2026,M80 (Holo),Holo,https://csgoskins.gg/items/sticker-m80-holo-cologne-2026,ok,6.03,12.99,6.03,SkinSniper,UUSkins
2026-06-04T07:26:43Z,1780558003,api,d2c8126cec6f,Sticker | Liazz (Holo) | Cologne 2026,Liazz (Holo),Holo,https://csgoskins.gg/items/sticker-liazz-holo-cologne-2026,ok,2.66,3.67,2.66,SkinSniper,UUSkins
2026-06-04T07:26:44Z,1780558004,api,ac189711479a,Sticker | The Mongolz (Holo) | Cologne 2026,The Mongolz (Holo),Holo,https://csgoskins.gg/items/sticker-the-mongolz-holo-cologne-2026,ok,11.72,11.72,22.15,SkinSniper,UUSkins
2026-06-04T07:26:44Z,1780558004,api,84bea33324ce,Sticker | Astralis (Holo) | Cologne 2026,Astralis (Holo),Holo,https://csgoskins.gg/items/sticker-astralis-holo-cologne-2026,ok,5.88,9.02,5.88,SkinSniper,UUSkins
2026-06-04T07:26:45Z,1780558005,api,d6ec81bd977b,Sticker | NRG (Holo) | Cologne 2026,NRG (Holo),Holo,https://csgoskins.gg/items/sticker-nrg-holo-cologne-2026,ok,7.98,13.77,7.98,SkinSniper,UUSkins
2026-06-04T07:26:46Z,1780558006,api,3621c3a87cd4,Sticker | Sharks Esports (Holo) | Cologne 2026,Sharks Esports (Holo),Holo,https://csgoskins.gg/items/sticker-sharks-esports-holo-cologne-2026,ok,5.88,13.34,5.88,SkinSniper,UUSkins
2026-06-04T07:26:46Z,1780558006,api,f81be8cece16,Sticker | S1ren (Holo) | Cologne 2026,S1ren (Holo),Holo,https://csgoskins.gg/items/sticker-s1ren-holo-cologne-2026,ok,5.17,5.52,5.17,SkinSniper,UUSkins
2026-06-04T07:26:47Z,1780558007,api,7663d56a8dea,Sticker | NAF (Holo) | Cologne 2026,NAF (Holo),Holo,https://csgoskins.gg/items/sticker-naf-holo-cologne-2026,ok,1.73,2.21,1.73,SkinSniper,UUSkins
2026-06-04T07:26:48Z,1780558008,api,08012c24edef,Sticker | 9z Team (Holo) | Cologne 2026,9z Team (Holo),Holo,https://csgoskins.gg/items/sticker-9z-team-holo-cologne-2026,ok,4.14,5.0,4.14,SkinSniper,UUSkins
2026-06-04T07:26:49Z,1780558009,api,8cddaf065473,Sticker | Aurora (Holo) | Cologne 2026,Aurora (Holo),Holo,https://csgoskins.gg/items/sticker-aurora-holo-cologne-2026,ok,5.02,6.18,5.02,SkinSniper,UUSkins
2026-06-04T07:26:50Z,1780558010,api,7aad5666deed,Sticker | Legacy (Holo) | Cologne 2026,Legacy (Holo),Holo,https://csgoskins.gg/items/sticker-legacy-holo-cologne-2026,ok,6.03,7.08,6.03,SkinSniper,UUSkins
2026-06-04T07:26:51Z,1780558011,api,bc609878776e,Sticker | donk (Holo) | Cologne 2026,donk (Holo),Holo,https://csgoskins.gg/items/sticker-donk-holo-cologne-2026,ok,27.31,32.76,27.31,SkinSniper,UUSkins
2026-06-04T07:26:51Z,1780558011,api,5c77121eb587,Sticker | BELCHONOKK (Holo) | Cologne 2026,BELCHONOKK (Holo),Holo,https://csgoskins.gg/items/sticker-belchonokk-holo-cologne-2026,ok,0.96,1.56,0.96,SkinSniper,UUSkins
2026-06-04T07:26:52Z,1780558012,api,3023673eb5a8,Sticker | m0NESY (Holo) | Cologne 2026,m0NESY (Holo),Holo,https://csgoskins.gg/items/sticker-m0nesy-holo-cologne-2026,ok,17.94,26.97,17.94,SkinSniper,UUSkins
2026-06-04T07:26:53Z,1780558013,api,fae9152c9494,Sticker | Monte (Holo) | Cologne 2026,Monte (Holo),Holo,https://csgoskins.gg/items/sticker-monte-holo-cologne-2026,ok,4.6,5.75,4.6,SkinSniper,UUSkins
2026-06-04T07:26:53Z,1780558013,api,396de15d3b80,Sticker | HEROIC (Holo) | Cologne 2026,HEROIC (Holo),Holo,https://csgoskins.gg/items/sticker-heroic-holo-cologne-2026,ok,3.53,3.8,3.53,SkinSniper,UUSkins
2026-06-04T07:26:54Z,1780558014,api,666f5b8f180f,Sticker | Gaimin Gladiators (Holo) | Cologne 2026,Gaimin Gladiators (Holo),Holo,https://csgoskins.gg/items/sticker-gaimin-gladiators-holo-cologne-2026,ok,4.23,10.34,4.23,SkinSniper,UUSkins
2026-06-04T07:26:55Z,1780558015,api,0fd07921f22b,Sticker | koala (Holo) | Cologne 2026,koala (Holo),Holo,https://csgoskins.gg/items/sticker-koala-holo-cologne-2026,ok,0.99,3.32,0.99,SkinSniper,UUSkins
2026-06-04T07:26:55Z,1780558015,api,aacac2361330,Sticker | JamYoung (Holo) | Cologne 2026,JamYoung (Holo),Holo,https://csgoskins.gg/items/sticker-jamyoung-holo-cologne-2026,ok,5.02,6.76,5.02,SkinSniper,UUSkins
2026-06-04T07:26:56Z,1780558016,api,224ba8b64dda,Sticker | THUNDERdOWNUNDER (Holo) | Cologne 2026,THUNDERdOWNUNDER (Holo),Holo,https://csgoskins.gg/items/sticker-thunder-downunder-holo-cologne-2026,ok,23.61,,23.61,,UUSkins
2026-06-04T07:26:57Z,1780558017,api,3b77bff2c945,Sticker | br0 (Holo) | Cologne 2026,br0 (Holo),Holo,https://csgoskins.gg/items/sticker-br0-holo-cologne-2026,ok,2.66,2.96,2.66,SkinSniper,UUSkins
2026-06-04T07:26:57Z,1780558017,api,cc8283a1d435,Sticker | Team Spirit (Holo) | Cologne 2026,Team Spirit (Holo),Holo,https://csgoskins.gg/items/sticker-team-spirit-holo-cologne-2026,ok,23.55,34.56,23.55,SkinSniper,UUSkins
2026-06-04T07:26:58Z,1780558018,api,14697964ea54,Sticker | NiKo (Holo) | Cologne 2026,NiKo (Holo),Holo,https://csgoskins.gg/items/sticker-niko-holo-cologne-2026,ok,12.05,25.0,12.05,CSGOSkins,UUSkins
2026-06-04T07:26:59Z,1780558019,api,497d22fda716,Sticker | doc (Holo) | Cologne 2026,doc (Holo),Holo,https://csgoskins.gg/items/sticker-doc-holo-cologne-2026,ok,2.59,4.43,2.59,SkinSniper,UUSkins
2026-06-04T07:26:59Z,1780558019,api,55f0bea61a2c,Sticker | Falcons (Holo) | Cologne 2026,Falcons (Holo),Holo,https://csgoskins.gg/items/sticker-falcons-holo-cologne-2026,ok,22.15,26.95,22.15,SkinSniper,UUSkins
2026-06-04T07:27:00Z,1780558020,api,55ae981c50cf,Sticker | IEM (Holo) | Cologne 2026,IEM (Holo),Holo,https://csgoskins.gg/items/sticker-iem-holo-cologne-2026,ok,11.77,25.62,11.77,SkinSniper,UUSkins
2026-06-04T07:27:01Z,1780558021,api,cb066e4e5b7e,Sticker | BIG (Holo) | Cologne 2026,BIG (Holo),Holo,https://csgoskins.gg/items/sticker-big-holo-cologne-2026,ok,3.7,5.75,3.7,SkinSniper,UUSkins
2026-06-04T07:27:01Z,1780558021,api,1290d50e45f8,Sticker | Jee (Holo) | Cologne 2026,Jee (Holo),Holo,https://csgoskins.gg/items/sticker-jee-holo-cologne-2026,ok,3.1,4.95,3.1,SkinSniper,UUSkins
2026-06-04T07:27:03Z,1780558023,api,fd87e12b4306,Sticker | EliGE (Holo) | Cologne 2026,EliGE (Holo),Holo,https://csgoskins.gg/items/sticker-elige-holo-cologne-2026,ok,3.68,8.1,3.68,SkinSniper,UUSkins
2026-06-04T07:27:03Z,1780558023,api,f6bb65caa27f,Sticker | Moseyuh (Holo) | Cologne 2026,Moseyuh (Holo),Holo,https://csgoskins.gg/items/sticker-moseyuh-holo-cologne-2026,ok,2.71,3.95,2.71,SkinSniper,UUSkins
2026-06-04T07:27:03Z,1780558023,api,902f2e3f6274,Sticker | Team Liquid (Holo) | Cologne 2026,Team Liquid (Holo),Holo,https://csgoskins.gg/items/sticker-team-liquid-holo-cologne-2026,ok,16.1,46.9,16.1,SkinSniper,UUSkins
2026-06-04T07:27:05Z,1780558025,api,29fd6c914915,Sticker | s1n (Holo) | Cologne 2026,s1n (Holo),Holo,https://csgoskins.gg/items/sticker-s1n-holo-cologne-2026,ok,1.33,2.46,1.33,SkinSniper,UUSkins
2026-06-04T07:27:05Z,1780558025,api,51ce27fe1b8c,Sticker | Vitality (Holo) | Cologne 2026,Vitality (Holo),Holo,https://csgoskins.gg/items/sticker-vitality-holo-cologne-2026,ok,20.52,53.67,20.52,SkinSniper,UUSkins
2026-06-04T07:27:06Z,1780558026,api,1320996ad66c,Sticker | ultimate (Holo) | Cologne 2026,ultimate (Holo),Holo,https://csgoskins.gg/items/sticker-ultimate-holo-cologne-2026,ok,1.16,2.4,1.16,SkinSniper,UUSkins
2026-06-04T07:27:07Z,1780558027,api,91f1a6b88f72,Sticker | MIBR (Holo) | Cologne 2026,MIBR (Holo),Holo,https://csgoskins.gg/items/sticker-mibr-holo-cologne-2026,ok,3.3,3.7,3.3,SkinSniper,UUSkins
2026-06-04T07:27:07Z,1780558027,api,97fa3a994577,Sticker | B8 (Holo) | Cologne 2026,B8 (Holo),Holo,https://csgoskins.gg/items/sticker-b8-holo-cologne-2026,ok,4.39,6.0,4.39,SkinSniper,UUSkins
2026-06-04T07:27:08Z,1780558028,api,fcb303a6898e,Sticker | JDC (Holo) | Cologne 2026,JDC (Holo),Holo,https://csgoskins.gg/items/sticker-jdc-holo-cologne-2026,ok,2.8,20.5,2.8,SkinSniper,UUSkins
2026-06-04T07:27:09Z,1780558029,api,5a2393e5fa57,Sticker | ZywOo (Holo) | Cologne 2026,ZywOo (Holo),Holo,https://csgoskins.gg/items/sticker-zywoo-holo-cologne-2026,ok,21.85,30.0,21.85,SkinSniper,UUSkins
2026-06-04T07:27:10Z,1780558030,api,573724344225,Sticker | FlyQuest (Holo) | Cologne 2026,FlyQuest (Holo),Holo,https://csgoskins.gg/items/sticker-flyquest-holo-cologne-2026,ok,8.64,10.39,8.64,SkinSniper,UUSkins
2026-06-04T07:27:10Z,1780558030,api,05e866d13d83,Sticker | BetBoom (Holo) | Cologne 2026,BetBoom (Holo),Holo,https://csgoskins.gg/items/sticker-betboom-holo-cologne-2026,ok,6.28,7.36,6.28,SkinSniper,UUSkins
2026-06-04T07:27:11Z,1780558031,api,277c2f345667,Sticker | asap (Holo) | Cologne 2026,asap (Holo),Holo,https://csgoskins.gg/items/sticker-asap-holo-cologne-2026,ok,5.91,13.5,5.91,SkinSniper,UUSkins
2026-06-04T07:27:12Z,1780558032,api,9f3fa39ccc21,Sticker | malbsMd (Holo) | Cologne 2026,malbsMd (Holo),Holo,https://csgoskins.gg/items/sticker-malbsmd-holo-cologne-2026,ok,0.99,1.35,0.99,SkinSniper,UUSkins
2026-06-04T07:27:12Z,1780558032,api,d3de56fb6253,Sticker | FL4MUS (Holo) | Cologne 2026,FL4MUS (Holo),Holo,https://csgoskins.gg/items/sticker-fl4mus-holo-cologne-2026,ok,2.0,6.55,2.0,SkinSniper,UUSkins
2026-06-04T07:27:13Z,1780558033,api,83e4230ec809,Sticker | SINNERS (Holo) | Cologne 2026,SINNERS (Holo),Holo,https://csgoskins.gg/items/sticker-sinners-holo-cologne-2026,ok,10.34,,10.34,,UUSkins
2026-06-04T07:27:14Z,1780558034,api,6ea183add0ef,Sticker | Jame (Holo) | Cologne 2026,Jame (Holo),Holo,https://csgoskins.gg/items/sticker-jame-holo-cologne-2026,ok,4.24,5.82,4.24,SkinSniper,UUSkins
2026-06-04T07:27:14Z,1780558034,api,bb7763f5a8e6,Sticker | kyousuke (Holo) | Cologne 2026,kyousuke (Holo),Holo,https://csgoskins.gg/items/sticker-kyousuke-holo-cologne-2026,ok,15.36,44.73,15.36,SkinSniper,UUSkins
2026-06-04T07:27:15Z,1780558035,api,5f780340315c,Sticker | Magnojez (Holo) | Cologne 2026,Magnojez (Holo),Holo,https://csgoskins.gg/items/sticker-magnojez-holo-cologne-2026,ok,3.55,5.57,3.55,SkinSniper,UUSkins
2026-06-04T07:27:16Z,1780558036,api,abe272caf8fe,Sticker | ryu (Holo) | Cologne 2026,ryu (Holo),Holo,https://csgoskins.gg/items/sticker-ryu-holo-cologne-2026,ok,1.7,1.7,2.66,SkinSniper,UUSkins
2026-06-04T07:27:16Z,1780558036,api,211ef42add7d,Sticker | EmiliaQAQ (Holo) | Cologne 2026,EmiliaQAQ (Holo),Holo,https://csgoskins.gg/items/sticker-emiliaqaq-holo-cologne-2026,ok,1.78,5.75,1.78,SkinSniper,UUSkins
2026-06-04T07:27:20Z,1780558040,api,a9aaec797076,Sticker | MATYS (Holo) | Cologne 2026,MATYS (Holo),Holo,https://csgoskins.gg/items/sticker-matys-holo-cologne-2026,ok,0.82,1.91,0.82,SkinSniper,UUSkins
2026-06-04T07:27:20Z,1780558040,api,3755cf67a42e,Sticker | JOTA (Holo) | Cologne 2026,JOTA (Holo),Holo,https://csgoskins.gg/items/sticker-jota-holo-cologne-2026,ok,0.68,2.0,0.68,SkinSniper,UUSkins
2026-06-04T07:27:20Z,1780558040,api,b35f4ae8ea8a,Sticker | MAJ3R (Holo) | Cologne 2026,MAJ3R (Holo),Holo,https://csgoskins.gg/items/sticker-maj3r-holo-cologne-2026,ok,2.0,2.0,2.07,SkinSniper,UUSkins
2026-06-04T07:27:22Z,1780558042,api,5db395ff0e07,Sticker | biguzera (Holo) | Cologne 2026,biguzera (Holo),Holo,https://csgoskins.gg/items/sticker-biguzera-holo-cologne-2026,ok,0.82,1.72,0.82,SkinSniper,UUSkins
2026-06-04T07:27:22Z,1780558042,api,166ce2b3b8d6,Sticker | Brollan (Holo) | Cologne 2026,Brollan (Holo),Holo,https://csgoskins.gg/items/sticker-brollan-holo-cologne-2026,ok,1.6,2.0,1.6,SkinSniper,UUSkins
2026-06-04T07:27:24Z,1780558044,api,7a39d8f52ea5,Sticker | max (Foil) | Cologne 2026,max (Foil),Foil,https://csgoskins.gg/items/sticker-max-foil-cologne-2026,ok,1.48,,1.48,,UUSkins
2026-06-04T07:27:24Z,1780558044,api,2f4f49f91218,Sticker | npl (Foil) | Cologne 2026,npl (Foil),Foil,https://csgoskins.gg/items/sticker-npl-foil-cologne-2026,ok,1.04,,1.04,,UUSkins
2026-06-04T07:27:26Z,1780558046,api,fe8833172681,Sticker | Gaimin Gladiators (Foil) | Cologne 2026,Gaimin Gladiators (Foil),Foil,https://csgoskins.gg/items/sticker-gaimin-gladiators-foil-cologne-2026,ok,2.2,,2.2,,UUSkins
2026-06-04T07:32:39Z,1780558359,api,0c9f5fa2be72,Sticker | doc (Foil) | Cologne 2026,doc (Foil),Foil,https://csgoskins.gg/items/sticker-doc-foil-cologne-2026,ok,3.69,3.69,,SkinSniper,
2026-06-04T18:14:39Z,1780596879,visualize:favorites,08012c24edef,Sticker | 9z Team (Holo) | Cologne 2026,9z Team (Holo),Holo,https://csgoskins.gg/items/sticker-9z-team-holo-cologne-2026,ok,4.05,5.34,4.05,SkinSniper,UUSkins
2026-06-04T18:14:39Z,1780596879,visualize:favorites,277c2f345667,Sticker | asap (Holo) | Cologne 2026,asap (Holo),Holo,https://csgoskins.gg/items/sticker-asap-holo-cologne-2026,ok,5.9,13.5,5.9,SkinSniper,UUSkins
2026-06-04T18:14:39Z,1780596879,visualize:favorites,ef893d39098d,Sticker | aliStair (Holo) | Cologne 2026,aliStair (Holo),Holo,https://csgoskins.gg/items/sticker-alistair-holo-cologne-2026,ok,2.13,4.19,2.13,SkinSniper,UUSkins
2026-06-04T18:14:42Z,1780596882,visualize:favorites,84bea33324ce,Sticker | Astralis (Holo) | Cologne 2026,Astralis (Holo),Holo,https://csgoskins.gg/items/sticker-astralis-holo-cologne-2026,ok,6.94,8.76,6.94,SkinSniper,UUSkins
2026-06-04T18:14:43Z,1780596883,visualize:favorites,8cddaf065473,Sticker | Aurora (Holo) | Cologne 2026,Aurora (Holo),Holo,https://csgoskins.gg/items/sticker-aurora-holo-cologne-2026,ok,4.71,7.54,4.71,SkinSniper,UUSkins
2026-06-04T18:14:43Z,1780596883,visualize:favorites,97fa3a994577,Sticker | B8 (Holo) | Cologne 2026,B8 (Holo),Holo,https://csgoskins.gg/items/sticker-b8-holo-cologne-2026,ok,4.24,6.0,4.24,SkinSniper,UUSkins
2026-06-04T18:14:44Z,1780596884,visualize:favorites,5c77121eb587,Sticker | BELCHONOKK (Holo) | Cologne 2026,BELCHONOKK (Holo),Holo,https://csgoskins.gg/items/sticker-belchonokk-holo-cologne-2026,ok,0.96,1.56,0.96,SkinSniper,UUSkins
2026-06-04T18:14:45Z,1780596885,visualize:favorites,05e866d13d83,Sticker | BetBoom (Holo) | Cologne 2026,BetBoom (Holo),Holo,https://csgoskins.gg/items/sticker-betboom-holo-cologne-2026,ok,6.35,14.78,6.35,SkinSniper,UUSkins
2026-06-04T18:14:46Z,1780596886,visualize:favorites,cb066e4e5b7e,Sticker | BIG (Holo) | Cologne 2026,BIG (Holo),Holo,https://csgoskins.gg/items/sticker-big-holo-cologne-2026,ok,3.66,6.0,3.66,SkinSniper,UUSkins
2026-06-04T18:14:47Z,1780596887,visualize:favorites,85bebf40159a,Sticker | Boombl4 (Holo) | Cologne 2026,Boombl4 (Holo),Holo,https://csgoskins.gg/items/sticker-boombl4-holo-cologne-2026,ok,4.88,20.0,4.88,SkinSniper,UUSkins
2026-06-04T18:14:47Z,1780596887,visualize:favorites,3b77bff2c945,Sticker | br0 (Holo) | Cologne 2026,br0 (Holo),Holo,https://csgoskins.gg/items/sticker-br0-holo-cologne-2026,ok,2.66,4.6,2.66,SkinSniper,UUSkins
2026-06-04T18:14:47Z,1780596887,visualize:favorites,03fffdf9d165,Sticker | dexter (Holo) | Cologne 2026,dexter (Holo),Holo,https://csgoskins.gg/items/sticker-dexter-holo-cologne-2026,ok,10.19,14.04,10.19,SkinSniper,UUSkins
2026-06-04T18:14:49Z,1780596889,visualize:favorites,497d22fda716,Sticker | doc (Holo) | Cologne 2026,doc (Holo),Holo,https://csgoskins.gg/items/sticker-doc-holo-cologne-2026,ok,2.59,3.0,2.59,SkinSniper,UUSkins
2026-06-04T18:14:49Z,1780596889,visualize:favorites,fd87e12b4306,Sticker | EliGE (Holo) | Cologne 2026,EliGE (Holo),Holo,https://csgoskins.gg/items/sticker-elige-holo-cologne-2026,ok,3.68,8.1,3.68,SkinSniper,UUSkins
2026-06-04T18:14:49Z,1780596889,visualize:favorites,bc609878776e,Sticker | donk (Holo) | Cologne 2026,donk (Holo),Holo,https://csgoskins.gg/items/sticker-donk-holo-cologne-2026,ok,30.12,130.33,30.12,SkinSniper,UUSkins
2026-06-04T18:14:51Z,1780596891,visualize:favorites,211ef42add7d,Sticker | EmiliaQAQ (Holo) | Cologne 2026,EmiliaQAQ (Holo),Holo,https://csgoskins.gg/items/sticker-emiliaqaq-holo-cologne-2026,ok,1.53,5.75,1.53,SkinSniper,UUSkins
2026-06-04T18:14:51Z,1780596891,visualize:favorites,d3de56fb6253,Sticker | FL4MUS (Holo) | Cologne 2026,FL4MUS (Holo),Holo,https://csgoskins.gg/items/sticker-fl4mus-holo-cologne-2026,ok,2.07,6.55,2.07,SkinSniper,UUSkins
2026-06-04T18:14:51Z,1780596891,visualize:favorites,55f0bea61a2c,Sticker | Falcons (Holo) | Cologne 2026,Falcons (Holo),Holo,https://csgoskins.gg/items/sticker-falcons-holo-cologne-2026,ok,21.26,26.99,21.26,SkinSniper,UUSkins
2026-06-04T18:14:53Z,1780596893,visualize:favorites,573724344225,Sticker | FlyQuest (Holo) | Cologne 2026,FlyQuest (Holo),Holo,https://csgoskins.gg/items/sticker-flyquest-holo-cologne-2026,ok,7.98,10.3,7.98,SkinSniper,UUSkins
2026-06-04T18:14:53Z,1780596893,visualize:favorites,888e02ff13ff,Sticker | FUT (Holo) | Cologne 2026,FUT (Holo),Holo,https://csgoskins.gg/items/sticker-fut-holo-cologne-2026,ok,5.32,6.0,5.32,SkinSniper,UUSkins
2026-06-04T18:14:53Z,1780596893,visualize:favorites,f77e24374b2b,Sticker | FURIA (Holo) | Cologne 2026,FURIA (Holo),Holo,https://csgoskins.gg/items/sticker-furia-holo-cologne-2026,ok,13.13,23.65,13.13,SkinSniper,UUSkins
2026-06-04T18:14:55Z,1780596895,visualize:favorites,b970a24dac58,Sticker | G2 esports (Holo) | Cologne 2026,G2 esports (Holo),Holo,https://csgoskins.gg/items/sticker-g2-esports-holo-cologne-2026,ok,4.36,5.38,4.36,CSGOSkins,UUSkins
2026-06-04T18:14:55Z,1780596895,visualize:favorites,6442ab880b99,Sticker | gafolo (Holo) | Cologne 2026,gafolo (Holo),Holo,https://csgoskins.gg/items/sticker-gafolo-holo-cologne-2026,ok,0.89,1.37,0.89,CSGOSkins,UUSkins
2026-06-04T18:14:55Z,1780596895,visualize:favorites,666f5b8f180f,Sticker | Gaimin Gladiators (Holo) | Cologne 2026,Gaimin Gladiators (Holo),Holo,https://csgoskins.gg/items/sticker-gaimin-gladiators-holo-cologne-2026,ok,3.67,5.11,3.67,SkinSniper,UUSkins
2026-06-04T18:14:57Z,1780596897,visualize:favorites,bd59bc928757,Sticker | GamerLegion (Holo) | Cologne 2026,GamerLegion (Holo),Holo,https://csgoskins.gg/items/sticker-gamerlegion-holo-cologne-2026,ok,8.12,11.4,8.12,SkinSniper,UUSkins
2026-06-04T18:14:57Z,1780596897,visualize:favorites,396de15d3b80,Sticker | HEROIC (Holo) | Cologne 2026,HEROIC (Holo),Holo,https://csgoskins.gg/items/sticker-heroic-holo-cologne-2026,ok,2.96,3.47,2.96,SkinSniper,UUSkins
2026-06-04T18:14:57Z,1780596897,visualize:favorites,55ae981c50cf,Sticker | IEM (Holo) | Cologne 2026,IEM (Holo),Holo,https://csgoskins.gg/items/sticker-iem-holo-cologne-2026,ok,11.77,23.99,11.77,SkinSniper,UUSkins
2026-06-04T18:14:59Z,1780596899,visualize:favorites,6ea183add0ef,Sticker | Jame (Holo) | Cologne 2026,Jame (Holo),Holo,https://csgoskins.gg/items/sticker-jame-holo-cologne-2026,ok,4.12,5.82,4.12,SkinSniper,UUSkins
2026-06-04T18:14:59Z,1780596899,visualize:favorites,fcb303a6898e,Sticker | JDC (Holo) | Cologne 2026,JDC (Holo),Holo,https://csgoskins.gg/items/sticker-jdc-holo-cologne-2026,ok,2.81,5.0,2.81,SkinSniper,UUSkins
2026-06-04T18:14:59Z,1780596899,visualize:favorites,aacac2361330,Sticker | JamYoung (Holo) | Cologne 2026,JamYoung (Holo),Holo,https://csgoskins.gg/items/sticker-jamyoung-holo-cologne-2026,ok,6.18,7.09,6.18,SkinSniper,UUSkins
2026-06-04T18:15:01Z,1780596901,visualize:favorites,1290d50e45f8,Sticker | Jee (Holo) | Cologne 2026,Jee (Holo),Holo,https://csgoskins.gg/items/sticker-jee-holo-cologne-2026,ok,2.95,20.0,2.95,SkinSniper,UUSkins
2026-06-04T18:15:01Z,1780596901,visualize:favorites,0fd07921f22b,Sticker | koala (Holo) | Cologne 2026,koala (Holo),Holo,https://csgoskins.gg/items/sticker-koala-holo-cologne-2026,ok,1.46,3.32,1.46,SkinSniper,UUSkins
2026-06-04T18:15:01Z,1780596901,visualize:favorites,bb7763f5a8e6,Sticker | kyousuke (Holo) | Cologne 2026,kyousuke (Holo),Holo,https://csgoskins.gg/items/sticker-kyousuke-holo-cologne-2026,ok,15.51,44.73,15.51,SkinSniper,UUSkins
2026-06-04T18:15:03Z,1780596903,visualize:favorites,1ed34275b90e,Sticker | kyxsan (Holo) | Cologne 2026,kyxsan (Holo),Holo,https://csgoskins.gg/items/sticker-kyxsan-holo-cologne-2026,ok,2.71,10.0,2.71,SkinSniper,UUSkins
2026-06-04T18:15:03Z,1780596903,visualize:favorites,7aad5666deed,Sticker | Legacy (Holo) | Cologne 2026,Legacy (Holo),Holo,https://csgoskins.gg/items/sticker-legacy-holo-cologne-2026,ok,5.76,7.2,5.76,SkinSniper,UUSkins
2026-06-04T18:15:03Z,1780596903,visualize:favorites,d2c8126cec6f,Sticker | Liazz (Holo) | Cologne 2026,Liazz (Holo),Holo,https://csgoskins.gg/items/sticker-liazz-holo-cologne-2026,ok,2.66,3.67,2.66,SkinSniper,UUSkins
2026-06-04T18:15:05Z,1780596905,visualize:favorites,a6f5dfa82c23,Sticker | Lynn Vision (Holo) | Cologne 2026,Lynn Vision (Holo),Holo,https://csgoskins.gg/items/sticker-lynn-vision-holo-cologne-2026,ok,6.54,6.75,6.54,SkinSniper,UUSkins
2026-06-04T18:15:05Z,1780596905,visualize:favorites,3023673eb5a8,Sticker | m0NESY (Holo) | Cologne 2026,m0NESY (Holo),Holo,https://csgoskins.gg/items/sticker-m0nesy-holo-cologne-2026,ok,18.9,26.97,18.9,SkinSniper,UUSkins
2026-06-04T18:15:05Z,1780596905,visualize:favorites,39d3a2e2d65e,Sticker | M80 (Holo) | Cologne 2026,M80 (Holo),Holo,https://csgoskins.gg/items/sticker-m80-holo-cologne-2026,ok,6.04,12.99,6.04,SkinSniper,UUSkins
2026-06-04T18:15:07Z,1780596907,visualize:favorites,5f780340315c,Sticker | Magnojez (Holo) | Cologne 2026,Magnojez (Holo),Holo,https://csgoskins.gg/items/sticker-magnojez-holo-cologne-2026,ok,2.96,5.57,2.96,SkinSniper,UUSkins
2026-06-04T18:15:07Z,1780596907,visualize:favorites,9f3fa39ccc21,Sticker | malbsMd (Holo) | Cologne 2026,malbsMd (Holo),Holo,https://csgoskins.gg/items/sticker-malbsmd-holo-cologne-2026,ok,1.3,1.43,1.3,SkinSniper,UUSkins
2026-06-04T18:15:07Z,1780596907,visualize:favorites,f6fbab9c6f78,Sticker | maxxkor (Holo) | Cologne 2026,maxxkor (Holo),Holo,https://csgoskins.gg/items/sticker-maxxkor-holo-cologne-2026,ok,0.98,1.63,0.98,SkinSniper,UUSkins
2026-06-04T18:15:09Z,1780596909,visualize:favorites,548001363495,Sticker | Mercury (Holo) | Cologne 2026,Mercury (Holo),Holo,https://csgoskins.gg/items/sticker-mercury-holo-cologne-2026,ok,1.67,3.75,1.67,SkinSniper,UUSkins
2026-06-04T18:15:09Z,1780596909,visualize:favorites,fae9152c9494,Sticker | Monte (Holo) | Cologne 2026,Monte (Holo),Holo,https://csgoskins.gg/items/sticker-monte-holo-cologne-2026,ok,4.55,9.0,4.55,SkinSniper,UUSkins
2026-06-04T18:15:09Z,1780596909,visualize:favorites,91f1a6b88f72,Sticker | MIBR (Holo) | Cologne 2026,MIBR (Holo),Holo,https://csgoskins.gg/items/sticker-mibr-holo-cologne-2026,ok,2.9,3.7,2.9,SkinSniper,UUSkins
2026-06-04T18:15:11Z,1780596911,visualize:favorites,f6bb65caa27f,Sticker | Moseyuh (Holo) | Cologne 2026,Moseyuh (Holo),Holo,https://csgoskins.gg/items/sticker-moseyuh-holo-cologne-2026,ok,2.44,3.95,2.44,SkinSniper,UUSkins
2026-06-04T18:15:12Z,1780596912,visualize:favorites,a4a3936c731b,Sticker | MOUZ (Holo) | Cologne 2026,MOUZ (Holo),Holo,https://csgoskins.gg/items/sticker-mouz-holo-cologne-2026,ok,6.94,10.62,6.94,SkinSniper,UUSkins
2026-06-04T18:15:12Z,1780596912,visualize:favorites,7663d56a8dea,Sticker | NAF (Holo) | Cologne 2026,NAF (Holo),Holo,https://csgoskins.gg/items/sticker-naf-holo-cologne-2026,ok,1.63,2.21,1.63,SkinSniper,UUSkins
2026-06-04T18:15:13Z,1780596913,visualize:favorites,98bd56df9591,Sticker | Natus Vincere (Holo) | Cologne 2026,Natus Vincere (Holo),Holo,https://csgoskins.gg/items/sticker-natus-vincere-holo-cologne-2026,ok,16.24,25.0,16.24,SkinSniper,UUSkins
2026-06-04T18:15:14Z,1780596914,visualize:favorites,14697964ea54,Sticker | NiKo (Holo) | Cologne 2026,NiKo (Holo),Holo,https://csgoskins.gg/items/sticker-niko-holo-cologne-2026,ok,12.67,65.16,12.67,SkinSniper,UUSkins
2026-06-04T18:15:15Z,1780596915,visualize:favorites,d6ec81bd977b,Sticker | NRG (Holo) | Cologne 2026,NRG (Holo),Holo,https://csgoskins.gg/items/sticker-nrg-holo-cologne-2026,ok,7.98,11.6,7.98,SkinSniper,UUSkins
2026-06-04T18:15:15Z,1780596915,visualize:favorites,17c4fd194704,Sticker | oSee (Holo) | Cologne 2026,oSee (Holo),Holo,https://csgoskins.gg/items/sticker-osee-holo-cologne-2026,ok,1.85,2.09,1.85,SkinSniper,UUSkins
2026-06-04T18:15:16Z,1780596916,visualize:favorites,0927c21045c2,Sticker | paiN Gaming (Holo) | Cologne 2026,paiN Gaming (Holo),Holo,https://csgoskins.gg/items/sticker-pain-gaming-holo-cologne-2026,ok,3.99,4.6,3.99,SkinSniper,UUSkins
2026-06-04T18:15:17Z,1780596917,visualize:favorites,3292ee18e768,Sticker | PARIVISION (Holo) | Cologne 2026,PARIVISION (Holo),Holo,https://csgoskins.gg/items/sticker-parivision-holo-cologne-2026,ok,5.45,6.32,5.45,SkinSniper,UUSkins
2026-06-04T18:15:17Z,1780596917,visualize:favorites,d1dda4ae4bf0,Sticker | rdnzao (Holo) | Cologne 2026,rdnzao (Holo),Holo,https://csgoskins.gg/items/sticker-rdnzao-holo-cologne-2026,ok,1.37,1.37,1.47,SkinSniper,UUSkins
2026-06-04T18:15:18Z,1780596918,visualize:favorites,dd37bc13bea6,Sticker | ropz (Holo) | Cologne 2026,ropz (Holo),Holo,https://csgoskins.gg/items/sticker-ropz-holo-cologne-2026,ok,22.15,130.33,22.15,SkinSniper,UUSkins
2026-06-04T18:15:19Z,1780596919,visualize:favorites,abe272caf8fe,Sticker | ryu (Holo) | Cologne 2026,ryu (Holo),Holo,https://csgoskins.gg/items/sticker-ryu-holo-cologne-2026,ok,1.7,1.7,2.65,SkinSniper,UUSkins
2026-06-04T18:15:19Z,1780596919,visualize:favorites,29fd6c914915,Sticker | s1n (Holo) | Cologne 2026,s1n (Holo),Holo,https://csgoskins.gg/items/sticker-s1n-holo-cologne-2026,ok,1.04,2.87,1.04,SkinSniper,UUSkins
2026-06-04T18:15:20Z,1780596920,visualize:favorites,f81be8cece16,Sticker | S1ren (Holo) | Cologne 2026,S1ren (Holo),Holo,https://csgoskins.gg/items/sticker-s1ren-holo-cologne-2026,ok,5.17,7.0,5.17,SkinSniper,UUSkins
2026-06-04T18:15:20Z,1780596920,visualize:favorites,3621c3a87cd4,Sticker | Sharks Esports (Holo) | Cologne 2026,Sharks Esports (Holo),Holo,https://csgoskins.gg/items/sticker-sharks-esports-holo-cologne-2026,ok,5.76,13.34,5.76,SkinSniper,UUSkins
2026-06-04T18:15:21Z,1780596921,visualize:favorites,83e4230ec809,Sticker | SINNERS (Holo) | Cologne 2026,SINNERS (Holo),Holo,https://csgoskins.gg/items/sticker-sinners-holo-cologne-2026,ok,10.34,,10.34,,UUSkins
2026-06-04T18:15:22Z,1780596922,visualize:favorites,902f2e3f6274,Sticker | Team Liquid (Holo) | Cologne 2026,Team Liquid (Holo),Holo,https://csgoskins.gg/items/sticker-team-liquid-holo-cologne-2026,ok,17.13,46.9,17.13,SkinSniper,UUSkins
2026-06-04T18:15:22Z,1780596922,visualize:favorites,cc8283a1d435,Sticker | Team Spirit (Holo) | Cologne 2026,Team Spirit (Holo),Holo,https://csgoskins.gg/items/sticker-team-spirit-holo-cologne-2026,ok,25.54,34.56,25.54,SkinSniper,UUSkins
2026-06-04T18:15:24Z,1780596924,visualize:favorites,03a461d6d761,Sticker | TeSeS (Holo) | Cologne 2026,TeSeS (Holo),Holo,https://csgoskins.gg/items/sticker-teses-holo-cologne-2026,ok,3.74,10.0,3.74,SkinSniper,UUSkins
2026-06-04T18:15:24Z,1780596924,visualize:favorites,ac189711479a,Sticker | The Mongolz (Holo) | Cologne 2026,The Mongolz (Holo),Holo,https://csgoskins.gg/items/sticker-the-mongolz-holo-cologne-2026,ok,10.0,10.0,11.67,SkinSniper,UUSkins
2026-06-04T18:15:24Z,1780596924,visualize:favorites,224ba8b64dda,Sticker | THUNDERdOWNUNDER (Holo) | Cologne 2026,THUNDERdOWNUNDER (Holo),Holo,https://csgoskins.gg/items/sticker-thunder-downunder-holo-cologne-2026,ok,22.8,,22.8,,UUSkins
2026-06-04T18:15:26Z,1780596926,visualize:favorites,092bb16ad86f,Sticker | TjP (Holo) | Cologne 2026,TjP (Holo),Holo,https://csgoskins.gg/items/sticker-tjp-holo-cologne-2026,ok,3.11,10.53,3.11,SkinSniper,UUSkins
2026-06-04T18:15:26Z,1780596926,visualize:favorites,8df88522d91a,Sticker | TYLOO (Holo) | Cologne 2026,TYLOO (Holo),Holo,https://csgoskins.gg/items/sticker-tyloo-holo-cologne-2026,ok,8.57,11.2,8.57,SkinSniper,UUSkins
2026-06-04T18:15:27Z,1780596927,visualize:favorites,1320996ad66c,Sticker | ultimate (Holo) | Cologne 2026,ultimate (Holo),Holo,https://csgoskins.gg/items/sticker-ultimate-holo-cologne-2026,ok,1.21,2.4,1.21,SkinSniper,UUSkins
2026-06-04T18:15:28Z,1780596928,visualize:favorites,51ce27fe1b8c,Sticker | Vitality (Holo) | Cologne 2026,Vitality (Holo),Holo,https://csgoskins.gg/items/sticker-vitality-holo-cologne-2026,ok,20.38,53.67,20.38,SkinSniper,UUSkins
2026-06-04T18:15:28Z,1780596928,visualize:favorites,c7c168af76bb,Sticker | xiELO (Holo) | Cologne 2026,xiELO (Holo),Holo,https://csgoskins.gg/items/sticker-xielo-holo-cologne-2026,ok,1.05,1.95,1.05,SkinSniper,UUSkins
2026-06-04T18:15:29Z,1780596929,visualize:favorites,23c660a4589d,Sticker | z4KR (Holo) | Cologne 2026,z4KR (Holo),Holo,https://csgoskins.gg/items/sticker-z4kr-holo-cologne-2026,ok,2.22,4.15,2.22,SkinSniper,UUSkins
2026-06-04T18:15:30Z,1780596930,visualize:favorites,662a4956f2a0,Sticker | Zero (Holo) | Cologne 2026,Zero (Holo),Holo,https://csgoskins.gg/items/sticker-zero-holo-cologne-2026,ok,3.55,20.0,3.55,SkinSniper,UUSkins
2026-06-04T18:15:30Z,1780596930,visualize:favorites,f30aa8a5b607,Sticker | zorte (Holo) | Cologne 2026,zorte (Holo),Holo,https://csgoskins.gg/items/sticker-zorte-holo-cologne-2026,ok,1.76,5.42,1.76,SkinSniper,UUSkins
2026-06-04T18:15:31Z,1780596931,visualize:favorites,5a2393e5fa57,Sticker | ZywOo (Holo) | Cologne 2026,ZywOo (Holo),Holo,https://csgoskins.gg/items/sticker-zywoo-holo-cologne-2026,ok,21.85,30.0,21.85,SkinSniper,UUSkins
2026-06-04T18:15:34Z,1780596934,visualize:holo,3bbfd6caa311,Sticker | afro (Holo) | Cologne 2026,afro (Holo),Holo,https://csgoskins.gg/items/sticker-afro-holo-cologne-2026,ok,0.86,3.5,0.86,SkinSniper,UUSkins
2026-06-04T18:15:34Z,1780596934,visualize:holo,ce776976702f,Sticker | Aleksib (Holo) | Cologne 2026,Aleksib (Holo),Holo,https://csgoskins.gg/items/sticker-aleksib-holo-cologne-2026,ok,9.28,9.28,12.55,SkinSniper,UUSkins
2026-06-04T18:15:34Z,1780596934,visualize:holo,bec2fa69e575,Sticker | 910 (Holo) | Cologne 2026,910 (Holo),Holo,https://csgoskins.gg/items/sticker-910-holo-cologne-2026,ok,4.14,4.67,4.14,SkinSniper,UUSkins
2026-06-04T18:15:36Z,1780596936,visualize:holo,14bcd12b76fa,Sticker | apEX (Holo) | Cologne 2026,apEX (Holo),Holo,https://csgoskins.gg/items/sticker-apex-holo-cologne-2026,ok,10.34,12.85,10.34,SkinSniper,UUSkins
2026-06-04T18:15:36Z,1780596936,visualize:holo,e3088a331acc,Sticker | alex666 (Holo) | Cologne 2026,alex666 (Holo),Holo,https://csgoskins.gg/items/sticker-alex666-holo-cologne-2026,ok,2.78,3.49,2.78,SkinSniper,UUSkins
2026-06-04T18:15:36Z,1780596936,visualize:holo,6cd76891da90,Sticker | arT (Holo) | Cologne 2026,arT (Holo),Holo,https://csgoskins.gg/items/sticker-art-holo-cologne-2026,ok,3.64,4.64,3.64,SkinSniper,UUSkins
2026-06-04T18:15:38Z,1780596938,visualize:holo,9a5eb57807b3,Sticker | b1t (Holo) | Cologne 2026,b1t (Holo),Holo,https://csgoskins.gg/items/sticker-b1t-holo-cologne-2026,ok,6.65,7.69,6.65,SkinSniper,UUSkins
2026-06-04T18:15:38Z,1780596938,visualize:holo,94dac2e78311,Sticker | AZUWU (Holo) | Cologne 2026,AZUWU (Holo),Holo,https://csgoskins.gg/items/sticker-azuwu-holo-cologne-2026,ok,2.35,2.87,2.35,SkinSniper,UUSkins
2026-06-04T18:15:38Z,1780596938,visualize:holo,203a65c3dc80,Sticker | beastik (Holo) | Cologne 2026,beastik (Holo),Holo,https://csgoskins.gg/items/sticker-beastik-holo-cologne-2026,ok,1.19,11.64,1.19,SkinSniper,UUSkins
2026-06-04T18:15:40Z,1780596940,visualize:holo,5db395ff0e07,Sticker | biguzera (Holo) | Cologne 2026,biguzera (Holo),Holo,https://csgoskins.gg/items/sticker-biguzera-holo-cologne-2026,ok,0.87,1.72,0.87,SkinSniper,UUSkins
2026-06-04T18:15:40Z,1780596940,visualize:holo,03c03bd87eed,Sticker | bLitz (Holo) | Cologne 2026,bLitz (Holo),Holo,https://csgoskins.gg/items/sticker-blitz-holo-cologne-2026,ok,0.89,2.39,0.89,SkinSniper,UUSkins
2026-06-04T18:15:40Z,1780596940,visualize:holo,1bb7a99bbead,Sticker | blameF (Holo) | Cologne 2026,blameF (Holo),Holo,https://csgoskins.gg/items/sticker-blamef-holo-cologne-2026,ok,4.0,4.0,4.42,CSGOSkins,UUSkins
2026-06-04T18:15:42Z,1780596942,visualize:holo,e8d4a81ec33d,Sticker | brnz4n (Holo) | Cologne 2026,brnz4n (Holo),Holo,https://csgoskins.gg/items/sticker-brnz4n-holo-cologne-2026,ok,1.73,2.6,1.73,SkinSniper,UUSkins
2026-06-04T18:15:42Z,1780596942,visualize:holo,166ce2b3b8d6,Sticker | Brollan (Holo) | Cologne 2026,Brollan (Holo),Holo,https://csgoskins.gg/items/sticker-brollan-holo-cologne-2026,ok,1.58,1.79,1.58,SkinSniper,UUSkins
2026-06-04T18:15:42Z,1780596942,visualize:holo,15d8caaa80ce,Sticker | Bymas (Holo) | Cologne 2026,Bymas (Holo),Holo,https://csgoskins.gg/items/sticker-bymas-holo-cologne-2026,ok,4.43,7.65,4.43,SkinSniper,UUSkins
2026-06-04T19:23:14Z,1780600994,api,5f780340315c,Sticker | Magnojez (Holo) | Cologne 2026,Magnojez (Holo),Holo,https://csgoskins.gg/items/sticker-magnojez-holo-cologne-2026,ok,2.96,5.57,2.96,SkinSniper,UUSkins
2026-06-04T19:23:14Z,1780600994,api,03a461d6d761,Sticker | TeSeS (Holo) | Cologne 2026,TeSeS (Holo),Holo,https://csgoskins.gg/items/sticker-teses-holo-cologne-2026,ok,3.74,10.0,3.74,SkinSniper,UUSkins
2026-06-04T19:23:14Z,1780600994,api,d1dda4ae4bf0,Sticker | rdnzao (Holo) | Cologne 2026,rdnzao (Holo),Holo,https://csgoskins.gg/items/sticker-rdnzao-holo-cologne-2026,ok,1.37,1.37,1.48,SkinSniper,UUSkins
2026-06-04T19:23:18Z,1780600998,api,85bebf40159a,Sticker | Boombl4 (Holo) | Cologne 2026,Boombl4 (Holo),Holo,https://csgoskins.gg/items/sticker-boombl4-holo-cologne-2026,ok,4.88,20.0,4.88,SkinSniper,UUSkins
2026-06-04T19:23:18Z,1780600998,api,23c660a4589d,Sticker | z4KR (Holo) | Cologne 2026,z4KR (Holo),Holo,https://csgoskins.gg/items/sticker-z4kr-holo-cologne-2026,ok,2.22,4.15,2.22,SkinSniper,UUSkins
2026-06-04T19:23:18Z,1780600998,api,d3de56fb6253,Sticker | FL4MUS (Holo) | Cologne 2026,FL4MUS (Holo),Holo,https://csgoskins.gg/items/sticker-fl4mus-holo-cologne-2026,ok,2.07,6.55,2.07,SkinSniper,UUSkins
2026-06-04T19:23:20Z,1780601000,api,662a4956f2a0,Sticker | Zero (Holo) | Cologne 2026,Zero (Holo),Holo,https://csgoskins.gg/items/sticker-zero-holo-cologne-2026,ok,3.55,20.0,3.55,SkinSniper,UUSkins
2026-06-04T19:23:21Z,1780601001,api,84bea33324ce,Sticker | Astralis (Holo) | Cologne 2026,Astralis (Holo),Holo,https://csgoskins.gg/items/sticker-astralis-holo-cologne-2026,ok,6.94,8.76,6.94,SkinSniper,UUSkins
2026-06-04T19:23:20Z,1780601000,api,f6fbab9c6f78,Sticker | maxxkor (Holo) | Cologne 2026,maxxkor (Holo),Holo,https://csgoskins.gg/items/sticker-maxxkor-holo-cologne-2026,ok,0.98,1.63,0.98,SkinSniper,UUSkins
2026-06-04T19:23:22Z,1780601002,api,8cddaf065473,Sticker | Aurora (Holo) | Cologne 2026,Aurora (Holo),Holo,https://csgoskins.gg/items/sticker-aurora-holo-cologne-2026,ok,4.71,7.54,4.71,SkinSniper,UUSkins
2026-06-04T19:23:23Z,1780601003,api,6442ab880b99,Sticker | gafolo (Holo) | Cologne 2026,gafolo (Holo),Holo,https://csgoskins.gg/items/sticker-gafolo-holo-cologne-2026,ok,0.89,1.37,0.89,CSGOSkins,UUSkins
2026-06-04T19:23:23Z,1780601003,api,f30aa8a5b607,Sticker | zorte (Holo) | Cologne 2026,zorte (Holo),Holo,https://csgoskins.gg/items/sticker-zorte-holo-cologne-2026,ok,1.76,5.42,1.76,SkinSniper,UUSkins
2026-06-04T19:23:24Z,1780601004,api,497d22fda716,Sticker | doc (Holo) | Cologne 2026,doc (Holo),Holo,https://csgoskins.gg/items/sticker-doc-holo-cologne-2026,ok,2.59,3.0,2.59,SkinSniper,UUSkins
2026-06-04T19:23:25Z,1780601005,api,ac189711479a,Sticker | The Mongolz (Holo) | Cologne 2026,The Mongolz (Holo),Holo,https://csgoskins.gg/items/sticker-the-mongolz-holo-cologne-2026,ok,11.67,11.72,11.67,SkinSniper,UUSkins
2026-06-04T19:23:25Z,1780601005,api,03fffdf9d165,Sticker | dexter (Holo) | Cologne 2026,dexter (Holo),Holo,https://csgoskins.gg/items/sticker-dexter-holo-cologne-2026,ok,10.19,14.04,10.19,SkinSniper,UUSkins
2026-06-04T19:23:26Z,1780601006,api,f81be8cece16,Sticker | S1ren (Holo) | Cologne 2026,S1ren (Holo),Holo,https://csgoskins.gg/items/sticker-s1ren-holo-cologne-2026,ok,5.17,7.0,5.17,SkinSniper,UUSkins
2026-06-04T19:23:27Z,1780601007,api,666f5b8f180f,Sticker | Gaimin Gladiators (Holo) | Cologne 2026,Gaimin Gladiators (Holo),Holo,https://csgoskins.gg/items/sticker-gaimin-gladiators-holo-cologne-2026,ok,3.67,5.11,3.67,SkinSniper,UUSkins
2026-06-04T19:23:27Z,1780601007,api,3b77bff2c945,Sticker | br0 (Holo) | Cologne 2026,br0 (Holo),Holo,https://csgoskins.gg/items/sticker-br0-holo-cologne-2026,ok,2.51,4.6,2.51,SkinSniper,UUSkins
2026-06-04T19:23:28Z,1780601008,api,d2c8126cec6f,Sticker | Liazz (Holo) | Cologne 2026,Liazz (Holo),Holo,https://csgoskins.gg/items/sticker-liazz-holo-cologne-2026,ok,2.66,3.67,2.66,SkinSniper,UUSkins
2026-06-04T19:23:29Z,1780601009,api,f77e24374b2b,Sticker | FURIA (Holo) | Cologne 2026,FURIA (Holo),Holo,https://csgoskins.gg/items/sticker-furia-holo-cologne-2026,ok,13.13,19.2,13.13,SkinSniper,UUSkins
2026-06-04T19:23:29Z,1780601009,api,8df88522d91a,Sticker | TYLOO (Holo) | Cologne 2026,TYLOO (Holo),Holo,https://csgoskins.gg/items/sticker-tyloo-holo-cologne-2026,ok,8.57,11.2,8.57,SkinSniper,UUSkins
2026-06-04T19:23:30Z,1780601010,api,092bb16ad86f,Sticker | TjP (Holo) | Cologne 2026,TjP (Holo),Holo,https://csgoskins.gg/items/sticker-tjp-holo-cologne-2026,ok,3.11,10.53,3.11,SkinSniper,UUSkins
2026-06-04T19:23:31Z,1780601011,api,b970a24dac58,Sticker | G2 esports (Holo) | Cologne 2026,G2 esports (Holo),Holo,https://csgoskins.gg/items/sticker-g2-esports-holo-cologne-2026,ok,4.35,5.38,4.35,CSGOSkins,UUSkins
2026-06-04T19:23:31Z,1780601011,api,a4a3936c731b,Sticker | MOUZ (Holo) | Cologne 2026,MOUZ (Holo),Holo,https://csgoskins.gg/items/sticker-mouz-holo-cologne-2026,ok,6.94,10.62,6.94,SkinSniper,UUSkins
2026-06-04T19:23:32Z,1780601012,api,29fd6c914915,Sticker | s1n (Holo) | Cologne 2026,s1n (Holo),Holo,https://csgoskins.gg/items/sticker-s1n-holo-cologne-2026,ok,1.04,2.87,1.04,SkinSniper,UUSkins
2026-06-04T19:23:33Z,1780601013,api,396de15d3b80,Sticker | HEROIC (Holo) | Cologne 2026,HEROIC (Holo),Holo,https://csgoskins.gg/items/sticker-heroic-holo-cologne-2026,ok,2.91,3.47,2.91,SkinSniper,UUSkins
2026-06-04T19:23:33Z,1780601013,api,51ce27fe1b8c,Sticker | Vitality (Holo) | Cologne 2026,Vitality (Holo),Holo,https://csgoskins.gg/items/sticker-vitality-holo-cologne-2026,ok,20.67,53.67,20.67,SkinSniper,UUSkins
2026-06-04T19:23:34Z,1780601014,api,3023673eb5a8,Sticker | m0NESY (Holo) | Cologne 2026,m0NESY (Holo),Holo,https://csgoskins.gg/items/sticker-m0nesy-holo-cologne-2026,ok,18.9,26.97,18.9,SkinSniper,UUSkins
2026-06-04T19:23:35Z,1780601015,api,a6f5dfa82c23,Sticker | Lynn Vision (Holo) | Cologne 2026,Lynn Vision (Holo),Holo,https://csgoskins.gg/items/sticker-lynn-vision-holo-cologne-2026,ok,6.5,6.75,6.5,SkinSniper,UUSkins
2026-06-04T19:23:35Z,1780601015,api,7aad5666deed,Sticker | Legacy (Holo) | Cologne 2026,Legacy (Holo),Holo,https://csgoskins.gg/items/sticker-legacy-holo-cologne-2026,ok,5.76,7.2,5.76,SkinSniper,UUSkins
2026-06-04T19:23:36Z,1780601016,api,d6ec81bd977b,Sticker | NRG (Holo) | Cologne 2026,NRG (Holo),Holo,https://csgoskins.gg/items/sticker-nrg-holo-cologne-2026,ok,7.96,11.6,7.96,SkinSniper,UUSkins
2026-06-04T19:23:37Z,1780601017,api,cc8283a1d435,Sticker | Team Spirit (Holo) | Cologne 2026,Team Spirit (Holo),Holo,https://csgoskins.gg/items/sticker-team-spirit-holo-cologne-2026,ok,25.54,34.56,25.54,SkinSniper,UUSkins
2026-06-04T19:23:37Z,1780601017,api,3621c3a87cd4,Sticker | Sharks Esports (Holo) | Cologne 2026,Sharks Esports (Holo),Holo,https://csgoskins.gg/items/sticker-sharks-esports-holo-cologne-2026,ok,5.79,13.34,5.79,SkinSniper,UUSkins
2026-06-04T19:23:39Z,1780601019,api,573724344225,Sticker | FlyQuest (Holo) | Cologne 2026,FlyQuest (Holo),Holo,https://csgoskins.gg/items/sticker-flyquest-holo-cologne-2026,ok,7.98,10.3,7.98,SkinSniper,UUSkins
2026-06-04T19:23:39Z,1780601019,api,91f1a6b88f72,Sticker | MIBR (Holo) | Cologne 2026,MIBR (Holo),Holo,https://csgoskins.gg/items/sticker-mibr-holo-cologne-2026,ok,2.9,3.7,2.9,SkinSniper,UUSkins
2026-06-04T19:23:40Z,1780601020,api,c7c168af76bb,Sticker | xiELO (Holo) | Cologne 2026,xiELO (Holo),Holo,https://csgoskins.gg/items/sticker-xielo-holo-cologne-2026,ok,1.05,1.95,1.05,SkinSniper,UUSkins
2026-06-04T19:23:41Z,1780601021,api,fd87e12b4306,Sticker | EliGE (Holo) | Cologne 2026,EliGE (Holo),Holo,https://csgoskins.gg/items/sticker-elige-holo-cologne-2026,ok,3.68,8.1,3.68,SkinSniper,UUSkins
2026-06-04T19:23:41Z,1780601021,api,f6bb65caa27f,Sticker | Moseyuh (Holo) | Cologne 2026,Moseyuh (Holo),Holo,https://csgoskins.gg/items/sticker-moseyuh-holo-cologne-2026,ok,2.46,3.95,2.46,SkinSniper,UUSkins
2026-06-04T19:23:42Z,1780601022,api,7663d56a8dea,Sticker | NAF (Holo) | Cologne 2026,NAF (Holo),Holo,https://csgoskins.gg/items/sticker-naf-holo-cologne-2026,ok,1.61,2.21,1.61,SkinSniper,UUSkins
2026-06-04T19:23:43Z,1780601023,api,ef893d39098d,Sticker | aliStair (Holo) | Cologne 2026,aliStair (Holo),Holo,https://csgoskins.gg/items/sticker-alistair-holo-cologne-2026,ok,2.13,4.19,2.13,SkinSniper,UUSkins
2026-06-04T19:23:43Z,1780601023,api,5c77121eb587,Sticker | BELCHONOKK (Holo) | Cologne 2026,BELCHONOKK (Holo),Holo,https://csgoskins.gg/items/sticker-belchonokk-holo-cologne-2026,ok,0.96,1.56,0.96,SkinSniper,UUSkins
2026-06-04T19:23:44Z,1780601024,api,0927c21045c2,Sticker | paiN Gaming (Holo) | Cologne 2026,paiN Gaming (Holo),Holo,https://csgoskins.gg/items/sticker-pain-gaming-holo-cologne-2026,ok,3.99,4.6,3.99,SkinSniper,UUSkins
2026-06-04T19:23:45Z,1780601025,api,39d3a2e2d65e,Sticker | M80 (Holo) | Cologne 2026,M80 (Holo),Holo,https://csgoskins.gg/items/sticker-m80-holo-cologne-2026,ok,6.04,11.82,6.04,SkinSniper,UUSkins
2026-06-04T19:23:45Z,1780601025,api,fcb303a6898e,Sticker | JDC (Holo) | Cologne 2026,JDC (Holo),Holo,https://csgoskins.gg/items/sticker-jdc-holo-cologne-2026,ok,2.81,5.0,2.81,SkinSniper,UUSkins
2026-06-04T19:23:46Z,1780601026,api,08012c24edef,Sticker | 9z Team (Holo) | Cologne 2026,9z Team (Holo),Holo,https://csgoskins.gg/items/sticker-9z-team-holo-cologne-2026,ok,4.03,5.34,4.03,SkinSniper,UUSkins
2026-06-04T19:23:47Z,1780601027,api,548001363495,Sticker | Mercury (Holo) | Cologne 2026,Mercury (Holo),Holo,https://csgoskins.gg/items/sticker-mercury-holo-cologne-2026,ok,1.67,3.75,1.67,SkinSniper,UUSkins
2026-06-04T19:23:47Z,1780601027,api,fae9152c9494,Sticker | Monte (Holo) | Cologne 2026,Monte (Holo),Holo,https://csgoskins.gg/items/sticker-monte-holo-cologne-2026,ok,4.43,9.0,4.43,SkinSniper,UUSkins
2026-06-04T19:23:48Z,1780601028,api,1320996ad66c,Sticker | ultimate (Holo) | Cologne 2026,ultimate (Holo),Holo,https://csgoskins.gg/items/sticker-ultimate-holo-cologne-2026,ok,1.23,2.4,1.23,SkinSniper,UUSkins
2026-06-04T19:23:49Z,1780601029,api,bd59bc928757,Sticker | GamerLegion (Holo) | Cologne 2026,GamerLegion (Holo),Holo,https://csgoskins.gg/items/sticker-gamerlegion-holo-cologne-2026,ok,8.12,11.4,8.12,SkinSniper,UUSkins
2026-06-04T19:23:49Z,1780601029,api,98bd56df9591,Sticker | Natus Vincere (Holo) | Cologne 2026,Natus Vincere (Holo),Holo,https://csgoskins.gg/items/sticker-natus-vincere-holo-cologne-2026,ok,15.95,25.0,15.95,SkinSniper,UUSkins
2026-06-04T19:23:50Z,1780601030,api,1ed34275b90e,Sticker | kyxsan (Holo) | Cologne 2026,kyxsan (Holo),Holo,https://csgoskins.gg/items/sticker-kyxsan-holo-cologne-2026,ok,2.71,10.0,2.71,SkinSniper,UUSkins
2026-06-04T19:23:51Z,1780601031,api,14697964ea54,Sticker | NiKo (Holo) | Cologne 2026,NiKo (Holo),Holo,https://csgoskins.gg/items/sticker-niko-holo-cologne-2026,ok,12.67,65.16,12.67,SkinSniper,UUSkins
2026-06-04T19:23:51Z,1780601031,api,cb066e4e5b7e,Sticker | BIG (Holo) | Cologne 2026,BIG (Holo),Holo,https://csgoskins.gg/items/sticker-big-holo-cologne-2026,ok,3.66,6.0,3.66,SkinSniper,UUSkins
2026-06-04T19:23:52Z,1780601032,api,5a2393e5fa57,Sticker | ZywOo (Holo) | Cologne 2026,ZywOo (Holo),Holo,https://csgoskins.gg/items/sticker-zywoo-holo-cologne-2026,ok,21.85,30.0,21.85,SkinSniper,UUSkins
2026-06-04T19:23:53Z,1780601033,api,9f3fa39ccc21,Sticker | malbsMd (Holo) | Cologne 2026,malbsMd (Holo),Holo,https://csgoskins.gg/items/sticker-malbsmd-holo-cologne-2026,ok,1.32,1.43,1.32,SkinSniper,UUSkins
2026-06-04T19:23:53Z,1780601033,api,902f2e3f6274,Sticker | Team Liquid (Holo) | Cologne 2026,Team Liquid (Holo),Holo,https://csgoskins.gg/items/sticker-team-liquid-holo-cologne-2026,ok,18.46,46.9,18.46,SkinSniper,UUSkins
2026-06-04T19:23:54Z,1780601034,api,3292ee18e768,Sticker | PARIVISION (Holo) | Cologne 2026,PARIVISION (Holo),Holo,https://csgoskins.gg/items/sticker-parivision-holo-cologne-2026,ok,5.32,6.32,5.32,SkinSniper,UUSkins
2026-06-04T19:23:55Z,1780601035,api,aacac2361330,Sticker | JamYoung (Holo) | Cologne 2026,JamYoung (Holo),Holo,https://csgoskins.gg/items/sticker-jamyoung-holo-cologne-2026,ok,6.19,7.09,6.19,SkinSniper,UUSkins
2026-06-04T19:23:55Z,1780601035,api,05e866d13d83,Sticker | BetBoom (Holo) | Cologne 2026,BetBoom (Holo),Holo,https://csgoskins.gg/items/sticker-betboom-holo-cologne-2026,ok,6.35,10.34,6.35,SkinSniper,UUSkins
2026-06-04T19:23:56Z,1780601036,api,277c2f345667,Sticker | asap (Holo) | Cologne 2026,asap (Holo),Holo,https://csgoskins.gg/items/sticker-asap-holo-cologne-2026,ok,5.9,13.5,5.9,SkinSniper,UUSkins
2026-06-04T19:23:57Z,1780601037,api,55f0bea61a2c,Sticker | Falcons (Holo) | Cologne 2026,Falcons (Holo),Holo,https://csgoskins.gg/items/sticker-falcons-holo-cologne-2026,ok,21.19,26.99,21.19,SkinSniper,UUSkins
2026-06-04T19:23:57Z,1780601037,api,17c4fd194704,Sticker | oSee (Holo) | Cologne 2026,oSee (Holo),Holo,https://csgoskins.gg/items/sticker-osee-holo-cologne-2026,ok,1.85,2.09,1.85,SkinSniper,UUSkins
2026-06-04T19:23:58Z,1780601038,api,888e02ff13ff,Sticker | FUT (Holo) | Cologne 2026,FUT (Holo),Holo,https://csgoskins.gg/items/sticker-fut-holo-cologne-2026,ok,5.32,6.0,5.32,SkinSniper,UUSkins
2026-06-04T19:23:59Z,1780601039,api,bb7763f5a8e6,Sticker | kyousuke (Holo) | Cologne 2026,kyousuke (Holo),Holo,https://csgoskins.gg/items/sticker-kyousuke-holo-cologne-2026,ok,17.42,44.73,17.42,SkinSniper,UUSkins
2026-06-04T19:23:59Z,1780601039,api,55ae981c50cf,Sticker | IEM (Holo) | Cologne 2026,IEM (Holo),Holo,https://csgoskins.gg/items/sticker-iem-holo-cologne-2026,ok,11.77,24.25,11.77,SkinSniper,UUSkins
2026-06-04T19:24:00Z,1780601040,api,0fd07921f22b,Sticker | koala (Holo) | Cologne 2026,koala (Holo),Holo,https://csgoskins.gg/items/sticker-koala-holo-cologne-2026,ok,1.46,3.32,1.46,SkinSniper,UUSkins
2026-06-04T19:24:01Z,1780601041,api,224ba8b64dda,Sticker | THUNDERdOWNUNDER (Holo) | Cologne 2026,THUNDERdOWNUNDER (Holo),Holo,https://csgoskins.gg/items/sticker-thunder-downunder-holo-cologne-2026,ok,22.8,,22.8,,UUSkins
2026-06-04T19:24:01Z,1780601041,api,1290d50e45f8,Sticker | Jee (Holo) | Cologne 2026,Jee (Holo),Holo,https://csgoskins.gg/items/sticker-jee-holo-cologne-2026,ok,2.94,20.0,2.94,SkinSniper,UUSkins
2026-06-04T19:24:02Z,1780601042,api,dd37bc13bea6,Sticker | ropz (Holo) | Cologne 2026,ropz (Holo),Holo,https://csgoskins.gg/items/sticker-ropz-holo-cologne-2026,ok,22.15,130.33,22.15,SkinSniper,UUSkins
2026-06-04T19:24:03Z,1780601043,api,6ea183add0ef,Sticker | Jame (Holo) | Cologne 2026,Jame (Holo),Holo,https://csgoskins.gg/items/sticker-jame-holo-cologne-2026,ok,4.12,5.82,4.12,SkinSniper,UUSkins
2026-06-04T19:24:03Z,1780601043,api,abe272caf8fe,Sticker | ryu (Holo) | Cologne 2026,ryu (Holo),Holo,https://csgoskins.gg/items/sticker-ryu-holo-cologne-2026,ok,1.7,1.7,2.65,SkinSniper,UUSkins
2026-06-04T19:24:04Z,1780601044,api,97fa3a994577,Sticker | B8 (Holo) | Cologne 2026,B8 (Holo),Holo,https://csgoskins.gg/items/sticker-b8-holo-cologne-2026,ok,4.24,6.0,4.24,SkinSniper,UUSkins
2026-06-04T19:24:05Z,1780601045,api,bc609878776e,Sticker | donk (Holo) | Cologne 2026,donk (Holo),Holo,https://csgoskins.gg/items/sticker-donk-holo-cologne-2026,ok,30.05,130.33,30.05,SkinSniper,UUSkins
2026-06-04T19:24:05Z,1780601045,api,83e4230ec809,Sticker | SINNERS (Holo) | Cologne 2026,SINNERS (Holo),Holo,https://csgoskins.gg/items/sticker-sinners-holo-cologne-2026,ok,10.34,,10.34,,UUSkins
2026-06-04T19:24:06Z,1780601046,api,211ef42add7d,Sticker | EmiliaQAQ (Holo) | Cologne 2026,EmiliaQAQ (Holo),Holo,https://csgoskins.gg/items/sticker-emiliaqaq-holo-cologne-2026,ok,1.5,5.75,1.5,SkinSniper,UUSkins
2026-06-04T19:24:09Z,1780601049,api,d8eca2f9a89f,Sticker | Chr1zN (Holo) | Cologne 2026,Chr1zN (Holo),Holo,https://csgoskins.gg/items/sticker-chr1zn-holo-cologne-2026,ok,0.58,0.9,0.58,SkinSniper,UUSkins
2026-06-04T19:24:09Z,1780601049,api,166ce2b3b8d6,Sticker | Brollan (Holo) | Cologne 2026,Brollan (Holo),Holo,https://csgoskins.gg/items/sticker-brollan-holo-cologne-2026,ok,1.58,1.79,1.58,SkinSniper,UUSkins
2026-06-04T19:24:09Z,1780601049,api,51953c88e439,Sticker | faveN (Holo) | Cologne 2026,faveN (Holo),Holo,https://csgoskins.gg/items/sticker-faven-holo-cologne-2026,ok,0.52,1.02,0.52,SkinSniper,UUSkins
2026-06-04T19:24:11Z,1780601051,api,e8d4a81ec33d,Sticker | brnz4n (Holo) | Cologne 2026,brnz4n (Holo),Holo,https://csgoskins.gg/items/sticker-brnz4n-holo-cologne-2026,ok,1.7,2.6,1.7,SkinSniper,UUSkins
2026-06-04T19:24:11Z,1780601051,api,1a0dbab1074d,Sticker | snow (Holo) | Cologne 2026,snow (Holo),Holo,https://csgoskins.gg/items/sticker-snow-holo-cologne-2026,ok,1.37,1.37,1.44,SkinSniper,UUSkins
2026-06-04T19:24:13Z,1780601053,api,6857437f27b9,Sticker | insani (Foil) | Cologne 2026,insani (Foil),Foil,https://csgoskins.gg/items/sticker-insani-foil-cologne-2026,ok,1.33,1.33,1.48,SkinSniper,UUSkins
2026-06-04T19:24:15Z,1780601055,api,8144736cc432,Sticker | cmtry (Foil) | Cologne 2026,cmtry (Foil),Foil,https://csgoskins.gg/items/sticker-cmtry-foil-cologne-2026,ok,697.39,697.39,,SkinSniper,
2026-06-05T03:57:42Z,1780631862,visualize:favorites,277c2f345667,Sticker | asap (Holo) | Cologne 2026,asap (Holo),Holo,https://csgoskins.gg/items/sticker-asap-holo-cologne-2026,ok,4.61,4.61,5.88,CSGOSkins,CSGOSkins
2026-06-05T03:57:42Z,1780631862,visualize:favorites,ef893d39098d,Sticker | aliStair (Holo) | Cologne 2026,aliStair (Holo),Holo,https://csgoskins.gg/items/sticker-alistair-holo-cologne-2026,ok,2.06,3.73,2.18,CSGOSkins,CSGOSkins
2026-06-05T03:57:42Z,1780631862,visualize:favorites,08012c24edef,Sticker | 9z Team (Holo) | Cologne 2026,9z Team (Holo),Holo,https://csgoskins.gg/items/sticker-9z-team-holo-cologne-2026,ok,3.98,5.34,3.98,CSGOSkins,CSGOSkins
2026-06-05T03:57:43Z,1780631863,visualize:favorites,84bea33324ce,Sticker | Astralis (Holo) | Cologne 2026,Astralis (Holo),Holo,https://csgoskins.gg/items/sticker-astralis-holo-cologne-2026,ok,6.29,8.47,6.93,CSGOSkins,CSGOSkins
2026-06-05T03:57:43Z,1780631863,visualize:favorites,8cddaf065473,Sticker | Aurora (Holo) | Cologne 2026,Aurora (Holo),Holo,https://csgoskins.gg/items/sticker-aurora-holo-cologne-2026,ok,4.43,6.18,4.43,CSGOSkins,CSGOSkins
2026-06-05T03:57:43Z,1780631863,visualize:favorites,97fa3a994577,Sticker | B8 (Holo) | Cologne 2026,B8 (Holo),Holo,https://csgoskins.gg/items/sticker-b8-holo-cologne-2026,ok,4.24,5.4,4.24,CSGOSkins,CSGOSkins
2026-06-05T03:57:44Z,1780631864,visualize:favorites,05e866d13d83,Sticker | BetBoom (Holo) | Cologne 2026,BetBoom (Holo),Holo,https://csgoskins.gg/items/sticker-betboom-holo-cologne-2026,ok,6.32,6.75,6.32,CSGOSkins,CSGOSkins
2026-06-05T03:57:44Z,1780631864,visualize:favorites,5c77121eb587,Sticker | BELCHONOKK (Holo) | Cologne 2026,BELCHONOKK (Holo),Holo,https://csgoskins.gg/items/sticker-belchonokk-holo-cologne-2026,ok,0.96,3.49,0.96,CSGOSkins,CSGOSkins
2026-06-05T03:57:44Z,1780631864,visualize:favorites,cb066e4e5b7e,Sticker | BIG (Holo) | Cologne 2026,BIG (Holo),Holo,https://csgoskins.gg/items/sticker-big-holo-cologne-2026,ok,3.66,6.09,3.66,CSGOSkins,CSGOSkins
2026-06-05T03:57:44Z,1780631864,visualize:favorites,85bebf40159a,Sticker | Boombl4 (Holo) | Cologne 2026,Boombl4 (Holo),Holo,https://csgoskins.gg/items/sticker-boombl4-holo-cologne-2026,ok,5.01,20.0,5.01,CSGOSkins,CSGOSkins
2026-06-05T03:57:45Z,1780631865,visualize:favorites,3b77bff2c945,Sticker | br0 (Holo) | Cologne 2026,br0 (Holo),Holo,https://csgoskins.gg/items/sticker-br0-holo-cologne-2026,ok,1.77,3.7,1.78,CSGOSkins,CSGOSkins
2026-06-05T03:57:45Z,1780631865,visualize:favorites,03fffdf9d165,Sticker | dexter (Holo) | Cologne 2026,dexter (Holo),Holo,https://csgoskins.gg/items/sticker-dexter-holo-cologne-2026,ok,10.19,14.04,10.19,CSGOSkins,CSGOSkins
2026-06-05T03:57:45Z,1780631865,visualize:favorites,497d22fda716,Sticker | doc (Holo) | Cologne 2026,doc (Holo),Holo,https://csgoskins.gg/items/sticker-doc-holo-cologne-2026,ok,1.77,2.25,1.78,CSGOSkins,CSGOSkins
2026-06-05T03:57:45Z,1780631865,visualize:favorites,bc609878776e,Sticker | donk (Holo) | Cologne 2026,donk (Holo),Holo,https://csgoskins.gg/items/sticker-donk-holo-cologne-2026,ok,30.57,31.09,35.14,CSGOSkins,CSGOSkins
2026-06-05T03:57:45Z,1780631865,visualize:favorites,fd87e12b4306,Sticker | EliGE (Holo) | Cologne 2026,EliGE (Holo),Holo,https://csgoskins.gg/items/sticker-elige-holo-cologne-2026,ok,2.72,8.0,3.25,CSGOSkins,CSGOSkins
2026-06-05T03:57:45Z,1780631865,visualize:favorites,211ef42add7d,Sticker | EmiliaQAQ (Holo) | Cologne 2026,EmiliaQAQ (Holo),Holo,https://csgoskins.gg/items/sticker-emiliaqaq-holo-cologne-2026,ok,1.48,1.85,1.48,CSGOSkins,CSGOSkins
2026-06-05T03:57:46Z,1780631866,visualize:favorites,55f0bea61a2c,Sticker | Falcons (Holo) | Cologne 2026,Falcons (Holo),Holo,https://csgoskins.gg/items/sticker-falcons-holo-cologne-2026,ok,20.73,28.79,24.81,CSGOSkins,CSGOSkins
2026-06-05T03:57:46Z,1780631866,visualize:favorites,d3de56fb6253,Sticker | FL4MUS (Holo) | Cologne 2026,FL4MUS (Holo),Holo,https://csgoskins.gg/items/sticker-fl4mus-holo-cologne-2026,ok,1.92,1.92,2.06,CSGOSkins,CSGOSkins
2026-06-05T03:57:46Z,1780631866,visualize:favorites,573724344225,Sticker | FlyQuest (Holo) | Cologne 2026,FlyQuest (Holo),Holo,https://csgoskins.gg/items/sticker-flyquest-holo-cologne-2026,ok,8.24,10.0,8.24,CSGOSkins,CSGOSkins
2026-06-05T03:57:46Z,1780631866,visualize:favorites,f77e24374b2b,Sticker | FURIA (Holo) | Cologne 2026,FURIA (Holo),Holo,https://csgoskins.gg/items/sticker-furia-holo-cologne-2026,ok,13.13,17.56,13.13,CSGOSkins,CSGOSkins
2026-06-05T03:57:46Z,1780631866,visualize:favorites,888e02ff13ff,Sticker | FUT (Holo) | Cologne 2026,FUT (Holo),Holo,https://csgoskins.gg/items/sticker-fut-holo-cologne-2026,ok,5.32,5.75,5.32,CSGOSkins,CSGOSkins
2026-06-05T03:57:46Z,1780631866,visualize:favorites,b970a24dac58,Sticker | G2 esports (Holo) | Cologne 2026,G2 esports (Holo),Holo,https://csgoskins.gg/items/sticker-g2-esports-holo-cologne-2026,ok,4.29,4.29,4.34,CSGOSkins,CSGOSkins
2026-06-05T03:57:47Z,1780631867,visualize:favorites,6442ab880b99,Sticker | gafolo (Holo) | Cologne 2026,gafolo (Holo),Holo,https://csgoskins.gg/items/sticker-gafolo-holo-cologne-2026,ok,0.96,1.37,0.96,CSGOSkins,UUSkins
2026-06-05T03:57:47Z,1780631867,visualize:favorites,666f5b8f180f,Sticker | Gaimin Gladiators (Holo) | Cologne 2026,Gaimin Gladiators (Holo),Holo,https://csgoskins.gg/items/sticker-gaimin-gladiators-holo-cologne-2026,ok,3.67,6.64,3.67,SkinSniper,UUSkins
2026-06-05T03:57:47Z,1780631867,visualize:favorites,bd59bc928757,Sticker | GamerLegion (Holo) | Cologne 2026,GamerLegion (Holo),Holo,https://csgoskins.gg/items/sticker-gamerlegion-holo-cologne-2026,ok,8.12,17.4,8.12,SkinSniper,UUSkins
2026-06-05T03:57:51Z,1780631871,visualize:favorites,6ea183add0ef,Sticker | Jame (Holo) | Cologne 2026,Jame (Holo),Holo,https://csgoskins.gg/items/sticker-jame-holo-cologne-2026,ok,4.05,5.82,4.05,CSGOSkins,CSGOSkins
2026-06-05T03:57:52Z,1780631872,visualize:favorites,aacac2361330,Sticker | JamYoung (Holo) | Cologne 2026,JamYoung (Holo),Holo,https://csgoskins.gg/items/sticker-jamyoung-holo-cologne-2026,ok,6.47,7.09,6.5,CSGOSkins,CSGOSkins
2026-06-05T03:57:51Z,1780631871,visualize:favorites,396de15d3b80,Sticker | HEROIC (Holo) | Cologne 2026,HEROIC (Holo),Holo,https://csgoskins.gg/items/sticker-heroic-holo-cologne-2026,ok,2.81,3.32,2.81,SkinSniper,UUSkins
2026-06-05T03:57:52Z,1780631872,visualize:favorites,fcb303a6898e,Sticker | JDC (Holo) | Cologne 2026,JDC (Holo),Holo,https://csgoskins.gg/items/sticker-jdc-holo-cologne-2026,ok,3.08,5.0,3.08,CSGOSkins,CSGOSkins
2026-06-05T03:57:53Z,1780631873,visualize:favorites,0fd07921f22b,Sticker | koala (Holo) | Cologne 2026,koala (Holo),Holo,https://csgoskins.gg/items/sticker-koala-holo-cologne-2026,ok,1.46,2.2,1.46,CSGOSkins,CSGOSkins
2026-06-05T03:57:53Z,1780631873,visualize:favorites,1290d50e45f8,Sticker | Jee (Holo) | Cologne 2026,Jee (Holo),Holo,https://csgoskins.gg/items/sticker-jee-holo-cologne-2026,ok,2.94,3.69,2.94,CSGOSkins,CSGOSkins
2026-06-05T03:57:51Z,1780631871,visualize:favorites,55ae981c50cf,Sticker | IEM (Holo) | Cologne 2026,IEM (Holo),Holo,https://csgoskins.gg/items/sticker-iem-holo-cologne-2026,ok,14.03,23.99,14.03,SkinSniper,UUSkins
2026-06-05T03:57:53Z,1780631873,visualize:favorites,bb7763f5a8e6,Sticker | kyousuke (Holo) | Cologne 2026,kyousuke (Holo),Holo,https://csgoskins.gg/items/sticker-kyousuke-holo-cologne-2026,ok,16.77,16.77,17.42,CSGOSkins,CSGOSkins
2026-06-05T03:57:54Z,1780631874,visualize:favorites,7aad5666deed,Sticker | Legacy (Holo) | Cologne 2026,Legacy (Holo),Holo,https://csgoskins.gg/items/sticker-legacy-holo-cologne-2026,ok,5.16,7.01,5.16,CSGOSkins,CSGOSkins
2026-06-05T03:57:54Z,1780631874,visualize:favorites,d2c8126cec6f,Sticker | Liazz (Holo) | Cologne 2026,Liazz (Holo),Holo,https://csgoskins.gg/items/sticker-liazz-holo-cologne-2026,ok,2.58,3.2,2.65,CSGOSkins,CSGOSkins
2026-06-05T03:57:55Z,1780631875,visualize:favorites,3023673eb5a8,Sticker | m0NESY (Holo) | Cologne 2026,m0NESY (Holo),Holo,https://csgoskins.gg/items/sticker-m0nesy-holo-cologne-2026,ok,19.2,21.27,19.2,CSGOSkins,CSGOSkins
2026-06-05T03:57:54Z,1780631874,visualize:favorites,1ed34275b90e,Sticker | kyxsan (Holo) | Cologne 2026,kyxsan (Holo),Holo,https://csgoskins.gg/items/sticker-kyxsan-holo-cologne-2026,ok,2.69,10.0,2.69,SkinSniper,UUSkins
2026-06-05T03:57:55Z,1780631875,visualize:favorites,a6f5dfa82c23,Sticker | Lynn Vision (Holo) | Cologne 2026,Lynn Vision (Holo),Holo,https://csgoskins.gg/items/sticker-lynn-vision-holo-cologne-2026,ok,5.91,6.63,5.91,CSGOSkins,CSGOSkins
2026-06-05T03:57:56Z,1780631876,visualize:favorites,9f3fa39ccc21,Sticker | malbsMd (Holo) | Cologne 2026,malbsMd (Holo),Holo,https://csgoskins.gg/items/sticker-malbsmd-holo-cologne-2026,ok,1.05,1.43,1.31,CSGOSkins,CSGOSkins
2026-06-05T03:57:56Z,1780631876,visualize:favorites,39d3a2e2d65e,Sticker | M80 (Holo) | Cologne 2026,M80 (Holo),Holo,https://csgoskins.gg/items/sticker-m80-holo-cologne-2026,ok,6.04,9.4,6.04,CSGOSkins,CSGOSkins
2026-06-05T03:57:56Z,1780631876,visualize:favorites,5f780340315c,Sticker | Magnojez (Holo) | Cologne 2026,Magnojez (Holo),Holo,https://csgoskins.gg/items/sticker-magnojez-holo-cologne-2026,ok,2.23,2.23,2.96,CSGOSkins,CSGOSkins
2026-06-05T03:57:57Z,1780631877,visualize:favorites,f6fbab9c6f78,Sticker | maxxkor (Holo) | Cologne 2026,maxxkor (Holo),Holo,https://csgoskins.gg/items/sticker-maxxkor-holo-cologne-2026,ok,0.81,0.81,1.0,CSGOSkins,CSGOSkins
2026-06-05T03:57:57Z,1780631877,visualize:favorites,548001363495,Sticker | Mercury (Holo) | Cologne 2026,Mercury (Holo),Holo,https://csgoskins.gg/items/sticker-mercury-holo-cologne-2026,ok,1.64,2.66,1.64,CSGOSkins,CSGOSkins
2026-06-05T03:57:57Z,1780631877,visualize:favorites,91f1a6b88f72,Sticker | MIBR (Holo) | Cologne 2026,MIBR (Holo),Holo,https://csgoskins.gg/items/sticker-mibr-holo-cologne-2026,ok,2.87,3.7,2.87,SkinSniper,UUSkins
2026-06-05T03:57:58Z,1780631878,visualize:favorites,fae9152c9494,Sticker | Monte (Holo) | Cologne 2026,Monte (Holo),Holo,https://csgoskins.gg/items/sticker-monte-holo-cologne-2026,ok,4.42,8.71,4.42,SkinSniper,UUSkins
2026-06-05T03:57:59Z,1780631879,visualize:favorites,a4a3936c731b,Sticker | MOUZ (Holo) | Cologne 2026,MOUZ (Holo),Holo,https://csgoskins.gg/items/sticker-mouz-holo-cologne-2026,ok,7.02,10.03,7.02,CSGOSkins,CSGOSkins
2026-06-05T03:57:58Z,1780631878,visualize:favorites,f6bb65caa27f,Sticker | Moseyuh (Holo) | Cologne 2026,Moseyuh (Holo),Holo,https://csgoskins.gg/items/sticker-moseyuh-holo-cologne-2026,ok,2.41,2.65,2.41,SkinSniper,UUSkins
2026-06-05T03:57:59Z,1780631879,visualize:favorites,7663d56a8dea,Sticker | NAF (Holo) | Cologne 2026,NAF (Holo),Holo,https://csgoskins.gg/items/sticker-naf-holo-cologne-2026,ok,1.61,2.25,1.61,CSGOSkins,CSGOSkins
2026-06-05T03:57:59Z,1780631879,visualize:favorites,14697964ea54,Sticker | NiKo (Holo) | Cologne 2026,NiKo (Holo),Holo,https://csgoskins.gg/items/sticker-niko-holo-cologne-2026,ok,12.57,12.57,12.7,CSGOSkins,CSGOSkins
2026-06-05T03:57:59Z,1780631879,visualize:favorites,98bd56df9591,Sticker | Natus Vincere (Holo) | Cologne 2026,Natus Vincere (Holo),Holo,https://csgoskins.gg/items/sticker-natus-vincere-holo-cologne-2026,ok,15.51,20.33,18.3,CSGOSkins,CSGOSkins
2026-06-05T03:58:00Z,1780631880,visualize:favorites,17c4fd194704,Sticker | oSee (Holo) | Cologne 2026,oSee (Holo),Holo,https://csgoskins.gg/items/sticker-osee-holo-cologne-2026,ok,1.79,2.1,1.85,CSGOSkins,CSGOSkins
2026-06-05T03:58:00Z,1780631880,visualize:favorites,0927c21045c2,Sticker | paiN Gaming (Holo) | Cologne 2026,paiN Gaming (Holo),Holo,https://csgoskins.gg/items/sticker-pain-gaming-holo-cologne-2026,ok,3.99,5.23,3.99,CSGOSkins,CSGOSkins
2026-06-05T03:58:00Z,1780631880,visualize:favorites,d6ec81bd977b,Sticker | NRG (Holo) | Cologne 2026,NRG (Holo),Holo,https://csgoskins.gg/items/sticker-nrg-holo-cologne-2026,ok,7.96,11.6,7.96,CSGOSkins,CSGOSkins
2026-06-05T03:58:01Z,1780631881,visualize:favorites,dd37bc13bea6,Sticker | ropz (Holo) | Cologne 2026,ropz (Holo),Holo,https://csgoskins.gg/items/sticker-ropz-holo-cologne-2026,ok,22.15,24.11,22.15,CSGOSkins,CSGOSkins
2026-06-05T03:58:02Z,1780631882,visualize:favorites,abe272caf8fe,Sticker | ryu (Holo) | Cologne 2026,ryu (Holo),Holo,https://csgoskins.gg/items/sticker-ryu-holo-cologne-2026,ok,1.61,1.61,2.65,CSGOSkins,CSGOSkins
2026-06-05T03:58:01Z,1780631881,visualize:favorites,d1dda4ae4bf0,Sticker | rdnzao (Holo) | Cologne 2026,rdnzao (Holo),Holo,https://csgoskins.gg/items/sticker-rdnzao-holo-cologne-2026,ok,1.37,1.37,1.48,SkinSniper,UUSkins
2026-06-05T03:58:01Z,1780631881,visualize:favorites,3292ee18e768,Sticker | PARIVISION (Holo) | Cologne 2026,PARIVISION (Holo),Holo,https://csgoskins.gg/items/sticker-parivision-holo-cologne-2026,ok,5.32,6.32,5.32,SkinSniper,UUSkins
2026-06-05T03:58:02Z,1780631882,visualize:favorites,29fd6c914915,Sticker | s1n (Holo) | Cologne 2026,s1n (Holo),Holo,https://csgoskins.gg/items/sticker-s1n-holo-cologne-2026,ok,1.04,2.87,1.04,CSGOSkins,CSGOSkins
2026-06-05T03:58:02Z,1780631882,visualize:favorites,f81be8cece16,Sticker | S1ren (Holo) | Cologne 2026,S1ren (Holo),Holo,https://csgoskins.gg/items/sticker-s1ren-holo-cologne-2026,ok,3.31,3.31,5.17,CSGOSkins,CSGOSkins
2026-06-05T03:58:02Z,1780631882,visualize:favorites,3621c3a87cd4,Sticker | Sharks Esports (Holo) | Cologne 2026,Sharks Esports (Holo),Holo,https://csgoskins.gg/items/sticker-sharks-esports-holo-cologne-2026,ok,5.7,7.47,6.5,CSGOSkins,CSGOSkins
2026-06-05T03:58:03Z,1780631883,visualize:favorites,902f2e3f6274,Sticker | Team Liquid (Holo) | Cologne 2026,Team Liquid (Holo),Holo,https://csgoskins.gg/items/sticker-team-liquid-holo-cologne-2026,ok,16.98,19.74,16.98,CSGOSkins,CSGOSkins
2026-06-05T03:58:03Z,1780631883,visualize:favorites,cc8283a1d435,Sticker | Team Spirit (Holo) | Cologne 2026,Team Spirit (Holo),Holo,https://csgoskins.gg/items/sticker-team-spirit-holo-cologne-2026,ok,23.66,33.91,24.73,CSGOSkins,CSGOSkins
2026-06-05T03:58:03Z,1780631883,visualize:favorites,83e4230ec809,Sticker | SINNERS (Holo) | Cologne 2026,SINNERS (Holo),Holo,https://csgoskins.gg/items/sticker-sinners-holo-cologne-2026,ok,10.32,,10.32,,CSGOSkins
2026-06-05T03:58:04Z,1780631884,visualize:favorites,03a461d6d761,Sticker | TeSeS (Holo) | Cologne 2026,TeSeS (Holo),Holo,https://csgoskins.gg/items/sticker-teses-holo-cologne-2026,ok,3.7,10.0,3.7,SkinSniper,UUSkins
2026-06-05T03:58:04Z,1780631884,visualize:favorites,ac189711479a,Sticker | The Mongolz (Holo) | Cologne 2026,The Mongolz (Holo),Holo,https://csgoskins.gg/items/sticker-the-mongolz-holo-cologne-2026,ok,11.67,11.72,11.67,SkinSniper,UUSkins
2026-06-05T03:58:06Z,1780631886,visualize:favorites,092bb16ad86f,Sticker | TjP (Holo) | Cologne 2026,TjP (Holo),Holo,https://csgoskins.gg/items/sticker-tjp-holo-cologne-2026,ok,3.11,4.79,3.11,CSGOSkins,CSGOSkins
2026-06-05T03:58:06Z,1780631886,visualize:favorites,8df88522d91a,Sticker | TYLOO (Holo) | Cologne 2026,TYLOO (Holo),Holo,https://csgoskins.gg/items/sticker-tyloo-holo-cologne-2026,ok,8.67,10.53,8.67,CSGOSkins,CSGOSkins
2026-06-05T03:58:06Z,1780631886,visualize:favorites,51ce27fe1b8c,Sticker | Vitality (Holo) | Cologne 2026,Vitality (Holo),Holo,https://csgoskins.gg/items/sticker-vitality-holo-cologne-2026,ok,20.54,26.83,20.67,CSGOSkins,CSGOSkins
2026-06-05T03:58:04Z,1780631884,visualize:favorites,224ba8b64dda,Sticker | THUNDERdOWNUNDER (Holo) | Cologne 2026,THUNDERdOWNUNDER (Holo),Holo,https://csgoskins.gg/items/sticker-thunder-downunder-holo-cologne-2026,ok,22.72,,22.72,,UUSkins
2026-06-05T03:58:07Z,1780631887,visualize:favorites,1320996ad66c,Sticker | ultimate (Holo) | Cologne 2026,ultimate (Holo),Holo,https://csgoskins.gg/items/sticker-ultimate-holo-cologne-2026,ok,1.18,1.35,1.22,CSGOSkins,CSGOSkins
2026-06-05T03:58:07Z,1780631887,visualize:favorites,c7c168af76bb,Sticker | xiELO (Holo) | Cologne 2026,xiELO (Holo),Holo,https://csgoskins.gg/items/sticker-xielo-holo-cologne-2026,ok,1.05,1.95,1.05,CSGOSkins,CSGOSkins
2026-06-05T03:58:07Z,1780631887,visualize:favorites,23c660a4589d,Sticker | z4KR (Holo) | Cologne 2026,z4KR (Holo),Holo,https://csgoskins.gg/items/sticker-z4kr-holo-cologne-2026,ok,1.84,3.75,1.84,CSGOSkins,CSGOSkins
2026-06-05T03:58:08Z,1780631888,visualize:favorites,f30aa8a5b607,Sticker | zorte (Holo) | Cologne 2026,zorte (Holo),Holo,https://csgoskins.gg/items/sticker-zorte-holo-cologne-2026,ok,1.49,1.49,1.76,CSGOSkins,CSGOSkins
2026-06-05T03:58:08Z,1780631888,visualize:favorites,5a2393e5fa57,Sticker | ZywOo (Holo) | Cologne 2026,ZywOo (Holo),Holo,https://csgoskins.gg/items/sticker-zywoo-holo-cologne-2026,ok,21.85,24.0,21.85,CSGOSkins,CSGOSkins
2026-06-05T03:58:07Z,1780631887,visualize:favorites,662a4956f2a0,Sticker | Zero (Holo) | Cologne 2026,Zero (Holo),Holo,https://csgoskins.gg/items/sticker-zero-holo-cologne-2026,ok,3.77,20.0,3.77,SkinSniper,UUSkins
2026-06-05T03:58:10Z,1780631890,visualize:holo,bec2fa69e575,Sticker | 910 (Holo) | Cologne 2026,910 (Holo),Holo,https://csgoskins.gg/items/sticker-910-holo-cologne-2026,ok,4.06,4.67,4.13,CSGOSkins,CSGOSkins
2026-06-05T03:58:10Z,1780631890,visualize:holo,ce776976702f,Sticker | Aleksib (Holo) | Cologne 2026,Aleksib (Holo),Holo,https://csgoskins.gg/items/sticker-aleksib-holo-cologne-2026,ok,5.69,9.28,12.55,CSGOSkins,CSGOSkins
2026-06-05T03:58:10Z,1780631890,visualize:holo,3bbfd6caa311,Sticker | afro (Holo) | Cologne 2026,afro (Holo),Holo,https://csgoskins.gg/items/sticker-afro-holo-cologne-2026,ok,0.86,3.5,0.86,CSGOSkins,CSGOSkins
2026-06-05T03:58:10Z,1780631890,visualize:holo,e3088a331acc,Sticker | alex666 (Holo) | Cologne 2026,alex666 (Holo),Holo,https://csgoskins.gg/items/sticker-alex666-holo-cologne-2026,ok,2.81,3.49,2.81,SkinSniper,UUSkins
2026-06-05T03:58:10Z,1780631890,visualize:holo,14bcd12b76fa,Sticker | apEX (Holo) | Cologne 2026,apEX (Holo),Holo,https://csgoskins.gg/items/sticker-apex-holo-cologne-2026,ok,10.16,11.74,10.16,SkinSniper,UUSkins
2026-06-05T03:58:11Z,1780631891,visualize:holo,6cd76891da90,Sticker | arT (Holo) | Cologne 2026,arT (Holo),Holo,https://csgoskins.gg/items/sticker-art-holo-cologne-2026,ok,3.64,4.64,3.64,SkinSniper,UUSkins
2026-06-05T03:58:12Z,1780631892,visualize:holo,94dac2e78311,Sticker | AZUWU (Holo) | Cologne 2026,AZUWU (Holo),Holo,https://csgoskins.gg/items/sticker-azuwu-holo-cologne-2026,ok,2.35,2.87,2.35,CSGOSkins,CSGOSkins
2026-06-05T03:58:12Z,1780631892,visualize:holo,9a5eb57807b3,Sticker | b1t (Holo) | Cologne 2026,b1t (Holo),Holo,https://csgoskins.gg/items/sticker-b1t-holo-cologne-2026,ok,4.49,4.49,6.65,CSGOSkins,CSGOSkins
2026-06-05T03:58:12Z,1780631892,visualize:holo,203a65c3dc80,Sticker | beastik (Holo) | Cologne 2026,beastik (Holo),Holo,https://csgoskins.gg/items/sticker-beastik-holo-cologne-2026,ok,1.47,11.64,1.47,SkinSniper,CSGOSkins
2026-06-05T03:58:13Z,1780631893,visualize:holo,1bb7a99bbead,Sticker | blameF (Holo) | Cologne 2026,blameF (Holo),Holo,https://csgoskins.gg/items/sticker-blamef-holo-cologne-2026,ok,2.87,2.87,4.42,CSGOSkins,CSGOSkins
2026-06-05T03:58:14Z,1780631894,visualize:holo,03c03bd87eed,Sticker | bLitz (Holo) | Cologne 2026,bLitz (Holo),Holo,https://csgoskins.gg/items/sticker-blitz-holo-cologne-2026,ok,0.89,2.69,0.89,CSGOSkins,CSGOSkins
2026-06-05T03:58:14Z,1780631894,visualize:holo,e8d4a81ec33d,Sticker | brnz4n (Holo) | Cologne 2026,brnz4n (Holo),Holo,https://csgoskins.gg/items/sticker-brnz4n-holo-cologne-2026,ok,1.45,2.6,1.7,CSGOSkins,CSGOSkins
2026-06-05T03:58:14Z,1780631894,visualize:holo,166ce2b3b8d6,Sticker | Brollan (Holo) | Cologne 2026,Brollan (Holo),Holo,https://csgoskins.gg/items/sticker-brollan-holo-cologne-2026,ok,1.48,2.0,1.58,CSGOSkins,CSGOSkins
2026-06-05T03:58:13Z,1780631893,visualize:holo,5db395ff0e07,Sticker | biguzera (Holo) | Cologne 2026,biguzera (Holo),Holo,https://csgoskins.gg/items/sticker-biguzera-holo-cologne-2026,ok,0.82,1.73,0.82,SkinSniper,UUSkins
2026-06-05T03:58:15Z,1780631895,visualize:holo,15d8caaa80ce,Sticker | Bymas (Holo) | Cologne 2026,Bymas (Holo),Holo,https://csgoskins.gg/items/sticker-bymas-holo-cologne-2026,ok,3.82,7.65,4.43,CSGOSkins,CSGOSkins
2026-06-05T03:58:20Z,1780631900,api,88a5feb99fd0,Sticker | westmelon (Foil) | Cologne 2026,westmelon (Foil),Foil,https://csgoskins.gg/items/sticker-westmelon-foil-cologne-2026,ok,1.19,1.19,,SkinSniper,
2026-06-05T03:58:20Z,1780631900,api,0734b790cf65,Sticker | rdnzao (Foil) | Cologne 2026,rdnzao (Foil),Foil,https://csgoskins.gg/items/sticker-rdnzao-foil-cologne-2026,ok,0.32,,,,
2026-06-05T03:58:20Z,1780631900,api,2aafa14ed786,Sticker | phzy (Foil) | Cologne 2026,phzy (Foil),Foil,https://csgoskins.gg/items/sticker-phzy-foil-cologne-2026,ok,8.06,8.06,,SkinSniper,
2026-06-05T03:58:22Z,1780631902,api,5c7345f99702,Sticker | TeSeS (Foil) | Cologne 2026,TeSeS (Foil),Foil,https://csgoskins.gg/items/sticker-teses-foil-cologne-2026,ok,1.48,,1.48,,CSGOSkins
2026-06-05T03:58:22Z,1780631902,api,12a91e62030e,Sticker | ultimate (Foil) | Cologne 2026,ultimate (Foil),Foil,https://csgoskins.gg/items/sticker-ultimate-foil-cologne-2026,ok,4.43,,4.43,,UUSkins
2026-06-05T03:58:54Z,1780631934,api,0734b790cf65,Sticker | rdnzao (Foil) | Cologne 2026,rdnzao (Foil),Foil,https://csgoskins.gg/items/sticker-rdnzao-foil-cologne-2026,ok,0.36,,,,
2026-06-05T03:58:55Z,1780631935,api,88a5feb99fd0,Sticker | westmelon (Foil) | Cologne 2026,westmelon (Foil),Foil,https://csgoskins.gg/items/sticker-westmelon-foil-cologne-2026,ok,1.19,1.19,,SkinSniper,
2026-06-05T03:58:54Z,1780631934,api,2aafa14ed786,Sticker | phzy (Foil) | Cologne 2026,phzy (Foil),Foil,https://csgoskins.gg/items/sticker-phzy-foil-cologne-2026,ok,8.06,8.06,,SkinSniper,
2026-06-05T03:58:57Z,1780631937,api,5c7345f99702,Sticker | TeSeS (Foil) | Cologne 2026,TeSeS (Foil),Foil,https://csgoskins.gg/items/sticker-teses-foil-cologne-2026,ok,1.48,,1.48,,CSGOSkins
2026-06-05T03:58:57Z,1780631937,api,12a91e62030e,Sticker | ultimate (Foil) | Cologne 2026,ultimate (Foil),Foil,https://csgoskins.gg/items/sticker-ultimate-foil-cologne-2026,ok,4.43,,4.43,,CSGOSkins
